attack_row_id,date_complete,annee,pays,zone,localite,activite,type_attaque,attack_latitude,attack_longitude,species,nearest_gbif_record_id,nearest_distance_km,gbif_coordinate_uncertainty_m,distance_band,occurrences_within_25km,occurrences_within_100km,juvenile_occurrences_within_100km,gbif_observed_at,gbif_source_url
37,1788-05-10,1788,AUSTRALIA,New South Wales,Sydney Harbor,Fishing,Watercraft,-33.8661645,151.1995721,Carcharhinus leucas,6481240461,13.42,17.0,proximite_forte,1,1,0,2026-01-22T00:00,https://www.gbif.org/occurrence/6481240461
37,1788-05-10,1788,AUSTRALIA,New South Wales,Sydney Harbor,Fishing,Watercraft,-33.8661645,151.1995721,Carcharodon carcharias,6159298926,249.7,,pas_de_proximite_100km,0,0,0,2026-02-03T04:38:07,https://www.gbif.org/occurrence/6159298926
37,1788-05-10,1788,AUSTRALIA,New South Wales,Sydney Harbor,Fishing,Watercraft,-33.8661645,151.1995721,Galeocerdo cuvier,6133086834,663.6,5.0,pas_de_proximite_100km,0,0,0,2026-02-02T13:14:46,https://www.gbif.org/occurrence/6133086834
37,1788-05-10,1788,AUSTRALIA,New South Wales,Sydney Harbor,Fishing,Watercraft,-33.8661645,151.1995721,Rhincodon typus,6235620031,2050.57,28818.0,pas_de_proximite_100km,0,0,0,2026-02-19T12:26,https://www.gbif.org/occurrence/6235620031
50,1810-09-15,1810,USA,South Carolina,Charleston,Fell into the water,Unprovoked,32.7884363,-79.9399309,Carcharhinus leucas,6130999421,416.72,29533.0,pas_de_proximite_100km,0,0,0,2026-01-17T15:30:29,https://www.gbif.org/occurrence/6130999421
50,1810-09-15,1810,USA,South Carolina,Charleston,Fell into the water,Unprovoked,32.7884363,-79.9399309,Carcharodon carcharias,6441095820,12.67,257.0,proximite_forte,1,1,0,2026-03-27T20:47:37,https://www.gbif.org/occurrence/6441095820
50,1810-09-15,1810,USA,South Carolina,Charleston,Fell into the water,Unprovoked,32.7884363,-79.9399309,Galeocerdo cuvier,6399752821,175.33,28902.0,pas_de_proximite_100km,0,0,0,2026-06-04T11:19,https://www.gbif.org/occurrence/6399752821
50,1810-09-15,1810,USA,South Carolina,Charleston,Fell into the water,Unprovoked,32.7884363,-79.9399309,Rhincodon typus,6253026970,938.31,30069.0,pas_de_proximite_100km,0,0,0,2026-04-27T07:00,https://www.gbif.org/occurrence/6253026970
61,1823-12-30,1823,JAMAICA,,,Inconnue,Invalid,18.1850507,-77.3947693,Carcharhinus leucas,6178405378,762.18,70575.0,pas_de_proximite_100km,0,0,0,2026-02-18T16:22,https://www.gbif.org/occurrence/6178405378
61,1823-12-30,1823,JAMAICA,,,Inconnue,Invalid,18.1850507,-77.3947693,Carcharodon carcharias,6441095820,1640.26,257.0,pas_de_proximite_100km,0,0,0,2026-03-27T20:47:37,https://www.gbif.org/occurrence/6441095820
61,1823-12-30,1823,JAMAICA,,,Inconnue,Invalid,18.1850507,-77.3947693,Galeocerdo cuvier,6131322721,815.39,120467.0,pas_de_proximite_100km,0,0,0,2026-01-13,https://www.gbif.org/occurrence/6131322721
61,1823-12-30,1823,JAMAICA,,,Inconnue,Invalid,18.1850507,-77.3947693,Rhincodon typus,6253026970,869.2,30069.0,pas_de_proximite_100km,0,0,0,2026-04-27T07:00,https://www.gbif.org/occurrence/6253026970
68,1826-05-20,1826,JAMAICA,,,Jumped overboard,Unprovoked,18.1850507,-77.3947693,Carcharhinus leucas,6178405378,762.18,70575.0,pas_de_proximite_100km,0,0,0,2026-02-18T16:22,https://www.gbif.org/occurrence/6178405378
68,1826-05-20,1826,JAMAICA,,,Jumped overboard,Unprovoked,18.1850507,-77.3947693,Carcharodon carcharias,6441095820,1640.26,257.0,pas_de_proximite_100km,0,0,0,2026-03-27T20:47:37,https://www.gbif.org/occurrence/6441095820
68,1826-05-20,1826,JAMAICA,,,Jumped overboard,Unprovoked,18.1850507,-77.3947693,Galeocerdo cuvier,6131322721,815.39,120467.0,pas_de_proximite_100km,0,0,0,2026-01-13,https://www.gbif.org/occurrence/6131322721
68,1826-05-20,1826,JAMAICA,,,Jumped overboard,Unprovoked,18.1850507,-77.3947693,Rhincodon typus,6253026970,869.2,30069.0,pas_de_proximite_100km,0,0,0,2026-04-27T07:00,https://www.gbif.org/occurrence/6253026970
83,1832-01-23,1832,AUSTRALIA,New South Wales,Sydney,Bathing,Unprovoked,-33.8698439,151.2082848,Carcharhinus leucas,6481240461,14.31,17.0,proximite_forte,1,1,0,2026-01-22T00:00,https://www.gbif.org/occurrence/6481240461
83,1832-01-23,1832,AUSTRALIA,New South Wales,Sydney,Bathing,Unprovoked,-33.8698439,151.2082848,Carcharodon carcharias,6159298926,249.62,,pas_de_proximite_100km,0,0,0,2026-02-03T04:38:07,https://www.gbif.org/occurrence/6159298926
83,1832-01-23,1832,AUSTRALIA,New South Wales,Sydney,Bathing,Unprovoked,-33.8698439,151.2082848,Galeocerdo cuvier,6133086834,663.7,5.0,pas_de_proximite_100km,0,0,0,2026-02-02T13:14:46,https://www.gbif.org/occurrence/6133086834
83,1832-01-23,1832,AUSTRALIA,New South Wales,Sydney,Bathing,Unprovoked,-33.8698439,151.2082848,Rhincodon typus,6235620031,2049.71,28818.0,pas_de_proximite_100km,0,0,0,2026-02-19T12:26,https://www.gbif.org/occurrence/6235620031
95,1839-11-17,1839,AUSTRALIA,New South Wales,,Inconnue,Invalid,-32.1629594,147.0320469,Carcharhinus leucas,6481240461,418.85,17.0,pas_de_proximite_100km,0,0,0,2026-01-22T00:00,https://www.gbif.org/occurrence/6481240461
95,1839-11-17,1839,AUSTRALIA,New South Wales,,Inconnue,Invalid,-32.1629594,147.0320469,Carcharodon carcharias,6159298926,509.4,,pas_de_proximite_100km,0,0,0,2026-02-03T04:38:07,https://www.gbif.org/occurrence/6159298926
95,1839-11-17,1839,AUSTRALIA,New South Wales,,Inconnue,Invalid,-32.1629594,147.0320469,Galeocerdo cuvier,6133086834,764.62,5.0,pas_de_proximite_100km,0,0,0,2026-02-02T13:14:46,https://www.gbif.org/occurrence/6133086834
95,1839-11-17,1839,AUSTRALIA,New South Wales,,Inconnue,Invalid,-32.1629594,147.0320469,Rhincodon typus,5938466615,1793.58,30841.0,pas_de_proximite_100km,0,0,0,2026-01-03T11:33,https://www.gbif.org/occurrence/5938466615
105,1842-01-01,1842,AUSTRALIA,New South Wales,Sydney Harbor,"Unknown, but it was said to be the First known attack in Sydney Harbour",Unprovoked,-33.8661645,151.1995721,Carcharhinus leucas,6481240461,13.42,17.0,proximite_forte,1,1,0,2026-01-22T00:00,https://www.gbif.org/occurrence/6481240461
105,1842-01-01,1842,AUSTRALIA,New South Wales,Sydney Harbor,"Unknown, but it was said to be the First known attack in Sydney Harbour",Unprovoked,-33.8661645,151.1995721,Carcharodon carcharias,6159298926,249.7,,pas_de_proximite_100km,0,0,0,2026-02-03T04:38:07,https://www.gbif.org/occurrence/6159298926
105,1842-01-01,1842,AUSTRALIA,New South Wales,Sydney Harbor,"Unknown, but it was said to be the First known attack in Sydney Harbour",Unprovoked,-33.8661645,151.1995721,Galeocerdo cuvier,6133086834,663.6,5.0,pas_de_proximite_100km,0,0,0,2026-02-02T13:14:46,https://www.gbif.org/occurrence/6133086834
105,1842-01-01,1842,AUSTRALIA,New South Wales,Sydney Harbor,"Unknown, but it was said to be the First known attack in Sydney Harbour",Unprovoked,-33.8661645,151.1995721,Rhincodon typus,6235620031,2050.57,28818.0,pas_de_proximite_100km,0,0,0,2026-02-19T12:26,https://www.gbif.org/occurrence/6235620031
113,1845-07-31,1845,USA,Florida,"Pensacola Bay, Escambia County",Fell overboard,Unprovoked,30.388064,-87.1876779,Carcharhinus leucas,6470427141,22.49,29382.0,proximite_forte,1,4,1,2026-07-05T17:40:05,https://www.gbif.org/occurrence/6470427141
113,1845-07-31,1845,USA,Florida,"Pensacola Bay, Escambia County",Fell overboard,Unprovoked,30.388064,-87.1876779,Carcharodon carcharias,6400039718,31.11,49.0,proximite_regionale,0,1,1,2026-02-25T14:55,https://www.gbif.org/occurrence/6400039718
113,1845-07-31,1845,USA,Florida,"Pensacola Bay, Escambia County",Fell overboard,Unprovoked,30.388064,-87.1876779,Galeocerdo cuvier,6399625675,63.37,29382.0,proximite_regionale,0,2,1,2026-05-18T11:02:32,https://www.gbif.org/occurrence/6399625675
113,1845-07-31,1845,USA,Florida,"Pensacola Bay, Escambia County",Fell overboard,Unprovoked,30.388064,-87.1876779,Rhincodon typus,6178385871,444.77,29751.0,pas_de_proximite_100km,0,0,0,2026-03-06T11:12:50,https://www.gbif.org/occurrence/6178385871
115,1845-12-26,1845,AUSTRALIA,New South Wales,Newcastle,Fishing,Unprovoked,-32.9192953,151.7795348,Carcharhinus leucas,6481240461,120.63,17.0,pas_de_proximite_100km,0,0,0,2026-01-22T00:00,https://www.gbif.org/occurrence/6481240461
115,1845-12-26,1845,AUSTRALIA,New South Wales,Newcastle,Fishing,Unprovoked,-32.9192953,151.7795348,Carcharodon carcharias,6162878281,340.27,7.0,pas_de_proximite_100km,0,0,0,2026-02-22T09:03:13,https://www.gbif.org/occurrence/6162878281
115,1845-12-26,1845,AUSTRALIA,New South Wales,Newcastle,Fishing,Unprovoked,-32.9192953,151.7795348,Galeocerdo cuvier,6133086834,546.3,5.0,pas_de_proximite_100km,0,0,0,2026-02-02T13:14:46,https://www.gbif.org/occurrence/6133086834
115,1845-12-26,1845,AUSTRALIA,New South Wales,Newcastle,Fishing,Unprovoked,-32.9192953,151.7795348,Rhincodon typus,5938466615,1967.14,30841.0,pas_de_proximite_100km,0,0,0,2026-01-03T11:33,https://www.gbif.org/occurrence/5938466615
116,1845-09-10,1845,USA,Florida,"Pensacola Bay, Escambia County",Seine netting,Unprovoked,30.388064,-87.1876779,Carcharhinus leucas,6470427141,22.49,29382.0,proximite_forte,1,4,1,2026-07-05T17:40:05,https://www.gbif.org/occurrence/6470427141
116,1845-09-10,1845,USA,Florida,"Pensacola Bay, Escambia County",Seine netting,Unprovoked,30.388064,-87.1876779,Carcharodon carcharias,6400039718,31.11,49.0,proximite_regionale,0,1,1,2026-02-25T14:55,https://www.gbif.org/occurrence/6400039718
116,1845-09-10,1845,USA,Florida,"Pensacola Bay, Escambia County",Seine netting,Unprovoked,30.388064,-87.1876779,Galeocerdo cuvier,6399625675,63.37,29382.0,proximite_regionale,0,2,1,2026-05-18T11:02:32,https://www.gbif.org/occurrence/6399625675
116,1845-09-10,1845,USA,Florida,"Pensacola Bay, Escambia County",Seine netting,Unprovoked,30.388064,-87.1876779,Rhincodon typus,6178385871,444.77,29751.0,pas_de_proximite_100km,0,0,0,2026-03-06T11:12:50,https://www.gbif.org/occurrence/6178385871
120,1847-07-03,1847,USA,Hawaii,,Hilo,Unprovoked,19.5938015,-155.4283701,Carcharhinus leucas,6334261088,4741.35,30175.0,pas_de_proximite_100km,0,0,0,2026-05-21T11:26,https://www.gbif.org/occurrence/6334261088
120,1847-07-03,1847,USA,Hawaii,,Hilo,Unprovoked,19.5938015,-155.4283701,Carcharodon carcharias,6480838932,1194.6,1584228.0,pas_de_proximite_100km,0,0,0,2026-06-24T10:02:07,https://www.gbif.org/occurrence/6480838932
120,1847-07-03,1847,USA,Hawaii,,Hilo,Unprovoked,19.5938015,-155.4283701,Galeocerdo cuvier,6470061880,65.6,30545.0,proximite_regionale,0,3,0,2026-07-13T09:59,https://www.gbif.org/occurrence/6470061880
120,1847-07-03,1847,USA,Hawaii,,Hilo,Unprovoked,19.5938015,-155.4283701,Rhincodon typus,6194532302,61.33,111319.49,proximite_regionale,0,1,0,2026-01-22,https://www.gbif.org/occurrence/6194532302
122,1847-11-30,1847,AUSTRALIA,Queensland,Brisbane River,Swimming,Unprovoked,-27.1609698,152.5361974,Carcharhinus leucas,6252593084,45.47,202.0,proximite_regionale,0,7,5,2026-05-01T00:00,https://www.gbif.org/occurrence/6252593084
122,1847-11-30,1847,AUSTRALIA,Queensland,Brisbane River,Swimming,Unprovoked,-27.1609698,152.5361974,Carcharodon carcharias,6162878281,334.77,7.0,pas_de_proximite_100km,0,0,0,2026-02-22T09:03:13,https://www.gbif.org/occurrence/6162878281
122,1847-11-30,1847,AUSTRALIA,Queensland,Brisbane River,Swimming,Unprovoked,-27.1609698,152.5361974,Galeocerdo cuvier,6133086834,159.89,5.0,pas_de_proximite_100km,0,0,0,2026-02-02T13:14:46,https://www.gbif.org/occurrence/6133086834
122,1847-11-30,1847,AUSTRALIA,Queensland,Brisbane River,Swimming,Unprovoked,-27.1609698,152.5361974,Rhincodon typus,5938466615,1414.56,30841.0,pas_de_proximite_100km,0,0,0,2026-01-03T11:33,https://www.gbif.org/occurrence/5938466615
123,,1847,USA,South Carolina,,Watercraft,Unprovoked,33.6874388,-80.4363743,Carcharhinus leucas,6130999421,509.37,29533.0,pas_de_proximite_100km,0,0,0,2026-01-17T15:30:29,https://www.gbif.org/occurrence/6130999421
123,,1847,USA,South Carolina,,Watercraft,Unprovoked,33.6874388,-80.4363743,Carcharodon carcharias,6441095820,117.09,257.0,pas_de_proximite_100km,0,0,0,2026-03-27T20:47:37,https://www.gbif.org/occurrence/6441095820
123,,1847,USA,South Carolina,,Watercraft,Unprovoked,33.6874388,-80.4363743,Galeocerdo cuvier,6399752821,172.66,28902.0,pas_de_proximite_100km,0,0,0,2026-06-04T11:19,https://www.gbif.org/occurrence/6399752821
123,,1847,USA,South Carolina,,Watercraft,Unprovoked,33.6874388,-80.4363743,Rhincodon typus,6253026970,1026.33,30069.0,pas_de_proximite_100km,0,0,0,2026-04-27T07:00,https://www.gbif.org/occurrence/6253026970
127,,1847,AUSTRALIA,Queensland,Moreton Bay,Inconnue,Unprovoked,-27.2397819,153.2539994,Carcharhinus leucas,6519486079,18.15,2519.0,proximite_forte,2,7,5,2026-03-20T23:00:36,https://www.gbif.org/occurrence/6519486079
127,,1847,AUSTRALIA,Queensland,Moreton Bay,Inconnue,Unprovoked,-27.2397819,153.2539994,Carcharodon carcharias,6162878281,319.5,7.0,pas_de_proximite_100km,0,0,0,2026-02-22T09:03:13,https://www.gbif.org/occurrence/6162878281
127,,1847,AUSTRALIA,Queensland,Moreton Bay,Inconnue,Unprovoked,-27.2397819,153.2539994,Galeocerdo cuvier,6133086834,117.89,5.0,pas_de_proximite_100km,0,0,0,2026-02-02T13:14:46,https://www.gbif.org/occurrence/6133086834
127,,1847,AUSTRALIA,Queensland,Moreton Bay,Inconnue,Unprovoked,-27.2397819,153.2539994,Rhincodon typus,5938466615,1459.57,30841.0,pas_de_proximite_100km,0,0,0,2026-01-03T11:33,https://www.gbif.org/occurrence/5938466615
128,1847-03-11,1847,AUSTRALIA,Queensland,Moreton Bay,Wreck of the Sovereign,Sea Disaster,-27.2397819,153.2539994,Carcharhinus leucas,6519486079,18.15,2519.0,proximite_forte,2,7,5,2026-03-20T23:00:36,https://www.gbif.org/occurrence/6519486079
128,1847-03-11,1847,AUSTRALIA,Queensland,Moreton Bay,Wreck of the Sovereign,Sea Disaster,-27.2397819,153.2539994,Carcharodon carcharias,6162878281,319.5,7.0,pas_de_proximite_100km,0,0,0,2026-02-22T09:03:13,https://www.gbif.org/occurrence/6162878281
128,1847-03-11,1847,AUSTRALIA,Queensland,Moreton Bay,Wreck of the Sovereign,Sea Disaster,-27.2397819,153.2539994,Galeocerdo cuvier,6133086834,117.89,5.0,pas_de_proximite_100km,0,0,0,2026-02-02T13:14:46,https://www.gbif.org/occurrence/6133086834
128,1847-03-11,1847,AUSTRALIA,Queensland,Moreton Bay,Wreck of the Sovereign,Sea Disaster,-27.2397819,153.2539994,Rhincodon typus,5938466615,1459.57,30841.0,pas_de_proximite_100km,0,0,0,2026-01-03T11:33,https://www.gbif.org/occurrence/5938466615
134,1849-12-09,1849,AUSTRALIA,New South Wales,Sydney Harbor,Inconnue,Unprovoked,-33.8661645,151.1995721,Carcharhinus leucas,6481240461,13.42,17.0,proximite_forte,1,1,0,2026-01-22T00:00,https://www.gbif.org/occurrence/6481240461
134,1849-12-09,1849,AUSTRALIA,New South Wales,Sydney Harbor,Inconnue,Unprovoked,-33.8661645,151.1995721,Carcharodon carcharias,6159298926,249.7,,pas_de_proximite_100km,0,0,0,2026-02-03T04:38:07,https://www.gbif.org/occurrence/6159298926
134,1849-12-09,1849,AUSTRALIA,New South Wales,Sydney Harbor,Inconnue,Unprovoked,-33.8661645,151.1995721,Galeocerdo cuvier,6133086834,663.6,5.0,pas_de_proximite_100km,0,0,0,2026-02-02T13:14:46,https://www.gbif.org/occurrence/6133086834
134,1849-12-09,1849,AUSTRALIA,New South Wales,Sydney Harbor,Inconnue,Unprovoked,-33.8661645,151.1995721,Rhincodon typus,6235620031,2050.57,28818.0,pas_de_proximite_100km,0,0,0,2026-02-19T12:26,https://www.gbif.org/occurrence/6235620031
137,1849-01-27,1849,AUSTRALIA,New South Wales,Sydney,boat capsized,Invalid,-33.8698439,151.2082848,Carcharhinus leucas,6481240461,14.31,17.0,proximite_forte,1,1,0,2026-01-22T00:00,https://www.gbif.org/occurrence/6481240461
137,1849-01-27,1849,AUSTRALIA,New South Wales,Sydney,boat capsized,Invalid,-33.8698439,151.2082848,Carcharodon carcharias,6159298926,249.62,,pas_de_proximite_100km,0,0,0,2026-02-03T04:38:07,https://www.gbif.org/occurrence/6159298926
137,1849-01-27,1849,AUSTRALIA,New South Wales,Sydney,boat capsized,Invalid,-33.8698439,151.2082848,Galeocerdo cuvier,6133086834,663.7,5.0,pas_de_proximite_100km,0,0,0,2026-02-02T13:14:46,https://www.gbif.org/occurrence/6133086834
137,1849-01-27,1849,AUSTRALIA,New South Wales,Sydney,boat capsized,Invalid,-33.8698439,151.2082848,Rhincodon typus,6235620031,2049.71,28818.0,pas_de_proximite_100km,0,0,0,2026-02-19T12:26,https://www.gbif.org/occurrence/6235620031
141,1850-10-21,1850,USA,Hawaii,,Swimming after his hat,Unprovoked,19.5938015,-155.4283701,Carcharhinus leucas,6334261088,4741.35,30175.0,pas_de_proximite_100km,0,0,0,2026-05-21T11:26,https://www.gbif.org/occurrence/6334261088
141,1850-10-21,1850,USA,Hawaii,,Swimming after his hat,Unprovoked,19.5938015,-155.4283701,Carcharodon carcharias,6480838932,1194.6,1584228.0,pas_de_proximite_100km,0,0,0,2026-06-24T10:02:07,https://www.gbif.org/occurrence/6480838932
141,1850-10-21,1850,USA,Hawaii,,Swimming after his hat,Unprovoked,19.5938015,-155.4283701,Galeocerdo cuvier,6470061880,65.6,30545.0,proximite_regionale,0,3,0,2026-07-13T09:59,https://www.gbif.org/occurrence/6470061880
141,1850-10-21,1850,USA,Hawaii,,Swimming after his hat,Unprovoked,19.5938015,-155.4283701,Rhincodon typus,6194532302,61.33,111319.49,proximite_regionale,0,1,0,2026-01-22,https://www.gbif.org/occurrence/6194532302
150,1952-07-28,1852,ATLANTIC OCEAN,,,Inconnue,Invalid,13.581921,-38.320312,Carcharhinus leucas,6178405378,4144.72,70575.0,pas_de_proximite_100km,0,0,0,2026-02-18T16:22,https://www.gbif.org/occurrence/6178405378
150,1952-07-28,1852,ATLANTIC OCEAN,,,Inconnue,Invalid,13.581921,-38.320312,Carcharodon carcharias,6400181485,4349.71,43.0,pas_de_proximite_100km,0,0,0,2026-06-05T11:25:01,https://www.gbif.org/occurrence/6400181485
150,1952-07-28,1852,ATLANTIC OCEAN,,,Inconnue,Invalid,13.581921,-38.320312,Galeocerdo cuvier,6188381210,2694.44,30683.0,pas_de_proximite_100km,0,0,0,2026-02-23T09:32,https://www.gbif.org/occurrence/6188381210
150,1952-07-28,1852,ATLANTIC OCEAN,,,Inconnue,Invalid,13.581921,-38.320312,Rhincodon typus,6133129315,3148.9,31179.0,pas_de_proximite_100km,0,0,0,2026-01-30T11:50:16,https://www.gbif.org/occurrence/6133129315
159,1853-01-01,1853,AUSTRALIA,Queensland,Moreton Bay,Fell into the water,Unprovoked,-27.2397819,153.2539994,Carcharhinus leucas,6519486079,18.15,2519.0,proximite_forte,2,7,5,2026-03-20T23:00:36,https://www.gbif.org/occurrence/6519486079
159,1853-01-01,1853,AUSTRALIA,Queensland,Moreton Bay,Fell into the water,Unprovoked,-27.2397819,153.2539994,Carcharodon carcharias,6162878281,319.5,7.0,pas_de_proximite_100km,0,0,0,2026-02-22T09:03:13,https://www.gbif.org/occurrence/6162878281
159,1853-01-01,1853,AUSTRALIA,Queensland,Moreton Bay,Fell into the water,Unprovoked,-27.2397819,153.2539994,Galeocerdo cuvier,6133086834,117.89,5.0,pas_de_proximite_100km,0,0,0,2026-02-02T13:14:46,https://www.gbif.org/occurrence/6133086834
159,1853-01-01,1853,AUSTRALIA,Queensland,Moreton Bay,Fell into the water,Unprovoked,-27.2397819,153.2539994,Rhincodon typus,5938466615,1459.57,30841.0,pas_de_proximite_100km,0,0,0,2026-01-03T11:33,https://www.gbif.org/occurrence/5938466615
161,1853-11-08,1853,AUSTRALIA,New South Wales,,Swimming,Unprovoked,-32.1629594,147.0320469,Carcharhinus leucas,6481240461,418.85,17.0,pas_de_proximite_100km,0,0,0,2026-01-22T00:00,https://www.gbif.org/occurrence/6481240461
161,1853-11-08,1853,AUSTRALIA,New South Wales,,Swimming,Unprovoked,-32.1629594,147.0320469,Carcharodon carcharias,6159298926,509.4,,pas_de_proximite_100km,0,0,0,2026-02-03T04:38:07,https://www.gbif.org/occurrence/6159298926
161,1853-11-08,1853,AUSTRALIA,New South Wales,,Swimming,Unprovoked,-32.1629594,147.0320469,Galeocerdo cuvier,6133086834,764.62,5.0,pas_de_proximite_100km,0,0,0,2026-02-02T13:14:46,https://www.gbif.org/occurrence/6133086834
161,1853-11-08,1853,AUSTRALIA,New South Wales,,Swimming,Unprovoked,-32.1629594,147.0320469,Rhincodon typus,5938466615,1793.58,30841.0,pas_de_proximite_100km,0,0,0,2026-01-03T11:33,https://www.gbif.org/occurrence/5938466615
165,,1855,AUSTRALIA,New South Wales,Sydney Harbor,Swimming,Invalid,-33.8661645,151.1995721,Carcharhinus leucas,6481240461,13.42,17.0,proximite_forte,1,1,0,2026-01-22T00:00,https://www.gbif.org/occurrence/6481240461
165,,1855,AUSTRALIA,New South Wales,Sydney Harbor,Swimming,Invalid,-33.8661645,151.1995721,Carcharodon carcharias,6159298926,249.7,,pas_de_proximite_100km,0,0,0,2026-02-03T04:38:07,https://www.gbif.org/occurrence/6159298926
165,,1855,AUSTRALIA,New South Wales,Sydney Harbor,Swimming,Invalid,-33.8661645,151.1995721,Galeocerdo cuvier,6133086834,663.6,5.0,pas_de_proximite_100km,0,0,0,2026-02-02T13:14:46,https://www.gbif.org/occurrence/6133086834
165,,1855,AUSTRALIA,New South Wales,Sydney Harbor,Swimming,Invalid,-33.8661645,151.1995721,Rhincodon typus,6235620031,2050.57,28818.0,pas_de_proximite_100km,0,0,0,2026-02-19T12:26,https://www.gbif.org/occurrence/6235620031
169,1856-11-25,1856,FIJI,,,Swimming,Unprovoked,-18.1239696,179.0122737,Carcharhinus leucas,6499963492,91.72,30666.0,proximite_regionale,0,2,0,2026-07-03T09:15,https://www.gbif.org/occurrence/6499963492
169,1856-11-25,1856,FIJI,,,Swimming,Unprovoked,-18.1239696,179.0122737,Carcharodon carcharias,6162878281,2928.13,7.0,pas_de_proximite_100km,0,0,0,2026-02-22T09:03:13,https://www.gbif.org/occurrence/6162878281
169,1856-11-25,1856,FIJI,,,Swimming,Unprovoked,-18.1239696,179.0122737,Galeocerdo cuvier,5231441990,88.31,30666.0,proximite_regionale,0,13,0,2025-07-11T09:34,https://www.gbif.org/occurrence/5231441990
169,1856-11-25,1856,FIJI,,,Swimming,Unprovoked,-18.1239696,179.0122737,Rhincodon typus,6235620031,1904.62,28818.0,pas_de_proximite_100km,0,0,0,2026-02-19T12:26,https://www.gbif.org/occurrence/6235620031
174,1858-01-14,1858,USA,Hawaii,,Swimming,Unprovoked,19.5938015,-155.4283701,Carcharhinus leucas,6334261088,4741.35,30175.0,pas_de_proximite_100km,0,0,0,2026-05-21T11:26,https://www.gbif.org/occurrence/6334261088
174,1858-01-14,1858,USA,Hawaii,,Swimming,Unprovoked,19.5938015,-155.4283701,Carcharodon carcharias,6480838932,1194.6,1584228.0,pas_de_proximite_100km,0,0,0,2026-06-24T10:02:07,https://www.gbif.org/occurrence/6480838932
174,1858-01-14,1858,USA,Hawaii,,Swimming,Unprovoked,19.5938015,-155.4283701,Galeocerdo cuvier,6470061880,65.6,30545.0,proximite_regionale,0,3,0,2026-07-13T09:59,https://www.gbif.org/occurrence/6470061880
174,1858-01-14,1858,USA,Hawaii,,Swimming,Unprovoked,19.5938015,-155.4283701,Rhincodon typus,6194532302,61.33,111319.49,proximite_regionale,0,1,0,2026-01-22,https://www.gbif.org/occurrence/6194532302
192,1862-05-05,1862,SOUTH AFRICA,KwaZulu-Natal,Durban,Bathing,Unprovoked,-29.8618145,31.009909,Carcharhinus leucas,6185033442,62.42,29382.0,proximite_regionale,0,1,0,2026-03-28T17:16:06,https://www.gbif.org/occurrence/6185033442
192,1862-05-05,1862,SOUTH AFRICA,KwaZulu-Natal,Durban,Bathing,Unprovoked,-29.8618145,31.009909,Carcharodon carcharias,5938331810,413.65,,pas_de_proximite_100km,0,0,0,2026-01-03T05:09:36,https://www.gbif.org/occurrence/5938331810
192,1862-05-05,1862,SOUTH AFRICA,KwaZulu-Natal,Durban,Bathing,Unprovoked,-29.8618145,31.009909,Galeocerdo cuvier,5206523433,367.29,29798.0,pas_de_proximite_100km,0,0,0,2025-03-25T01:26:01,https://www.gbif.org/occurrence/5206523433
192,1862-05-05,1862,SOUTH AFRICA,KwaZulu-Natal,Durban,Bathing,Unprovoked,-29.8618145,31.009909,Rhincodon typus,6352311338,1228.98,1358701.0,pas_de_proximite_100km,0,0,0,2026-05-28,https://www.gbif.org/occurrence/6352311338
198,1862-12-19,1862,AUSTRALIA,Queensland,Brisbane River,Trying to catch a wounded bird,Unprovoked,-27.1609698,152.5361974,Carcharhinus leucas,6252593084,45.47,202.0,proximite_regionale,0,7,5,2026-05-01T00:00,https://www.gbif.org/occurrence/6252593084
198,1862-12-19,1862,AUSTRALIA,Queensland,Brisbane River,Trying to catch a wounded bird,Unprovoked,-27.1609698,152.5361974,Carcharodon carcharias,6162878281,334.77,7.0,pas_de_proximite_100km,0,0,0,2026-02-22T09:03:13,https://www.gbif.org/occurrence/6162878281
198,1862-12-19,1862,AUSTRALIA,Queensland,Brisbane River,Trying to catch a wounded bird,Unprovoked,-27.1609698,152.5361974,Galeocerdo cuvier,6133086834,159.89,5.0,pas_de_proximite_100km,0,0,0,2026-02-02T13:14:46,https://www.gbif.org/occurrence/6133086834
198,1862-12-19,1862,AUSTRALIA,Queensland,Brisbane River,Trying to catch a wounded bird,Unprovoked,-27.1609698,152.5361974,Rhincodon typus,5938466615,1414.56,30841.0,pas_de_proximite_100km,0,0,0,2026-01-03T11:33,https://www.gbif.org/occurrence/5938466615
248,1870-01-09,1870,AUSTRALIA,Queensland,Brisbane River,Bathing,Unprovoked,-27.1609698,152.5361974,Carcharhinus leucas,6252593084,45.47,202.0,proximite_regionale,0,7,5,2026-05-01T00:00,https://www.gbif.org/occurrence/6252593084
248,1870-01-09,1870,AUSTRALIA,Queensland,Brisbane River,Bathing,Unprovoked,-27.1609698,152.5361974,Carcharodon carcharias,6162878281,334.77,7.0,pas_de_proximite_100km,0,0,0,2026-02-22T09:03:13,https://www.gbif.org/occurrence/6162878281
248,1870-01-09,1870,AUSTRALIA,Queensland,Brisbane River,Bathing,Unprovoked,-27.1609698,152.5361974,Galeocerdo cuvier,6133086834,159.89,5.0,pas_de_proximite_100km,0,0,0,2026-02-02T13:14:46,https://www.gbif.org/occurrence/6133086834
248,1870-01-09,1870,AUSTRALIA,Queensland,Brisbane River,Bathing,Unprovoked,-27.1609698,152.5361974,Rhincodon typus,5938466615,1414.56,30841.0,pas_de_proximite_100km,0,0,0,2026-01-03T11:33,https://www.gbif.org/occurrence/5938466615
259,1871-08-29,1871,USA,Hawaii,,Fishing,Unprovoked,19.5938015,-155.4283701,Carcharhinus leucas,6334261088,4741.35,30175.0,pas_de_proximite_100km,0,0,0,2026-05-21T11:26,https://www.gbif.org/occurrence/6334261088
259,1871-08-29,1871,USA,Hawaii,,Fishing,Unprovoked,19.5938015,-155.4283701,Carcharodon carcharias,6480838932,1194.6,1584228.0,pas_de_proximite_100km,0,0,0,2026-06-24T10:02:07,https://www.gbif.org/occurrence/6480838932
259,1871-08-29,1871,USA,Hawaii,,Fishing,Unprovoked,19.5938015,-155.4283701,Galeocerdo cuvier,6470061880,65.6,30545.0,proximite_regionale,0,3,0,2026-07-13T09:59,https://www.gbif.org/occurrence/6470061880
259,1871-08-29,1871,USA,Hawaii,,Fishing,Unprovoked,19.5938015,-155.4283701,Rhincodon typus,6194532302,61.33,111319.49,proximite_regionale,0,1,0,2026-01-22,https://www.gbif.org/occurrence/6194532302
260,,1871,AUSTRALIA,Queensland,Brisbane River,Inconnue,Unprovoked,-27.1609698,152.5361974,Carcharhinus leucas,6252593084,45.47,202.0,proximite_regionale,0,7,5,2026-05-01T00:00,https://www.gbif.org/occurrence/6252593084
260,,1871,AUSTRALIA,Queensland,Brisbane River,Inconnue,Unprovoked,-27.1609698,152.5361974,Carcharodon carcharias,6162878281,334.77,7.0,pas_de_proximite_100km,0,0,0,2026-02-22T09:03:13,https://www.gbif.org/occurrence/6162878281
260,,1871,AUSTRALIA,Queensland,Brisbane River,Inconnue,Unprovoked,-27.1609698,152.5361974,Galeocerdo cuvier,6133086834,159.89,5.0,pas_de_proximite_100km,0,0,0,2026-02-02T13:14:46,https://www.gbif.org/occurrence/6133086834
260,,1871,AUSTRALIA,Queensland,Brisbane River,Inconnue,Unprovoked,-27.1609698,152.5361974,Rhincodon typus,5938466615,1414.56,30841.0,pas_de_proximite_100km,0,0,0,2026-01-03T11:33,https://www.gbif.org/occurrence/5938466615
274,1873-06-09,1873,AUSTRALIA,New South Wales,Newcastle,Bathing,Invalid,-32.9192953,151.7795348,Carcharhinus leucas,6481240461,120.63,17.0,pas_de_proximite_100km,0,0,0,2026-01-22T00:00,https://www.gbif.org/occurrence/6481240461
274,1873-06-09,1873,AUSTRALIA,New South Wales,Newcastle,Bathing,Invalid,-32.9192953,151.7795348,Carcharodon carcharias,6162878281,340.27,7.0,pas_de_proximite_100km,0,0,0,2026-02-22T09:03:13,https://www.gbif.org/occurrence/6162878281
274,1873-06-09,1873,AUSTRALIA,New South Wales,Newcastle,Bathing,Invalid,-32.9192953,151.7795348,Galeocerdo cuvier,6133086834,546.3,5.0,pas_de_proximite_100km,0,0,0,2026-02-02T13:14:46,https://www.gbif.org/occurrence/6133086834
274,1873-06-09,1873,AUSTRALIA,New South Wales,Newcastle,Bathing,Invalid,-32.9192953,151.7795348,Rhincodon typus,5938466615,1967.14,30841.0,pas_de_proximite_100km,0,0,0,2026-01-03T11:33,https://www.gbif.org/occurrence/5938466615
293,1876-01-01,1876,AUSTRALIA,New South Wales,Sydney,Inconnue,Unprovoked,-33.8698439,151.2082848,Carcharhinus leucas,6481240461,14.31,17.0,proximite_forte,1,1,0,2026-01-22T00:00,https://www.gbif.org/occurrence/6481240461
293,1876-01-01,1876,AUSTRALIA,New South Wales,Sydney,Inconnue,Unprovoked,-33.8698439,151.2082848,Carcharodon carcharias,6159298926,249.62,,pas_de_proximite_100km,0,0,0,2026-02-03T04:38:07,https://www.gbif.org/occurrence/6159298926
293,1876-01-01,1876,AUSTRALIA,New South Wales,Sydney,Inconnue,Unprovoked,-33.8698439,151.2082848,Galeocerdo cuvier,6133086834,663.7,5.0,pas_de_proximite_100km,0,0,0,2026-02-02T13:14:46,https://www.gbif.org/occurrence/6133086834
293,1876-01-01,1876,AUSTRALIA,New South Wales,Sydney,Inconnue,Unprovoked,-33.8698439,151.2082848,Rhincodon typus,6235620031,2049.71,28818.0,pas_de_proximite_100km,0,0,0,2026-02-19T12:26,https://www.gbif.org/occurrence/6235620031
302,1877-01-04,1877,SOUTH AFRICA,KwaZulu-Natal,Durban,Body found floating next to his ship,Invalid,-29.8618145,31.009909,Carcharhinus leucas,6185033442,62.42,29382.0,proximite_regionale,0,1,0,2026-03-28T17:16:06,https://www.gbif.org/occurrence/6185033442
302,1877-01-04,1877,SOUTH AFRICA,KwaZulu-Natal,Durban,Body found floating next to his ship,Invalid,-29.8618145,31.009909,Carcharodon carcharias,5938331810,413.65,,pas_de_proximite_100km,0,0,0,2026-01-03T05:09:36,https://www.gbif.org/occurrence/5938331810
302,1877-01-04,1877,SOUTH AFRICA,KwaZulu-Natal,Durban,Body found floating next to his ship,Invalid,-29.8618145,31.009909,Galeocerdo cuvier,5206523433,367.29,29798.0,pas_de_proximite_100km,0,0,0,2025-03-25T01:26:01,https://www.gbif.org/occurrence/5206523433
302,1877-01-04,1877,SOUTH AFRICA,KwaZulu-Natal,Durban,Body found floating next to his ship,Invalid,-29.8618145,31.009909,Rhincodon typus,6352311338,1228.98,1358701.0,pas_de_proximite_100km,0,0,0,2026-05-28,https://www.gbif.org/occurrence/6352311338
309,1877-12-15,1877,FIJI,,,Inconnue,Sea Disaster,-18.1239696,179.0122737,Carcharhinus leucas,6499963492,91.72,30666.0,proximite_regionale,0,2,0,2026-07-03T09:15,https://www.gbif.org/occurrence/6499963492
309,1877-12-15,1877,FIJI,,,Inconnue,Sea Disaster,-18.1239696,179.0122737,Carcharodon carcharias,6162878281,2928.13,7.0,pas_de_proximite_100km,0,0,0,2026-02-22T09:03:13,https://www.gbif.org/occurrence/6162878281
309,1877-12-15,1877,FIJI,,,Inconnue,Sea Disaster,-18.1239696,179.0122737,Galeocerdo cuvier,5231441990,88.31,30666.0,proximite_regionale,0,13,0,2025-07-11T09:34,https://www.gbif.org/occurrence/5231441990
309,1877-12-15,1877,FIJI,,,Inconnue,Sea Disaster,-18.1239696,179.0122737,Rhincodon typus,6235620031,1904.62,28818.0,pas_de_proximite_100km,0,0,0,2026-02-19T12:26,https://www.gbif.org/occurrence/6235620031
354,1881-10-16,1881,USA,Florida,"Pensacola Bay, Escambia County",Bathing,Invalid,30.388064,-87.1876779,Carcharhinus leucas,6470427141,22.49,29382.0,proximite_forte,1,4,1,2026-07-05T17:40:05,https://www.gbif.org/occurrence/6470427141
354,1881-10-16,1881,USA,Florida,"Pensacola Bay, Escambia County",Bathing,Invalid,30.388064,-87.1876779,Carcharodon carcharias,6400039718,31.11,49.0,proximite_regionale,0,1,1,2026-02-25T14:55,https://www.gbif.org/occurrence/6400039718
354,1881-10-16,1881,USA,Florida,"Pensacola Bay, Escambia County",Bathing,Invalid,30.388064,-87.1876779,Galeocerdo cuvier,6399625675,63.37,29382.0,proximite_regionale,0,2,1,2026-05-18T11:02:32,https://www.gbif.org/occurrence/6399625675
354,1881-10-16,1881,USA,Florida,"Pensacola Bay, Escambia County",Bathing,Invalid,30.388064,-87.1876779,Rhincodon typus,6178385871,444.77,29751.0,pas_de_proximite_100km,0,0,0,2026-03-06T11:12:50,https://www.gbif.org/occurrence/6178385871
359,1882-02-07,1882,AUSTRALIA,,,Pearl diving,Unprovoked,-24.7761086,134.755,Carcharhinus leucas,6431650862,901.89,21.0,pas_de_proximite_100km,0,0,0,2026-05-18T08:21:34,https://www.gbif.org/occurrence/6431650862
359,1882-02-07,1882,AUSTRALIA,,,Pearl diving,Unprovoked,-24.7761086,134.755,Carcharodon carcharias,6431152356,1104.64,5811.0,pas_de_proximite_100km,0,0,0,2026-05-28T10:40,https://www.gbif.org/occurrence/6431152356
359,1882-02-07,1882,AUSTRALIA,,,Pearl diving,Unprovoked,-24.7761086,134.755,Galeocerdo cuvier,6353074074,1445.08,30810.0,pas_de_proximite_100km,0,0,0,2026-05-25T07:12,https://www.gbif.org/occurrence/6353074074
359,1882-02-07,1882,AUSTRALIA,,,Pearl diving,Unprovoked,-24.7761086,134.755,Rhincodon typus,5938466615,1503.85,30841.0,pas_de_proximite_100km,0,0,0,2026-01-03T11:33,https://www.gbif.org/occurrence/5938466615
363,1882-05-12,1882,AUSTRALIA,,,Pearl diving,Unprovoked,-24.7761086,134.755,Carcharhinus leucas,6431650862,901.89,21.0,pas_de_proximite_100km,0,0,0,2026-05-18T08:21:34,https://www.gbif.org/occurrence/6431650862
363,1882-05-12,1882,AUSTRALIA,,,Pearl diving,Unprovoked,-24.7761086,134.755,Carcharodon carcharias,6431152356,1104.64,5811.0,pas_de_proximite_100km,0,0,0,2026-05-28T10:40,https://www.gbif.org/occurrence/6431152356
363,1882-05-12,1882,AUSTRALIA,,,Pearl diving,Unprovoked,-24.7761086,134.755,Galeocerdo cuvier,6353074074,1445.08,30810.0,pas_de_proximite_100km,0,0,0,2026-05-25T07:12,https://www.gbif.org/occurrence/6353074074
363,1882-05-12,1882,AUSTRALIA,,,Pearl diving,Unprovoked,-24.7761086,134.755,Rhincodon typus,5938466615,1503.85,30841.0,pas_de_proximite_100km,0,0,0,2026-01-03T11:33,https://www.gbif.org/occurrence/5938466615
368,,1882,ATLANTIC OCEAN,,,Fell overboard from the Selim,Unprovoked,13.581921,-38.320312,Carcharhinus leucas,6178405378,4144.72,70575.0,pas_de_proximite_100km,0,0,0,2026-02-18T16:22,https://www.gbif.org/occurrence/6178405378
368,,1882,ATLANTIC OCEAN,,,Fell overboard from the Selim,Unprovoked,13.581921,-38.320312,Carcharodon carcharias,6400181485,4349.71,43.0,pas_de_proximite_100km,0,0,0,2026-06-05T11:25:01,https://www.gbif.org/occurrence/6400181485
368,,1882,ATLANTIC OCEAN,,,Fell overboard from the Selim,Unprovoked,13.581921,-38.320312,Galeocerdo cuvier,6188381210,2694.44,30683.0,pas_de_proximite_100km,0,0,0,2026-02-23T09:32,https://www.gbif.org/occurrence/6188381210
368,,1882,ATLANTIC OCEAN,,,Fell overboard from the Selim,Unprovoked,13.581921,-38.320312,Rhincodon typus,6133129315,3148.9,31179.0,pas_de_proximite_100km,0,0,0,2026-01-30T11:50:16,https://www.gbif.org/occurrence/6133129315
378,1883-01-01,1883,USA,South Carolina,,Inconnue,Unprovoked,33.6874388,-80.4363743,Carcharhinus leucas,6130999421,509.37,29533.0,pas_de_proximite_100km,0,0,0,2026-01-17T15:30:29,https://www.gbif.org/occurrence/6130999421
378,1883-01-01,1883,USA,South Carolina,,Inconnue,Unprovoked,33.6874388,-80.4363743,Carcharodon carcharias,6441095820,117.09,257.0,pas_de_proximite_100km,0,0,0,2026-03-27T20:47:37,https://www.gbif.org/occurrence/6441095820
378,1883-01-01,1883,USA,South Carolina,,Inconnue,Unprovoked,33.6874388,-80.4363743,Galeocerdo cuvier,6399752821,172.66,28902.0,pas_de_proximite_100km,0,0,0,2026-06-04T11:19,https://www.gbif.org/occurrence/6399752821
378,1883-01-01,1883,USA,South Carolina,,Inconnue,Unprovoked,33.6874388,-80.4363743,Rhincodon typus,6253026970,1026.33,30069.0,pas_de_proximite_100km,0,0,0,2026-04-27T07:00,https://www.gbif.org/occurrence/6253026970
390,1885-11-26,1885,AUSTRALIA,Western Australia,Bunbury,Bathing,Unprovoked,-33.3267797,115.636698,Carcharhinus leucas,6185213952,12.22,6264.0,proximite_forte,1,1,0,2026-03-07T16:35,https://www.gbif.org/occurrence/6185213952
390,1885-11-26,1885,AUSTRALIA,Western Australia,Bunbury,Bathing,Unprovoked,-33.3267797,115.636698,Carcharodon carcharias,6131342125,1884.81,7535.0,pas_de_proximite_100km,0,0,0,2026-01-07T08:00:21,https://www.gbif.org/occurrence/6131342125
390,1885-11-26,1885,AUSTRALIA,Western Australia,Bunbury,Bathing,Unprovoked,-33.3267797,115.636698,Galeocerdo cuvier,6520390560,1146.57,8.0,pas_de_proximite_100km,0,0,0,2026-08-31T14:06,https://www.gbif.org/occurrence/6520390560
390,1885-11-26,1885,AUSTRALIA,Western Australia,Bunbury,Bathing,Unprovoked,-33.3267797,115.636698,Rhincodon typus,6235956991,1226.66,30278.0,pas_de_proximite_100km,0,0,0,2026-04-22T13:33:02,https://www.gbif.org/occurrence/6235956991
392,1885-08-17,1885,ATLANTIC OCEAN,,,Fell or jumped overboard from the liner Rhynland,Unprovoked,13.581921,-38.320312,Carcharhinus leucas,6178405378,4144.72,70575.0,pas_de_proximite_100km,0,0,0,2026-02-18T16:22,https://www.gbif.org/occurrence/6178405378
392,1885-08-17,1885,ATLANTIC OCEAN,,,Fell or jumped overboard from the liner Rhynland,Unprovoked,13.581921,-38.320312,Carcharodon carcharias,6400181485,4349.71,43.0,pas_de_proximite_100km,0,0,0,2026-06-05T11:25:01,https://www.gbif.org/occurrence/6400181485
392,1885-08-17,1885,ATLANTIC OCEAN,,,Fell or jumped overboard from the liner Rhynland,Unprovoked,13.581921,-38.320312,Galeocerdo cuvier,6188381210,2694.44,30683.0,pas_de_proximite_100km,0,0,0,2026-02-23T09:32,https://www.gbif.org/occurrence/6188381210
392,1885-08-17,1885,ATLANTIC OCEAN,,,Fell or jumped overboard from the liner Rhynland,Unprovoked,13.581921,-38.320312,Rhincodon typus,6133129315,3148.9,31179.0,pas_de_proximite_100km,0,0,0,2026-01-30T11:50:16,https://www.gbif.org/occurrence/6133129315
393,1885-11-26,1885,AUSTRALIA,Queensland,Brisbane,Inconnue,Watercraft,-27.4689623,153.0235009,Carcharhinus leucas,6185183928,17.64,,proximite_forte,6,7,5,2026-02-04T17:39:40,https://www.gbif.org/occurrence/6185183928
393,1885-11-26,1885,AUSTRALIA,Queensland,Brisbane,Inconnue,Watercraft,-27.4689623,153.0235009,Carcharodon carcharias,6162878281,294.55,7.0,pas_de_proximite_100km,0,0,0,2026-02-22T09:03:13,https://www.gbif.org/occurrence/6162878281
393,1885-11-26,1885,AUSTRALIA,Queensland,Brisbane,Inconnue,Watercraft,-27.4689623,153.0235009,Galeocerdo cuvier,6133086834,103.74,5.0,pas_de_proximite_100km,0,0,0,2026-02-02T13:14:46,https://www.gbif.org/occurrence/6133086834
393,1885-11-26,1885,AUSTRALIA,Queensland,Brisbane,Inconnue,Watercraft,-27.4689623,153.0235009,Rhincodon typus,5938466615,1468.82,30841.0,pas_de_proximite_100km,0,0,0,2026-01-03T11:33,https://www.gbif.org/occurrence/5938466615
401,1886-01-01,1886,AUSTRALIA,New South Wales,Sydney Harbor,Sailing,Unprovoked,-33.8661645,151.1995721,Carcharhinus leucas,6481240461,13.42,17.0,proximite_forte,1,1,0,2026-01-22T00:00,https://www.gbif.org/occurrence/6481240461
401,1886-01-01,1886,AUSTRALIA,New South Wales,Sydney Harbor,Sailing,Unprovoked,-33.8661645,151.1995721,Carcharodon carcharias,6159298926,249.7,,pas_de_proximite_100km,0,0,0,2026-02-03T04:38:07,https://www.gbif.org/occurrence/6159298926
401,1886-01-01,1886,AUSTRALIA,New South Wales,Sydney Harbor,Sailing,Unprovoked,-33.8661645,151.1995721,Galeocerdo cuvier,6133086834,663.6,5.0,pas_de_proximite_100km,0,0,0,2026-02-02T13:14:46,https://www.gbif.org/occurrence/6133086834
401,1886-01-01,1886,AUSTRALIA,New South Wales,Sydney Harbor,Sailing,Unprovoked,-33.8661645,151.1995721,Rhincodon typus,6235620031,2050.57,28818.0,pas_de_proximite_100km,0,0,0,2026-02-19T12:26,https://www.gbif.org/occurrence/6235620031
405,1886-05-06,1886,NEW CALEDONIA,South Province,Noumea,Bathing,Unprovoked,-22.2745264,166.442419,Carcharhinus leucas,6131674219,357.57,30527.0,pas_de_proximite_100km,0,0,0,2026-01-04T09:51,https://www.gbif.org/occurrence/6131674219
405,1886-05-06,1886,NEW CALEDONIA,South Province,Noumea,Bathing,Unprovoked,-22.2745264,166.442419,Carcharodon carcharias,6162878281,1579.98,7.0,pas_de_proximite_100km,0,0,0,2026-02-22T09:03:13,https://www.gbif.org/occurrence/6162878281
405,1886-05-06,1886,NEW CALEDONIA,South Province,Noumea,Bathing,Unprovoked,-22.2745264,166.442419,Galeocerdo cuvier,5063745386,780.58,29533.0,pas_de_proximite_100km,0,0,0,2025-01-31T09:20:36,https://www.gbif.org/occurrence/5063745386
405,1886-05-06,1886,NEW CALEDONIA,South Province,Noumea,Bathing,Unprovoked,-22.2745264,166.442419,Rhincodon typus,6235620031,1528.74,28818.0,pas_de_proximite_100km,0,0,0,2026-02-19T12:26,https://www.gbif.org/occurrence/6235620031
422,1887-10-01,1887,BAHAMAS,,,"Sea disaster, wreck of the Alfred Watts",Sea Disaster,24.7736546,-78.0000547,Carcharhinus leucas,6334488030,158.99,29936.0,pas_de_proximite_100km,0,0,0,2026-05-18T15:01:50,https://www.gbif.org/occurrence/6334488030
422,1887-10-01,1887,BAHAMAS,,,"Sea disaster, wreck of the Alfred Watts",Sea Disaster,24.7736546,-78.0000547,Carcharodon carcharias,6441095820,907.03,257.0,pas_de_proximite_100km,0,0,0,2026-03-27T20:47:37,https://www.gbif.org/occurrence/6441095820
422,1887-10-01,1887,BAHAMAS,,,"Sea disaster, wreck of the Alfred Watts",Sea Disaster,24.7736546,-78.0000547,Galeocerdo cuvier,6131322721,84.29,120467.0,proximite_regionale,0,2,0,2026-01-13,https://www.gbif.org/occurrence/6131322721
422,1887-10-01,1887,BAHAMAS,,,"Sea disaster, wreck of the Alfred Watts",Sea Disaster,24.7736546,-78.0000547,Rhincodon typus,6253026970,426.21,30069.0,pas_de_proximite_100km,0,0,0,2026-04-27T07:00,https://www.gbif.org/occurrence/6253026970
426,1888-07-20,1888,JAMAICA,,,Probabable drowning,Invalid,18.1850507,-77.3947693,Carcharhinus leucas,6178405378,762.18,70575.0,pas_de_proximite_100km,0,0,0,2026-02-18T16:22,https://www.gbif.org/occurrence/6178405378
426,1888-07-20,1888,JAMAICA,,,Probabable drowning,Invalid,18.1850507,-77.3947693,Carcharodon carcharias,6441095820,1640.26,257.0,pas_de_proximite_100km,0,0,0,2026-03-27T20:47:37,https://www.gbif.org/occurrence/6441095820
426,1888-07-20,1888,JAMAICA,,,Probabable drowning,Invalid,18.1850507,-77.3947693,Galeocerdo cuvier,6131322721,815.39,120467.0,pas_de_proximite_100km,0,0,0,2026-01-13,https://www.gbif.org/occurrence/6131322721
426,1888-07-20,1888,JAMAICA,,,Probabable drowning,Invalid,18.1850507,-77.3947693,Rhincodon typus,6253026970,869.2,30069.0,pas_de_proximite_100km,0,0,0,2026-04-27T07:00,https://www.gbif.org/occurrence/6253026970
432,1888-01-22,1888,AUSTRALIA,New South Wales,Sydney Harbor,Rowing,Watercraft,-33.8661645,151.1995721,Carcharhinus leucas,6481240461,13.42,17.0,proximite_forte,1,1,0,2026-01-22T00:00,https://www.gbif.org/occurrence/6481240461
432,1888-01-22,1888,AUSTRALIA,New South Wales,Sydney Harbor,Rowing,Watercraft,-33.8661645,151.1995721,Carcharodon carcharias,6159298926,249.7,,pas_de_proximite_100km,0,0,0,2026-02-03T04:38:07,https://www.gbif.org/occurrence/6159298926
432,1888-01-22,1888,AUSTRALIA,New South Wales,Sydney Harbor,Rowing,Watercraft,-33.8661645,151.1995721,Galeocerdo cuvier,6133086834,663.6,5.0,pas_de_proximite_100km,0,0,0,2026-02-02T13:14:46,https://www.gbif.org/occurrence/6133086834
432,1888-01-22,1888,AUSTRALIA,New South Wales,Sydney Harbor,Rowing,Watercraft,-33.8661645,151.1995721,Rhincodon typus,6235620031,2050.57,28818.0,pas_de_proximite_100km,0,0,0,2026-02-19T12:26,https://www.gbif.org/occurrence/6235620031
450,1890-10-25,1890,ATLANTIC OCEAN,,,Thrown overboard,Unprovoked,13.581921,-38.320312,Carcharhinus leucas,6178405378,4144.72,70575.0,pas_de_proximite_100km,0,0,0,2026-02-18T16:22,https://www.gbif.org/occurrence/6178405378
450,1890-10-25,1890,ATLANTIC OCEAN,,,Thrown overboard,Unprovoked,13.581921,-38.320312,Carcharodon carcharias,6400181485,4349.71,43.0,pas_de_proximite_100km,0,0,0,2026-06-05T11:25:01,https://www.gbif.org/occurrence/6400181485
450,1890-10-25,1890,ATLANTIC OCEAN,,,Thrown overboard,Unprovoked,13.581921,-38.320312,Galeocerdo cuvier,6188381210,2694.44,30683.0,pas_de_proximite_100km,0,0,0,2026-02-23T09:32,https://www.gbif.org/occurrence/6188381210
450,1890-10-25,1890,ATLANTIC OCEAN,,,Thrown overboard,Unprovoked,13.581921,-38.320312,Rhincodon typus,6133129315,3148.9,31179.0,pas_de_proximite_100km,0,0,0,2026-01-30T11:50:16,https://www.gbif.org/occurrence/6133129315
456,1890-12-30,1890,AUSTRALIA,Queensland,Moreton Bay,Swimming to shore after boat capsized by a squall,Invalid,-27.2397819,153.2539994,Carcharhinus leucas,6519486079,18.15,2519.0,proximite_forte,2,7,5,2026-03-20T23:00:36,https://www.gbif.org/occurrence/6519486079
456,1890-12-30,1890,AUSTRALIA,Queensland,Moreton Bay,Swimming to shore after boat capsized by a squall,Invalid,-27.2397819,153.2539994,Carcharodon carcharias,6162878281,319.5,7.0,pas_de_proximite_100km,0,0,0,2026-02-22T09:03:13,https://www.gbif.org/occurrence/6162878281
456,1890-12-30,1890,AUSTRALIA,Queensland,Moreton Bay,Swimming to shore after boat capsized by a squall,Invalid,-27.2397819,153.2539994,Galeocerdo cuvier,6133086834,117.89,5.0,pas_de_proximite_100km,0,0,0,2026-02-02T13:14:46,https://www.gbif.org/occurrence/6133086834
456,1890-12-30,1890,AUSTRALIA,Queensland,Moreton Bay,Swimming to shore after boat capsized by a squall,Invalid,-27.2397819,153.2539994,Rhincodon typus,5938466615,1459.57,30841.0,pas_de_proximite_100km,0,0,0,2026-01-03T11:33,https://www.gbif.org/occurrence/5938466615
457,1890-05-14,1890,SOUTH AFRICA,Eastern Cape Province,Port Elizabeth,Inconnue,Invalid,-33.9618598,25.6186731,Carcharhinus leucas,6130149287,589.15,29330.0,pas_de_proximite_100km,0,0,0,2026-01-10T07:45:33,https://www.gbif.org/occurrence/6130149287
457,1890-05-14,1890,SOUTH AFRICA,Eastern Cape Province,Port Elizabeth,Inconnue,Invalid,-33.9618598,25.6186731,Carcharodon carcharias,6480081628,260.96,29039.0,pas_de_proximite_100km,0,0,0,2026-01-19T13:45:33,https://www.gbif.org/occurrence/6480081628
457,1890-05-14,1890,SOUTH AFRICA,Eastern Cape Province,Port Elizabeth,Inconnue,Invalid,-33.9618598,25.6186731,Galeocerdo cuvier,5206523433,1039.94,29798.0,pas_de_proximite_100km,0,0,0,2025-03-25T01:26:01,https://www.gbif.org/occurrence/5206523433
457,1890-05-14,1890,SOUTH AFRICA,Eastern Cape Province,Port Elizabeth,Inconnue,Invalid,-33.9618598,25.6186731,Rhincodon typus,6352311338,1874.15,1358701.0,pas_de_proximite_100km,0,0,0,2026-05-28,https://www.gbif.org/occurrence/6352311338
463,1891-12-31,1891,AUSTRALIA,New South Wales,,Swimming,Unprovoked,-32.1629594,147.0320469,Carcharhinus leucas,6481240461,418.85,17.0,pas_de_proximite_100km,0,0,0,2026-01-22T00:00,https://www.gbif.org/occurrence/6481240461
463,1891-12-31,1891,AUSTRALIA,New South Wales,,Swimming,Unprovoked,-32.1629594,147.0320469,Carcharodon carcharias,6159298926,509.4,,pas_de_proximite_100km,0,0,0,2026-02-03T04:38:07,https://www.gbif.org/occurrence/6159298926
463,1891-12-31,1891,AUSTRALIA,New South Wales,,Swimming,Unprovoked,-32.1629594,147.0320469,Galeocerdo cuvier,6133086834,764.62,5.0,pas_de_proximite_100km,0,0,0,2026-02-02T13:14:46,https://www.gbif.org/occurrence/6133086834
463,1891-12-31,1891,AUSTRALIA,New South Wales,,Swimming,Unprovoked,-32.1629594,147.0320469,Rhincodon typus,5938466615,1793.58,30841.0,pas_de_proximite_100km,0,0,0,2026-01-03T11:33,https://www.gbif.org/occurrence/5938466615
479,1892-12-15,1892,ATLANTIC OCEAN,,,Fell overboard,Unprovoked,13.581921,-38.320312,Carcharhinus leucas,6178405378,4144.72,70575.0,pas_de_proximite_100km,0,0,0,2026-02-18T16:22,https://www.gbif.org/occurrence/6178405378
479,1892-12-15,1892,ATLANTIC OCEAN,,,Fell overboard,Unprovoked,13.581921,-38.320312,Carcharodon carcharias,6400181485,4349.71,43.0,pas_de_proximite_100km,0,0,0,2026-06-05T11:25:01,https://www.gbif.org/occurrence/6400181485
479,1892-12-15,1892,ATLANTIC OCEAN,,,Fell overboard,Unprovoked,13.581921,-38.320312,Galeocerdo cuvier,6188381210,2694.44,30683.0,pas_de_proximite_100km,0,0,0,2026-02-23T09:32,https://www.gbif.org/occurrence/6188381210
479,1892-12-15,1892,ATLANTIC OCEAN,,,Fell overboard,Unprovoked,13.581921,-38.320312,Rhincodon typus,6133129315,3148.9,31179.0,pas_de_proximite_100km,0,0,0,2026-01-30T11:50:16,https://www.gbif.org/occurrence/6133129315
497,1894-11-28,1894,AUSTRALIA,New South Wales,Newcastle,Bathing,Unprovoked,-32.9192953,151.7795348,Carcharhinus leucas,6481240461,120.63,17.0,pas_de_proximite_100km,0,0,0,2026-01-22T00:00,https://www.gbif.org/occurrence/6481240461
497,1894-11-28,1894,AUSTRALIA,New South Wales,Newcastle,Bathing,Unprovoked,-32.9192953,151.7795348,Carcharodon carcharias,6162878281,340.27,7.0,pas_de_proximite_100km,0,0,0,2026-02-22T09:03:13,https://www.gbif.org/occurrence/6162878281
497,1894-11-28,1894,AUSTRALIA,New South Wales,Newcastle,Bathing,Unprovoked,-32.9192953,151.7795348,Galeocerdo cuvier,6133086834,546.3,5.0,pas_de_proximite_100km,0,0,0,2026-02-02T13:14:46,https://www.gbif.org/occurrence/6133086834
497,1894-11-28,1894,AUSTRALIA,New South Wales,Newcastle,Bathing,Unprovoked,-32.9192953,151.7795348,Rhincodon typus,5938466615,1967.14,30841.0,pas_de_proximite_100km,0,0,0,2026-01-03T11:33,https://www.gbif.org/occurrence/5938466615
507,1894-08-01,1894,USA,Florida,"Jacksonville, Duval County",Swimming / floating on his back,Unprovoked,30.3262247,-81.6579179,Carcharhinus leucas,6133570230,155.87,29533.0,pas_de_proximite_100km,0,0,0,2026-01-28T17:22:37,https://www.gbif.org/occurrence/6133570230
507,1894-08-01,1894,USA,Florida,"Jacksonville, Duval County",Swimming / floating on his back,Unprovoked,30.3262247,-81.6579179,Carcharodon carcharias,6441095820,324.09,257.0,pas_de_proximite_100km,0,0,0,2026-03-27T20:47:37,https://www.gbif.org/occurrence/6441095820
507,1894-08-01,1894,USA,Florida,"Jacksonville, Duval County",Swimming / floating on his back,Unprovoked,30.3262247,-81.6579179,Galeocerdo cuvier,6399953055,65.96,29433.0,proximite_regionale,0,1,0,2026-06-07T17:14:40,https://www.gbif.org/occurrence/6399953055
507,1894-08-01,1894,USA,Florida,"Jacksonville, Duval County",Swimming / floating on his back,Unprovoked,30.3262247,-81.6579179,Rhincodon typus,6253026970,640.37,30069.0,pas_de_proximite_100km,0,0,0,2026-04-27T07:00,https://www.gbif.org/occurrence/6253026970
524,1895-02-27,1895,AUSTRALIA,New South Wales,Sydney Harbor,Swimming,Unprovoked,-33.8661645,151.1995721,Carcharhinus leucas,6481240461,13.42,17.0,proximite_forte,1,1,0,2026-01-22T00:00,https://www.gbif.org/occurrence/6481240461
524,1895-02-27,1895,AUSTRALIA,New South Wales,Sydney Harbor,Swimming,Unprovoked,-33.8661645,151.1995721,Carcharodon carcharias,6159298926,249.7,,pas_de_proximite_100km,0,0,0,2026-02-03T04:38:07,https://www.gbif.org/occurrence/6159298926
524,1895-02-27,1895,AUSTRALIA,New South Wales,Sydney Harbor,Swimming,Unprovoked,-33.8661645,151.1995721,Galeocerdo cuvier,6133086834,663.6,5.0,pas_de_proximite_100km,0,0,0,2026-02-02T13:14:46,https://www.gbif.org/occurrence/6133086834
524,1895-02-27,1895,AUSTRALIA,New South Wales,Sydney Harbor,Swimming,Unprovoked,-33.8661645,151.1995721,Rhincodon typus,6235620031,2050.57,28818.0,pas_de_proximite_100km,0,0,0,2026-02-19T12:26,https://www.gbif.org/occurrence/6235620031
537,1896-06-21,1896,USA,South Carolina,Charleston,Bathing,Unprovoked,32.7884363,-79.9399309,Carcharhinus leucas,6130999421,416.72,29533.0,pas_de_proximite_100km,0,0,0,2026-01-17T15:30:29,https://www.gbif.org/occurrence/6130999421
537,1896-06-21,1896,USA,South Carolina,Charleston,Bathing,Unprovoked,32.7884363,-79.9399309,Carcharodon carcharias,6441095820,12.67,257.0,proximite_forte,1,1,0,2026-03-27T20:47:37,https://www.gbif.org/occurrence/6441095820
537,1896-06-21,1896,USA,South Carolina,Charleston,Bathing,Unprovoked,32.7884363,-79.9399309,Galeocerdo cuvier,6399752821,175.33,28902.0,pas_de_proximite_100km,0,0,0,2026-06-04T11:19,https://www.gbif.org/occurrence/6399752821
537,1896-06-21,1896,USA,South Carolina,Charleston,Bathing,Unprovoked,32.7884363,-79.9399309,Rhincodon typus,6253026970,938.31,30069.0,pas_de_proximite_100km,0,0,0,2026-04-27T07:00,https://www.gbif.org/occurrence/6253026970
538,1896-01-01,1896,USA,Florida,,Swimming ashore from a filibuster,Unprovoked,27.7567667,-81.4639835,Carcharhinus leucas,6147198580,88.92,29775.0,proximite_regionale,0,3,1,2026-02-03T11:54:56,https://www.gbif.org/occurrence/6147198580
538,1896-01-01,1896,USA,Florida,,Swimming ashore from a filibuster,Unprovoked,27.7567667,-81.4639835,Carcharodon carcharias,6441095820,580.41,257.0,pas_de_proximite_100km,0,0,0,2026-03-27T20:47:37,https://www.gbif.org/occurrence/6441095820
538,1896-01-01,1896,USA,Florida,,Swimming ashore from a filibuster,Unprovoked,27.7567667,-81.4639835,Galeocerdo cuvier,6235030691,159.7,29798.0,pas_de_proximite_100km,0,0,0,2026-04-25T11:55,https://www.gbif.org/occurrence/6235030691
538,1896-01-01,1896,USA,Florida,,Swimming ashore from a filibuster,Unprovoked,27.7567667,-81.4639835,Rhincodon typus,6253026970,360.16,30069.0,pas_de_proximite_100km,0,0,0,2026-04-27T07:00,https://www.gbif.org/occurrence/6253026970
539,1896-11-29,1896,AUSTRALIA,Western Australia,Albany,Swimming,Unprovoked,-35.0247822,117.883608,Carcharhinus leucas,6185213952,283.36,6264.0,pas_de_proximite_100km,0,0,0,2026-03-07T16:35,https://www.gbif.org/occurrence/6185213952
539,1896-11-29,1896,AUSTRALIA,Western Australia,Albany,Swimming,Unprovoked,-35.0247822,117.883608,Carcharodon carcharias,6131342125,1650.7,7535.0,pas_de_proximite_100km,0,0,0,2026-01-07T08:00:21,https://www.gbif.org/occurrence/6131342125
539,1896-11-29,1896,AUSTRALIA,Western Australia,Albany,Swimming,Unprovoked,-35.0247822,117.883608,Galeocerdo cuvier,6520390560,1379.73,8.0,pas_de_proximite_100km,0,0,0,2026-08-31T14:06,https://www.gbif.org/occurrence/6520390560
539,1896-11-29,1896,AUSTRALIA,Western Australia,Albany,Swimming,Unprovoked,-35.0247822,117.883608,Rhincodon typus,6235956991,1457.35,30278.0,pas_de_proximite_100km,0,0,0,2026-04-22T13:33:02,https://www.gbif.org/occurrence/6235956991
553,1898-07-26,1898,AUSTRALIA,New South Wales,Sydney,Swimming after their boat capsized,Invalid,-33.8698439,151.2082848,Carcharhinus leucas,6481240461,14.31,17.0,proximite_forte,1,1,0,2026-01-22T00:00,https://www.gbif.org/occurrence/6481240461
553,1898-07-26,1898,AUSTRALIA,New South Wales,Sydney,Swimming after their boat capsized,Invalid,-33.8698439,151.2082848,Carcharodon carcharias,6159298926,249.62,,pas_de_proximite_100km,0,0,0,2026-02-03T04:38:07,https://www.gbif.org/occurrence/6159298926
553,1898-07-26,1898,AUSTRALIA,New South Wales,Sydney,Swimming after their boat capsized,Invalid,-33.8698439,151.2082848,Galeocerdo cuvier,6133086834,663.7,5.0,pas_de_proximite_100km,0,0,0,2026-02-02T13:14:46,https://www.gbif.org/occurrence/6133086834
553,1898-07-26,1898,AUSTRALIA,New South Wales,Sydney,Swimming after their boat capsized,Invalid,-33.8698439,151.2082848,Rhincodon typus,6235620031,2049.71,28818.0,pas_de_proximite_100km,0,0,0,2026-02-19T12:26,https://www.gbif.org/occurrence/6235620031
561,1898-01-01,1898,USA,Hawaii,,Loss of the schooner Nomad,Sea Disaster,19.5938015,-155.4283701,Carcharhinus leucas,6334261088,4741.35,30175.0,pas_de_proximite_100km,0,0,0,2026-05-21T11:26,https://www.gbif.org/occurrence/6334261088
561,1898-01-01,1898,USA,Hawaii,,Loss of the schooner Nomad,Sea Disaster,19.5938015,-155.4283701,Carcharodon carcharias,6480838932,1194.6,1584228.0,pas_de_proximite_100km,0,0,0,2026-06-24T10:02:07,https://www.gbif.org/occurrence/6480838932
561,1898-01-01,1898,USA,Hawaii,,Loss of the schooner Nomad,Sea Disaster,19.5938015,-155.4283701,Galeocerdo cuvier,6470061880,65.6,30545.0,proximite_regionale,0,3,0,2026-07-13T09:59,https://www.gbif.org/occurrence/6470061880
561,1898-01-01,1898,USA,Hawaii,,Loss of the schooner Nomad,Sea Disaster,19.5938015,-155.4283701,Rhincodon typus,6194532302,61.33,111319.49,proximite_regionale,0,1,0,2026-01-22,https://www.gbif.org/occurrence/6194532302
565,1898-06-22,1898,NEW CALEDONIA,South Province,Noumea,boat from City of Naples capsized,Unprovoked,-22.2745264,166.442419,Carcharhinus leucas,6131674219,357.57,30527.0,pas_de_proximite_100km,0,0,0,2026-01-04T09:51,https://www.gbif.org/occurrence/6131674219
565,1898-06-22,1898,NEW CALEDONIA,South Province,Noumea,boat from City of Naples capsized,Unprovoked,-22.2745264,166.442419,Carcharodon carcharias,6162878281,1579.98,7.0,pas_de_proximite_100km,0,0,0,2026-02-22T09:03:13,https://www.gbif.org/occurrence/6162878281
565,1898-06-22,1898,NEW CALEDONIA,South Province,Noumea,boat from City of Naples capsized,Unprovoked,-22.2745264,166.442419,Galeocerdo cuvier,5063745386,780.58,29533.0,pas_de_proximite_100km,0,0,0,2025-01-31T09:20:36,https://www.gbif.org/occurrence/5063745386
565,1898-06-22,1898,NEW CALEDONIA,South Province,Noumea,boat from City of Naples capsized,Unprovoked,-22.2745264,166.442419,Rhincodon typus,6235620031,1528.74,28818.0,pas_de_proximite_100km,0,0,0,2026-02-19T12:26,https://www.gbif.org/occurrence/6235620031
574,1899-01-28,1899,AUSTRALIA,New South Wales,Newcastle,Bathing,Invalid,-32.9192953,151.7795348,Carcharhinus leucas,6481240461,120.63,17.0,pas_de_proximite_100km,0,0,0,2026-01-22T00:00,https://www.gbif.org/occurrence/6481240461
574,1899-01-28,1899,AUSTRALIA,New South Wales,Newcastle,Bathing,Invalid,-32.9192953,151.7795348,Carcharodon carcharias,6162878281,340.27,7.0,pas_de_proximite_100km,0,0,0,2026-02-22T09:03:13,https://www.gbif.org/occurrence/6162878281
574,1899-01-28,1899,AUSTRALIA,New South Wales,Newcastle,Bathing,Invalid,-32.9192953,151.7795348,Galeocerdo cuvier,6133086834,546.3,5.0,pas_de_proximite_100km,0,0,0,2026-02-02T13:14:46,https://www.gbif.org/occurrence/6133086834
574,1899-01-28,1899,AUSTRALIA,New South Wales,Newcastle,Bathing,Invalid,-32.9192953,151.7795348,Rhincodon typus,5938466615,1967.14,30841.0,pas_de_proximite_100km,0,0,0,2026-01-03T11:33,https://www.gbif.org/occurrence/5938466615
581,,1899,SOUTH AFRICA,KwaZulu-Natal,Durban,Dangling feet in the water,Unprovoked,-29.8618145,31.009909,Carcharhinus leucas,6185033442,62.42,29382.0,proximite_regionale,0,1,0,2026-03-28T17:16:06,https://www.gbif.org/occurrence/6185033442
581,,1899,SOUTH AFRICA,KwaZulu-Natal,Durban,Dangling feet in the water,Unprovoked,-29.8618145,31.009909,Carcharodon carcharias,5938331810,413.65,,pas_de_proximite_100km,0,0,0,2026-01-03T05:09:36,https://www.gbif.org/occurrence/5938331810
581,,1899,SOUTH AFRICA,KwaZulu-Natal,Durban,Dangling feet in the water,Unprovoked,-29.8618145,31.009909,Galeocerdo cuvier,5206523433,367.29,29798.0,pas_de_proximite_100km,0,0,0,2025-03-25T01:26:01,https://www.gbif.org/occurrence/5206523433
581,,1899,SOUTH AFRICA,KwaZulu-Natal,Durban,Dangling feet in the water,Unprovoked,-29.8618145,31.009909,Rhincodon typus,6352311338,1228.98,1358701.0,pas_de_proximite_100km,0,0,0,2026-05-28,https://www.gbif.org/occurrence/6352311338
585,1899-07-08,1899,BAHAMAS,,,Fell overboard,Unprovoked,24.7736546,-78.0000547,Carcharhinus leucas,6334488030,158.99,29936.0,pas_de_proximite_100km,0,0,0,2026-05-18T15:01:50,https://www.gbif.org/occurrence/6334488030
585,1899-07-08,1899,BAHAMAS,,,Fell overboard,Unprovoked,24.7736546,-78.0000547,Carcharodon carcharias,6441095820,907.03,257.0,pas_de_proximite_100km,0,0,0,2026-03-27T20:47:37,https://www.gbif.org/occurrence/6441095820
585,1899-07-08,1899,BAHAMAS,,,Fell overboard,Unprovoked,24.7736546,-78.0000547,Galeocerdo cuvier,6131322721,84.29,120467.0,proximite_regionale,0,2,0,2026-01-13,https://www.gbif.org/occurrence/6131322721
585,1899-07-08,1899,BAHAMAS,,,Fell overboard,Unprovoked,24.7736546,-78.0000547,Rhincodon typus,6253026970,426.21,30069.0,pas_de_proximite_100km,0,0,0,2026-04-27T07:00,https://www.gbif.org/occurrence/6253026970
594,,1900,SOUTH AFRICA,Eastern Cape Province,Port Elizabeth,Swimming,Unprovoked,-33.9618598,25.6186731,Carcharhinus leucas,6130149287,589.15,29330.0,pas_de_proximite_100km,0,0,0,2026-01-10T07:45:33,https://www.gbif.org/occurrence/6130149287
594,,1900,SOUTH AFRICA,Eastern Cape Province,Port Elizabeth,Swimming,Unprovoked,-33.9618598,25.6186731,Carcharodon carcharias,6480081628,260.96,29039.0,pas_de_proximite_100km,0,0,0,2026-01-19T13:45:33,https://www.gbif.org/occurrence/6480081628
594,,1900,SOUTH AFRICA,Eastern Cape Province,Port Elizabeth,Swimming,Unprovoked,-33.9618598,25.6186731,Galeocerdo cuvier,5206523433,1039.94,29798.0,pas_de_proximite_100km,0,0,0,2025-03-25T01:26:01,https://www.gbif.org/occurrence/5206523433
594,,1900,SOUTH AFRICA,Eastern Cape Province,Port Elizabeth,Swimming,Unprovoked,-33.9618598,25.6186731,Rhincodon typus,6352311338,1874.15,1358701.0,pas_de_proximite_100km,0,0,0,2026-05-28,https://www.gbif.org/occurrence/6352311338
595,1900-09-15,1900,AUSTRALIA,Queensland,Townsville,Swimming,Unprovoked,-19.2569391,146.8239537,Carcharhinus leucas,6171257530,104.07,4.0,pas_de_proximite_100km,0,0,0,2026-02-15T15:03:06,https://www.gbif.org/occurrence/6171257530
595,1900-09-15,1900,AUSTRALIA,Queensland,Townsville,Swimming,Unprovoked,-19.2569391,146.8239537,Carcharodon carcharias,6162878281,1368.0,7.0,pas_de_proximite_100km,0,0,0,2026-02-22T09:03:13,https://www.gbif.org/occurrence/6162878281
595,1900-09-15,1900,AUSTRALIA,Queensland,Townsville,Swimming,Unprovoked,-19.2569391,146.8239537,Galeocerdo cuvier,5108383412,301.5,30795.0,pas_de_proximite_100km,0,0,0,2025-03-28T11:40,https://www.gbif.org/occurrence/5108383412
595,1900-09-15,1900,AUSTRALIA,Queensland,Townsville,Swimming,Unprovoked,-19.2569391,146.8239537,Rhincodon typus,5938466615,370.02,30841.0,pas_de_proximite_100km,0,0,0,2026-01-03T11:33,https://www.gbif.org/occurrence/5938466615
605,1901-12-01,1901,AUSTRALIA,Queensland,Brisbane,Bathing,Unprovoked,-27.4689623,153.0235009,Carcharhinus leucas,6185183928,17.64,,proximite_forte,6,7,5,2026-02-04T17:39:40,https://www.gbif.org/occurrence/6185183928
605,1901-12-01,1901,AUSTRALIA,Queensland,Brisbane,Bathing,Unprovoked,-27.4689623,153.0235009,Carcharodon carcharias,6162878281,294.55,7.0,pas_de_proximite_100km,0,0,0,2026-02-22T09:03:13,https://www.gbif.org/occurrence/6162878281
605,1901-12-01,1901,AUSTRALIA,Queensland,Brisbane,Bathing,Unprovoked,-27.4689623,153.0235009,Galeocerdo cuvier,6133086834,103.74,5.0,pas_de_proximite_100km,0,0,0,2026-02-02T13:14:46,https://www.gbif.org/occurrence/6133086834
605,1901-12-01,1901,AUSTRALIA,Queensland,Brisbane,Bathing,Unprovoked,-27.4689623,153.0235009,Rhincodon typus,5938466615,1468.82,30841.0,pas_de_proximite_100km,0,0,0,2026-01-03T11:33,https://www.gbif.org/occurrence/5938466615
610,1901-01-30,1901,AUSTRALIA,Queensland,Brisbane,Bathing,Unprovoked,-27.4689623,153.0235009,Carcharhinus leucas,6185183928,17.64,,proximite_forte,6,7,5,2026-02-04T17:39:40,https://www.gbif.org/occurrence/6185183928
610,1901-01-30,1901,AUSTRALIA,Queensland,Brisbane,Bathing,Unprovoked,-27.4689623,153.0235009,Carcharodon carcharias,6162878281,294.55,7.0,pas_de_proximite_100km,0,0,0,2026-02-22T09:03:13,https://www.gbif.org/occurrence/6162878281
610,1901-01-30,1901,AUSTRALIA,Queensland,Brisbane,Bathing,Unprovoked,-27.4689623,153.0235009,Galeocerdo cuvier,6133086834,103.74,5.0,pas_de_proximite_100km,0,0,0,2026-02-02T13:14:46,https://www.gbif.org/occurrence/6133086834
610,1901-01-30,1901,AUSTRALIA,Queensland,Brisbane,Bathing,Unprovoked,-27.4689623,153.0235009,Rhincodon typus,5938466615,1468.82,30841.0,pas_de_proximite_100km,0,0,0,2026-01-03T11:33,https://www.gbif.org/occurrence/5938466615
620,1902-01-19,1902,AUSTRALIA,Queensland,Brisbane,Swimming,Unprovoked,-27.4689623,153.0235009,Carcharhinus leucas,6185183928,17.64,,proximite_forte,6,7,5,2026-02-04T17:39:40,https://www.gbif.org/occurrence/6185183928
620,1902-01-19,1902,AUSTRALIA,Queensland,Brisbane,Swimming,Unprovoked,-27.4689623,153.0235009,Carcharodon carcharias,6162878281,294.55,7.0,pas_de_proximite_100km,0,0,0,2026-02-22T09:03:13,https://www.gbif.org/occurrence/6162878281
620,1902-01-19,1902,AUSTRALIA,Queensland,Brisbane,Swimming,Unprovoked,-27.4689623,153.0235009,Galeocerdo cuvier,6133086834,103.74,5.0,pas_de_proximite_100km,0,0,0,2026-02-02T13:14:46,https://www.gbif.org/occurrence/6133086834
620,1902-01-19,1902,AUSTRALIA,Queensland,Brisbane,Swimming,Unprovoked,-27.4689623,153.0235009,Rhincodon typus,5938466615,1468.82,30841.0,pas_de_proximite_100km,0,0,0,2026-01-03T11:33,https://www.gbif.org/occurrence/5938466615
626,1902-01-19,1902,SOUTH AFRICA,KwaZulu-Natal,Durban,Inconnue,Invalid,-29.8618145,31.009909,Carcharhinus leucas,6185033442,62.42,29382.0,proximite_regionale,0,1,0,2026-03-28T17:16:06,https://www.gbif.org/occurrence/6185033442
626,1902-01-19,1902,SOUTH AFRICA,KwaZulu-Natal,Durban,Inconnue,Invalid,-29.8618145,31.009909,Carcharodon carcharias,5938331810,413.65,,pas_de_proximite_100km,0,0,0,2026-01-03T05:09:36,https://www.gbif.org/occurrence/5938331810
626,1902-01-19,1902,SOUTH AFRICA,KwaZulu-Natal,Durban,Inconnue,Invalid,-29.8618145,31.009909,Galeocerdo cuvier,5206523433,367.29,29798.0,pas_de_proximite_100km,0,0,0,2025-03-25T01:26:01,https://www.gbif.org/occurrence/5206523433
626,1902-01-19,1902,SOUTH AFRICA,KwaZulu-Natal,Durban,Inconnue,Invalid,-29.8618145,31.009909,Rhincodon typus,6352311338,1228.98,1358701.0,pas_de_proximite_100km,0,0,0,2026-05-28,https://www.gbif.org/occurrence/6352311338
629,1903-03-20,1903,AUSTRALIA,New South Wales,Sydney,Suicide,Unprovoked,-33.8698439,151.2082848,Carcharhinus leucas,6481240461,14.31,17.0,proximite_forte,1,1,0,2026-01-22T00:00,https://www.gbif.org/occurrence/6481240461
629,1903-03-20,1903,AUSTRALIA,New South Wales,Sydney,Suicide,Unprovoked,-33.8698439,151.2082848,Carcharodon carcharias,6159298926,249.62,,pas_de_proximite_100km,0,0,0,2026-02-03T04:38:07,https://www.gbif.org/occurrence/6159298926
629,1903-03-20,1903,AUSTRALIA,New South Wales,Sydney,Suicide,Unprovoked,-33.8698439,151.2082848,Galeocerdo cuvier,6133086834,663.7,5.0,pas_de_proximite_100km,0,0,0,2026-02-02T13:14:46,https://www.gbif.org/occurrence/6133086834
629,1903-03-20,1903,AUSTRALIA,New South Wales,Sydney,Suicide,Unprovoked,-33.8698439,151.2082848,Rhincodon typus,6235620031,2049.71,28818.0,pas_de_proximite_100km,0,0,0,2026-02-19T12:26,https://www.gbif.org/occurrence/6235620031
644,1904-02-07,1904,AUSTRALIA,Queensland,Brisbane,Swimming after his hat,Unprovoked,-27.4689623,153.0235009,Carcharhinus leucas,6185183928,17.64,,proximite_forte,6,7,5,2026-02-04T17:39:40,https://www.gbif.org/occurrence/6185183928
644,1904-02-07,1904,AUSTRALIA,Queensland,Brisbane,Swimming after his hat,Unprovoked,-27.4689623,153.0235009,Carcharodon carcharias,6162878281,294.55,7.0,pas_de_proximite_100km,0,0,0,2026-02-22T09:03:13,https://www.gbif.org/occurrence/6162878281
644,1904-02-07,1904,AUSTRALIA,Queensland,Brisbane,Swimming after his hat,Unprovoked,-27.4689623,153.0235009,Galeocerdo cuvier,6133086834,103.74,5.0,pas_de_proximite_100km,0,0,0,2026-02-02T13:14:46,https://www.gbif.org/occurrence/6133086834
644,1904-02-07,1904,AUSTRALIA,Queensland,Brisbane,Swimming after his hat,Unprovoked,-27.4689623,153.0235009,Rhincodon typus,5938466615,1468.82,30841.0,pas_de_proximite_100km,0,0,0,2026-01-03T11:33,https://www.gbif.org/occurrence/5938466615
651,1904-01-23,1904,NEW CALEDONIA,South Province,Noumea,Bathing,Unprovoked,-22.2745264,166.442419,Carcharhinus leucas,6131674219,357.57,30527.0,pas_de_proximite_100km,0,0,0,2026-01-04T09:51,https://www.gbif.org/occurrence/6131674219
651,1904-01-23,1904,NEW CALEDONIA,South Province,Noumea,Bathing,Unprovoked,-22.2745264,166.442419,Carcharodon carcharias,6162878281,1579.98,7.0,pas_de_proximite_100km,0,0,0,2026-02-22T09:03:13,https://www.gbif.org/occurrence/6162878281
651,1904-01-23,1904,NEW CALEDONIA,South Province,Noumea,Bathing,Unprovoked,-22.2745264,166.442419,Galeocerdo cuvier,5063745386,780.58,29533.0,pas_de_proximite_100km,0,0,0,2025-01-31T09:20:36,https://www.gbif.org/occurrence/5063745386
651,1904-01-23,1904,NEW CALEDONIA,South Province,Noumea,Bathing,Unprovoked,-22.2745264,166.442419,Rhincodon typus,6235620031,1528.74,28818.0,pas_de_proximite_100km,0,0,0,2026-02-19T12:26,https://www.gbif.org/occurrence/6235620031
671,1906-10-10,1906,USA,Hawaii,,Swimming,Unprovoked,19.5938015,-155.4283701,Carcharhinus leucas,6334261088,4741.35,30175.0,pas_de_proximite_100km,0,0,0,2026-05-21T11:26,https://www.gbif.org/occurrence/6334261088
671,1906-10-10,1906,USA,Hawaii,,Swimming,Unprovoked,19.5938015,-155.4283701,Carcharodon carcharias,6480838932,1194.6,1584228.0,pas_de_proximite_100km,0,0,0,2026-06-24T10:02:07,https://www.gbif.org/occurrence/6480838932
671,1906-10-10,1906,USA,Hawaii,,Swimming,Unprovoked,19.5938015,-155.4283701,Galeocerdo cuvier,6470061880,65.6,30545.0,proximite_regionale,0,3,0,2026-07-13T09:59,https://www.gbif.org/occurrence/6470061880
671,1906-10-10,1906,USA,Hawaii,,Swimming,Unprovoked,19.5938015,-155.4283701,Rhincodon typus,6194532302,61.33,111319.49,proximite_regionale,0,1,0,2026-01-22,https://www.gbif.org/occurrence/6194532302
682,1906-10-10,1906,USA,Hawaii,,Swimming,Unprovoked,19.5938015,-155.4283701,Carcharhinus leucas,6334261088,4741.35,30175.0,pas_de_proximite_100km,0,0,0,2026-05-21T11:26,https://www.gbif.org/occurrence/6334261088
682,1906-10-10,1906,USA,Hawaii,,Swimming,Unprovoked,19.5938015,-155.4283701,Carcharodon carcharias,6480838932,1194.6,1584228.0,pas_de_proximite_100km,0,0,0,2026-06-24T10:02:07,https://www.gbif.org/occurrence/6480838932
682,1906-10-10,1906,USA,Hawaii,,Swimming,Unprovoked,19.5938015,-155.4283701,Galeocerdo cuvier,6470061880,65.6,30545.0,proximite_regionale,0,3,0,2026-07-13T09:59,https://www.gbif.org/occurrence/6470061880
682,1906-10-10,1906,USA,Hawaii,,Swimming,Unprovoked,19.5938015,-155.4283701,Rhincodon typus,6194532302,61.33,111319.49,proximite_regionale,0,1,0,2026-01-22,https://www.gbif.org/occurrence/6194532302
685,1906-10-10,1906,USA,Hawaii,,Diving,Unprovoked,19.5938015,-155.4283701,Carcharhinus leucas,6334261088,4741.35,30175.0,pas_de_proximite_100km,0,0,0,2026-05-21T11:26,https://www.gbif.org/occurrence/6334261088
685,1906-10-10,1906,USA,Hawaii,,Diving,Unprovoked,19.5938015,-155.4283701,Carcharodon carcharias,6480838932,1194.6,1584228.0,pas_de_proximite_100km,0,0,0,2026-06-24T10:02:07,https://www.gbif.org/occurrence/6480838932
685,1906-10-10,1906,USA,Hawaii,,Diving,Unprovoked,19.5938015,-155.4283701,Galeocerdo cuvier,6470061880,65.6,30545.0,proximite_regionale,0,3,0,2026-07-13T09:59,https://www.gbif.org/occurrence/6470061880
685,1906-10-10,1906,USA,Hawaii,,Diving,Unprovoked,19.5938015,-155.4283701,Rhincodon typus,6194532302,61.33,111319.49,proximite_regionale,0,1,0,2026-01-22,https://www.gbif.org/occurrence/6194532302
689,1906-10-10,1906,USA,Hawaii,,Inconnue,Unprovoked,19.5938015,-155.4283701,Carcharhinus leucas,6334261088,4741.35,30175.0,pas_de_proximite_100km,0,0,0,2026-05-21T11:26,https://www.gbif.org/occurrence/6334261088
689,1906-10-10,1906,USA,Hawaii,,Inconnue,Unprovoked,19.5938015,-155.4283701,Carcharodon carcharias,6480838932,1194.6,1584228.0,pas_de_proximite_100km,0,0,0,2026-06-24T10:02:07,https://www.gbif.org/occurrence/6480838932
689,1906-10-10,1906,USA,Hawaii,,Inconnue,Unprovoked,19.5938015,-155.4283701,Galeocerdo cuvier,6470061880,65.6,30545.0,proximite_regionale,0,3,0,2026-07-13T09:59,https://www.gbif.org/occurrence/6470061880
689,1906-10-10,1906,USA,Hawaii,,Inconnue,Unprovoked,19.5938015,-155.4283701,Rhincodon typus,6194532302,61.33,111319.49,proximite_regionale,0,1,0,2026-01-22,https://www.gbif.org/occurrence/6194532302
723,1908-05-10,1908,USA,Florida,"Marathon, Monroe County",Inconnue,Invalid,24.7137524,-81.0903512,Carcharhinus leucas,6179367299,5.52,30047.0,proximite_forte,2,5,3,2026-02-22T12:30,https://www.gbif.org/occurrence/6179367299
723,1908-05-10,1908,USA,Florida,"Marathon, Monroe County",Inconnue,Invalid,24.7137524,-81.0903512,Carcharodon carcharias,6400039718,848.62,49.0,pas_de_proximite_100km,0,0,0,2026-02-25T14:55,https://www.gbif.org/occurrence/6400039718
723,1908-05-10,1908,USA,Florida,"Marathon, Monroe County",Inconnue,Invalid,24.7137524,-81.0903512,Galeocerdo cuvier,5133758058,23.23,30025.0,proximite_forte,1,1,0,2025-03-01T13:40,https://www.gbif.org/occurrence/5133758058
723,1908-05-10,1908,USA,Florida,"Marathon, Monroe County",Inconnue,Invalid,24.7137524,-81.0903512,Rhincodon typus,6253026970,114.38,30069.0,pas_de_proximite_100km,0,0,0,2026-04-27T07:00,https://www.gbif.org/occurrence/6253026970
732,1909-12-05,1909,AUSTRALIA,New South Wales,Bondi,Fishing,Provoked,-33.8930556,151.2633333,Carcharhinus leucas,6481240461,19.99,17.0,proximite_forte,1,1,0,2026-01-22T00:00,https://www.gbif.org/occurrence/6481240461
732,1909-12-05,1909,AUSTRALIA,New South Wales,Bondi,Fishing,Provoked,-33.8930556,151.2633333,Carcharodon carcharias,6159298926,249.22,,pas_de_proximite_100km,0,0,0,2026-02-03T04:38:07,https://www.gbif.org/occurrence/6159298926
732,1909-12-05,1909,AUSTRALIA,New South Wales,Bondi,Fishing,Provoked,-33.8930556,151.2633333,Galeocerdo cuvier,6133086834,664.36,5.0,pas_de_proximite_100km,0,0,0,2026-02-02T13:14:46,https://www.gbif.org/occurrence/6133086834
732,1909-12-05,1909,AUSTRALIA,New South Wales,Bondi,Fishing,Provoked,-33.8930556,151.2633333,Rhincodon typus,6235620031,2044.31,28818.0,pas_de_proximite_100km,0,0,0,2026-02-19T12:26,https://www.gbif.org/occurrence/6235620031
739,1909-07-15,1909,USA,Florida,"Panama City, Bay County",Swimming,Unprovoked,30.1586518,-85.6602936,Carcharhinus leucas,6184898250,4.63,29407.0,proximite_forte,1,2,0,2026-03-19T16:18:56,https://www.gbif.org/occurrence/6184898250
739,1909-07-15,1909,USA,Florida,"Panama City, Bay County",Swimming,Unprovoked,30.1586518,-85.6602936,Carcharodon carcharias,6400039718,118.11,49.0,pas_de_proximite_100km,0,0,0,2026-02-25T14:55,https://www.gbif.org/occurrence/6400039718
739,1909-07-15,1909,USA,Florida,"Panama City, Bay County",Swimming,Unprovoked,30.1586518,-85.6602936,Galeocerdo cuvier,6469594676,78.66,29407.0,proximite_regionale,0,2,1,2026-07-24T08:37:28,https://www.gbif.org/occurrence/6469594676
739,1909-07-15,1909,USA,Florida,"Panama City, Bay County",Swimming,Unprovoked,30.1586518,-85.6602936,Rhincodon typus,6178385871,537.62,29751.0,pas_de_proximite_100km,0,0,0,2026-03-06T11:12:50,https://www.gbif.org/occurrence/6178385871
740,1909-08-13,1909,USA,Florida,"Pensacola Bay, Escambia County",Fell overboard from fishing schooner Halycon,Unprovoked,30.388064,-87.1876779,Carcharhinus leucas,6470427141,22.49,29382.0,proximite_forte,1,4,1,2026-07-05T17:40:05,https://www.gbif.org/occurrence/6470427141
740,1909-08-13,1909,USA,Florida,"Pensacola Bay, Escambia County",Fell overboard from fishing schooner Halycon,Unprovoked,30.388064,-87.1876779,Carcharodon carcharias,6400039718,31.11,49.0,proximite_regionale,0,1,1,2026-02-25T14:55,https://www.gbif.org/occurrence/6400039718
740,1909-08-13,1909,USA,Florida,"Pensacola Bay, Escambia County",Fell overboard from fishing schooner Halycon,Unprovoked,30.388064,-87.1876779,Galeocerdo cuvier,6399625675,63.37,29382.0,proximite_regionale,0,2,1,2026-05-18T11:02:32,https://www.gbif.org/occurrence/6399625675
740,1909-08-13,1909,USA,Florida,"Pensacola Bay, Escambia County",Fell overboard from fishing schooner Halycon,Unprovoked,30.388064,-87.1876779,Rhincodon typus,6178385871,444.77,29751.0,pas_de_proximite_100km,0,0,0,2026-03-06T11:12:50,https://www.gbif.org/occurrence/6178385871
746,1910-02-16,1910,AUSTRALIA,Western Australia,Bunbury,Surf bathing,Unprovoked,-33.3267797,115.636698,Carcharhinus leucas,6185213952,12.22,6264.0,proximite_forte,1,1,0,2026-03-07T16:35,https://www.gbif.org/occurrence/6185213952
746,1910-02-16,1910,AUSTRALIA,Western Australia,Bunbury,Surf bathing,Unprovoked,-33.3267797,115.636698,Carcharodon carcharias,6131342125,1884.81,7535.0,pas_de_proximite_100km,0,0,0,2026-01-07T08:00:21,https://www.gbif.org/occurrence/6131342125
746,1910-02-16,1910,AUSTRALIA,Western Australia,Bunbury,Surf bathing,Unprovoked,-33.3267797,115.636698,Galeocerdo cuvier,6520390560,1146.57,8.0,pas_de_proximite_100km,0,0,0,2026-08-31T14:06,https://www.gbif.org/occurrence/6520390560
746,1910-02-16,1910,AUSTRALIA,Western Australia,Bunbury,Surf bathing,Unprovoked,-33.3267797,115.636698,Rhincodon typus,6235956991,1226.66,30278.0,pas_de_proximite_100km,0,0,0,2026-04-22T13:33:02,https://www.gbif.org/occurrence/6235956991
764,1911-11-08,1911,USA,Florida,"Pensacola Bay, Escambia County",Inconnue,Invalid,30.388064,-87.1876779,Carcharhinus leucas,6470427141,22.49,29382.0,proximite_forte,1,4,1,2026-07-05T17:40:05,https://www.gbif.org/occurrence/6470427141
764,1911-11-08,1911,USA,Florida,"Pensacola Bay, Escambia County",Inconnue,Invalid,30.388064,-87.1876779,Carcharodon carcharias,6400039718,31.11,49.0,proximite_regionale,0,1,1,2026-02-25T14:55,https://www.gbif.org/occurrence/6400039718
764,1911-11-08,1911,USA,Florida,"Pensacola Bay, Escambia County",Inconnue,Invalid,30.388064,-87.1876779,Galeocerdo cuvier,6399625675,63.37,29382.0,proximite_regionale,0,2,1,2026-05-18T11:02:32,https://www.gbif.org/occurrence/6399625675
764,1911-11-08,1911,USA,Florida,"Pensacola Bay, Escambia County",Inconnue,Invalid,30.388064,-87.1876779,Rhincodon typus,6178385871,444.77,29751.0,pas_de_proximite_100km,0,0,0,2026-03-06T11:12:50,https://www.gbif.org/occurrence/6178385871
766,1911-10-25,1911,AUSTRALIA,Queensland,Great Barrier Reef,Diving,Unprovoked,-20.358137,148.9521302,Carcharhinus leucas,6171257530,350.74,4.0,pas_de_proximite_100km,0,0,0,2026-02-15T15:03:06,https://www.gbif.org/occurrence/6171257530
766,1911-10-25,1911,AUSTRALIA,Queensland,Great Barrier Reef,Diving,Unprovoked,-20.358137,148.9521302,Carcharodon carcharias,6162878281,1165.87,7.0,pas_de_proximite_100km,0,0,0,2026-02-22T09:03:13,https://www.gbif.org/occurrence/6162878281
766,1911-10-25,1911,AUSTRALIA,Queensland,Great Barrier Reef,Diving,Unprovoked,-20.358137,148.9521302,Galeocerdo cuvier,5069831221,476.84,2.0,pas_de_proximite_100km,0,0,0,2025-02-13T21:56,https://www.gbif.org/occurrence/5069831221
766,1911-10-25,1911,AUSTRALIA,Queensland,Great Barrier Reef,Diving,Unprovoked,-20.358137,148.9521302,Rhincodon typus,5938466615,580.43,30841.0,pas_de_proximite_100km,0,0,0,2026-01-03T11:33,https://www.gbif.org/occurrence/5938466615
771,1911-09-20,1911,USA,Florida,"Pensacola Bay, Escambia County",Fell overboard & swimming,Unprovoked,30.388064,-87.1876779,Carcharhinus leucas,6470427141,22.49,29382.0,proximite_forte,1,4,1,2026-07-05T17:40:05,https://www.gbif.org/occurrence/6470427141
771,1911-09-20,1911,USA,Florida,"Pensacola Bay, Escambia County",Fell overboard & swimming,Unprovoked,30.388064,-87.1876779,Carcharodon carcharias,6400039718,31.11,49.0,proximite_regionale,0,1,1,2026-02-25T14:55,https://www.gbif.org/occurrence/6400039718
771,1911-09-20,1911,USA,Florida,"Pensacola Bay, Escambia County",Fell overboard & swimming,Unprovoked,30.388064,-87.1876779,Galeocerdo cuvier,6399625675,63.37,29382.0,proximite_regionale,0,2,1,2026-05-18T11:02:32,https://www.gbif.org/occurrence/6399625675
771,1911-09-20,1911,USA,Florida,"Pensacola Bay, Escambia County",Fell overboard & swimming,Unprovoked,30.388064,-87.1876779,Rhincodon typus,6178385871,444.77,29751.0,pas_de_proximite_100km,0,0,0,2026-03-06T11:12:50,https://www.gbif.org/occurrence/6178385871
774,1912-02-22,1912,AUSTRALIA,Western Australia,Bunbury,Hard hat diving,Provoked,-33.3267797,115.636698,Carcharhinus leucas,6185213952,12.22,6264.0,proximite_forte,1,1,0,2026-03-07T16:35,https://www.gbif.org/occurrence/6185213952
774,1912-02-22,1912,AUSTRALIA,Western Australia,Bunbury,Hard hat diving,Provoked,-33.3267797,115.636698,Carcharodon carcharias,6131342125,1884.81,7535.0,pas_de_proximite_100km,0,0,0,2026-01-07T08:00:21,https://www.gbif.org/occurrence/6131342125
774,1912-02-22,1912,AUSTRALIA,Western Australia,Bunbury,Hard hat diving,Provoked,-33.3267797,115.636698,Galeocerdo cuvier,6520390560,1146.57,8.0,pas_de_proximite_100km,0,0,0,2026-08-31T14:06,https://www.gbif.org/occurrence/6520390560
774,1912-02-22,1912,AUSTRALIA,Western Australia,Bunbury,Hard hat diving,Provoked,-33.3267797,115.636698,Rhincodon typus,6235956991,1226.66,30278.0,pas_de_proximite_100km,0,0,0,2026-04-22T13:33:02,https://www.gbif.org/occurrence/6235956991
776,1912-01-06,1912,AUSTRALIA,New South Wales,Sydney Harbor,Inconnue,Unprovoked,-33.8661645,151.1995721,Carcharhinus leucas,6481240461,13.42,17.0,proximite_forte,1,1,0,2026-01-22T00:00,https://www.gbif.org/occurrence/6481240461
776,1912-01-06,1912,AUSTRALIA,New South Wales,Sydney Harbor,Inconnue,Unprovoked,-33.8661645,151.1995721,Carcharodon carcharias,6159298926,249.7,,pas_de_proximite_100km,0,0,0,2026-02-03T04:38:07,https://www.gbif.org/occurrence/6159298926
776,1912-01-06,1912,AUSTRALIA,New South Wales,Sydney Harbor,Inconnue,Unprovoked,-33.8661645,151.1995721,Galeocerdo cuvier,6133086834,663.6,5.0,pas_de_proximite_100km,0,0,0,2026-02-02T13:14:46,https://www.gbif.org/occurrence/6133086834
776,1912-01-06,1912,AUSTRALIA,New South Wales,Sydney Harbor,Inconnue,Unprovoked,-33.8661645,151.1995721,Rhincodon typus,6235620031,2050.57,28818.0,pas_de_proximite_100km,0,0,0,2026-02-19T12:26,https://www.gbif.org/occurrence/6235620031
781,1912-05-04,1912,SOUTH AFRICA,KwaZulu-Natal,Durban,Inconnue,Invalid,-29.8618145,31.009909,Carcharhinus leucas,6185033442,62.42,29382.0,proximite_regionale,0,1,0,2026-03-28T17:16:06,https://www.gbif.org/occurrence/6185033442
781,1912-05-04,1912,SOUTH AFRICA,KwaZulu-Natal,Durban,Inconnue,Invalid,-29.8618145,31.009909,Carcharodon carcharias,5938331810,413.65,,pas_de_proximite_100km,0,0,0,2026-01-03T05:09:36,https://www.gbif.org/occurrence/5938331810
781,1912-05-04,1912,SOUTH AFRICA,KwaZulu-Natal,Durban,Inconnue,Invalid,-29.8618145,31.009909,Galeocerdo cuvier,5206523433,367.29,29798.0,pas_de_proximite_100km,0,0,0,2025-03-25T01:26:01,https://www.gbif.org/occurrence/5206523433
781,1912-05-04,1912,SOUTH AFRICA,KwaZulu-Natal,Durban,Inconnue,Invalid,-29.8618145,31.009909,Rhincodon typus,6352311338,1228.98,1358701.0,pas_de_proximite_100km,0,0,0,2026-05-28,https://www.gbif.org/occurrence/6352311338
784,1912-02-03,1912,NEW CALEDONIA,South Province,Noumea,Swimming,Unprovoked,-22.2745264,166.442419,Carcharhinus leucas,6131674219,357.57,30527.0,pas_de_proximite_100km,0,0,0,2026-01-04T09:51,https://www.gbif.org/occurrence/6131674219
784,1912-02-03,1912,NEW CALEDONIA,South Province,Noumea,Swimming,Unprovoked,-22.2745264,166.442419,Carcharodon carcharias,6162878281,1579.98,7.0,pas_de_proximite_100km,0,0,0,2026-02-22T09:03:13,https://www.gbif.org/occurrence/6162878281
784,1912-02-03,1912,NEW CALEDONIA,South Province,Noumea,Swimming,Unprovoked,-22.2745264,166.442419,Galeocerdo cuvier,5063745386,780.58,29533.0,pas_de_proximite_100km,0,0,0,2025-01-31T09:20:36,https://www.gbif.org/occurrence/5063745386
784,1912-02-03,1912,NEW CALEDONIA,South Province,Noumea,Swimming,Unprovoked,-22.2745264,166.442419,Rhincodon typus,6235620031,1528.74,28818.0,pas_de_proximite_100km,0,0,0,2026-02-19T12:26,https://www.gbif.org/occurrence/6235620031
785,1912-02-19,1912,AUSTRALIA,New South Wales,Coogee,Swimming,Unprovoked,-33.9217004,151.2557975,Carcharhinus leucas,6481240461,20.81,17.0,proximite_forte,1,1,0,2026-01-22T00:00,https://www.gbif.org/occurrence/6481240461
785,1912-02-19,1912,AUSTRALIA,New South Wales,Coogee,Swimming,Unprovoked,-33.9217004,151.2557975,Carcharodon carcharias,6159298926,246.02,,pas_de_proximite_100km,0,0,0,2026-02-03T04:38:07,https://www.gbif.org/occurrence/6159298926
785,1912-02-19,1912,AUSTRALIA,New South Wales,Coogee,Swimming,Unprovoked,-33.9217004,151.2557975,Galeocerdo cuvier,6133086834,667.59,5.0,pas_de_proximite_100km,0,0,0,2026-02-02T13:14:46,https://www.gbif.org/occurrence/6133086834
785,1912-02-19,1912,AUSTRALIA,New South Wales,Coogee,Swimming,Unprovoked,-33.9217004,151.2557975,Rhincodon typus,6235620031,2044.54,28818.0,pas_de_proximite_100km,0,0,0,2026-02-19T12:26,https://www.gbif.org/occurrence/6235620031
788,1913-07-12,1913,USA,South Carolina,Charleston,Inconnue,Unprovoked,32.7884363,-79.9399309,Carcharhinus leucas,6130999421,416.72,29533.0,pas_de_proximite_100km,0,0,0,2026-01-17T15:30:29,https://www.gbif.org/occurrence/6130999421
788,1913-07-12,1913,USA,South Carolina,Charleston,Inconnue,Unprovoked,32.7884363,-79.9399309,Carcharodon carcharias,6441095820,12.67,257.0,proximite_forte,1,1,0,2026-03-27T20:47:37,https://www.gbif.org/occurrence/6441095820
788,1913-07-12,1913,USA,South Carolina,Charleston,Inconnue,Unprovoked,32.7884363,-79.9399309,Galeocerdo cuvier,6399752821,175.33,28902.0,pas_de_proximite_100km,0,0,0,2026-06-04T11:19,https://www.gbif.org/occurrence/6399752821
788,1913-07-12,1913,USA,South Carolina,Charleston,Inconnue,Unprovoked,32.7884363,-79.9399309,Rhincodon typus,6253026970,938.31,30069.0,pas_de_proximite_100km,0,0,0,2026-04-27T07:00,https://www.gbif.org/occurrence/6253026970
789,1913-12-30,1913,USA,Florida,"Palm Beach, Palm Beach County",Fishing for mackerel,Provoked,26.7056172,-80.0361517,Carcharhinus leucas,6236555493,8.87,29822.0,proximite_forte,6,10,1,2026-04-22T14:46:47,https://www.gbif.org/occurrence/6236555493
789,1913-12-30,1913,USA,Florida,"Palm Beach, Palm Beach County",Fishing for mackerel,Provoked,26.7056172,-80.0361517,Carcharodon carcharias,6441095820,675.4,257.0,pas_de_proximite_100km,0,0,0,2026-03-27T20:47:37,https://www.gbif.org/occurrence/6441095820
789,1913-12-30,1913,USA,Florida,"Palm Beach, Palm Beach County",Fishing for mackerel,Provoked,26.7056172,-80.0361517,Galeocerdo cuvier,6235030691,28.29,29798.0,proximite_regionale,0,2,0,2026-04-25T11:55,https://www.gbif.org/occurrence/6235030691
789,1913-12-30,1913,USA,Florida,"Palm Beach, Palm Beach County",Fishing for mackerel,Provoked,26.7056172,-80.0361517,Rhincodon typus,6253026970,321.03,30069.0,pas_de_proximite_100km,0,0,0,2026-04-27T07:00,https://www.gbif.org/occurrence/6253026970
799,1913-05-02,1913,AUSTRALIA,New South Wales,,Hauling in net,Provoked,-32.1629594,147.0320469,Carcharhinus leucas,6481240461,418.85,17.0,pas_de_proximite_100km,0,0,0,2026-01-22T00:00,https://www.gbif.org/occurrence/6481240461
799,1913-05-02,1913,AUSTRALIA,New South Wales,,Hauling in net,Provoked,-32.1629594,147.0320469,Carcharodon carcharias,6159298926,509.4,,pas_de_proximite_100km,0,0,0,2026-02-03T04:38:07,https://www.gbif.org/occurrence/6159298926
799,1913-05-02,1913,AUSTRALIA,New South Wales,,Hauling in net,Provoked,-32.1629594,147.0320469,Galeocerdo cuvier,6133086834,764.62,5.0,pas_de_proximite_100km,0,0,0,2026-02-02T13:14:46,https://www.gbif.org/occurrence/6133086834
799,1913-05-02,1913,AUSTRALIA,New South Wales,,Hauling in net,Provoked,-32.1629594,147.0320469,Rhincodon typus,5938466615,1793.58,30841.0,pas_de_proximite_100km,0,0,0,2026-01-03T11:33,https://www.gbif.org/occurrence/5938466615
808,1914-01-17,1914,AUSTRALIA,Queensland,Brisbane,Wading,Unprovoked,-27.4689623,153.0235009,Carcharhinus leucas,6185183928,17.64,,proximite_forte,6,7,5,2026-02-04T17:39:40,https://www.gbif.org/occurrence/6185183928
808,1914-01-17,1914,AUSTRALIA,Queensland,Brisbane,Wading,Unprovoked,-27.4689623,153.0235009,Carcharodon carcharias,6162878281,294.55,7.0,pas_de_proximite_100km,0,0,0,2026-02-22T09:03:13,https://www.gbif.org/occurrence/6162878281
808,1914-01-17,1914,AUSTRALIA,Queensland,Brisbane,Wading,Unprovoked,-27.4689623,153.0235009,Galeocerdo cuvier,6133086834,103.74,5.0,pas_de_proximite_100km,0,0,0,2026-02-02T13:14:46,https://www.gbif.org/occurrence/6133086834
808,1914-01-17,1914,AUSTRALIA,Queensland,Brisbane,Wading,Unprovoked,-27.4689623,153.0235009,Rhincodon typus,5938466615,1468.82,30841.0,pas_de_proximite_100km,0,0,0,2026-01-03T11:33,https://www.gbif.org/occurrence/5938466615
809,1914-01-01,1914,SOUTH AFRICA,KwaZulu-Natal,Durban,Inconnue,Unprovoked,-29.8618145,31.009909,Carcharhinus leucas,6185033442,62.42,29382.0,proximite_regionale,0,1,0,2026-03-28T17:16:06,https://www.gbif.org/occurrence/6185033442
809,1914-01-01,1914,SOUTH AFRICA,KwaZulu-Natal,Durban,Inconnue,Unprovoked,-29.8618145,31.009909,Carcharodon carcharias,5938331810,413.65,,pas_de_proximite_100km,0,0,0,2026-01-03T05:09:36,https://www.gbif.org/occurrence/5938331810
809,1914-01-01,1914,SOUTH AFRICA,KwaZulu-Natal,Durban,Inconnue,Unprovoked,-29.8618145,31.009909,Galeocerdo cuvier,5206523433,367.29,29798.0,pas_de_proximite_100km,0,0,0,2025-03-25T01:26:01,https://www.gbif.org/occurrence/5206523433
809,1914-01-01,1914,SOUTH AFRICA,KwaZulu-Natal,Durban,Inconnue,Unprovoked,-29.8618145,31.009909,Rhincodon typus,6352311338,1228.98,1358701.0,pas_de_proximite_100km,0,0,0,2026-05-28,https://www.gbif.org/occurrence/6352311338
814,1914-05-31,1914,NEW CALEDONIA,South Province,Noumea,Swimming ashore from swamped 13-ft boat,Sea Disaster,-22.2745264,166.442419,Carcharhinus leucas,6131674219,357.57,30527.0,pas_de_proximite_100km,0,0,0,2026-01-04T09:51,https://www.gbif.org/occurrence/6131674219
814,1914-05-31,1914,NEW CALEDONIA,South Province,Noumea,Swimming ashore from swamped 13-ft boat,Sea Disaster,-22.2745264,166.442419,Carcharodon carcharias,6162878281,1579.98,7.0,pas_de_proximite_100km,0,0,0,2026-02-22T09:03:13,https://www.gbif.org/occurrence/6162878281
814,1914-05-31,1914,NEW CALEDONIA,South Province,Noumea,Swimming ashore from swamped 13-ft boat,Sea Disaster,-22.2745264,166.442419,Galeocerdo cuvier,5063745386,780.58,29533.0,pas_de_proximite_100km,0,0,0,2025-01-31T09:20:36,https://www.gbif.org/occurrence/5063745386
814,1914-05-31,1914,NEW CALEDONIA,South Province,Noumea,Swimming ashore from swamped 13-ft boat,Sea Disaster,-22.2745264,166.442419,Rhincodon typus,6235620031,1528.74,28818.0,pas_de_proximite_100km,0,0,0,2026-02-19T12:26,https://www.gbif.org/occurrence/6235620031
855,1916-11-10,1916,AUSTRALIA,Queensland,Townsville,Swimming,Unprovoked,-19.2569391,146.8239537,Carcharhinus leucas,6171257530,104.07,4.0,pas_de_proximite_100km,0,0,0,2026-02-15T15:03:06,https://www.gbif.org/occurrence/6171257530
855,1916-11-10,1916,AUSTRALIA,Queensland,Townsville,Swimming,Unprovoked,-19.2569391,146.8239537,Carcharodon carcharias,6162878281,1368.0,7.0,pas_de_proximite_100km,0,0,0,2026-02-22T09:03:13,https://www.gbif.org/occurrence/6162878281
855,1916-11-10,1916,AUSTRALIA,Queensland,Townsville,Swimming,Unprovoked,-19.2569391,146.8239537,Galeocerdo cuvier,5108383412,301.5,30795.0,pas_de_proximite_100km,0,0,0,2025-03-28T11:40,https://www.gbif.org/occurrence/5108383412
855,1916-11-10,1916,AUSTRALIA,Queensland,Townsville,Swimming,Unprovoked,-19.2569391,146.8239537,Rhincodon typus,5938466615,370.02,30841.0,pas_de_proximite_100km,0,0,0,2026-01-03T11:33,https://www.gbif.org/occurrence/5938466615
857,1916-06-24,1916,ATLANTIC OCEAN,,,Jumped overboard from Norwegian steamship Venator,Unprovoked,13.581921,-38.320312,Carcharhinus leucas,6178405378,4144.72,70575.0,pas_de_proximite_100km,0,0,0,2026-02-18T16:22,https://www.gbif.org/occurrence/6178405378
857,1916-06-24,1916,ATLANTIC OCEAN,,,Jumped overboard from Norwegian steamship Venator,Unprovoked,13.581921,-38.320312,Carcharodon carcharias,6400181485,4349.71,43.0,pas_de_proximite_100km,0,0,0,2026-06-05T11:25:01,https://www.gbif.org/occurrence/6400181485
857,1916-06-24,1916,ATLANTIC OCEAN,,,Jumped overboard from Norwegian steamship Venator,Unprovoked,13.581921,-38.320312,Galeocerdo cuvier,6188381210,2694.44,30683.0,pas_de_proximite_100km,0,0,0,2026-02-23T09:32,https://www.gbif.org/occurrence/6188381210
857,1916-06-24,1916,ATLANTIC OCEAN,,,Jumped overboard from Norwegian steamship Venator,Unprovoked,13.581921,-38.320312,Rhincodon typus,6133129315,3148.9,31179.0,pas_de_proximite_100km,0,0,0,2026-01-30T11:50:16,https://www.gbif.org/occurrence/6133129315
860,1916-06-23,1916,USA,Florida,,Inconnue,Provoked,27.7567667,-81.4639835,Carcharhinus leucas,6147198580,88.92,29775.0,proximite_regionale,0,3,1,2026-02-03T11:54:56,https://www.gbif.org/occurrence/6147198580
860,1916-06-23,1916,USA,Florida,,Inconnue,Provoked,27.7567667,-81.4639835,Carcharodon carcharias,6441095820,580.41,257.0,pas_de_proximite_100km,0,0,0,2026-03-27T20:47:37,https://www.gbif.org/occurrence/6441095820
860,1916-06-23,1916,USA,Florida,,Inconnue,Provoked,27.7567667,-81.4639835,Galeocerdo cuvier,6235030691,159.7,29798.0,pas_de_proximite_100km,0,0,0,2026-04-25T11:55,https://www.gbif.org/occurrence/6235030691
860,1916-06-23,1916,USA,Florida,,Inconnue,Provoked,27.7567667,-81.4639835,Rhincodon typus,6253026970,360.16,30069.0,pas_de_proximite_100km,0,0,0,2026-04-27T07:00,https://www.gbif.org/occurrence/6253026970
864,1917-07-18,1917,USA,Florida,Florida Keys,Diving,Unprovoked,24.6736205,-81.4981792,Carcharhinus leucas,6273845090,7.22,30047.0,proximite_forte,2,5,3,2026-04-24T11:59,https://www.gbif.org/occurrence/6273845090
864,1917-07-18,1917,USA,Florida,Florida Keys,Diving,Unprovoked,24.6736205,-81.4981792,Carcharodon carcharias,6400039718,825.73,49.0,pas_de_proximite_100km,0,0,0,2026-02-25T14:55,https://www.gbif.org/occurrence/6400039718
864,1917-07-18,1917,USA,Florida,Florida Keys,Diving,Unprovoked,24.6736205,-81.4981792,Galeocerdo cuvier,5133758058,53.51,30025.0,proximite_regionale,0,1,0,2025-03-01T13:40,https://www.gbif.org/occurrence/5133758058
864,1917-07-18,1917,USA,Florida,Florida Keys,Diving,Unprovoked,24.6736205,-81.4981792,Rhincodon typus,6253026970,72.94,30069.0,proximite_regionale,0,1,0,2026-04-27T07:00,https://www.gbif.org/occurrence/6253026970
875,1918-03-22,1918,AUSTRALIA,New South Wales,Newcastle,Surfing,Unprovoked,-32.9192953,151.7795348,Carcharhinus leucas,6481240461,120.63,17.0,pas_de_proximite_100km,0,0,0,2026-01-22T00:00,https://www.gbif.org/occurrence/6481240461
875,1918-03-22,1918,AUSTRALIA,New South Wales,Newcastle,Surfing,Unprovoked,-32.9192953,151.7795348,Carcharodon carcharias,6162878281,340.27,7.0,pas_de_proximite_100km,0,0,0,2026-02-22T09:03:13,https://www.gbif.org/occurrence/6162878281
875,1918-03-22,1918,AUSTRALIA,New South Wales,Newcastle,Surfing,Unprovoked,-32.9192953,151.7795348,Galeocerdo cuvier,6133086834,546.3,5.0,pas_de_proximite_100km,0,0,0,2026-02-02T13:14:46,https://www.gbif.org/occurrence/6133086834
875,1918-03-22,1918,AUSTRALIA,New South Wales,Newcastle,Surfing,Unprovoked,-32.9192953,151.7795348,Rhincodon typus,5938466615,1967.14,30841.0,pas_de_proximite_100km,0,0,0,2026-01-03T11:33,https://www.gbif.org/occurrence/5938466615
877,1918-09-19,1918,AUSTRALIA,Queensland,Townsville,Bathing,Unprovoked,-19.2569391,146.8239537,Carcharhinus leucas,6171257530,104.07,4.0,pas_de_proximite_100km,0,0,0,2026-02-15T15:03:06,https://www.gbif.org/occurrence/6171257530
877,1918-09-19,1918,AUSTRALIA,Queensland,Townsville,Bathing,Unprovoked,-19.2569391,146.8239537,Carcharodon carcharias,6162878281,1368.0,7.0,pas_de_proximite_100km,0,0,0,2026-02-22T09:03:13,https://www.gbif.org/occurrence/6162878281
877,1918-09-19,1918,AUSTRALIA,Queensland,Townsville,Bathing,Unprovoked,-19.2569391,146.8239537,Galeocerdo cuvier,5108383412,301.5,30795.0,pas_de_proximite_100km,0,0,0,2025-03-28T11:40,https://www.gbif.org/occurrence/5108383412
877,1918-09-19,1918,AUSTRALIA,Queensland,Townsville,Bathing,Unprovoked,-19.2569391,146.8239537,Rhincodon typus,5938466615,370.02,30841.0,pas_de_proximite_100km,0,0,0,2026-01-03T11:33,https://www.gbif.org/occurrence/5938466615
884,1919-01-05,1919,AUSTRALIA,Queensland,"Ross River, Townsville",Wading (shrimping),Unprovoked,-19.3090595,146.7688108,Carcharhinus leucas,6171257530,105.79,4.0,pas_de_proximite_100km,0,0,0,2026-02-15T15:03:06,https://www.gbif.org/occurrence/6171257530
884,1919-01-05,1919,AUSTRALIA,Queensland,"Ross River, Townsville",Wading (shrimping),Unprovoked,-19.3090595,146.7688108,Carcharodon carcharias,6162878281,1365.47,7.0,pas_de_proximite_100km,0,0,0,2026-02-22T09:03:13,https://www.gbif.org/occurrence/6162878281
884,1919-01-05,1919,AUSTRALIA,Queensland,"Ross River, Townsville",Wading (shrimping),Unprovoked,-19.3090595,146.7688108,Galeocerdo cuvier,5108383412,305.99,30795.0,pas_de_proximite_100km,0,0,0,2025-03-28T11:40,https://www.gbif.org/occurrence/5108383412
884,1919-01-05,1919,AUSTRALIA,Queensland,"Ross River, Townsville",Wading (shrimping),Unprovoked,-19.3090595,146.7688108,Rhincodon typus,5938466615,373.95,30841.0,pas_de_proximite_100km,0,0,0,2026-01-03T11:33,https://www.gbif.org/occurrence/5938466615
888,1919-03-16,1919,AUSTRALIA,New South Wales,Sydney Harbor,Cutter capsized,Invalid,-33.8661645,151.1995721,Carcharhinus leucas,6481240461,13.42,17.0,proximite_forte,1,1,0,2026-01-22T00:00,https://www.gbif.org/occurrence/6481240461
888,1919-03-16,1919,AUSTRALIA,New South Wales,Sydney Harbor,Cutter capsized,Invalid,-33.8661645,151.1995721,Carcharodon carcharias,6159298926,249.7,,pas_de_proximite_100km,0,0,0,2026-02-03T04:38:07,https://www.gbif.org/occurrence/6159298926
888,1919-03-16,1919,AUSTRALIA,New South Wales,Sydney Harbor,Cutter capsized,Invalid,-33.8661645,151.1995721,Galeocerdo cuvier,6133086834,663.6,5.0,pas_de_proximite_100km,0,0,0,2026-02-02T13:14:46,https://www.gbif.org/occurrence/6133086834
888,1919-03-16,1919,AUSTRALIA,New South Wales,Sydney Harbor,Cutter capsized,Invalid,-33.8661645,151.1995721,Rhincodon typus,6235620031,2050.57,28818.0,pas_de_proximite_100km,0,0,0,2026-02-19T12:26,https://www.gbif.org/occurrence/6235620031
897,1920-11-29,1920,AUSTRALIA,Western Australia,Bunbury,Wading,Unprovoked,-33.3267797,115.636698,Carcharhinus leucas,6185213952,12.22,6264.0,proximite_forte,1,1,0,2026-03-07T16:35,https://www.gbif.org/occurrence/6185213952
897,1920-11-29,1920,AUSTRALIA,Western Australia,Bunbury,Wading,Unprovoked,-33.3267797,115.636698,Carcharodon carcharias,6131342125,1884.81,7535.0,pas_de_proximite_100km,0,0,0,2026-01-07T08:00:21,https://www.gbif.org/occurrence/6131342125
897,1920-11-29,1920,AUSTRALIA,Western Australia,Bunbury,Wading,Unprovoked,-33.3267797,115.636698,Galeocerdo cuvier,6520390560,1146.57,8.0,pas_de_proximite_100km,0,0,0,2026-08-31T14:06,https://www.gbif.org/occurrence/6520390560
897,1920-11-29,1920,AUSTRALIA,Western Australia,Bunbury,Wading,Unprovoked,-33.3267797,115.636698,Rhincodon typus,6235956991,1226.66,30278.0,pas_de_proximite_100km,0,0,0,2026-04-22T13:33:02,https://www.gbif.org/occurrence/6235956991
902,1920-01-24,1920,AUSTRALIA,Torres Strait,,Diving,Unprovoked,-10.416667,142.166667,Carcharhinus leucas,6431650862,901.63,21.0,pas_de_proximite_100km,0,0,0,2026-05-18T08:21:34,https://www.gbif.org/occurrence/6431650862
902,1920-01-24,1920,AUSTRALIA,Torres Strait,,Diving,Unprovoked,-10.416667,142.166667,Carcharodon carcharias,6162878281,2470.79,7.0,pas_de_proximite_100km,0,0,0,2026-02-22T09:03:13,https://www.gbif.org/occurrence/6162878281
902,1920-01-24,1920,AUSTRALIA,Torres Strait,,Diving,Unprovoked,-10.416667,142.166667,Galeocerdo cuvier,5153428688,175.91,4.0,pas_de_proximite_100km,0,0,0,2025-05-04T09:55:26,https://www.gbif.org/occurrence/5153428688
902,1920-01-24,1920,AUSTRALIA,Torres Strait,,Diving,Unprovoked,-10.416667,142.166667,Rhincodon typus,5938466615,742.42,30841.0,pas_de_proximite_100km,0,0,0,2026-01-03T11:33,https://www.gbif.org/occurrence/5938466615
910,1929-08-29,1921,AUSTRALIA,Torres Strait,,Inconnue,Unprovoked,-10.416667,142.166667,Carcharhinus leucas,6431650862,901.63,21.0,pas_de_proximite_100km,0,0,0,2026-05-18T08:21:34,https://www.gbif.org/occurrence/6431650862
910,1929-08-29,1921,AUSTRALIA,Torres Strait,,Inconnue,Unprovoked,-10.416667,142.166667,Carcharodon carcharias,6162878281,2470.79,7.0,pas_de_proximite_100km,0,0,0,2026-02-22T09:03:13,https://www.gbif.org/occurrence/6162878281
910,1929-08-29,1921,AUSTRALIA,Torres Strait,,Inconnue,Unprovoked,-10.416667,142.166667,Galeocerdo cuvier,5153428688,175.91,4.0,pas_de_proximite_100km,0,0,0,2025-05-04T09:55:26,https://www.gbif.org/occurrence/5153428688
910,1929-08-29,1921,AUSTRALIA,Torres Strait,,Inconnue,Unprovoked,-10.416667,142.166667,Rhincodon typus,5938466615,742.42,30841.0,pas_de_proximite_100km,0,0,0,2026-01-03T11:33,https://www.gbif.org/occurrence/5938466615
926,1922-01-15,1922,AUSTRALIA,Queensland,"Ross River, Townsville",Swimming,Unprovoked,-19.3090595,146.7688108,Carcharhinus leucas,6171257530,105.79,4.0,pas_de_proximite_100km,0,0,0,2026-02-15T15:03:06,https://www.gbif.org/occurrence/6171257530
926,1922-01-15,1922,AUSTRALIA,Queensland,"Ross River, Townsville",Swimming,Unprovoked,-19.3090595,146.7688108,Carcharodon carcharias,6162878281,1365.47,7.0,pas_de_proximite_100km,0,0,0,2026-02-22T09:03:13,https://www.gbif.org/occurrence/6162878281
926,1922-01-15,1922,AUSTRALIA,Queensland,"Ross River, Townsville",Swimming,Unprovoked,-19.3090595,146.7688108,Galeocerdo cuvier,5108383412,305.99,30795.0,pas_de_proximite_100km,0,0,0,2025-03-28T11:40,https://www.gbif.org/occurrence/5108383412
926,1922-01-15,1922,AUSTRALIA,Queensland,"Ross River, Townsville",Swimming,Unprovoked,-19.3090595,146.7688108,Rhincodon typus,5938466615,373.95,30841.0,pas_de_proximite_100km,0,0,0,2026-01-03T11:33,https://www.gbif.org/occurrence/5938466615
927,1922-02-04,1922,AUSTRALIA,New South Wales,Coogee,Swimming,Unprovoked,-33.9217004,151.2557975,Carcharhinus leucas,6481240461,20.81,17.0,proximite_forte,1,1,0,2026-01-22T00:00,https://www.gbif.org/occurrence/6481240461
927,1922-02-04,1922,AUSTRALIA,New South Wales,Coogee,Swimming,Unprovoked,-33.9217004,151.2557975,Carcharodon carcharias,6159298926,246.02,,pas_de_proximite_100km,0,0,0,2026-02-03T04:38:07,https://www.gbif.org/occurrence/6159298926
927,1922-02-04,1922,AUSTRALIA,New South Wales,Coogee,Swimming,Unprovoked,-33.9217004,151.2557975,Galeocerdo cuvier,6133086834,667.59,5.0,pas_de_proximite_100km,0,0,0,2026-02-02T13:14:46,https://www.gbif.org/occurrence/6133086834
927,1922-02-04,1922,AUSTRALIA,New South Wales,Coogee,Swimming,Unprovoked,-33.9217004,151.2557975,Rhincodon typus,6235620031,2044.54,28818.0,pas_de_proximite_100km,0,0,0,2026-02-19T12:26,https://www.gbif.org/occurrence/6235620031
939,1922-03-02,1922,AUSTRALIA,New South Wales,Coogee,Bathing in knee-deep water,Unprovoked,-33.9217004,151.2557975,Carcharhinus leucas,6481240461,20.81,17.0,proximite_forte,1,1,0,2026-01-22T00:00,https://www.gbif.org/occurrence/6481240461
939,1922-03-02,1922,AUSTRALIA,New South Wales,Coogee,Bathing in knee-deep water,Unprovoked,-33.9217004,151.2557975,Carcharodon carcharias,6159298926,246.02,,pas_de_proximite_100km,0,0,0,2026-02-03T04:38:07,https://www.gbif.org/occurrence/6159298926
939,1922-03-02,1922,AUSTRALIA,New South Wales,Coogee,Bathing in knee-deep water,Unprovoked,-33.9217004,151.2557975,Galeocerdo cuvier,6133086834,667.59,5.0,pas_de_proximite_100km,0,0,0,2026-02-02T13:14:46,https://www.gbif.org/occurrence/6133086834
939,1922-03-02,1922,AUSTRALIA,New South Wales,Coogee,Bathing in knee-deep water,Unprovoked,-33.9217004,151.2557975,Rhincodon typus,6235620031,2044.54,28818.0,pas_de_proximite_100km,0,0,0,2026-02-19T12:26,https://www.gbif.org/occurrence/6235620031
945,1923-01-27,1923,AUSTRALIA,Western Australia,Bunbury,Inconnue,Invalid,-33.3267797,115.636698,Carcharhinus leucas,6185213952,12.22,6264.0,proximite_forte,1,1,0,2026-03-07T16:35,https://www.gbif.org/occurrence/6185213952
945,1923-01-27,1923,AUSTRALIA,Western Australia,Bunbury,Inconnue,Invalid,-33.3267797,115.636698,Carcharodon carcharias,6131342125,1884.81,7535.0,pas_de_proximite_100km,0,0,0,2026-01-07T08:00:21,https://www.gbif.org/occurrence/6131342125
945,1923-01-27,1923,AUSTRALIA,Western Australia,Bunbury,Inconnue,Invalid,-33.3267797,115.636698,Galeocerdo cuvier,6520390560,1146.57,8.0,pas_de_proximite_100km,0,0,0,2026-08-31T14:06,https://www.gbif.org/occurrence/6520390560
945,1923-01-27,1923,AUSTRALIA,Western Australia,Bunbury,Inconnue,Invalid,-33.3267797,115.636698,Rhincodon typus,6235956991,1226.66,30278.0,pas_de_proximite_100km,0,0,0,2026-04-22T13:33:02,https://www.gbif.org/occurrence/6235956991
950,1923-07-02,1923,AUSTRALIA,Queensland,Great Barrier Reef,Diving for pearl,Unprovoked,-20.358137,148.9521302,Carcharhinus leucas,6171257530,350.74,4.0,pas_de_proximite_100km,0,0,0,2026-02-15T15:03:06,https://www.gbif.org/occurrence/6171257530
950,1923-07-02,1923,AUSTRALIA,Queensland,Great Barrier Reef,Diving for pearl,Unprovoked,-20.358137,148.9521302,Carcharodon carcharias,6162878281,1165.87,7.0,pas_de_proximite_100km,0,0,0,2026-02-22T09:03:13,https://www.gbif.org/occurrence/6162878281
950,1923-07-02,1923,AUSTRALIA,Queensland,Great Barrier Reef,Diving for pearl,Unprovoked,-20.358137,148.9521302,Galeocerdo cuvier,5069831221,476.84,2.0,pas_de_proximite_100km,0,0,0,2025-02-13T21:56,https://www.gbif.org/occurrence/5069831221
950,1923-07-02,1923,AUSTRALIA,Queensland,Great Barrier Reef,Diving for pearl,Unprovoked,-20.358137,148.9521302,Rhincodon typus,5938466615,580.43,30841.0,pas_de_proximite_100km,0,0,0,2026-01-03T11:33,https://www.gbif.org/occurrence/5938466615
953,1923-03-18,1923,AUSTRALIA,Queensland,"Ross River, Townsville",Diving,Unprovoked,-19.3090595,146.7688108,Carcharhinus leucas,6171257530,105.79,4.0,pas_de_proximite_100km,0,0,0,2026-02-15T15:03:06,https://www.gbif.org/occurrence/6171257530
953,1923-03-18,1923,AUSTRALIA,Queensland,"Ross River, Townsville",Diving,Unprovoked,-19.3090595,146.7688108,Carcharodon carcharias,6162878281,1365.47,7.0,pas_de_proximite_100km,0,0,0,2026-02-22T09:03:13,https://www.gbif.org/occurrence/6162878281
953,1923-03-18,1923,AUSTRALIA,Queensland,"Ross River, Townsville",Diving,Unprovoked,-19.3090595,146.7688108,Galeocerdo cuvier,5108383412,305.99,30795.0,pas_de_proximite_100km,0,0,0,2025-03-28T11:40,https://www.gbif.org/occurrence/5108383412
953,1923-03-18,1923,AUSTRALIA,Queensland,"Ross River, Townsville",Diving,Unprovoked,-19.3090595,146.7688108,Rhincodon typus,5938466615,373.95,30841.0,pas_de_proximite_100km,0,0,0,2026-01-03T11:33,https://www.gbif.org/occurrence/5938466615
956,1923-05-22,1923,AUSTRALIA,Queensland,Great Barrier Reef,Diving?,Unprovoked,-20.358137,148.9521302,Carcharhinus leucas,6171257530,350.74,4.0,pas_de_proximite_100km,0,0,0,2026-02-15T15:03:06,https://www.gbif.org/occurrence/6171257530
956,1923-05-22,1923,AUSTRALIA,Queensland,Great Barrier Reef,Diving?,Unprovoked,-20.358137,148.9521302,Carcharodon carcharias,6162878281,1165.87,7.0,pas_de_proximite_100km,0,0,0,2026-02-22T09:03:13,https://www.gbif.org/occurrence/6162878281
956,1923-05-22,1923,AUSTRALIA,Queensland,Great Barrier Reef,Diving?,Unprovoked,-20.358137,148.9521302,Galeocerdo cuvier,5069831221,476.84,2.0,pas_de_proximite_100km,0,0,0,2025-02-13T21:56,https://www.gbif.org/occurrence/5069831221
956,1923-05-22,1923,AUSTRALIA,Queensland,Great Barrier Reef,Diving?,Unprovoked,-20.358137,148.9521302,Rhincodon typus,5938466615,580.43,30841.0,pas_de_proximite_100km,0,0,0,2026-01-03T11:33,https://www.gbif.org/occurrence/5938466615
965,1924-01-29,1924,SOUTH AFRICA,KwaZulu-Natal,"South Beach, Durban",Swimming,Unprovoked,-29.8620311,31.0374115,Carcharhinus leucas,6185033442,63.41,29382.0,proximite_regionale,0,1,0,2026-03-28T17:16:06,https://www.gbif.org/occurrence/6185033442
965,1924-01-29,1924,SOUTH AFRICA,KwaZulu-Natal,"South Beach, Durban",Swimming,Unprovoked,-29.8620311,31.0374115,Carcharodon carcharias,5938331810,415.25,,pas_de_proximite_100km,0,0,0,2026-01-03T05:09:36,https://www.gbif.org/occurrence/5938331810
965,1924-01-29,1924,SOUTH AFRICA,KwaZulu-Natal,"South Beach, Durban",Swimming,Unprovoked,-29.8620311,31.0374115,Galeocerdo cuvier,5206523433,366.0,29798.0,pas_de_proximite_100km,0,0,0,2025-03-25T01:26:01,https://www.gbif.org/occurrence/5206523433
965,1924-01-29,1924,SOUTH AFRICA,KwaZulu-Natal,"South Beach, Durban",Swimming,Unprovoked,-29.8620311,31.0374115,Rhincodon typus,6352311338,1227.97,1358701.0,pas_de_proximite_100km,0,0,0,2026-05-28,https://www.gbif.org/occurrence/6352311338
992,,1925,AUSTRALIA,New South Wales,Coogee,Bathing in waist-deep water,Unprovoked,-33.9217004,151.2557975,Carcharhinus leucas,6481240461,20.81,17.0,proximite_forte,1,1,0,2026-01-22T00:00,https://www.gbif.org/occurrence/6481240461
992,,1925,AUSTRALIA,New South Wales,Coogee,Bathing in waist-deep water,Unprovoked,-33.9217004,151.2557975,Carcharodon carcharias,6159298926,246.02,,pas_de_proximite_100km,0,0,0,2026-02-03T04:38:07,https://www.gbif.org/occurrence/6159298926
992,,1925,AUSTRALIA,New South Wales,Coogee,Bathing in waist-deep water,Unprovoked,-33.9217004,151.2557975,Galeocerdo cuvier,6133086834,667.59,5.0,pas_de_proximite_100km,0,0,0,2026-02-02T13:14:46,https://www.gbif.org/occurrence/6133086834
992,,1925,AUSTRALIA,New South Wales,Coogee,Bathing in waist-deep water,Unprovoked,-33.9217004,151.2557975,Rhincodon typus,6235620031,2044.54,28818.0,pas_de_proximite_100km,0,0,0,2026-02-19T12:26,https://www.gbif.org/occurrence/6235620031
998,1926-01-01,1926,SOUTH AFRICA,Western Cape Province,Mossel Bay,Swimming to mail boat,Unprovoked,-34.1832022,22.1536248,Carcharhinus leucas,6130149287,879.35,29330.0,pas_de_proximite_100km,0,0,0,2026-01-10T07:45:33,https://www.gbif.org/occurrence/6130149287
998,1926-01-01,1926,SOUTH AFRICA,Western Cape Province,Mossel Bay,Swimming to mail boat,Unprovoked,-34.1832022,22.1536248,Carcharodon carcharias,6413744653,5.84,880.0,proximite_forte,4,4,0,2026-06-16,https://www.gbif.org/occurrence/6413744653
998,1926-01-01,1926,SOUTH AFRICA,Western Cape Province,Mossel Bay,Swimming to mail boat,Unprovoked,-34.1832022,22.1536248,Galeocerdo cuvier,5206523433,1298.64,29798.0,pas_de_proximite_100km,0,0,0,2025-03-25T01:26:01,https://www.gbif.org/occurrence/5206523433
998,1926-01-01,1926,SOUTH AFRICA,Western Cape Province,Mossel Bay,Swimming to mail boat,Unprovoked,-34.1832022,22.1536248,Rhincodon typus,6352311338,2092.05,1358701.0,pas_de_proximite_100km,0,0,0,2026-05-28,https://www.gbif.org/occurrence/6352311338
1016,1927-02-09,1927,AUSTRALIA,Queensland,Brisbane River,Attempting to rescue drowning man,Unprovoked,-27.1609698,152.5361974,Carcharhinus leucas,6252593084,45.47,202.0,proximite_regionale,0,7,5,2026-05-01T00:00,https://www.gbif.org/occurrence/6252593084
1016,1927-02-09,1927,AUSTRALIA,Queensland,Brisbane River,Attempting to rescue drowning man,Unprovoked,-27.1609698,152.5361974,Carcharodon carcharias,6162878281,334.77,7.0,pas_de_proximite_100km,0,0,0,2026-02-22T09:03:13,https://www.gbif.org/occurrence/6162878281
1016,1927-02-09,1927,AUSTRALIA,Queensland,Brisbane River,Attempting to rescue drowning man,Unprovoked,-27.1609698,152.5361974,Galeocerdo cuvier,6133086834,159.89,5.0,pas_de_proximite_100km,0,0,0,2026-02-02T13:14:46,https://www.gbif.org/occurrence/6133086834
1016,1927-02-09,1927,AUSTRALIA,Queensland,Brisbane River,Attempting to rescue drowning man,Unprovoked,-27.1609698,152.5361974,Rhincodon typus,5938466615,1414.56,30841.0,pas_de_proximite_100km,0,0,0,2026-01-03T11:33,https://www.gbif.org/occurrence/5938466615
1039,1928-06-24,1928,USA,Florida,"Daytona Beach, Volusia County",Swimming,Unprovoked,29.2108147,-81.0228331,Carcharhinus leucas,6133570230,19.73,29533.0,proximite_forte,2,2,2,2026-01-28T17:22:37,https://www.gbif.org/occurrence/6133570230
1039,1928-06-24,1928,USA,Florida,"Daytona Beach, Volusia County",Swimming,Unprovoked,29.2108147,-81.0228331,Carcharodon carcharias,6441095820,413.1,257.0,pas_de_proximite_100km,0,0,0,2026-03-27T20:47:37,https://www.gbif.org/occurrence/6441095820
1039,1928-06-24,1928,USA,Florida,"Daytona Beach, Volusia County",Swimming,Unprovoked,29.2108147,-81.0228331,Galeocerdo cuvier,6399953055,72.96,29433.0,proximite_regionale,0,1,0,2026-06-07T17:14:40,https://www.gbif.org/occurrence/6399953055
1039,1928-06-24,1928,USA,Florida,"Daytona Beach, Volusia County",Swimming,Unprovoked,29.2108147,-81.0228331,Rhincodon typus,6253026970,527.37,30069.0,pas_de_proximite_100km,0,0,0,2026-04-27T07:00,https://www.gbif.org/occurrence/6253026970
1041,1928-04-14,1928,AUSTRALIA,New South Wales,Bondi,Treading water,Unprovoked,-33.8930556,151.2633333,Carcharhinus leucas,6481240461,19.99,17.0,proximite_forte,1,1,0,2026-01-22T00:00,https://www.gbif.org/occurrence/6481240461
1041,1928-04-14,1928,AUSTRALIA,New South Wales,Bondi,Treading water,Unprovoked,-33.8930556,151.2633333,Carcharodon carcharias,6159298926,249.22,,pas_de_proximite_100km,0,0,0,2026-02-03T04:38:07,https://www.gbif.org/occurrence/6159298926
1041,1928-04-14,1928,AUSTRALIA,New South Wales,Bondi,Treading water,Unprovoked,-33.8930556,151.2633333,Galeocerdo cuvier,6133086834,664.36,5.0,pas_de_proximite_100km,0,0,0,2026-02-02T13:14:46,https://www.gbif.org/occurrence/6133086834
1041,1928-04-14,1928,AUSTRALIA,New South Wales,Bondi,Treading water,Unprovoked,-33.8930556,151.2633333,Rhincodon typus,6235620031,2044.31,28818.0,pas_de_proximite_100km,0,0,0,2026-02-19T12:26,https://www.gbif.org/occurrence/6235620031
1046,1928-01-21,1928,USA,Florida,,Swimming,Invalid,27.7567667,-81.4639835,Carcharhinus leucas,6147198580,88.92,29775.0,proximite_regionale,0,3,1,2026-02-03T11:54:56,https://www.gbif.org/occurrence/6147198580
1046,1928-01-21,1928,USA,Florida,,Swimming,Invalid,27.7567667,-81.4639835,Carcharodon carcharias,6441095820,580.41,257.0,pas_de_proximite_100km,0,0,0,2026-03-27T20:47:37,https://www.gbif.org/occurrence/6441095820
1046,1928-01-21,1928,USA,Florida,,Swimming,Invalid,27.7567667,-81.4639835,Galeocerdo cuvier,6235030691,159.7,29798.0,pas_de_proximite_100km,0,0,0,2026-04-25T11:55,https://www.gbif.org/occurrence/6235030691
1046,1928-01-21,1928,USA,Florida,,Swimming,Invalid,27.7567667,-81.4639835,Rhincodon typus,6253026970,360.16,30069.0,pas_de_proximite_100km,0,0,0,2026-04-27T07:00,https://www.gbif.org/occurrence/6253026970
1047,1928-12-21,1928,AUSTRALIA,,,Pearl diving,Unprovoked,-24.7761086,134.755,Carcharhinus leucas,6431650862,901.89,21.0,pas_de_proximite_100km,0,0,0,2026-05-18T08:21:34,https://www.gbif.org/occurrence/6431650862
1047,1928-12-21,1928,AUSTRALIA,,,Pearl diving,Unprovoked,-24.7761086,134.755,Carcharodon carcharias,6431152356,1104.64,5811.0,pas_de_proximite_100km,0,0,0,2026-05-28T10:40,https://www.gbif.org/occurrence/6431152356
1047,1928-12-21,1928,AUSTRALIA,,,Pearl diving,Unprovoked,-24.7761086,134.755,Galeocerdo cuvier,6353074074,1445.08,30810.0,pas_de_proximite_100km,0,0,0,2026-05-25T07:12,https://www.gbif.org/occurrence/6353074074
1047,1928-12-21,1928,AUSTRALIA,,,Pearl diving,Unprovoked,-24.7761086,134.755,Rhincodon typus,5938466615,1503.85,30841.0,pas_de_proximite_100km,0,0,0,2026-01-03T11:33,https://www.gbif.org/occurrence/5938466615
1053,1928-07-11,1928,AUSTRALIA,,,Pearl diving,Unprovoked,-24.7761086,134.755,Carcharhinus leucas,6431650862,901.89,21.0,pas_de_proximite_100km,0,0,0,2026-05-18T08:21:34,https://www.gbif.org/occurrence/6431650862
1053,1928-07-11,1928,AUSTRALIA,,,Pearl diving,Unprovoked,-24.7761086,134.755,Carcharodon carcharias,6431152356,1104.64,5811.0,pas_de_proximite_100km,0,0,0,2026-05-28T10:40,https://www.gbif.org/occurrence/6431152356
1053,1928-07-11,1928,AUSTRALIA,,,Pearl diving,Unprovoked,-24.7761086,134.755,Galeocerdo cuvier,6353074074,1445.08,30810.0,pas_de_proximite_100km,0,0,0,2026-05-25T07:12,https://www.gbif.org/occurrence/6353074074
1053,1928-07-11,1928,AUSTRALIA,,,Pearl diving,Unprovoked,-24.7761086,134.755,Rhincodon typus,5938466615,1503.85,30841.0,pas_de_proximite_100km,0,0,0,2026-01-03T11:33,https://www.gbif.org/occurrence/5938466615
1066,1929-02-08,1929,AUSTRALIA,New South Wales,Bondi,Swimming,Unprovoked,-33.8930556,151.2633333,Carcharhinus leucas,6481240461,19.99,17.0,proximite_forte,1,1,0,2026-01-22T00:00,https://www.gbif.org/occurrence/6481240461
1066,1929-02-08,1929,AUSTRALIA,New South Wales,Bondi,Swimming,Unprovoked,-33.8930556,151.2633333,Carcharodon carcharias,6159298926,249.22,,pas_de_proximite_100km,0,0,0,2026-02-03T04:38:07,https://www.gbif.org/occurrence/6159298926
1066,1929-02-08,1929,AUSTRALIA,New South Wales,Bondi,Swimming,Unprovoked,-33.8930556,151.2633333,Galeocerdo cuvier,6133086834,664.36,5.0,pas_de_proximite_100km,0,0,0,2026-02-02T13:14:46,https://www.gbif.org/occurrence/6133086834
1066,1929-02-08,1929,AUSTRALIA,New South Wales,Bondi,Swimming,Unprovoked,-33.8930556,151.2633333,Rhincodon typus,6235620031,2044.31,28818.0,pas_de_proximite_100km,0,0,0,2026-02-19T12:26,https://www.gbif.org/occurrence/6235620031
1068,1929-04-26,1929,AUSTRALIA,Queensland,Great Barrier Reef,Diving for trepang,Unprovoked,-20.358137,148.9521302,Carcharhinus leucas,6171257530,350.74,4.0,pas_de_proximite_100km,0,0,0,2026-02-15T15:03:06,https://www.gbif.org/occurrence/6171257530
1068,1929-04-26,1929,AUSTRALIA,Queensland,Great Barrier Reef,Diving for trepang,Unprovoked,-20.358137,148.9521302,Carcharodon carcharias,6162878281,1165.87,7.0,pas_de_proximite_100km,0,0,0,2026-02-22T09:03:13,https://www.gbif.org/occurrence/6162878281
1068,1929-04-26,1929,AUSTRALIA,Queensland,Great Barrier Reef,Diving for trepang,Unprovoked,-20.358137,148.9521302,Galeocerdo cuvier,5069831221,476.84,2.0,pas_de_proximite_100km,0,0,0,2025-02-13T21:56,https://www.gbif.org/occurrence/5069831221
1068,1929-04-26,1929,AUSTRALIA,Queensland,Great Barrier Reef,Diving for trepang,Unprovoked,-20.358137,148.9521302,Rhincodon typus,5938466615,580.43,30841.0,pas_de_proximite_100km,0,0,0,2026-01-03T11:33,https://www.gbif.org/occurrence/5938466615
1070,1929-01-01,1929,AUSTRALIA,New South Wales,Sydney Harbor,Swimming,Invalid,-33.8661645,151.1995721,Carcharhinus leucas,6481240461,13.42,17.0,proximite_forte,1,1,0,2026-01-22T00:00,https://www.gbif.org/occurrence/6481240461
1070,1929-01-01,1929,AUSTRALIA,New South Wales,Sydney Harbor,Swimming,Invalid,-33.8661645,151.1995721,Carcharodon carcharias,6159298926,249.7,,pas_de_proximite_100km,0,0,0,2026-02-03T04:38:07,https://www.gbif.org/occurrence/6159298926
1070,1929-01-01,1929,AUSTRALIA,New South Wales,Sydney Harbor,Swimming,Invalid,-33.8661645,151.1995721,Galeocerdo cuvier,6133086834,663.6,5.0,pas_de_proximite_100km,0,0,0,2026-02-02T13:14:46,https://www.gbif.org/occurrence/6133086834
1070,1929-01-01,1929,AUSTRALIA,New South Wales,Sydney Harbor,Swimming,Invalid,-33.8661645,151.1995721,Rhincodon typus,6235620031,2050.57,28818.0,pas_de_proximite_100km,0,0,0,2026-02-19T12:26,https://www.gbif.org/occurrence/6235620031
1075,1929-09-01,1929,AUSTRALIA,Queensland,"Ross River, Townsville",Fell from wharf into water & attacked immediately,Unprovoked,-19.3090595,146.7688108,Carcharhinus leucas,6171257530,105.79,4.0,pas_de_proximite_100km,0,0,0,2026-02-15T15:03:06,https://www.gbif.org/occurrence/6171257530
1075,1929-09-01,1929,AUSTRALIA,Queensland,"Ross River, Townsville",Fell from wharf into water & attacked immediately,Unprovoked,-19.3090595,146.7688108,Carcharodon carcharias,6162878281,1365.47,7.0,pas_de_proximite_100km,0,0,0,2026-02-22T09:03:13,https://www.gbif.org/occurrence/6162878281
1075,1929-09-01,1929,AUSTRALIA,Queensland,"Ross River, Townsville",Fell from wharf into water & attacked immediately,Unprovoked,-19.3090595,146.7688108,Galeocerdo cuvier,5108383412,305.99,30795.0,pas_de_proximite_100km,0,0,0,2025-03-28T11:40,https://www.gbif.org/occurrence/5108383412
1075,1929-09-01,1929,AUSTRALIA,Queensland,"Ross River, Townsville",Fell from wharf into water & attacked immediately,Unprovoked,-19.3090595,146.7688108,Rhincodon typus,5938466615,373.95,30841.0,pas_de_proximite_100km,0,0,0,2026-01-03T11:33,https://www.gbif.org/occurrence/5938466615
1076,1929-01-12,1929,AUSTRALIA,New South Wales,Bondi,Body surfing,Unprovoked,-33.8930556,151.2633333,Carcharhinus leucas,6481240461,19.99,17.0,proximite_forte,1,1,0,2026-01-22T00:00,https://www.gbif.org/occurrence/6481240461
1076,1929-01-12,1929,AUSTRALIA,New South Wales,Bondi,Body surfing,Unprovoked,-33.8930556,151.2633333,Carcharodon carcharias,6159298926,249.22,,pas_de_proximite_100km,0,0,0,2026-02-03T04:38:07,https://www.gbif.org/occurrence/6159298926
1076,1929-01-12,1929,AUSTRALIA,New South Wales,Bondi,Body surfing,Unprovoked,-33.8930556,151.2633333,Galeocerdo cuvier,6133086834,664.36,5.0,pas_de_proximite_100km,0,0,0,2026-02-02T13:14:46,https://www.gbif.org/occurrence/6133086834
1076,1929-01-12,1929,AUSTRALIA,New South Wales,Bondi,Body surfing,Unprovoked,-33.8930556,151.2633333,Rhincodon typus,6235620031,2044.31,28818.0,pas_de_proximite_100km,0,0,0,2026-02-19T12:26,https://www.gbif.org/occurrence/6235620031
1078,1929-05-31,1929,AUSTRALIA,Torres Strait,,Pearl diving,Unprovoked,-10.416667,142.166667,Carcharhinus leucas,6431650862,901.63,21.0,pas_de_proximite_100km,0,0,0,2026-05-18T08:21:34,https://www.gbif.org/occurrence/6431650862
1078,1929-05-31,1929,AUSTRALIA,Torres Strait,,Pearl diving,Unprovoked,-10.416667,142.166667,Carcharodon carcharias,6162878281,2470.79,7.0,pas_de_proximite_100km,0,0,0,2026-02-22T09:03:13,https://www.gbif.org/occurrence/6162878281
1078,1929-05-31,1929,AUSTRALIA,Torres Strait,,Pearl diving,Unprovoked,-10.416667,142.166667,Galeocerdo cuvier,5153428688,175.91,4.0,pas_de_proximite_100km,0,0,0,2025-05-04T09:55:26,https://www.gbif.org/occurrence/5153428688
1078,1929-05-31,1929,AUSTRALIA,Torres Strait,,Pearl diving,Unprovoked,-10.416667,142.166667,Rhincodon typus,5938466615,742.42,30841.0,pas_de_proximite_100km,0,0,0,2026-01-03T11:33,https://www.gbif.org/occurrence/5938466615
1083,1929-04-17,1929,AUSTRALIA,Queensland,Great Barrier Reef,Diving for trochus,Unprovoked,-20.358137,148.9521302,Carcharhinus leucas,6171257530,350.74,4.0,pas_de_proximite_100km,0,0,0,2026-02-15T15:03:06,https://www.gbif.org/occurrence/6171257530
1083,1929-04-17,1929,AUSTRALIA,Queensland,Great Barrier Reef,Diving for trochus,Unprovoked,-20.358137,148.9521302,Carcharodon carcharias,6162878281,1165.87,7.0,pas_de_proximite_100km,0,0,0,2026-02-22T09:03:13,https://www.gbif.org/occurrence/6162878281
1083,1929-04-17,1929,AUSTRALIA,Queensland,Great Barrier Reef,Diving for trochus,Unprovoked,-20.358137,148.9521302,Galeocerdo cuvier,5069831221,476.84,2.0,pas_de_proximite_100km,0,0,0,2025-02-13T21:56,https://www.gbif.org/occurrence/5069831221
1083,1929-04-17,1929,AUSTRALIA,Queensland,Great Barrier Reef,Diving for trochus,Unprovoked,-20.358137,148.9521302,Rhincodon typus,5938466615,580.43,30841.0,pas_de_proximite_100km,0,0,0,2026-01-03T11:33,https://www.gbif.org/occurrence/5938466615
1088,1929-12-03,1929,AUSTRALIA,Queensland,Townsville,Inconnue,Unprovoked,-19.2569391,146.8239537,Carcharhinus leucas,6171257530,104.07,4.0,pas_de_proximite_100km,0,0,0,2026-02-15T15:03:06,https://www.gbif.org/occurrence/6171257530
1088,1929-12-03,1929,AUSTRALIA,Queensland,Townsville,Inconnue,Unprovoked,-19.2569391,146.8239537,Carcharodon carcharias,6162878281,1368.0,7.0,pas_de_proximite_100km,0,0,0,2026-02-22T09:03:13,https://www.gbif.org/occurrence/6162878281
1088,1929-12-03,1929,AUSTRALIA,Queensland,Townsville,Inconnue,Unprovoked,-19.2569391,146.8239537,Galeocerdo cuvier,5108383412,301.5,30795.0,pas_de_proximite_100km,0,0,0,2025-03-28T11:40,https://www.gbif.org/occurrence/5108383412
1088,1929-12-03,1929,AUSTRALIA,Queensland,Townsville,Inconnue,Unprovoked,-19.2569391,146.8239537,Rhincodon typus,5938466615,370.02,30841.0,pas_de_proximite_100km,0,0,0,2026-01-03T11:33,https://www.gbif.org/occurrence/5938466615
1102,1930-07-11,1930,USA,Florida,"Jensen Beach, Martin County",Swimming,Unprovoked,27.2379528,-80.2389899,Carcharhinus leucas,6235914464,33.11,29798.0,proximite_regionale,0,13,4,2026-03-27T15:00,https://www.gbif.org/occurrence/6235914464
1102,1930-07-11,1930,USA,Florida,"Jensen Beach, Martin County",Swimming,Unprovoked,27.2379528,-80.2389899,Carcharodon carcharias,6441095820,617.26,257.0,pas_de_proximite_100km,0,0,0,2026-03-27T20:47:37,https://www.gbif.org/occurrence/6441095820
1102,1930-07-11,1930,USA,Florida,"Jensen Beach, Martin County",Swimming,Unprovoked,27.2379528,-80.2389899,Galeocerdo cuvier,6235030691,34.23,29798.0,proximite_regionale,0,1,0,2026-04-25T11:55,https://www.gbif.org/occurrence/6235030691
1102,1930-07-11,1930,USA,Florida,"Jensen Beach, Martin County",Swimming,Unprovoked,27.2379528,-80.2389899,Rhincodon typus,6253026970,354.67,30069.0,pas_de_proximite_100km,0,0,0,2026-04-27T07:00,https://www.gbif.org/occurrence/6253026970
1113,1930-02-20,1930,AUSTRALIA,Torres Strait,,Pearl diving,Unprovoked,-10.416667,142.166667,Carcharhinus leucas,6431650862,901.63,21.0,pas_de_proximite_100km,0,0,0,2026-05-18T08:21:34,https://www.gbif.org/occurrence/6431650862
1113,1930-02-20,1930,AUSTRALIA,Torres Strait,,Pearl diving,Unprovoked,-10.416667,142.166667,Carcharodon carcharias,6162878281,2470.79,7.0,pas_de_proximite_100km,0,0,0,2026-02-22T09:03:13,https://www.gbif.org/occurrence/6162878281
1113,1930-02-20,1930,AUSTRALIA,Torres Strait,,Pearl diving,Unprovoked,-10.416667,142.166667,Galeocerdo cuvier,5153428688,175.91,4.0,pas_de_proximite_100km,0,0,0,2025-05-04T09:55:26,https://www.gbif.org/occurrence/5153428688
1113,1930-02-20,1930,AUSTRALIA,Torres Strait,,Pearl diving,Unprovoked,-10.416667,142.166667,Rhincodon typus,5938466615,742.42,30841.0,pas_de_proximite_100km,0,0,0,2026-01-03T11:33,https://www.gbif.org/occurrence/5938466615
1128,1931-01-14,1931,AUSTRALIA,Torres Strait,,Pearl diving,Unprovoked,-10.416667,142.166667,Carcharhinus leucas,6431650862,901.63,21.0,pas_de_proximite_100km,0,0,0,2026-05-18T08:21:34,https://www.gbif.org/occurrence/6431650862
1128,1931-01-14,1931,AUSTRALIA,Torres Strait,,Pearl diving,Unprovoked,-10.416667,142.166667,Carcharodon carcharias,6162878281,2470.79,7.0,pas_de_proximite_100km,0,0,0,2026-02-22T09:03:13,https://www.gbif.org/occurrence/6162878281
1128,1931-01-14,1931,AUSTRALIA,Torres Strait,,Pearl diving,Unprovoked,-10.416667,142.166667,Galeocerdo cuvier,5153428688,175.91,4.0,pas_de_proximite_100km,0,0,0,2025-05-04T09:55:26,https://www.gbif.org/occurrence/5153428688
1128,1931-01-14,1931,AUSTRALIA,Torres Strait,,Pearl diving,Unprovoked,-10.416667,142.166667,Rhincodon typus,5938466615,742.42,30841.0,pas_de_proximite_100km,0,0,0,2026-01-03T11:33,https://www.gbif.org/occurrence/5938466615
1133,1931-08-30,1931,USA,Hawaii,,Inconnue,Invalid,19.5938015,-155.4283701,Carcharhinus leucas,6334261088,4741.35,30175.0,pas_de_proximite_100km,0,0,0,2026-05-21T11:26,https://www.gbif.org/occurrence/6334261088
1133,1931-08-30,1931,USA,Hawaii,,Inconnue,Invalid,19.5938015,-155.4283701,Carcharodon carcharias,6480838932,1194.6,1584228.0,pas_de_proximite_100km,0,0,0,2026-06-24T10:02:07,https://www.gbif.org/occurrence/6480838932
1133,1931-08-30,1931,USA,Hawaii,,Inconnue,Invalid,19.5938015,-155.4283701,Galeocerdo cuvier,6470061880,65.6,30545.0,proximite_regionale,0,3,0,2026-07-13T09:59,https://www.gbif.org/occurrence/6470061880
1133,1931-08-30,1931,USA,Hawaii,,Inconnue,Invalid,19.5938015,-155.4283701,Rhincodon typus,6194532302,61.33,111319.49,proximite_regionale,0,1,0,2026-01-22,https://www.gbif.org/occurrence/6194532302
1134,1931-06-04,1931,USA,Florida,"Key West, Monroe County",Crabbing,Unprovoked,24.5548262,-81.8020722,Carcharhinus leucas,6179199665,14.7,30047.0,proximite_forte,1,4,3,2026-02-22T12:29:53,https://www.gbif.org/occurrence/6179199665
1134,1931-06-04,1931,USA,Florida,"Key West, Monroe County",Crabbing,Unprovoked,24.5548262,-81.8020722,Carcharodon carcharias,6400039718,817.47,49.0,pas_de_proximite_100km,0,0,0,2026-02-25T14:55,https://www.gbif.org/occurrence/6400039718
1134,1931-06-04,1931,USA,Florida,"Key West, Monroe County",Crabbing,Unprovoked,24.5548262,-81.8020722,Galeocerdo cuvier,5133758058,86.78,30025.0,proximite_regionale,0,1,0,2025-03-01T13:40,https://www.gbif.org/occurrence/5133758058
1134,1931-06-04,1931,USA,Florida,"Key West, Monroe County",Crabbing,Unprovoked,24.5548262,-81.8020722,Rhincodon typus,6253026970,41.79,30069.0,proximite_regionale,0,1,0,2026-04-27T07:00,https://www.gbif.org/occurrence/6253026970
1150,1931-03-22,1931,AUSTRALIA,Queensland,"Ross River, Townsville",Fishing with a cast net,Unprovoked,-19.3090595,146.7688108,Carcharhinus leucas,6171257530,105.79,4.0,pas_de_proximite_100km,0,0,0,2026-02-15T15:03:06,https://www.gbif.org/occurrence/6171257530
1150,1931-03-22,1931,AUSTRALIA,Queensland,"Ross River, Townsville",Fishing with a cast net,Unprovoked,-19.3090595,146.7688108,Carcharodon carcharias,6162878281,1365.47,7.0,pas_de_proximite_100km,0,0,0,2026-02-22T09:03:13,https://www.gbif.org/occurrence/6162878281
1150,1931-03-22,1931,AUSTRALIA,Queensland,"Ross River, Townsville",Fishing with a cast net,Unprovoked,-19.3090595,146.7688108,Galeocerdo cuvier,5108383412,305.99,30795.0,pas_de_proximite_100km,0,0,0,2025-03-28T11:40,https://www.gbif.org/occurrence/5108383412
1150,1931-03-22,1931,AUSTRALIA,Queensland,"Ross River, Townsville",Fishing with a cast net,Unprovoked,-19.3090595,146.7688108,Rhincodon typus,5938466615,373.95,30841.0,pas_de_proximite_100km,0,0,0,2026-01-03T11:33,https://www.gbif.org/occurrence/5938466615
1155,1932-08-09,1932,AUSTRALIA,Torres Strait,,Pearl diving,Unprovoked,-10.416667,142.166667,Carcharhinus leucas,6431650862,901.63,21.0,pas_de_proximite_100km,0,0,0,2026-05-18T08:21:34,https://www.gbif.org/occurrence/6431650862
1155,1932-08-09,1932,AUSTRALIA,Torres Strait,,Pearl diving,Unprovoked,-10.416667,142.166667,Carcharodon carcharias,6162878281,2470.79,7.0,pas_de_proximite_100km,0,0,0,2026-02-22T09:03:13,https://www.gbif.org/occurrence/6162878281
1155,1932-08-09,1932,AUSTRALIA,Torres Strait,,Pearl diving,Unprovoked,-10.416667,142.166667,Galeocerdo cuvier,5153428688,175.91,4.0,pas_de_proximite_100km,0,0,0,2025-05-04T09:55:26,https://www.gbif.org/occurrence/5153428688
1155,1932-08-09,1932,AUSTRALIA,Torres Strait,,Pearl diving,Unprovoked,-10.416667,142.166667,Rhincodon typus,5938466615,742.42,30841.0,pas_de_proximite_100km,0,0,0,2026-01-03T11:33,https://www.gbif.org/occurrence/5938466615
1165,1932-08-30,1932,AUSTRALIA,New South Wales,Newcastle,Inconnue,Provoked,-32.9192953,151.7795348,Carcharhinus leucas,6481240461,120.63,17.0,pas_de_proximite_100km,0,0,0,2026-01-22T00:00,https://www.gbif.org/occurrence/6481240461
1165,1932-08-30,1932,AUSTRALIA,New South Wales,Newcastle,Inconnue,Provoked,-32.9192953,151.7795348,Carcharodon carcharias,6162878281,340.27,7.0,pas_de_proximite_100km,0,0,0,2026-02-22T09:03:13,https://www.gbif.org/occurrence/6162878281
1165,1932-08-30,1932,AUSTRALIA,New South Wales,Newcastle,Inconnue,Provoked,-32.9192953,151.7795348,Galeocerdo cuvier,6133086834,546.3,5.0,pas_de_proximite_100km,0,0,0,2026-02-02T13:14:46,https://www.gbif.org/occurrence/6133086834
1165,1932-08-30,1932,AUSTRALIA,New South Wales,Newcastle,Inconnue,Provoked,-32.9192953,151.7795348,Rhincodon typus,5938466615,1967.14,30841.0,pas_de_proximite_100km,0,0,0,2026-01-03T11:33,https://www.gbif.org/occurrence/5938466615
1168,1932-08-30,1932,AUSTRALIA,New South Wales,Bondi,Inconnue,Provoked,-33.8930556,151.2633333,Carcharhinus leucas,6481240461,19.99,17.0,proximite_forte,1,1,0,2026-01-22T00:00,https://www.gbif.org/occurrence/6481240461
1168,1932-08-30,1932,AUSTRALIA,New South Wales,Bondi,Inconnue,Provoked,-33.8930556,151.2633333,Carcharodon carcharias,6159298926,249.22,,pas_de_proximite_100km,0,0,0,2026-02-03T04:38:07,https://www.gbif.org/occurrence/6159298926
1168,1932-08-30,1932,AUSTRALIA,New South Wales,Bondi,Inconnue,Provoked,-33.8930556,151.2633333,Galeocerdo cuvier,6133086834,664.36,5.0,pas_de_proximite_100km,0,0,0,2026-02-02T13:14:46,https://www.gbif.org/occurrence/6133086834
1168,1932-08-30,1932,AUSTRALIA,New South Wales,Bondi,Inconnue,Provoked,-33.8930556,151.2633333,Rhincodon typus,6235620031,2044.31,28818.0,pas_de_proximite_100km,0,0,0,2026-02-19T12:26,https://www.gbif.org/occurrence/6235620031
1174,1932-07-14,1932,USA,Texas,Galveston,Inconnue,Invalid,29.3872254,-94.992736,Carcharhinus leucas,6188346293,181.44,29582.0,pas_de_proximite_100km,0,0,0,2026-04-05T19:42,https://www.gbif.org/occurrence/6188346293
1174,1932-07-14,1932,USA,Texas,Galveston,Inconnue,Invalid,29.3872254,-94.992736,Carcharodon carcharias,6400039718,791.27,49.0,pas_de_proximite_100km,0,0,0,2026-02-25T14:55,https://www.gbif.org/occurrence/6400039718
1174,1932-07-14,1932,USA,Texas,Galveston,Inconnue,Invalid,29.3872254,-94.992736,Galeocerdo cuvier,6479866652,286.77,29704.0,pas_de_proximite_100km,0,0,0,2026-08-03T16:05,https://www.gbif.org/occurrence/6479866652
1174,1932-07-14,1932,USA,Texas,Galveston,Inconnue,Invalid,29.3872254,-94.992736,Rhincodon typus,6178385871,527.22,29751.0,pas_de_proximite_100km,0,0,0,2026-03-06T11:12:50,https://www.gbif.org/occurrence/6178385871
1190,1933-02-26,1933,AUSTRALIA,New South Wales,Sydney,Standing on his hands,Unprovoked,-33.8698439,151.2082848,Carcharhinus leucas,6481240461,14.31,17.0,proximite_forte,1,1,0,2026-01-22T00:00,https://www.gbif.org/occurrence/6481240461
1190,1933-02-26,1933,AUSTRALIA,New South Wales,Sydney,Standing on his hands,Unprovoked,-33.8698439,151.2082848,Carcharodon carcharias,6159298926,249.62,,pas_de_proximite_100km,0,0,0,2026-02-03T04:38:07,https://www.gbif.org/occurrence/6159298926
1190,1933-02-26,1933,AUSTRALIA,New South Wales,Sydney,Standing on his hands,Unprovoked,-33.8698439,151.2082848,Galeocerdo cuvier,6133086834,663.7,5.0,pas_de_proximite_100km,0,0,0,2026-02-02T13:14:46,https://www.gbif.org/occurrence/6133086834
1190,1933-02-26,1933,AUSTRALIA,New South Wales,Sydney,Standing on his hands,Unprovoked,-33.8698439,151.2082848,Rhincodon typus,6235620031,2049.71,28818.0,pas_de_proximite_100km,0,0,0,2026-02-19T12:26,https://www.gbif.org/occurrence/6235620031
1250,1935-04-25,1935,AUSTRALIA,New South Wales,Coogee,"Disappeared 11 days earlier, probable homicide victim",Invalid,-33.9217004,151.2557975,Carcharhinus leucas,6481240461,20.81,17.0,proximite_forte,1,1,0,2026-01-22T00:00,https://www.gbif.org/occurrence/6481240461
1250,1935-04-25,1935,AUSTRALIA,New South Wales,Coogee,"Disappeared 11 days earlier, probable homicide victim",Invalid,-33.9217004,151.2557975,Carcharodon carcharias,6159298926,246.02,,pas_de_proximite_100km,0,0,0,2026-02-03T04:38:07,https://www.gbif.org/occurrence/6159298926
1250,1935-04-25,1935,AUSTRALIA,New South Wales,Coogee,"Disappeared 11 days earlier, probable homicide victim",Invalid,-33.9217004,151.2557975,Galeocerdo cuvier,6133086834,667.59,5.0,pas_de_proximite_100km,0,0,0,2026-02-02T13:14:46,https://www.gbif.org/occurrence/6133086834
1250,1935-04-25,1935,AUSTRALIA,New South Wales,Coogee,"Disappeared 11 days earlier, probable homicide victim",Invalid,-33.9217004,151.2557975,Rhincodon typus,6235620031,2044.54,28818.0,pas_de_proximite_100km,0,0,0,2026-02-19T12:26,https://www.gbif.org/occurrence/6235620031
1253,1935-03-11,1935,AUSTRALIA,New South Wales,Newcastle,Surfing,Unprovoked,-32.9192953,151.7795348,Carcharhinus leucas,6481240461,120.63,17.0,pas_de_proximite_100km,0,0,0,2026-01-22T00:00,https://www.gbif.org/occurrence/6481240461
1253,1935-03-11,1935,AUSTRALIA,New South Wales,Newcastle,Surfing,Unprovoked,-32.9192953,151.7795348,Carcharodon carcharias,6162878281,340.27,7.0,pas_de_proximite_100km,0,0,0,2026-02-22T09:03:13,https://www.gbif.org/occurrence/6162878281
1253,1935-03-11,1935,AUSTRALIA,New South Wales,Newcastle,Surfing,Unprovoked,-32.9192953,151.7795348,Galeocerdo cuvier,6133086834,546.3,5.0,pas_de_proximite_100km,0,0,0,2026-02-02T13:14:46,https://www.gbif.org/occurrence/6133086834
1253,1935-03-11,1935,AUSTRALIA,New South Wales,Newcastle,Surfing,Unprovoked,-32.9192953,151.7795348,Rhincodon typus,5938466615,1967.14,30841.0,pas_de_proximite_100km,0,0,0,2026-01-03T11:33,https://www.gbif.org/occurrence/5938466615
1259,1935-01-24,1935,AUSTRALIA,Queensland,"Ross River, Townsville",Fishing for sharks,Watercraft,-19.3090595,146.7688108,Carcharhinus leucas,6171257530,105.79,4.0,pas_de_proximite_100km,0,0,0,2026-02-15T15:03:06,https://www.gbif.org/occurrence/6171257530
1259,1935-01-24,1935,AUSTRALIA,Queensland,"Ross River, Townsville",Fishing for sharks,Watercraft,-19.3090595,146.7688108,Carcharodon carcharias,6162878281,1365.47,7.0,pas_de_proximite_100km,0,0,0,2026-02-22T09:03:13,https://www.gbif.org/occurrence/6162878281
1259,1935-01-24,1935,AUSTRALIA,Queensland,"Ross River, Townsville",Fishing for sharks,Watercraft,-19.3090595,146.7688108,Galeocerdo cuvier,5108383412,305.99,30795.0,pas_de_proximite_100km,0,0,0,2025-03-28T11:40,https://www.gbif.org/occurrence/5108383412
1259,1935-01-24,1935,AUSTRALIA,Queensland,"Ross River, Townsville",Fishing for sharks,Watercraft,-19.3090595,146.7688108,Rhincodon typus,5938466615,373.95,30841.0,pas_de_proximite_100km,0,0,0,2026-01-03T11:33,https://www.gbif.org/occurrence/5938466615
1280,1936-12-19,1936,AUSTRALIA,Queensland,Brisbane River,Sculling,Watercraft,-27.1609698,152.5361974,Carcharhinus leucas,6252593084,45.47,202.0,proximite_regionale,0,7,5,2026-05-01T00:00,https://www.gbif.org/occurrence/6252593084
1280,1936-12-19,1936,AUSTRALIA,Queensland,Brisbane River,Sculling,Watercraft,-27.1609698,152.5361974,Carcharodon carcharias,6162878281,334.77,7.0,pas_de_proximite_100km,0,0,0,2026-02-22T09:03:13,https://www.gbif.org/occurrence/6162878281
1280,1936-12-19,1936,AUSTRALIA,Queensland,Brisbane River,Sculling,Watercraft,-27.1609698,152.5361974,Galeocerdo cuvier,6133086834,159.89,5.0,pas_de_proximite_100km,0,0,0,2026-02-02T13:14:46,https://www.gbif.org/occurrence/6133086834
1280,1936-12-19,1936,AUSTRALIA,Queensland,Brisbane River,Sculling,Watercraft,-27.1609698,152.5361974,Rhincodon typus,5938466615,1414.56,30841.0,pas_de_proximite_100km,0,0,0,2026-01-03T11:33,https://www.gbif.org/occurrence/5938466615
1282,1936-02-20,1936,AUSTRALIA,Queensland,Brisbane River,Sculling,Unprovoked,-27.1609698,152.5361974,Carcharhinus leucas,6252593084,45.47,202.0,proximite_regionale,0,7,5,2026-05-01T00:00,https://www.gbif.org/occurrence/6252593084
1282,1936-02-20,1936,AUSTRALIA,Queensland,Brisbane River,Sculling,Unprovoked,-27.1609698,152.5361974,Carcharodon carcharias,6162878281,334.77,7.0,pas_de_proximite_100km,0,0,0,2026-02-22T09:03:13,https://www.gbif.org/occurrence/6162878281
1282,1936-02-20,1936,AUSTRALIA,Queensland,Brisbane River,Sculling,Unprovoked,-27.1609698,152.5361974,Galeocerdo cuvier,6133086834,159.89,5.0,pas_de_proximite_100km,0,0,0,2026-02-02T13:14:46,https://www.gbif.org/occurrence/6133086834
1282,1936-02-20,1936,AUSTRALIA,Queensland,Brisbane River,Sculling,Unprovoked,-27.1609698,152.5361974,Rhincodon typus,5938466615,1414.56,30841.0,pas_de_proximite_100km,0,0,0,2026-01-03T11:33,https://www.gbif.org/occurrence/5938466615
1292,1937-05-15,1937,AUSTRALIA,Queensland,"Ross River, Townsville","Refused permission to cross on the ferry, he was swimming across the river",Unprovoked,-19.3090595,146.7688108,Carcharhinus leucas,6171257530,105.79,4.0,pas_de_proximite_100km,0,0,0,2026-02-15T15:03:06,https://www.gbif.org/occurrence/6171257530
1292,1937-05-15,1937,AUSTRALIA,Queensland,"Ross River, Townsville","Refused permission to cross on the ferry, he was swimming across the river",Unprovoked,-19.3090595,146.7688108,Carcharodon carcharias,6162878281,1365.47,7.0,pas_de_proximite_100km,0,0,0,2026-02-22T09:03:13,https://www.gbif.org/occurrence/6162878281
1292,1937-05-15,1937,AUSTRALIA,Queensland,"Ross River, Townsville","Refused permission to cross on the ferry, he was swimming across the river",Unprovoked,-19.3090595,146.7688108,Galeocerdo cuvier,5108383412,305.99,30795.0,pas_de_proximite_100km,0,0,0,2025-03-28T11:40,https://www.gbif.org/occurrence/5108383412
1292,1937-05-15,1937,AUSTRALIA,Queensland,"Ross River, Townsville","Refused permission to cross on the ferry, he was swimming across the river",Unprovoked,-19.3090595,146.7688108,Rhincodon typus,5938466615,373.95,30841.0,pas_de_proximite_100km,0,0,0,2026-01-03T11:33,https://www.gbif.org/occurrence/5938466615
1300,1937-10-24,1937,AUSTRALIA,New South Wales,Byron Bay,Surf skiing,Unprovoked,-28.6483333,153.6177778,Carcharhinus leucas,6159543580,139.48,122.0,pas_de_proximite_100km,0,0,0,2026-02-14T19:35:12,https://www.gbif.org/occurrence/6159543580
1300,1937-10-24,1937,AUSTRALIA,New South Wales,Byron Bay,Surf skiing,Unprovoked,-28.6483333,153.6177778,Carcharodon carcharias,6162878281,167.55,7.0,pas_de_proximite_100km,0,0,0,2026-02-22T09:03:13,https://www.gbif.org/occurrence/6162878281
1300,1937-10-24,1937,AUSTRALIA,New South Wales,Byron Bay,Surf skiing,Unprovoked,-28.6483333,153.6177778,Galeocerdo cuvier,6133086834,43.46,5.0,proximite_regionale,0,1,1,2026-02-02T13:14:46,https://www.gbif.org/occurrence/6133086834
1300,1937-10-24,1937,AUSTRALIA,New South Wales,Byron Bay,Surf skiing,Unprovoked,-28.6483333,153.6177778,Rhincodon typus,5938466615,1611.06,30841.0,pas_de_proximite_100km,0,0,0,2026-01-03T11:33,https://www.gbif.org/occurrence/5938466615
1307,1937-05-30,1937,USA,Texas,Galveston,Fishing,Provoked,29.3872254,-94.992736,Carcharhinus leucas,6188346293,181.44,29582.0,pas_de_proximite_100km,0,0,0,2026-04-05T19:42,https://www.gbif.org/occurrence/6188346293
1307,1937-05-30,1937,USA,Texas,Galveston,Fishing,Provoked,29.3872254,-94.992736,Carcharodon carcharias,6400039718,791.27,49.0,pas_de_proximite_100km,0,0,0,2026-02-25T14:55,https://www.gbif.org/occurrence/6400039718
1307,1937-05-30,1937,USA,Texas,Galveston,Fishing,Provoked,29.3872254,-94.992736,Galeocerdo cuvier,6479866652,286.77,29704.0,pas_de_proximite_100km,0,0,0,2026-08-03T16:05,https://www.gbif.org/occurrence/6479866652
1307,1937-05-30,1937,USA,Texas,Galveston,Fishing,Provoked,29.3872254,-94.992736,Rhincodon typus,6178385871,527.22,29751.0,pas_de_proximite_100km,0,0,0,2026-03-06T11:12:50,https://www.gbif.org/occurrence/6178385871
1312,1937-06-15,1937,USA,Texas,Galveston,Swimming,Unprovoked,29.3872254,-94.992736,Carcharhinus leucas,6188346293,181.44,29582.0,pas_de_proximite_100km,0,0,0,2026-04-05T19:42,https://www.gbif.org/occurrence/6188346293
1312,1937-06-15,1937,USA,Texas,Galveston,Swimming,Unprovoked,29.3872254,-94.992736,Carcharodon carcharias,6400039718,791.27,49.0,pas_de_proximite_100km,0,0,0,2026-02-25T14:55,https://www.gbif.org/occurrence/6400039718
1312,1937-06-15,1937,USA,Texas,Galveston,Swimming,Unprovoked,29.3872254,-94.992736,Galeocerdo cuvier,6479866652,286.77,29704.0,pas_de_proximite_100km,0,0,0,2026-08-03T16:05,https://www.gbif.org/occurrence/6479866652
1312,1937-06-15,1937,USA,Texas,Galveston,Swimming,Unprovoked,29.3872254,-94.992736,Rhincodon typus,6178385871,527.22,29751.0,pas_de_proximite_100km,0,0,0,2026-03-06T11:12:50,https://www.gbif.org/occurrence/6178385871
1313,1937-10-24,1937,AUSTRALIA,New South Wales,Byron Bay,Swimming near jetty,Unprovoked,-28.6483333,153.6177778,Carcharhinus leucas,6159543580,139.48,122.0,pas_de_proximite_100km,0,0,0,2026-02-14T19:35:12,https://www.gbif.org/occurrence/6159543580
1313,1937-10-24,1937,AUSTRALIA,New South Wales,Byron Bay,Swimming near jetty,Unprovoked,-28.6483333,153.6177778,Carcharodon carcharias,6162878281,167.55,7.0,pas_de_proximite_100km,0,0,0,2026-02-22T09:03:13,https://www.gbif.org/occurrence/6162878281
1313,1937-10-24,1937,AUSTRALIA,New South Wales,Byron Bay,Swimming near jetty,Unprovoked,-28.6483333,153.6177778,Galeocerdo cuvier,6133086834,43.46,5.0,proximite_regionale,0,1,1,2026-02-02T13:14:46,https://www.gbif.org/occurrence/6133086834
1313,1937-10-24,1937,AUSTRALIA,New South Wales,Byron Bay,Swimming near jetty,Unprovoked,-28.6483333,153.6177778,Rhincodon typus,5938466615,1611.06,30841.0,pas_de_proximite_100km,0,0,0,2026-01-03T11:33,https://www.gbif.org/occurrence/5938466615
1314,1937-01-01,1937,AUSTRALIA,Torres Strait,,Inconnue,Unprovoked,-10.416667,142.166667,Carcharhinus leucas,6431650862,901.63,21.0,pas_de_proximite_100km,0,0,0,2026-05-18T08:21:34,https://www.gbif.org/occurrence/6431650862
1314,1937-01-01,1937,AUSTRALIA,Torres Strait,,Inconnue,Unprovoked,-10.416667,142.166667,Carcharodon carcharias,6162878281,2470.79,7.0,pas_de_proximite_100km,0,0,0,2026-02-22T09:03:13,https://www.gbif.org/occurrence/6162878281
1314,1937-01-01,1937,AUSTRALIA,Torres Strait,,Inconnue,Unprovoked,-10.416667,142.166667,Galeocerdo cuvier,5153428688,175.91,4.0,pas_de_proximite_100km,0,0,0,2025-05-04T09:55:26,https://www.gbif.org/occurrence/5153428688
1314,1937-01-01,1937,AUSTRALIA,Torres Strait,,Inconnue,Unprovoked,-10.416667,142.166667,Rhincodon typus,5938466615,742.42,30841.0,pas_de_proximite_100km,0,0,0,2026-01-03T11:33,https://www.gbif.org/occurrence/5938466615
1323,1938-07-18,1938,USA,South Carolina,Charleston,Swimming,Unprovoked,32.7884363,-79.9399309,Carcharhinus leucas,6130999421,416.72,29533.0,pas_de_proximite_100km,0,0,0,2026-01-17T15:30:29,https://www.gbif.org/occurrence/6130999421
1323,1938-07-18,1938,USA,South Carolina,Charleston,Swimming,Unprovoked,32.7884363,-79.9399309,Carcharodon carcharias,6441095820,12.67,257.0,proximite_forte,1,1,0,2026-03-27T20:47:37,https://www.gbif.org/occurrence/6441095820
1323,1938-07-18,1938,USA,South Carolina,Charleston,Swimming,Unprovoked,32.7884363,-79.9399309,Galeocerdo cuvier,6399752821,175.33,28902.0,pas_de_proximite_100km,0,0,0,2026-06-04T11:19,https://www.gbif.org/occurrence/6399752821
1323,1938-07-18,1938,USA,South Carolina,Charleston,Swimming,Unprovoked,32.7884363,-79.9399309,Rhincodon typus,6253026970,938.31,30069.0,pas_de_proximite_100km,0,0,0,2026-04-27T07:00,https://www.gbif.org/occurrence/6253026970
1337,1938-01-01,1938,AUSTRALIA,Torres Strait,,Diving,Unprovoked,-10.416667,142.166667,Carcharhinus leucas,6431650862,901.63,21.0,pas_de_proximite_100km,0,0,0,2026-05-18T08:21:34,https://www.gbif.org/occurrence/6431650862
1337,1938-01-01,1938,AUSTRALIA,Torres Strait,,Diving,Unprovoked,-10.416667,142.166667,Carcharodon carcharias,6162878281,2470.79,7.0,pas_de_proximite_100km,0,0,0,2026-02-22T09:03:13,https://www.gbif.org/occurrence/6162878281
1337,1938-01-01,1938,AUSTRALIA,Torres Strait,,Diving,Unprovoked,-10.416667,142.166667,Galeocerdo cuvier,5153428688,175.91,4.0,pas_de_proximite_100km,0,0,0,2025-05-04T09:55:26,https://www.gbif.org/occurrence/5153428688
1337,1938-01-01,1938,AUSTRALIA,Torres Strait,,Diving,Unprovoked,-10.416667,142.166667,Rhincodon typus,5938466615,742.42,30841.0,pas_de_proximite_100km,0,0,0,2026-01-03T11:33,https://www.gbif.org/occurrence/5938466615
1349,1939-11-23,1939,AUSTRALIA,New South Wales,Wollongong,Inconnue,Watercraft,-34.4278083,150.893054,Carcharhinus leucas,6481240461,68.91,17.0,proximite_regionale,0,1,0,2026-01-22T00:00,https://www.gbif.org/occurrence/6481240461
1349,1939-11-23,1939,AUSTRALIA,New South Wales,Wollongong,Inconnue,Watercraft,-34.4278083,150.893054,Carcharodon carcharias,6159298926,181.24,,pas_de_proximite_100km,0,0,0,2026-02-03T04:38:07,https://www.gbif.org/occurrence/6159298926
1349,1939-11-23,1939,AUSTRALIA,New South Wales,Wollongong,Inconnue,Watercraft,-34.4278083,150.893054,Galeocerdo cuvier,6133086834,732.01,5.0,pas_de_proximite_100km,0,0,0,2026-02-02T13:14:46,https://www.gbif.org/occurrence/6133086834
1349,1939-11-23,1939,AUSTRALIA,New South Wales,Wollongong,Inconnue,Watercraft,-34.4278083,150.893054,Rhincodon typus,6235620031,2070.27,28818.0,pas_de_proximite_100km,0,0,0,2026-02-19T12:26,https://www.gbif.org/occurrence/6235620031
1361,1939-11-06,1939,AUSTRALIA,New South Wales,Wollongong,Inconnue,Watercraft,-34.4278083,150.893054,Carcharhinus leucas,6481240461,68.91,17.0,proximite_regionale,0,1,0,2026-01-22T00:00,https://www.gbif.org/occurrence/6481240461
1361,1939-11-06,1939,AUSTRALIA,New South Wales,Wollongong,Inconnue,Watercraft,-34.4278083,150.893054,Carcharodon carcharias,6159298926,181.24,,pas_de_proximite_100km,0,0,0,2026-02-03T04:38:07,https://www.gbif.org/occurrence/6159298926
1361,1939-11-06,1939,AUSTRALIA,New South Wales,Wollongong,Inconnue,Watercraft,-34.4278083,150.893054,Galeocerdo cuvier,6133086834,732.01,5.0,pas_de_proximite_100km,0,0,0,2026-02-02T13:14:46,https://www.gbif.org/occurrence/6133086834
1361,1939-11-06,1939,AUSTRALIA,New South Wales,Wollongong,Inconnue,Watercraft,-34.4278083,150.893054,Rhincodon typus,6235620031,2070.27,28818.0,pas_de_proximite_100km,0,0,0,2026-02-19T12:26,https://www.gbif.org/occurrence/6235620031
1369,1939-11-09,1939,AUSTRALIA,New South Wales,Wollongong,Inconnue,Watercraft,-34.4278083,150.893054,Carcharhinus leucas,6481240461,68.91,17.0,proximite_regionale,0,1,0,2026-01-22T00:00,https://www.gbif.org/occurrence/6481240461
1369,1939-11-09,1939,AUSTRALIA,New South Wales,Wollongong,Inconnue,Watercraft,-34.4278083,150.893054,Carcharodon carcharias,6159298926,181.24,,pas_de_proximite_100km,0,0,0,2026-02-03T04:38:07,https://www.gbif.org/occurrence/6159298926
1369,1939-11-09,1939,AUSTRALIA,New South Wales,Wollongong,Inconnue,Watercraft,-34.4278083,150.893054,Galeocerdo cuvier,6133086834,732.01,5.0,pas_de_proximite_100km,0,0,0,2026-02-02T13:14:46,https://www.gbif.org/occurrence/6133086834
1369,1939-11-09,1939,AUSTRALIA,New South Wales,Wollongong,Inconnue,Watercraft,-34.4278083,150.893054,Rhincodon typus,6235620031,2070.27,28818.0,pas_de_proximite_100km,0,0,0,2026-02-19T12:26,https://www.gbif.org/occurrence/6235620031
1373,1940-01-01,1940,SOUTH AFRICA,KwaZulu-Natal,Winkelspruit,Inconnue,Invalid,-30.0986562,30.8565232,Carcharhinus leucas,6185033442,32.78,29382.0,proximite_regionale,0,2,0,2026-03-28T17:16:06,https://www.gbif.org/occurrence/6185033442
1373,1940-01-01,1940,SOUTH AFRICA,KwaZulu-Natal,Winkelspruit,Inconnue,Invalid,-30.0986562,30.8565232,Carcharodon carcharias,5938331810,383.8,,pas_de_proximite_100km,0,0,0,2026-01-03T05:09:36,https://www.gbif.org/occurrence/5938331810
1373,1940-01-01,1940,SOUTH AFRICA,KwaZulu-Natal,Winkelspruit,Inconnue,Invalid,-30.0986562,30.8565232,Galeocerdo cuvier,5206523433,397.49,29798.0,pas_de_proximite_100km,0,0,0,2025-03-25T01:26:01,https://www.gbif.org/occurrence/5206523433
1373,1940-01-01,1940,SOUTH AFRICA,KwaZulu-Natal,Winkelspruit,Inconnue,Invalid,-30.0986562,30.8565232,Rhincodon typus,6352311338,1259.0,1358701.0,pas_de_proximite_100km,0,0,0,2026-05-28,https://www.gbif.org/occurrence/6352311338
1377,1940-07-13,1940,USA,South Carolina,"Folly Beach, Charleston County",Standing,Unprovoked,32.6554848,-79.9407802,Carcharhinus leucas,6130999421,402.26,29533.0,pas_de_proximite_100km,0,0,0,2026-01-17T15:30:29,https://www.gbif.org/occurrence/6130999421
1377,1940-07-13,1940,USA,South Carolina,"Folly Beach, Charleston County",Standing,Unprovoked,32.6554848,-79.9407802,Carcharodon carcharias,6441095820,18.48,257.0,proximite_forte,1,1,0,2026-03-27T20:47:37,https://www.gbif.org/occurrence/6441095820
1377,1940-07-13,1940,USA,South Carolina,"Folly Beach, Charleston County",Standing,Unprovoked,32.6554848,-79.9407802,Galeocerdo cuvier,6399752821,186.03,28902.0,pas_de_proximite_100km,0,0,0,2026-06-04T11:19,https://www.gbif.org/occurrence/6399752821
1377,1940-07-13,1940,USA,South Carolina,"Folly Beach, Charleston County",Standing,Unprovoked,32.6554848,-79.9407802,Rhincodon typus,6253026970,923.96,30069.0,pas_de_proximite_100km,0,0,0,2026-04-27T07:00,https://www.gbif.org/occurrence/6253026970
1385,1940-07-13,1940,USA,South Carolina,"Folly Beach, Charleston County",Standing,Unprovoked,32.6554848,-79.9407802,Carcharhinus leucas,6130999421,402.26,29533.0,pas_de_proximite_100km,0,0,0,2026-01-17T15:30:29,https://www.gbif.org/occurrence/6130999421
1385,1940-07-13,1940,USA,South Carolina,"Folly Beach, Charleston County",Standing,Unprovoked,32.6554848,-79.9407802,Carcharodon carcharias,6441095820,18.48,257.0,proximite_forte,1,1,0,2026-03-27T20:47:37,https://www.gbif.org/occurrence/6441095820
1385,1940-07-13,1940,USA,South Carolina,"Folly Beach, Charleston County",Standing,Unprovoked,32.6554848,-79.9407802,Galeocerdo cuvier,6399752821,186.03,28902.0,pas_de_proximite_100km,0,0,0,2026-06-04T11:19,https://www.gbif.org/occurrence/6399752821
1385,1940-07-13,1940,USA,South Carolina,"Folly Beach, Charleston County",Standing,Unprovoked,32.6554848,-79.9407802,Rhincodon typus,6253026970,923.96,30069.0,pas_de_proximite_100km,0,0,0,2026-04-27T07:00,https://www.gbif.org/occurrence/6253026970
1392,1940-01-29,1940,AUSTRALIA,Queensland,Brisbane River,Dived into the water,Unprovoked,-27.1609698,152.5361974,Carcharhinus leucas,6252593084,45.47,202.0,proximite_regionale,0,7,5,2026-05-01T00:00,https://www.gbif.org/occurrence/6252593084
1392,1940-01-29,1940,AUSTRALIA,Queensland,Brisbane River,Dived into the water,Unprovoked,-27.1609698,152.5361974,Carcharodon carcharias,6162878281,334.77,7.0,pas_de_proximite_100km,0,0,0,2026-02-22T09:03:13,https://www.gbif.org/occurrence/6162878281
1392,1940-01-29,1940,AUSTRALIA,Queensland,Brisbane River,Dived into the water,Unprovoked,-27.1609698,152.5361974,Galeocerdo cuvier,6133086834,159.89,5.0,pas_de_proximite_100km,0,0,0,2026-02-02T13:14:46,https://www.gbif.org/occurrence/6133086834
1392,1940-01-29,1940,AUSTRALIA,Queensland,Brisbane River,Dived into the water,Unprovoked,-27.1609698,152.5361974,Rhincodon typus,5938466615,1414.56,30841.0,pas_de_proximite_100km,0,0,0,2026-01-03T11:33,https://www.gbif.org/occurrence/5938466615
1400,1941-02-13,1941,AUSTRALIA,New South Wales,Wollongong,Fishing,Provoked,-34.4278083,150.893054,Carcharhinus leucas,6481240461,68.91,17.0,proximite_regionale,0,1,0,2026-01-22T00:00,https://www.gbif.org/occurrence/6481240461
1400,1941-02-13,1941,AUSTRALIA,New South Wales,Wollongong,Fishing,Provoked,-34.4278083,150.893054,Carcharodon carcharias,6159298926,181.24,,pas_de_proximite_100km,0,0,0,2026-02-03T04:38:07,https://www.gbif.org/occurrence/6159298926
1400,1941-02-13,1941,AUSTRALIA,New South Wales,Wollongong,Fishing,Provoked,-34.4278083,150.893054,Galeocerdo cuvier,6133086834,732.01,5.0,pas_de_proximite_100km,0,0,0,2026-02-02T13:14:46,https://www.gbif.org/occurrence/6133086834
1400,1941-02-13,1941,AUSTRALIA,New South Wales,Wollongong,Fishing,Provoked,-34.4278083,150.893054,Rhincodon typus,6235620031,2070.27,28818.0,pas_de_proximite_100km,0,0,0,2026-02-19T12:26,https://www.gbif.org/occurrence/6235620031
1419,1941-01-01,1941,ATLANTIC OCEAN,,,Adrift on raft after their ship was sunk by an Axis raider,Sea Disaster,13.581921,-38.320312,Carcharhinus leucas,6178405378,4144.72,70575.0,pas_de_proximite_100km,0,0,0,2026-02-18T16:22,https://www.gbif.org/occurrence/6178405378
1419,1941-01-01,1941,ATLANTIC OCEAN,,,Adrift on raft after their ship was sunk by an Axis raider,Sea Disaster,13.581921,-38.320312,Carcharodon carcharias,6400181485,4349.71,43.0,pas_de_proximite_100km,0,0,0,2026-06-05T11:25:01,https://www.gbif.org/occurrence/6400181485
1419,1941-01-01,1941,ATLANTIC OCEAN,,,Adrift on raft after their ship was sunk by an Axis raider,Sea Disaster,13.581921,-38.320312,Galeocerdo cuvier,6188381210,2694.44,30683.0,pas_de_proximite_100km,0,0,0,2026-02-23T09:32,https://www.gbif.org/occurrence/6188381210
1419,1941-01-01,1941,ATLANTIC OCEAN,,,Adrift on raft after their ship was sunk by an Axis raider,Sea Disaster,13.581921,-38.320312,Rhincodon typus,6133129315,3148.9,31179.0,pas_de_proximite_100km,0,0,0,2026-01-30T11:50:16,https://www.gbif.org/occurrence/6133129315
1444,1942-07-12,1942,ATLANTIC OCEAN,,,The SS Potlach was torpedoed & sunk by the U-153 on 27-Jun-1942.,Sea Disaster,13.581921,-38.320312,Carcharhinus leucas,6178405378,4144.72,70575.0,pas_de_proximite_100km,0,0,0,2026-02-18T16:22,https://www.gbif.org/occurrence/6178405378
1444,1942-07-12,1942,ATLANTIC OCEAN,,,The SS Potlach was torpedoed & sunk by the U-153 on 27-Jun-1942.,Sea Disaster,13.581921,-38.320312,Carcharodon carcharias,6400181485,4349.71,43.0,pas_de_proximite_100km,0,0,0,2026-06-05T11:25:01,https://www.gbif.org/occurrence/6400181485
1444,1942-07-12,1942,ATLANTIC OCEAN,,,The SS Potlach was torpedoed & sunk by the U-153 on 27-Jun-1942.,Sea Disaster,13.581921,-38.320312,Galeocerdo cuvier,6188381210,2694.44,30683.0,pas_de_proximite_100km,0,0,0,2026-02-23T09:32,https://www.gbif.org/occurrence/6188381210
1444,1942-07-12,1942,ATLANTIC OCEAN,,,The SS Potlach was torpedoed & sunk by the U-153 on 27-Jun-1942.,Sea Disaster,13.581921,-38.320312,Rhincodon typus,6133129315,3148.9,31179.0,pas_de_proximite_100km,0,0,0,2026-01-30T11:50:16,https://www.gbif.org/occurrence/6133129315
1458,1943-03-21,1943,SOUTH AFRICA,KwaZulu-Natal,"North Beach, Durban",Swimming,Unprovoked,-29.8467091,31.035303,Carcharhinus leucas,6185033442,64.9,29382.0,proximite_regionale,0,1,0,2026-03-28T17:16:06,https://www.gbif.org/occurrence/6185033442
1458,1943-03-21,1943,SOUTH AFRICA,KwaZulu-Natal,"North Beach, Durban",Swimming,Unprovoked,-29.8467091,31.035303,Carcharodon carcharias,5938331810,416.47,,pas_de_proximite_100km,0,0,0,2026-01-03T05:09:36,https://www.gbif.org/occurrence/5938331810
1458,1943-03-21,1943,SOUTH AFRICA,KwaZulu-Natal,"North Beach, Durban",Swimming,Unprovoked,-29.8467091,31.035303,Galeocerdo cuvier,5206523433,364.62,29798.0,pas_de_proximite_100km,0,0,0,2025-03-25T01:26:01,https://www.gbif.org/occurrence/5206523433
1458,1943-03-21,1943,SOUTH AFRICA,KwaZulu-Natal,"North Beach, Durban",Swimming,Unprovoked,-29.8467091,31.035303,Rhincodon typus,6352311338,1226.48,1358701.0,pas_de_proximite_100km,0,0,0,2026-05-28,https://www.gbif.org/occurrence/6352311338
1488,1944-03-26,1944,SOUTH AFRICA,KwaZulu-Natal,"Country Club Beach, Durban",Treading water,Unprovoked,-29.829354,31.0368231,Carcharhinus leucas,6185033442,66.74,29382.0,proximite_regionale,0,1,0,2026-03-28T17:16:06,https://www.gbif.org/occurrence/6185033442
1488,1944-03-26,1944,SOUTH AFRICA,KwaZulu-Natal,"Country Club Beach, Durban",Treading water,Unprovoked,-29.829354,31.0368231,Carcharodon carcharias,5938331810,418.09,,pas_de_proximite_100km,0,0,0,2026-01-03T05:09:36,https://www.gbif.org/occurrence/5938331810
1488,1944-03-26,1944,SOUTH AFRICA,KwaZulu-Natal,"Country Club Beach, Durban",Treading water,Unprovoked,-29.829354,31.0368231,Galeocerdo cuvier,5206523433,362.87,29798.0,pas_de_proximite_100km,0,0,0,2025-03-25T01:26:01,https://www.gbif.org/occurrence/5206523433
1488,1944-03-26,1944,SOUTH AFRICA,KwaZulu-Natal,"Country Club Beach, Durban",Treading water,Unprovoked,-29.829354,31.0368231,Rhincodon typus,6352311338,1224.64,1358701.0,pas_de_proximite_100km,0,0,0,2026-05-28,https://www.gbif.org/occurrence/6352311338
1491,1944-03-14,1944,SOUTH AFRICA,KwaZulu-Natal,"Country Club Beach, Durban",Treading water,Unprovoked,-29.829354,31.0368231,Carcharhinus leucas,6185033442,66.74,29382.0,proximite_regionale,0,1,0,2026-03-28T17:16:06,https://www.gbif.org/occurrence/6185033442
1491,1944-03-14,1944,SOUTH AFRICA,KwaZulu-Natal,"Country Club Beach, Durban",Treading water,Unprovoked,-29.829354,31.0368231,Carcharodon carcharias,5938331810,418.09,,pas_de_proximite_100km,0,0,0,2026-01-03T05:09:36,https://www.gbif.org/occurrence/5938331810
1491,1944-03-14,1944,SOUTH AFRICA,KwaZulu-Natal,"Country Club Beach, Durban",Treading water,Unprovoked,-29.829354,31.0368231,Galeocerdo cuvier,5206523433,362.87,29798.0,pas_de_proximite_100km,0,0,0,2025-03-25T01:26:01,https://www.gbif.org/occurrence/5206523433
1491,1944-03-14,1944,SOUTH AFRICA,KwaZulu-Natal,"Country Club Beach, Durban",Treading water,Unprovoked,-29.829354,31.0368231,Rhincodon typus,6352311338,1224.64,1358701.0,pas_de_proximite_100km,0,0,0,2026-05-28,https://www.gbif.org/occurrence/6352311338
1493,1944-03-26,1944,SOUTH AFRICA,KwaZulu-Natal,"North Beach, Durban",Standing,Unprovoked,-29.8467091,31.035303,Carcharhinus leucas,6185033442,64.9,29382.0,proximite_regionale,0,1,0,2026-03-28T17:16:06,https://www.gbif.org/occurrence/6185033442
1493,1944-03-26,1944,SOUTH AFRICA,KwaZulu-Natal,"North Beach, Durban",Standing,Unprovoked,-29.8467091,31.035303,Carcharodon carcharias,5938331810,416.47,,pas_de_proximite_100km,0,0,0,2026-01-03T05:09:36,https://www.gbif.org/occurrence/5938331810
1493,1944-03-26,1944,SOUTH AFRICA,KwaZulu-Natal,"North Beach, Durban",Standing,Unprovoked,-29.8467091,31.035303,Galeocerdo cuvier,5206523433,364.62,29798.0,pas_de_proximite_100km,0,0,0,2025-03-25T01:26:01,https://www.gbif.org/occurrence/5206523433
1493,1944-03-26,1944,SOUTH AFRICA,KwaZulu-Natal,"North Beach, Durban",Standing,Unprovoked,-29.8467091,31.035303,Rhincodon typus,6352311338,1226.48,1358701.0,pas_de_proximite_100km,0,0,0,2026-05-28,https://www.gbif.org/occurrence/6352311338
1498,1944-02-27,1944,SOUTH AFRICA,Western Cape Province,False Bay,Treading water,Unprovoked,-34.2270274,18.6554907,Carcharhinus leucas,6130149287,1184.19,29330.0,pas_de_proximite_100km,0,0,0,2026-01-10T07:45:33,https://www.gbif.org/occurrence/6130149287
1498,1944-02-27,1944,SOUTH AFRICA,Western Cape Province,False Bay,Treading water,Unprovoked,-34.2270274,18.6554907,Carcharodon carcharias,6147654727,156.18,488.0,pas_de_proximite_100km,0,0,0,2026-01-31T19:40,https://www.gbif.org/occurrence/6147654727
1498,1944-02-27,1944,SOUTH AFRICA,Western Cape Province,False Bay,Treading water,Unprovoked,-34.2270274,18.6554907,Galeocerdo cuvier,5206523433,1577.26,29798.0,pas_de_proximite_100km,0,0,0,2025-03-25T01:26:01,https://www.gbif.org/occurrence/5206523433
1498,1944-02-27,1944,SOUTH AFRICA,Western Cape Province,False Bay,Treading water,Unprovoked,-34.2270274,18.6554907,Rhincodon typus,6352311338,2328.49,1358701.0,pas_de_proximite_100km,0,0,0,2026-05-28,https://www.gbif.org/occurrence/6352311338
1505,1944-01-20,1944,SOUTH AFRICA,KwaZulu-Natal,"North Beach, Durban",Body surfing,Unprovoked,-29.8467091,31.035303,Carcharhinus leucas,6185033442,64.9,29382.0,proximite_regionale,0,1,0,2026-03-28T17:16:06,https://www.gbif.org/occurrence/6185033442
1505,1944-01-20,1944,SOUTH AFRICA,KwaZulu-Natal,"North Beach, Durban",Body surfing,Unprovoked,-29.8467091,31.035303,Carcharodon carcharias,5938331810,416.47,,pas_de_proximite_100km,0,0,0,2026-01-03T05:09:36,https://www.gbif.org/occurrence/5938331810
1505,1944-01-20,1944,SOUTH AFRICA,KwaZulu-Natal,"North Beach, Durban",Body surfing,Unprovoked,-29.8467091,31.035303,Galeocerdo cuvier,5206523433,364.62,29798.0,pas_de_proximite_100km,0,0,0,2025-03-25T01:26:01,https://www.gbif.org/occurrence/5206523433
1505,1944-01-20,1944,SOUTH AFRICA,KwaZulu-Natal,"North Beach, Durban",Body surfing,Unprovoked,-29.8467091,31.035303,Rhincodon typus,6352311338,1226.48,1358701.0,pas_de_proximite_100km,0,0,0,2026-05-28,https://www.gbif.org/occurrence/6352311338
1514,1944-01-04,1944,SOUTH AFRICA,KwaZulu-Natal,"North Beach, Durban",Swimming,Unprovoked,-29.8467091,31.035303,Carcharhinus leucas,6185033442,64.9,29382.0,proximite_regionale,0,1,0,2026-03-28T17:16:06,https://www.gbif.org/occurrence/6185033442
1514,1944-01-04,1944,SOUTH AFRICA,KwaZulu-Natal,"North Beach, Durban",Swimming,Unprovoked,-29.8467091,31.035303,Carcharodon carcharias,5938331810,416.47,,pas_de_proximite_100km,0,0,0,2026-01-03T05:09:36,https://www.gbif.org/occurrence/5938331810
1514,1944-01-04,1944,SOUTH AFRICA,KwaZulu-Natal,"North Beach, Durban",Swimming,Unprovoked,-29.8467091,31.035303,Galeocerdo cuvier,5206523433,364.62,29798.0,pas_de_proximite_100km,0,0,0,2025-03-25T01:26:01,https://www.gbif.org/occurrence/5206523433
1514,1944-01-04,1944,SOUTH AFRICA,KwaZulu-Natal,"North Beach, Durban",Swimming,Unprovoked,-29.8467091,31.035303,Rhincodon typus,6352311338,1226.48,1358701.0,pas_de_proximite_100km,0,0,0,2026-05-28,https://www.gbif.org/occurrence/6352311338
1517,1945-01-01,1945,JAMAICA,,,Diving,Unprovoked,18.1850507,-77.3947693,Carcharhinus leucas,6178405378,762.18,70575.0,pas_de_proximite_100km,0,0,0,2026-02-18T16:22,https://www.gbif.org/occurrence/6178405378
1517,1945-01-01,1945,JAMAICA,,,Diving,Unprovoked,18.1850507,-77.3947693,Carcharodon carcharias,6441095820,1640.26,257.0,pas_de_proximite_100km,0,0,0,2026-03-27T20:47:37,https://www.gbif.org/occurrence/6441095820
1517,1945-01-01,1945,JAMAICA,,,Diving,Unprovoked,18.1850507,-77.3947693,Galeocerdo cuvier,6131322721,815.39,120467.0,pas_de_proximite_100km,0,0,0,2026-01-13,https://www.gbif.org/occurrence/6131322721
1517,1945-01-01,1945,JAMAICA,,,Diving,Unprovoked,18.1850507,-77.3947693,Rhincodon typus,6253026970,869.2,30069.0,pas_de_proximite_100km,0,0,0,2026-04-27T07:00,https://www.gbif.org/occurrence/6253026970
1538,1946-02-16,1946,SOUTH AFRICA,KwaZulu-Natal,"South Beach, Durban",Treading water,Unprovoked,-29.8620311,31.0374115,Carcharhinus leucas,6185033442,63.41,29382.0,proximite_regionale,0,1,0,2026-03-28T17:16:06,https://www.gbif.org/occurrence/6185033442
1538,1946-02-16,1946,SOUTH AFRICA,KwaZulu-Natal,"South Beach, Durban",Treading water,Unprovoked,-29.8620311,31.0374115,Carcharodon carcharias,5938331810,415.25,,pas_de_proximite_100km,0,0,0,2026-01-03T05:09:36,https://www.gbif.org/occurrence/5938331810
1538,1946-02-16,1946,SOUTH AFRICA,KwaZulu-Natal,"South Beach, Durban",Treading water,Unprovoked,-29.8620311,31.0374115,Galeocerdo cuvier,5206523433,366.0,29798.0,pas_de_proximite_100km,0,0,0,2025-03-25T01:26:01,https://www.gbif.org/occurrence/5206523433
1538,1946-02-16,1946,SOUTH AFRICA,KwaZulu-Natal,"South Beach, Durban",Treading water,Unprovoked,-29.8620311,31.0374115,Rhincodon typus,6352311338,1227.97,1358701.0,pas_de_proximite_100km,0,0,0,2026-05-28,https://www.gbif.org/occurrence/6352311338
1540,1946-01-07,1946,SOUTH AFRICA,Western Cape Province,False Bay,Jumping in swells,Unprovoked,-34.2270274,18.6554907,Carcharhinus leucas,6130149287,1184.19,29330.0,pas_de_proximite_100km,0,0,0,2026-01-10T07:45:33,https://www.gbif.org/occurrence/6130149287
1540,1946-01-07,1946,SOUTH AFRICA,Western Cape Province,False Bay,Jumping in swells,Unprovoked,-34.2270274,18.6554907,Carcharodon carcharias,6147654727,156.18,488.0,pas_de_proximite_100km,0,0,0,2026-01-31T19:40,https://www.gbif.org/occurrence/6147654727
1540,1946-01-07,1946,SOUTH AFRICA,Western Cape Province,False Bay,Jumping in swells,Unprovoked,-34.2270274,18.6554907,Galeocerdo cuvier,5206523433,1577.26,29798.0,pas_de_proximite_100km,0,0,0,2025-03-25T01:26:01,https://www.gbif.org/occurrence/5206523433
1540,1946-01-07,1946,SOUTH AFRICA,Western Cape Province,False Bay,Jumping in swells,Unprovoked,-34.2270274,18.6554907,Rhincodon typus,6352311338,2328.49,1358701.0,pas_de_proximite_100km,0,0,0,2026-05-28,https://www.gbif.org/occurrence/6352311338
1547,1946-01-17,1946,AUSTRALIA,Queensland,Townsville,Inconnue,Unprovoked,-19.2569391,146.8239537,Carcharhinus leucas,6171257530,104.07,4.0,pas_de_proximite_100km,0,0,0,2026-02-15T15:03:06,https://www.gbif.org/occurrence/6171257530
1547,1946-01-17,1946,AUSTRALIA,Queensland,Townsville,Inconnue,Unprovoked,-19.2569391,146.8239537,Carcharodon carcharias,6162878281,1368.0,7.0,pas_de_proximite_100km,0,0,0,2026-02-22T09:03:13,https://www.gbif.org/occurrence/6162878281
1547,1946-01-17,1946,AUSTRALIA,Queensland,Townsville,Inconnue,Unprovoked,-19.2569391,146.8239537,Galeocerdo cuvier,5108383412,301.5,30795.0,pas_de_proximite_100km,0,0,0,2025-03-28T11:40,https://www.gbif.org/occurrence/5108383412
1547,1946-01-17,1946,AUSTRALIA,Queensland,Townsville,Inconnue,Unprovoked,-19.2569391,146.8239537,Rhincodon typus,5938466615,370.02,30841.0,pas_de_proximite_100km,0,0,0,2026-01-03T11:33,https://www.gbif.org/occurrence/5938466615
1556,1946-01-01,1946,SOUTH AFRICA,Western Cape Province,Plettenberg Bay,Inconnue,Watercraft,-34.052778,23.369444,Carcharhinus leucas,6130149287,771.82,29330.0,pas_de_proximite_100km,0,0,0,2026-01-10T07:45:33,https://www.gbif.org/occurrence/6130149287
1556,1946-01-01,1946,SOUTH AFRICA,Western Cape Province,Plettenberg Bay,Inconnue,Watercraft,-34.052778,23.369444,Carcharodon carcharias,6131056188,105.25,4.0,pas_de_proximite_100km,0,0,0,2026-01-14T15:23:51,https://www.gbif.org/occurrence/6131056188
1556,1946-01-01,1946,SOUTH AFRICA,Western Cape Province,Plettenberg Bay,Inconnue,Watercraft,-34.052778,23.369444,Galeocerdo cuvier,5206523433,1200.28,29798.0,pas_de_proximite_100km,0,0,0,2025-03-25T01:26:01,https://www.gbif.org/occurrence/5206523433
1556,1946-01-01,1946,SOUTH AFRICA,Western Cape Province,Plettenberg Bay,Inconnue,Watercraft,-34.052778,23.369444,Rhincodon typus,6352311338,2007.26,1358701.0,pas_de_proximite_100km,0,0,0,2026-05-28,https://www.gbif.org/occurrence/6352311338
1560,1947-07-15,1947,SOUTH AFRICA,KwaZulu-Natal,"North Beach, Durban",Swimming,Unprovoked,-29.8467091,31.035303,Carcharhinus leucas,6185033442,64.9,29382.0,proximite_regionale,0,1,0,2026-03-28T17:16:06,https://www.gbif.org/occurrence/6185033442
1560,1947-07-15,1947,SOUTH AFRICA,KwaZulu-Natal,"North Beach, Durban",Swimming,Unprovoked,-29.8467091,31.035303,Carcharodon carcharias,5938331810,416.47,,pas_de_proximite_100km,0,0,0,2026-01-03T05:09:36,https://www.gbif.org/occurrence/5938331810
1560,1947-07-15,1947,SOUTH AFRICA,KwaZulu-Natal,"North Beach, Durban",Swimming,Unprovoked,-29.8467091,31.035303,Galeocerdo cuvier,5206523433,364.62,29798.0,pas_de_proximite_100km,0,0,0,2025-03-25T01:26:01,https://www.gbif.org/occurrence/5206523433
1560,1947-07-15,1947,SOUTH AFRICA,KwaZulu-Natal,"North Beach, Durban",Swimming,Unprovoked,-29.8467091,31.035303,Rhincodon typus,6352311338,1226.48,1358701.0,pas_de_proximite_100km,0,0,0,2026-05-28,https://www.gbif.org/occurrence/6352311338
1563,1947-01-05,1947,SOUTH AFRICA,KwaZulu-Natal,"Country Club Beach, Durban",Treading water,Unprovoked,-29.829354,31.0368231,Carcharhinus leucas,6185033442,66.74,29382.0,proximite_regionale,0,1,0,2026-03-28T17:16:06,https://www.gbif.org/occurrence/6185033442
1563,1947-01-05,1947,SOUTH AFRICA,KwaZulu-Natal,"Country Club Beach, Durban",Treading water,Unprovoked,-29.829354,31.0368231,Carcharodon carcharias,5938331810,418.09,,pas_de_proximite_100km,0,0,0,2026-01-03T05:09:36,https://www.gbif.org/occurrence/5938331810
1563,1947-01-05,1947,SOUTH AFRICA,KwaZulu-Natal,"Country Club Beach, Durban",Treading water,Unprovoked,-29.829354,31.0368231,Galeocerdo cuvier,5206523433,362.87,29798.0,pas_de_proximite_100km,0,0,0,2025-03-25T01:26:01,https://www.gbif.org/occurrence/5206523433
1563,1947-01-05,1947,SOUTH AFRICA,KwaZulu-Natal,"Country Club Beach, Durban",Treading water,Unprovoked,-29.829354,31.0368231,Rhincodon typus,6352311338,1224.64,1358701.0,pas_de_proximite_100km,0,0,0,2026-05-28,https://www.gbif.org/occurrence/6352311338
1568,1947-12-15,1947,SOUTH AFRICA,KwaZulu-Natal,Durban,Inconnue,Invalid,-29.8618145,31.009909,Carcharhinus leucas,6185033442,62.42,29382.0,proximite_regionale,0,1,0,2026-03-28T17:16:06,https://www.gbif.org/occurrence/6185033442
1568,1947-12-15,1947,SOUTH AFRICA,KwaZulu-Natal,Durban,Inconnue,Invalid,-29.8618145,31.009909,Carcharodon carcharias,5938331810,413.65,,pas_de_proximite_100km,0,0,0,2026-01-03T05:09:36,https://www.gbif.org/occurrence/5938331810
1568,1947-12-15,1947,SOUTH AFRICA,KwaZulu-Natal,Durban,Inconnue,Invalid,-29.8618145,31.009909,Galeocerdo cuvier,5206523433,367.29,29798.0,pas_de_proximite_100km,0,0,0,2025-03-25T01:26:01,https://www.gbif.org/occurrence/5206523433
1568,1947-12-15,1947,SOUTH AFRICA,KwaZulu-Natal,Durban,Inconnue,Invalid,-29.8618145,31.009909,Rhincodon typus,6352311338,1228.98,1358701.0,pas_de_proximite_100km,0,0,0,2026-05-28,https://www.gbif.org/occurrence/6352311338
1569,1947-03-09,1947,SOUTH AFRICA,KwaZulu-Natal,"Country Club Beach, Durban",Treading water,Unprovoked,-29.829354,31.0368231,Carcharhinus leucas,6185033442,66.74,29382.0,proximite_regionale,0,1,0,2026-03-28T17:16:06,https://www.gbif.org/occurrence/6185033442
1569,1947-03-09,1947,SOUTH AFRICA,KwaZulu-Natal,"Country Club Beach, Durban",Treading water,Unprovoked,-29.829354,31.0368231,Carcharodon carcharias,5938331810,418.09,,pas_de_proximite_100km,0,0,0,2026-01-03T05:09:36,https://www.gbif.org/occurrence/5938331810
1569,1947-03-09,1947,SOUTH AFRICA,KwaZulu-Natal,"Country Club Beach, Durban",Treading water,Unprovoked,-29.829354,31.0368231,Galeocerdo cuvier,5206523433,362.87,29798.0,pas_de_proximite_100km,0,0,0,2025-03-25T01:26:01,https://www.gbif.org/occurrence/5206523433
1569,1947-03-09,1947,SOUTH AFRICA,KwaZulu-Natal,"Country Club Beach, Durban",Treading water,Unprovoked,-29.829354,31.0368231,Rhincodon typus,6352311338,1224.64,1358701.0,pas_de_proximite_100km,0,0,0,2026-05-28,https://www.gbif.org/occurrence/6352311338
1570,1947-06-16,1947,AUSTRALIA,New South Wales,Coogee,Fishing,Watercraft,-33.9217004,151.2557975,Carcharhinus leucas,6481240461,20.81,17.0,proximite_forte,1,1,0,2026-01-22T00:00,https://www.gbif.org/occurrence/6481240461
1570,1947-06-16,1947,AUSTRALIA,New South Wales,Coogee,Fishing,Watercraft,-33.9217004,151.2557975,Carcharodon carcharias,6159298926,246.02,,pas_de_proximite_100km,0,0,0,2026-02-03T04:38:07,https://www.gbif.org/occurrence/6159298926
1570,1947-06-16,1947,AUSTRALIA,New South Wales,Coogee,Fishing,Watercraft,-33.9217004,151.2557975,Galeocerdo cuvier,6133086834,667.59,5.0,pas_de_proximite_100km,0,0,0,2026-02-02T13:14:46,https://www.gbif.org/occurrence/6133086834
1570,1947-06-16,1947,AUSTRALIA,New South Wales,Coogee,Fishing,Watercraft,-33.9217004,151.2557975,Rhincodon typus,6235620031,2044.54,28818.0,pas_de_proximite_100km,0,0,0,2026-02-19T12:26,https://www.gbif.org/occurrence/6235620031
1575,1947-03-12,1947,SOUTH AFRICA,KwaZulu-Natal,"Country Club Beach, Durban",Wading,Unprovoked,-29.829354,31.0368231,Carcharhinus leucas,6185033442,66.74,29382.0,proximite_regionale,0,1,0,2026-03-28T17:16:06,https://www.gbif.org/occurrence/6185033442
1575,1947-03-12,1947,SOUTH AFRICA,KwaZulu-Natal,"Country Club Beach, Durban",Wading,Unprovoked,-29.829354,31.0368231,Carcharodon carcharias,5938331810,418.09,,pas_de_proximite_100km,0,0,0,2026-01-03T05:09:36,https://www.gbif.org/occurrence/5938331810
1575,1947-03-12,1947,SOUTH AFRICA,KwaZulu-Natal,"Country Club Beach, Durban",Wading,Unprovoked,-29.829354,31.0368231,Galeocerdo cuvier,5206523433,362.87,29798.0,pas_de_proximite_100km,0,0,0,2025-03-25T01:26:01,https://www.gbif.org/occurrence/5206523433
1575,1947-03-12,1947,SOUTH AFRICA,KwaZulu-Natal,"Country Club Beach, Durban",Wading,Unprovoked,-29.829354,31.0368231,Rhincodon typus,6352311338,1224.64,1358701.0,pas_de_proximite_100km,0,0,0,2026-05-28,https://www.gbif.org/occurrence/6352311338
1579,1947-11-01,1947,AUSTRALIA,Queensland,Moreton Bay,Inconnue,Unprovoked,-27.2397819,153.2539994,Carcharhinus leucas,6519486079,18.15,2519.0,proximite_forte,2,7,5,2026-03-20T23:00:36,https://www.gbif.org/occurrence/6519486079
1579,1947-11-01,1947,AUSTRALIA,Queensland,Moreton Bay,Inconnue,Unprovoked,-27.2397819,153.2539994,Carcharodon carcharias,6162878281,319.5,7.0,pas_de_proximite_100km,0,0,0,2026-02-22T09:03:13,https://www.gbif.org/occurrence/6162878281
1579,1947-11-01,1947,AUSTRALIA,Queensland,Moreton Bay,Inconnue,Unprovoked,-27.2397819,153.2539994,Galeocerdo cuvier,6133086834,117.89,5.0,pas_de_proximite_100km,0,0,0,2026-02-02T13:14:46,https://www.gbif.org/occurrence/6133086834
1579,1947-11-01,1947,AUSTRALIA,Queensland,Moreton Bay,Inconnue,Unprovoked,-27.2397819,153.2539994,Rhincodon typus,5938466615,1459.57,30841.0,pas_de_proximite_100km,0,0,0,2026-01-03T11:33,https://www.gbif.org/occurrence/5938466615
1580,1947-04-20,1947,SOUTH AFRICA,KwaZulu-Natal,"Country Club Beach, Durban",Treading water,Unprovoked,-29.829354,31.0368231,Carcharhinus leucas,6185033442,66.74,29382.0,proximite_regionale,0,1,0,2026-03-28T17:16:06,https://www.gbif.org/occurrence/6185033442
1580,1947-04-20,1947,SOUTH AFRICA,KwaZulu-Natal,"Country Club Beach, Durban",Treading water,Unprovoked,-29.829354,31.0368231,Carcharodon carcharias,5938331810,418.09,,pas_de_proximite_100km,0,0,0,2026-01-03T05:09:36,https://www.gbif.org/occurrence/5938331810
1580,1947-04-20,1947,SOUTH AFRICA,KwaZulu-Natal,"Country Club Beach, Durban",Treading water,Unprovoked,-29.829354,31.0368231,Galeocerdo cuvier,5206523433,362.87,29798.0,pas_de_proximite_100km,0,0,0,2025-03-25T01:26:01,https://www.gbif.org/occurrence/5206523433
1580,1947-04-20,1947,SOUTH AFRICA,KwaZulu-Natal,"Country Club Beach, Durban",Treading water,Unprovoked,-29.829354,31.0368231,Rhincodon typus,6352311338,1224.64,1358701.0,pas_de_proximite_100km,0,0,0,2026-05-28,https://www.gbif.org/occurrence/6352311338
1581,1947-10-10,1947,BRAZIL,Pernambuco,Piedade,Swimming,Unprovoked,-8.1756855,-34.9187594,Carcharhinus leucas,6236098602,4993.37,31271.0,pas_de_proximite_100km,0,0,0,2026-04-26T14:30,https://www.gbif.org/occurrence/6236098602
1581,1947-10-10,1947,BRAZIL,Pernambuco,Piedade,Swimming,Unprovoked,-8.1756855,-34.9187594,Carcharodon carcharias,6147654727,6330.83,488.0,pas_de_proximite_100km,0,0,0,2026-01-31T19:40,https://www.gbif.org/occurrence/6147654727
1581,1947-10-10,1947,BRAZIL,Pernambuco,Piedade,Swimming,Unprovoked,-8.1756855,-34.9187594,Galeocerdo cuvier,5087661144,1757.51,30278.0,pas_de_proximite_100km,0,0,0,2025-03-08T07:14:31,https://www.gbif.org/occurrence/5087661144
1581,1947-10-10,1947,BRAZIL,Pernambuco,Piedade,Swimming,Unprovoked,-8.1756855,-34.9187594,Rhincodon typus,6252804893,1801.97,30237.0,pas_de_proximite_100km,0,0,0,2026-04-24T15:08,https://www.gbif.org/occurrence/6252804893
1607,1948-01-01,1948,SOUTH AFRICA,Western Cape Province,False Bay,Fishing,Watercraft,-34.2270274,18.6554907,Carcharhinus leucas,6130149287,1184.19,29330.0,pas_de_proximite_100km,0,0,0,2026-01-10T07:45:33,https://www.gbif.org/occurrence/6130149287
1607,1948-01-01,1948,SOUTH AFRICA,Western Cape Province,False Bay,Fishing,Watercraft,-34.2270274,18.6554907,Carcharodon carcharias,6147654727,156.18,488.0,pas_de_proximite_100km,0,0,0,2026-01-31T19:40,https://www.gbif.org/occurrence/6147654727
1607,1948-01-01,1948,SOUTH AFRICA,Western Cape Province,False Bay,Fishing,Watercraft,-34.2270274,18.6554907,Galeocerdo cuvier,5206523433,1577.26,29798.0,pas_de_proximite_100km,0,0,0,2025-03-25T01:26:01,https://www.gbif.org/occurrence/5206523433
1607,1948-01-01,1948,SOUTH AFRICA,Western Cape Province,False Bay,Fishing,Watercraft,-34.2270274,18.6554907,Rhincodon typus,6352311338,2328.49,1358701.0,pas_de_proximite_100km,0,0,0,2026-05-28,https://www.gbif.org/occurrence/6352311338
1658,1950-03-08,1950,SOUTH AFRICA,KwaZulu-Natal,"North Beach, Durban",Lifesaving drill,Unprovoked,-29.8467091,31.035303,Carcharhinus leucas,6185033442,64.9,29382.0,proximite_regionale,0,1,0,2026-03-28T17:16:06,https://www.gbif.org/occurrence/6185033442
1658,1950-03-08,1950,SOUTH AFRICA,KwaZulu-Natal,"North Beach, Durban",Lifesaving drill,Unprovoked,-29.8467091,31.035303,Carcharodon carcharias,5938331810,416.47,,pas_de_proximite_100km,0,0,0,2026-01-03T05:09:36,https://www.gbif.org/occurrence/5938331810
1658,1950-03-08,1950,SOUTH AFRICA,KwaZulu-Natal,"North Beach, Durban",Lifesaving drill,Unprovoked,-29.8467091,31.035303,Galeocerdo cuvier,5206523433,364.62,29798.0,pas_de_proximite_100km,0,0,0,2025-03-25T01:26:01,https://www.gbif.org/occurrence/5206523433
1658,1950-03-08,1950,SOUTH AFRICA,KwaZulu-Natal,"North Beach, Durban",Lifesaving drill,Unprovoked,-29.8467091,31.035303,Rhincodon typus,6352311338,1226.48,1358701.0,pas_de_proximite_100km,0,0,0,2026-05-28,https://www.gbif.org/occurrence/6352311338
1680,1950-01-01,1950,USA,Florida,"Jacksonville Beach, Duval County",Standing,Unprovoked,30.2946859,-81.3931396,Carcharhinus leucas,6133570230,141.6,29533.0,pas_de_proximite_100km,0,0,0,2026-01-28T17:22:37,https://www.gbif.org/occurrence/6133570230
1680,1950-01-01,1950,USA,Florida,"Jacksonville Beach, Duval County",Standing,Unprovoked,30.2946859,-81.3931396,Carcharodon carcharias,6441095820,314.31,257.0,pas_de_proximite_100km,0,0,0,2026-03-27T20:47:37,https://www.gbif.org/occurrence/6441095820
1680,1950-01-01,1950,USA,Florida,"Jacksonville Beach, Duval County",Standing,Unprovoked,30.2946859,-81.3931396,Galeocerdo cuvier,6399953055,53.35,29433.0,proximite_regionale,0,1,0,2026-06-07T17:14:40,https://www.gbif.org/occurrence/6399953055
1680,1950-01-01,1950,USA,Florida,"Jacksonville Beach, Duval County",Standing,Unprovoked,30.2946859,-81.3931396,Rhincodon typus,6253026970,639.65,30069.0,pas_de_proximite_100km,0,0,0,2026-04-27T07:00,https://www.gbif.org/occurrence/6253026970
1688,1950-02-11,1950,SOUTH AFRICA,KwaZulu-Natal,"South Beach, Durban",Body surfing,Unprovoked,-29.8620311,31.0374115,Carcharhinus leucas,6185033442,63.41,29382.0,proximite_regionale,0,1,0,2026-03-28T17:16:06,https://www.gbif.org/occurrence/6185033442
1688,1950-02-11,1950,SOUTH AFRICA,KwaZulu-Natal,"South Beach, Durban",Body surfing,Unprovoked,-29.8620311,31.0374115,Carcharodon carcharias,5938331810,415.25,,pas_de_proximite_100km,0,0,0,2026-01-03T05:09:36,https://www.gbif.org/occurrence/5938331810
1688,1950-02-11,1950,SOUTH AFRICA,KwaZulu-Natal,"South Beach, Durban",Body surfing,Unprovoked,-29.8620311,31.0374115,Galeocerdo cuvier,5206523433,366.0,29798.0,pas_de_proximite_100km,0,0,0,2025-03-25T01:26:01,https://www.gbif.org/occurrence/5206523433
1688,1950-02-11,1950,SOUTH AFRICA,KwaZulu-Natal,"South Beach, Durban",Body surfing,Unprovoked,-29.8620311,31.0374115,Rhincodon typus,6352311338,1227.97,1358701.0,pas_de_proximite_100km,0,0,0,2026-05-28,https://www.gbif.org/occurrence/6352311338
1699,1951-11-28,1951,SOUTH AFRICA,KwaZulu-Natal,Winkelspruit,Treading water,Unprovoked,-30.0986562,30.8565232,Carcharhinus leucas,6185033442,32.78,29382.0,proximite_regionale,0,2,0,2026-03-28T17:16:06,https://www.gbif.org/occurrence/6185033442
1699,1951-11-28,1951,SOUTH AFRICA,KwaZulu-Natal,Winkelspruit,Treading water,Unprovoked,-30.0986562,30.8565232,Carcharodon carcharias,5938331810,383.8,,pas_de_proximite_100km,0,0,0,2026-01-03T05:09:36,https://www.gbif.org/occurrence/5938331810
1699,1951-11-28,1951,SOUTH AFRICA,KwaZulu-Natal,Winkelspruit,Treading water,Unprovoked,-30.0986562,30.8565232,Galeocerdo cuvier,5206523433,397.49,29798.0,pas_de_proximite_100km,0,0,0,2025-03-25T01:26:01,https://www.gbif.org/occurrence/5206523433
1699,1951-11-28,1951,SOUTH AFRICA,KwaZulu-Natal,Winkelspruit,Treading water,Unprovoked,-30.0986562,30.8565232,Rhincodon typus,6352311338,1259.0,1358701.0,pas_de_proximite_100km,0,0,0,2026-05-28,https://www.gbif.org/occurrence/6352311338
1709,1951-03-24,1951,AUSTRALIA,New South Wales,Sydney,"Fishing, casting in the surf",Unprovoked,-33.8698439,151.2082848,Carcharhinus leucas,6481240461,14.31,17.0,proximite_forte,1,1,0,2026-01-22T00:00,https://www.gbif.org/occurrence/6481240461
1709,1951-03-24,1951,AUSTRALIA,New South Wales,Sydney,"Fishing, casting in the surf",Unprovoked,-33.8698439,151.2082848,Carcharodon carcharias,6159298926,249.62,,pas_de_proximite_100km,0,0,0,2026-02-03T04:38:07,https://www.gbif.org/occurrence/6159298926
1709,1951-03-24,1951,AUSTRALIA,New South Wales,Sydney,"Fishing, casting in the surf",Unprovoked,-33.8698439,151.2082848,Galeocerdo cuvier,6133086834,663.7,5.0,pas_de_proximite_100km,0,0,0,2026-02-02T13:14:46,https://www.gbif.org/occurrence/6133086834
1709,1951-03-24,1951,AUSTRALIA,New South Wales,Sydney,"Fishing, casting in the surf",Unprovoked,-33.8698439,151.2082848,Rhincodon typus,6235620031,2049.71,28818.0,pas_de_proximite_100km,0,0,0,2026-02-19T12:26,https://www.gbif.org/occurrence/6235620031
1710,1951-11-29,1951,SOUTH AFRICA,KwaZulu-Natal,"South Beach, Durban",Swimming,Unprovoked,-29.8620311,31.0374115,Carcharhinus leucas,6185033442,63.41,29382.0,proximite_regionale,0,1,0,2026-03-28T17:16:06,https://www.gbif.org/occurrence/6185033442
1710,1951-11-29,1951,SOUTH AFRICA,KwaZulu-Natal,"South Beach, Durban",Swimming,Unprovoked,-29.8620311,31.0374115,Carcharodon carcharias,5938331810,415.25,,pas_de_proximite_100km,0,0,0,2026-01-03T05:09:36,https://www.gbif.org/occurrence/5938331810
1710,1951-11-29,1951,SOUTH AFRICA,KwaZulu-Natal,"South Beach, Durban",Swimming,Unprovoked,-29.8620311,31.0374115,Galeocerdo cuvier,5206523433,366.0,29798.0,pas_de_proximite_100km,0,0,0,2025-03-25T01:26:01,https://www.gbif.org/occurrence/5206523433
1710,1951-11-29,1951,SOUTH AFRICA,KwaZulu-Natal,"South Beach, Durban",Swimming,Unprovoked,-29.8620311,31.0374115,Rhincodon typus,6352311338,1227.97,1358701.0,pas_de_proximite_100km,0,0,0,2026-05-28,https://www.gbif.org/occurrence/6352311338
1719,1951-03-15,1951,SOUTH AFRICA,KwaZulu-Natal,"South Beach, Durban",Body surfing,Unprovoked,-29.8620311,31.0374115,Carcharhinus leucas,6185033442,63.41,29382.0,proximite_regionale,0,1,0,2026-03-28T17:16:06,https://www.gbif.org/occurrence/6185033442
1719,1951-03-15,1951,SOUTH AFRICA,KwaZulu-Natal,"South Beach, Durban",Body surfing,Unprovoked,-29.8620311,31.0374115,Carcharodon carcharias,5938331810,415.25,,pas_de_proximite_100km,0,0,0,2026-01-03T05:09:36,https://www.gbif.org/occurrence/5938331810
1719,1951-03-15,1951,SOUTH AFRICA,KwaZulu-Natal,"South Beach, Durban",Body surfing,Unprovoked,-29.8620311,31.0374115,Galeocerdo cuvier,5206523433,366.0,29798.0,pas_de_proximite_100km,0,0,0,2025-03-25T01:26:01,https://www.gbif.org/occurrence/5206523433
1719,1951-03-15,1951,SOUTH AFRICA,KwaZulu-Natal,"South Beach, Durban",Body surfing,Unprovoked,-29.8620311,31.0374115,Rhincodon typus,6352311338,1227.97,1358701.0,pas_de_proximite_100km,0,0,0,2026-05-28,https://www.gbif.org/occurrence/6352311338
1750,1953-07-15,1953,USA,Florida,"Juno Beach, Palm Beach County",Standing,Unprovoked,26.8815475,-80.0539253,Carcharhinus leucas,6236036723,0.69,29798.0,proximite_forte,5,11,2,2026-03-27T15:00,https://www.gbif.org/occurrence/6236036723
1750,1953-07-15,1953,USA,Florida,"Juno Beach, Palm Beach County",Standing,Unprovoked,26.8815475,-80.0539253,Carcharodon carcharias,6441095820,655.91,257.0,pas_de_proximite_100km,0,0,0,2026-03-27T20:47:37,https://www.gbif.org/occurrence/6441095820
1750,1953-07-15,1953,USA,Florida,"Juno Beach, Palm Beach County",Standing,Unprovoked,26.8815475,-80.0539253,Galeocerdo cuvier,6235030691,10.35,29798.0,proximite_forte,1,2,0,2026-04-25T11:55,https://www.gbif.org/occurrence/6235030691
1750,1953-07-15,1953,USA,Florida,"Juno Beach, Palm Beach County",Standing,Unprovoked,26.8815475,-80.0539253,Rhincodon typus,6253026970,334.38,30069.0,pas_de_proximite_100km,0,0,0,2026-04-27T07:00,https://www.gbif.org/occurrence/6253026970
1754,1953-02-01,1953,AUSTRALIA,,,Spearfishing,Unprovoked,-24.7761086,134.755,Carcharhinus leucas,6431650862,901.89,21.0,pas_de_proximite_100km,0,0,0,2026-05-18T08:21:34,https://www.gbif.org/occurrence/6431650862
1754,1953-02-01,1953,AUSTRALIA,,,Spearfishing,Unprovoked,-24.7761086,134.755,Carcharodon carcharias,6431152356,1104.64,5811.0,pas_de_proximite_100km,0,0,0,2026-05-28T10:40,https://www.gbif.org/occurrence/6431152356
1754,1953-02-01,1953,AUSTRALIA,,,Spearfishing,Unprovoked,-24.7761086,134.755,Galeocerdo cuvier,6353074074,1445.08,30810.0,pas_de_proximite_100km,0,0,0,2026-05-25T07:12,https://www.gbif.org/occurrence/6353074074
1754,1953-02-01,1953,AUSTRALIA,,,Spearfishing,Unprovoked,-24.7761086,134.755,Rhincodon typus,5938466615,1503.85,30841.0,pas_de_proximite_100km,0,0,0,2026-01-03T11:33,https://www.gbif.org/occurrence/5938466615
1763,1953-12-22,1953,SOUTH AFRICA,Eastern Cape Province,Port Elizabeth,Swimming,Unprovoked,-33.9618598,25.6186731,Carcharhinus leucas,6130149287,589.15,29330.0,pas_de_proximite_100km,0,0,0,2026-01-10T07:45:33,https://www.gbif.org/occurrence/6130149287
1763,1953-12-22,1953,SOUTH AFRICA,Eastern Cape Province,Port Elizabeth,Swimming,Unprovoked,-33.9618598,25.6186731,Carcharodon carcharias,6480081628,260.96,29039.0,pas_de_proximite_100km,0,0,0,2026-01-19T13:45:33,https://www.gbif.org/occurrence/6480081628
1763,1953-12-22,1953,SOUTH AFRICA,Eastern Cape Province,Port Elizabeth,Swimming,Unprovoked,-33.9618598,25.6186731,Galeocerdo cuvier,5206523433,1039.94,29798.0,pas_de_proximite_100km,0,0,0,2025-03-25T01:26:01,https://www.gbif.org/occurrence/5206523433
1763,1953-12-22,1953,SOUTH AFRICA,Eastern Cape Province,Port Elizabeth,Swimming,Unprovoked,-33.9618598,25.6186731,Rhincodon typus,6352311338,1874.15,1358701.0,pas_de_proximite_100km,0,0,0,2026-05-28,https://www.gbif.org/occurrence/6352311338
1773,1953-01-01,1953,AUSTRALIA,,,Spearfishing,Unprovoked,-24.7761086,134.755,Carcharhinus leucas,6431650862,901.89,21.0,pas_de_proximite_100km,0,0,0,2026-05-18T08:21:34,https://www.gbif.org/occurrence/6431650862
1773,1953-01-01,1953,AUSTRALIA,,,Spearfishing,Unprovoked,-24.7761086,134.755,Carcharodon carcharias,6431152356,1104.64,5811.0,pas_de_proximite_100km,0,0,0,2026-05-28T10:40,https://www.gbif.org/occurrence/6431152356
1773,1953-01-01,1953,AUSTRALIA,,,Spearfishing,Unprovoked,-24.7761086,134.755,Galeocerdo cuvier,6353074074,1445.08,30810.0,pas_de_proximite_100km,0,0,0,2026-05-25T07:12,https://www.gbif.org/occurrence/6353074074
1773,1953-01-01,1953,AUSTRALIA,,,Spearfishing,Unprovoked,-24.7761086,134.755,Rhincodon typus,5938466615,1503.85,30841.0,pas_de_proximite_100km,0,0,0,2026-01-03T11:33,https://www.gbif.org/occurrence/5938466615
1783,1953-01-01,1953,USA,Florida,"Juno Beach, Palm Beach County",Standing,Unprovoked,26.8815475,-80.0539253,Carcharhinus leucas,6236036723,0.69,29798.0,proximite_forte,5,11,2,2026-03-27T15:00,https://www.gbif.org/occurrence/6236036723
1783,1953-01-01,1953,USA,Florida,"Juno Beach, Palm Beach County",Standing,Unprovoked,26.8815475,-80.0539253,Carcharodon carcharias,6441095820,655.91,257.0,pas_de_proximite_100km,0,0,0,2026-03-27T20:47:37,https://www.gbif.org/occurrence/6441095820
1783,1953-01-01,1953,USA,Florida,"Juno Beach, Palm Beach County",Standing,Unprovoked,26.8815475,-80.0539253,Galeocerdo cuvier,6235030691,10.35,29798.0,proximite_forte,1,2,0,2026-04-25T11:55,https://www.gbif.org/occurrence/6235030691
1783,1953-01-01,1953,USA,Florida,"Juno Beach, Palm Beach County",Standing,Unprovoked,26.8815475,-80.0539253,Rhincodon typus,6253026970,334.38,30069.0,pas_de_proximite_100km,0,0,0,2026-04-27T07:00,https://www.gbif.org/occurrence/6253026970
1826,1954-07-04,1954,USA,Florida,Florida Keys,Inconnue,Unprovoked,24.6736205,-81.4981792,Carcharhinus leucas,6273845090,7.22,30047.0,proximite_forte,2,5,3,2026-04-24T11:59,https://www.gbif.org/occurrence/6273845090
1826,1954-07-04,1954,USA,Florida,Florida Keys,Inconnue,Unprovoked,24.6736205,-81.4981792,Carcharodon carcharias,6400039718,825.73,49.0,pas_de_proximite_100km,0,0,0,2026-02-25T14:55,https://www.gbif.org/occurrence/6400039718
1826,1954-07-04,1954,USA,Florida,Florida Keys,Inconnue,Unprovoked,24.6736205,-81.4981792,Galeocerdo cuvier,5133758058,53.51,30025.0,proximite_regionale,0,1,0,2025-03-01T13:40,https://www.gbif.org/occurrence/5133758058
1826,1954-07-04,1954,USA,Florida,Florida Keys,Inconnue,Unprovoked,24.6736205,-81.4981792,Rhincodon typus,6253026970,72.94,30069.0,proximite_regionale,0,1,0,2026-04-27T07:00,https://www.gbif.org/occurrence/6253026970
1871,1955-01-01,1955,USA,Florida,"Vero Beach, Indian River County",Inconnue,Unprovoked,27.6387163,-80.3975399,Carcharhinus leucas,6499859773,13.03,29704.0,proximite_forte,2,8,4,2026-07-14T11:25:55,https://www.gbif.org/occurrence/6499859773
1871,1955-01-01,1955,USA,Florida,"Vero Beach, Indian River County",Inconnue,Unprovoked,27.6387163,-80.3975399,Carcharodon carcharias,6441095820,574.11,257.0,pas_de_proximite_100km,0,0,0,2026-03-27T20:47:37,https://www.gbif.org/occurrence/6441095820
1871,1955-01-01,1955,USA,Florida,"Vero Beach, Indian River County",Inconnue,Unprovoked,27.6387163,-80.3975399,Galeocerdo cuvier,6235030691,81.45,29798.0,proximite_regionale,0,1,0,2026-04-25T11:55,https://www.gbif.org/occurrence/6235030691
1871,1955-01-01,1955,USA,Florida,"Vero Beach, Indian River County",Inconnue,Unprovoked,27.6387163,-80.3975399,Rhincodon typus,6253026970,384.59,30069.0,pas_de_proximite_100km,0,0,0,2026-04-27T07:00,https://www.gbif.org/occurrence/6253026970
1877,1956-05-26,1956,SOUTH AFRICA,Western Cape Province,Plettenberg Bay,Fishing,Watercraft,-34.052778,23.369444,Carcharhinus leucas,6130149287,771.82,29330.0,pas_de_proximite_100km,0,0,0,2026-01-10T07:45:33,https://www.gbif.org/occurrence/6130149287
1877,1956-05-26,1956,SOUTH AFRICA,Western Cape Province,Plettenberg Bay,Fishing,Watercraft,-34.052778,23.369444,Carcharodon carcharias,6131056188,105.25,4.0,pas_de_proximite_100km,0,0,0,2026-01-14T15:23:51,https://www.gbif.org/occurrence/6131056188
1877,1956-05-26,1956,SOUTH AFRICA,Western Cape Province,Plettenberg Bay,Fishing,Watercraft,-34.052778,23.369444,Galeocerdo cuvier,5206523433,1200.28,29798.0,pas_de_proximite_100km,0,0,0,2025-03-25T01:26:01,https://www.gbif.org/occurrence/5206523433
1877,1956-05-26,1956,SOUTH AFRICA,Western Cape Province,Plettenberg Bay,Fishing,Watercraft,-34.052778,23.369444,Rhincodon typus,6352311338,2007.26,1358701.0,pas_de_proximite_100km,0,0,0,2026-05-28,https://www.gbif.org/occurrence/6352311338
1882,1956-07-12,1956,USA,South Carolina,"Isle of Palms, Charleston County",Swimming,Unprovoked,32.7867697,-79.7880359,Carcharhinus leucas,6130999421,419.72,29533.0,pas_de_proximite_100km,0,0,0,2026-01-17T15:30:29,https://www.gbif.org/occurrence/6130999421
1882,1956-07-12,1956,USA,South Carolina,"Isle of Palms, Charleston County",Swimming,Unprovoked,32.7867697,-79.7880359,Carcharodon carcharias,6441095820,1.98,257.0,proximite_forte,1,2,0,2026-03-27T20:47:37,https://www.gbif.org/occurrence/6441095820
1882,1956-07-12,1956,USA,South Carolina,"Isle of Palms, Charleston County",Swimming,Unprovoked,32.7867697,-79.7880359,Galeocerdo cuvier,6399752821,165.62,28902.0,pas_de_proximite_100km,0,0,0,2026-06-04T11:19,https://www.gbif.org/occurrence/6399752821
1882,1956-07-12,1956,USA,South Carolina,"Isle of Palms, Charleston County",Swimming,Unprovoked,32.7867697,-79.7880359,Rhincodon typus,6253026970,941.73,30069.0,pas_de_proximite_100km,0,0,0,2026-04-27T07:00,https://www.gbif.org/occurrence/6253026970
1883,1956-09-23,1956,USA,Florida,"Daytona Beach, Volusia County",Surf fishing,Unprovoked,29.2108147,-81.0228331,Carcharhinus leucas,6133570230,19.73,29533.0,proximite_forte,2,2,2,2026-01-28T17:22:37,https://www.gbif.org/occurrence/6133570230
1883,1956-09-23,1956,USA,Florida,"Daytona Beach, Volusia County",Surf fishing,Unprovoked,29.2108147,-81.0228331,Carcharodon carcharias,6441095820,413.1,257.0,pas_de_proximite_100km,0,0,0,2026-03-27T20:47:37,https://www.gbif.org/occurrence/6441095820
1883,1956-09-23,1956,USA,Florida,"Daytona Beach, Volusia County",Surf fishing,Unprovoked,29.2108147,-81.0228331,Galeocerdo cuvier,6399953055,72.96,29433.0,proximite_regionale,0,1,0,2026-06-07T17:14:40,https://www.gbif.org/occurrence/6399953055
1883,1956-09-23,1956,USA,Florida,"Daytona Beach, Volusia County",Surf fishing,Unprovoked,29.2108147,-81.0228331,Rhincodon typus,6253026970,527.37,30069.0,pas_de_proximite_100km,0,0,0,2026-04-27T07:00,https://www.gbif.org/occurrence/6253026970
1915,1956-05-01,1956,AUSTRALIA,Torres Strait,,Diving,Unprovoked,-10.416667,142.166667,Carcharhinus leucas,6431650862,901.63,21.0,pas_de_proximite_100km,0,0,0,2026-05-18T08:21:34,https://www.gbif.org/occurrence/6431650862
1915,1956-05-01,1956,AUSTRALIA,Torres Strait,,Diving,Unprovoked,-10.416667,142.166667,Carcharodon carcharias,6162878281,2470.79,7.0,pas_de_proximite_100km,0,0,0,2026-02-22T09:03:13,https://www.gbif.org/occurrence/6162878281
1915,1956-05-01,1956,AUSTRALIA,Torres Strait,,Diving,Unprovoked,-10.416667,142.166667,Galeocerdo cuvier,5153428688,175.91,4.0,pas_de_proximite_100km,0,0,0,2025-05-04T09:55:26,https://www.gbif.org/occurrence/5153428688
1915,1956-05-01,1956,AUSTRALIA,Torres Strait,,Diving,Unprovoked,-10.416667,142.166667,Rhincodon typus,5938466615,742.42,30841.0,pas_de_proximite_100km,0,0,0,2026-01-03T11:33,https://www.gbif.org/occurrence/5938466615
1929,1957-04-22,1957,USA,Florida,"Ormond Beach, Volusia County",Standing,Provoked,29.2854132,-81.0557921,Carcharhinus leucas,6133570230,27.53,29533.0,proximite_regionale,0,2,2,2026-01-28T17:22:37,https://www.gbif.org/occurrence/6133570230
1929,1957-04-22,1957,USA,Florida,"Ormond Beach, Volusia County",Standing,Provoked,29.2854132,-81.0557921,Carcharodon carcharias,6441095820,406.04,257.0,pas_de_proximite_100km,0,0,0,2026-03-27T20:47:37,https://www.gbif.org/occurrence/6441095820
1929,1957-04-22,1957,USA,Florida,"Ormond Beach, Volusia County",Standing,Provoked,29.2854132,-81.0557921,Galeocerdo cuvier,6399953055,64.07,29433.0,proximite_regionale,0,1,0,2026-06-07T17:14:40,https://www.gbif.org/occurrence/6399953055
1929,1957-04-22,1957,USA,Florida,"Ormond Beach, Volusia County",Standing,Provoked,29.2854132,-81.0557921,Rhincodon typus,6253026970,534.74,30069.0,pas_de_proximite_100km,0,0,0,2026-04-27T07:00,https://www.gbif.org/occurrence/6253026970
1939,1957-02-01,1957,USA,Florida,Florida Keys,Skindiving for specimens,Unprovoked,24.6736205,-81.4981792,Carcharhinus leucas,6273845090,7.22,30047.0,proximite_forte,2,5,3,2026-04-24T11:59,https://www.gbif.org/occurrence/6273845090
1939,1957-02-01,1957,USA,Florida,Florida Keys,Skindiving for specimens,Unprovoked,24.6736205,-81.4981792,Carcharodon carcharias,6400039718,825.73,49.0,pas_de_proximite_100km,0,0,0,2026-02-25T14:55,https://www.gbif.org/occurrence/6400039718
1939,1957-02-01,1957,USA,Florida,Florida Keys,Skindiving for specimens,Unprovoked,24.6736205,-81.4981792,Galeocerdo cuvier,5133758058,53.51,30025.0,proximite_regionale,0,1,0,2025-03-01T13:40,https://www.gbif.org/occurrence/5133758058
1939,1957-02-01,1957,USA,Florida,Florida Keys,Skindiving for specimens,Unprovoked,24.6736205,-81.4981792,Rhincodon typus,6253026970,72.94,30069.0,proximite_regionale,0,1,0,2026-04-27T07:00,https://www.gbif.org/occurrence/6253026970
1971,1958-01-01,1958,SOUTH AFRICA,Western Cape Province,Plettenberg Bay,Fishing (trolling),Boat,-34.052778,23.369444,Carcharhinus leucas,6130149287,771.82,29330.0,pas_de_proximite_100km,0,0,0,2026-01-10T07:45:33,https://www.gbif.org/occurrence/6130149287
1971,1958-01-01,1958,SOUTH AFRICA,Western Cape Province,Plettenberg Bay,Fishing (trolling),Boat,-34.052778,23.369444,Carcharodon carcharias,6131056188,105.25,4.0,pas_de_proximite_100km,0,0,0,2026-01-14T15:23:51,https://www.gbif.org/occurrence/6131056188
1971,1958-01-01,1958,SOUTH AFRICA,Western Cape Province,Plettenberg Bay,Fishing (trolling),Boat,-34.052778,23.369444,Galeocerdo cuvier,5206523433,1200.28,29798.0,pas_de_proximite_100km,0,0,0,2025-03-25T01:26:01,https://www.gbif.org/occurrence/5206523433
1971,1958-01-01,1958,SOUTH AFRICA,Western Cape Province,Plettenberg Bay,Fishing (trolling),Boat,-34.052778,23.369444,Rhincodon typus,6352311338,2007.26,1358701.0,pas_de_proximite_100km,0,0,0,2026-05-28,https://www.gbif.org/occurrence/6352311338
1972,1958-07-10,1958,USA,Florida,"Key West, Monroe County",Inconnue,Unprovoked,24.5548262,-81.8020722,Carcharhinus leucas,6179199665,14.7,30047.0,proximite_forte,1,4,3,2026-02-22T12:29:53,https://www.gbif.org/occurrence/6179199665
1972,1958-07-10,1958,USA,Florida,"Key West, Monroe County",Inconnue,Unprovoked,24.5548262,-81.8020722,Carcharodon carcharias,6400039718,817.47,49.0,pas_de_proximite_100km,0,0,0,2026-02-25T14:55,https://www.gbif.org/occurrence/6400039718
1972,1958-07-10,1958,USA,Florida,"Key West, Monroe County",Inconnue,Unprovoked,24.5548262,-81.8020722,Galeocerdo cuvier,5133758058,86.78,30025.0,proximite_regionale,0,1,0,2025-03-01T13:40,https://www.gbif.org/occurrence/5133758058
1972,1958-07-10,1958,USA,Florida,"Key West, Monroe County",Inconnue,Unprovoked,24.5548262,-81.8020722,Rhincodon typus,6253026970,41.79,30069.0,proximite_regionale,0,1,0,2026-04-27T07:00,https://www.gbif.org/occurrence/6253026970
1973,1958-06-26,1958,USA,Florida,"Sanibel Island, Lee County",Wading,Provoked,26.440359,-82.1137049,Carcharhinus leucas,6470516778,22.5,29845.0,proximite_forte,1,6,1,2026-07-06T17:33:06,https://www.gbif.org/occurrence/6470516778
1973,1958-06-26,1958,USA,Florida,"Sanibel Island, Lee County",Wading,Provoked,26.440359,-82.1137049,Carcharodon carcharias,6400039718,638.25,49.0,pas_de_proximite_100km,0,0,0,2026-02-25T14:55,https://www.gbif.org/occurrence/6400039718
1973,1958-06-26,1958,USA,Florida,"Sanibel Island, Lee County",Wading,Provoked,26.440359,-82.1137049,Galeocerdo cuvier,5133758058,200.51,30025.0,pas_de_proximite_100km,0,0,0,2025-03-01T13:40,https://www.gbif.org/occurrence/5133758058
1973,1958-06-26,1958,USA,Florida,"Sanibel Island, Lee County",Wading,Provoked,26.440359,-82.1137049,Rhincodon typus,6253026970,206.17,30069.0,pas_de_proximite_100km,0,0,0,2026-04-27T07:00,https://www.gbif.org/occurrence/6253026970
1978,1958-02-19,1958,AUSTRALIA,New South Wales,,Spearfishing,Invalid,-32.1629594,147.0320469,Carcharhinus leucas,6481240461,418.85,17.0,pas_de_proximite_100km,0,0,0,2026-01-22T00:00,https://www.gbif.org/occurrence/6481240461
1978,1958-02-19,1958,AUSTRALIA,New South Wales,,Spearfishing,Invalid,-32.1629594,147.0320469,Carcharodon carcharias,6159298926,509.4,,pas_de_proximite_100km,0,0,0,2026-02-03T04:38:07,https://www.gbif.org/occurrence/6159298926
1978,1958-02-19,1958,AUSTRALIA,New South Wales,,Spearfishing,Invalid,-32.1629594,147.0320469,Galeocerdo cuvier,6133086834,764.62,5.0,pas_de_proximite_100km,0,0,0,2026-02-02T13:14:46,https://www.gbif.org/occurrence/6133086834
1978,1958-02-19,1958,AUSTRALIA,New South Wales,,Spearfishing,Invalid,-32.1629594,147.0320469,Rhincodon typus,5938466615,1793.58,30841.0,pas_de_proximite_100km,0,0,0,2026-01-03T11:33,https://www.gbif.org/occurrence/5938466615
2011,1958-11-14,1958,SOUTH AFRICA,Western Cape Province,False Bay,Fishing,Invalid,-34.2270274,18.6554907,Carcharhinus leucas,6130149287,1184.19,29330.0,pas_de_proximite_100km,0,0,0,2026-01-10T07:45:33,https://www.gbif.org/occurrence/6130149287
2011,1958-11-14,1958,SOUTH AFRICA,Western Cape Province,False Bay,Fishing,Invalid,-34.2270274,18.6554907,Carcharodon carcharias,6147654727,156.18,488.0,pas_de_proximite_100km,0,0,0,2026-01-31T19:40,https://www.gbif.org/occurrence/6147654727
2011,1958-11-14,1958,SOUTH AFRICA,Western Cape Province,False Bay,Fishing,Invalid,-34.2270274,18.6554907,Galeocerdo cuvier,5206523433,1577.26,29798.0,pas_de_proximite_100km,0,0,0,2025-03-25T01:26:01,https://www.gbif.org/occurrence/5206523433
2011,1958-11-14,1958,SOUTH AFRICA,Western Cape Province,False Bay,Fishing,Invalid,-34.2270274,18.6554907,Rhincodon typus,6352311338,2328.49,1358701.0,pas_de_proximite_100km,0,0,0,2026-05-28,https://www.gbif.org/occurrence/6352311338
2018,1959-08-15,1959,USA,Florida,"Panama City, Bay County",Spearfishing on Scuba,Unprovoked,30.1586518,-85.6602936,Carcharhinus leucas,6184898250,4.63,29407.0,proximite_forte,1,2,0,2026-03-19T16:18:56,https://www.gbif.org/occurrence/6184898250
2018,1959-08-15,1959,USA,Florida,"Panama City, Bay County",Spearfishing on Scuba,Unprovoked,30.1586518,-85.6602936,Carcharodon carcharias,6400039718,118.11,49.0,pas_de_proximite_100km,0,0,0,2026-02-25T14:55,https://www.gbif.org/occurrence/6400039718
2018,1959-08-15,1959,USA,Florida,"Panama City, Bay County",Spearfishing on Scuba,Unprovoked,30.1586518,-85.6602936,Galeocerdo cuvier,6469594676,78.66,29407.0,proximite_regionale,0,2,1,2026-07-24T08:37:28,https://www.gbif.org/occurrence/6469594676
2018,1959-08-15,1959,USA,Florida,"Panama City, Bay County",Spearfishing on Scuba,Unprovoked,30.1586518,-85.6602936,Rhincodon typus,6178385871,537.62,29751.0,pas_de_proximite_100km,0,0,0,2026-03-06T11:12:50,https://www.gbif.org/occurrence/6178385871
2028,1959-08-15,1959,USA,Florida,"Panama City, Bay County",Diving,Invalid,30.1586518,-85.6602936,Carcharhinus leucas,6184898250,4.63,29407.0,proximite_forte,1,2,0,2026-03-19T16:18:56,https://www.gbif.org/occurrence/6184898250
2028,1959-08-15,1959,USA,Florida,"Panama City, Bay County",Diving,Invalid,30.1586518,-85.6602936,Carcharodon carcharias,6400039718,118.11,49.0,pas_de_proximite_100km,0,0,0,2026-02-25T14:55,https://www.gbif.org/occurrence/6400039718
2028,1959-08-15,1959,USA,Florida,"Panama City, Bay County",Diving,Invalid,30.1586518,-85.6602936,Galeocerdo cuvier,6469594676,78.66,29407.0,proximite_regionale,0,2,1,2026-07-24T08:37:28,https://www.gbif.org/occurrence/6469594676
2028,1959-08-15,1959,USA,Florida,"Panama City, Bay County",Diving,Invalid,30.1586518,-85.6602936,Rhincodon typus,6178385871,537.62,29751.0,pas_de_proximite_100km,0,0,0,2026-03-06T11:12:50,https://www.gbif.org/occurrence/6178385871
2037,1959-04-09,1959,SOUTH AFRICA,Eastern Cape Province,Port Elizabeth,Fishing,Unprovoked,-33.9618598,25.6186731,Carcharhinus leucas,6130149287,589.15,29330.0,pas_de_proximite_100km,0,0,0,2026-01-10T07:45:33,https://www.gbif.org/occurrence/6130149287
2037,1959-04-09,1959,SOUTH AFRICA,Eastern Cape Province,Port Elizabeth,Fishing,Unprovoked,-33.9618598,25.6186731,Carcharodon carcharias,6480081628,260.96,29039.0,pas_de_proximite_100km,0,0,0,2026-01-19T13:45:33,https://www.gbif.org/occurrence/6480081628
2037,1959-04-09,1959,SOUTH AFRICA,Eastern Cape Province,Port Elizabeth,Fishing,Unprovoked,-33.9618598,25.6186731,Galeocerdo cuvier,5206523433,1039.94,29798.0,pas_de_proximite_100km,0,0,0,2025-03-25T01:26:01,https://www.gbif.org/occurrence/5206523433
2037,1959-04-09,1959,SOUTH AFRICA,Eastern Cape Province,Port Elizabeth,Fishing,Unprovoked,-33.9618598,25.6186731,Rhincodon typus,6352311338,1874.15,1358701.0,pas_de_proximite_100km,0,0,0,2026-05-28,https://www.gbif.org/occurrence/6352311338
2055,1959-01-01,1959,ATLANTIC OCEAN,,,Paddling & sailing from Buenos Aires to Miami,Provoked,13.581921,-38.320312,Carcharhinus leucas,6178405378,4144.72,70575.0,pas_de_proximite_100km,0,0,0,2026-02-18T16:22,https://www.gbif.org/occurrence/6178405378
2055,1959-01-01,1959,ATLANTIC OCEAN,,,Paddling & sailing from Buenos Aires to Miami,Provoked,13.581921,-38.320312,Carcharodon carcharias,6400181485,4349.71,43.0,pas_de_proximite_100km,0,0,0,2026-06-05T11:25:01,https://www.gbif.org/occurrence/6400181485
2055,1959-01-01,1959,ATLANTIC OCEAN,,,Paddling & sailing from Buenos Aires to Miami,Provoked,13.581921,-38.320312,Galeocerdo cuvier,6188381210,2694.44,30683.0,pas_de_proximite_100km,0,0,0,2026-02-23T09:32,https://www.gbif.org/occurrence/6188381210
2055,1959-01-01,1959,ATLANTIC OCEAN,,,Paddling & sailing from Buenos Aires to Miami,Provoked,13.581921,-38.320312,Rhincodon typus,6133129315,3148.9,31179.0,pas_de_proximite_100km,0,0,0,2026-01-30T11:50:16,https://www.gbif.org/occurrence/6133129315
2062,1959-08-14,1959,USA,South Carolina,Charleston,Fishing,Provoked,32.7884363,-79.9399309,Carcharhinus leucas,6130999421,416.72,29533.0,pas_de_proximite_100km,0,0,0,2026-01-17T15:30:29,https://www.gbif.org/occurrence/6130999421
2062,1959-08-14,1959,USA,South Carolina,Charleston,Fishing,Provoked,32.7884363,-79.9399309,Carcharodon carcharias,6441095820,12.67,257.0,proximite_forte,1,1,0,2026-03-27T20:47:37,https://www.gbif.org/occurrence/6441095820
2062,1959-08-14,1959,USA,South Carolina,Charleston,Fishing,Provoked,32.7884363,-79.9399309,Galeocerdo cuvier,6399752821,175.33,28902.0,pas_de_proximite_100km,0,0,0,2026-06-04T11:19,https://www.gbif.org/occurrence/6399752821
2062,1959-08-14,1959,USA,South Carolina,Charleston,Fishing,Provoked,32.7884363,-79.9399309,Rhincodon typus,6253026970,938.31,30069.0,pas_de_proximite_100km,0,0,0,2026-04-27T07:00,https://www.gbif.org/occurrence/6253026970
2096,1959-05-03,1959,USA,Florida,"Panama City, Bay County",Spearfishing,Unprovoked,30.1586518,-85.6602936,Carcharhinus leucas,6184898250,4.63,29407.0,proximite_forte,1,2,0,2026-03-19T16:18:56,https://www.gbif.org/occurrence/6184898250
2096,1959-05-03,1959,USA,Florida,"Panama City, Bay County",Spearfishing,Unprovoked,30.1586518,-85.6602936,Carcharodon carcharias,6400039718,118.11,49.0,pas_de_proximite_100km,0,0,0,2026-02-25T14:55,https://www.gbif.org/occurrence/6400039718
2096,1959-05-03,1959,USA,Florida,"Panama City, Bay County",Spearfishing,Unprovoked,30.1586518,-85.6602936,Galeocerdo cuvier,6469594676,78.66,29407.0,proximite_regionale,0,2,1,2026-07-24T08:37:28,https://www.gbif.org/occurrence/6469594676
2096,1959-05-03,1959,USA,Florida,"Panama City, Bay County",Spearfishing,Unprovoked,30.1586518,-85.6602936,Rhincodon typus,6178385871,537.62,29751.0,pas_de_proximite_100km,0,0,0,2026-03-06T11:12:50,https://www.gbif.org/occurrence/6178385871
2119,1960-10-01,1960,SOUTH AFRICA,Western Cape Province,False Bay,Fishing,Watercraft,-34.2270274,18.6554907,Carcharhinus leucas,6130149287,1184.19,29330.0,pas_de_proximite_100km,0,0,0,2026-01-10T07:45:33,https://www.gbif.org/occurrence/6130149287
2119,1960-10-01,1960,SOUTH AFRICA,Western Cape Province,False Bay,Fishing,Watercraft,-34.2270274,18.6554907,Carcharodon carcharias,6147654727,156.18,488.0,pas_de_proximite_100km,0,0,0,2026-01-31T19:40,https://www.gbif.org/occurrence/6147654727
2119,1960-10-01,1960,SOUTH AFRICA,Western Cape Province,False Bay,Fishing,Watercraft,-34.2270274,18.6554907,Galeocerdo cuvier,5206523433,1577.26,29798.0,pas_de_proximite_100km,0,0,0,2025-03-25T01:26:01,https://www.gbif.org/occurrence/5206523433
2119,1960-10-01,1960,SOUTH AFRICA,Western Cape Province,False Bay,Fishing,Watercraft,-34.2270274,18.6554907,Rhincodon typus,6352311338,2328.49,1358701.0,pas_de_proximite_100km,0,0,0,2026-05-28,https://www.gbif.org/occurrence/6352311338
2165,1960-04-30,1960,SOUTH AFRICA,KwaZulu-Natal,Amanzimtoti,Treading water,Unprovoked,-30.0497222,30.8886111,Carcharhinus leucas,6185033442,38.85,29382.0,proximite_regionale,0,2,0,2026-03-28T17:16:06,https://www.gbif.org/occurrence/6185033442
2165,1960-04-30,1960,SOUTH AFRICA,KwaZulu-Natal,Amanzimtoti,Treading water,Unprovoked,-30.0497222,30.8886111,Carcharodon carcharias,5938331810,389.99,,pas_de_proximite_100km,0,0,0,2026-01-03T05:09:36,https://www.gbif.org/occurrence/5938331810
2165,1960-04-30,1960,SOUTH AFRICA,KwaZulu-Natal,Amanzimtoti,Treading water,Unprovoked,-30.0497222,30.8886111,Galeocerdo cuvier,5206523433,391.23,29798.0,pas_de_proximite_100km,0,0,0,2025-03-25T01:26:01,https://www.gbif.org/occurrence/5206523433
2165,1960-04-30,1960,SOUTH AFRICA,KwaZulu-Natal,Amanzimtoti,Treading water,Unprovoked,-30.0497222,30.8886111,Rhincodon typus,6352311338,1252.78,1358701.0,pas_de_proximite_100km,0,0,0,2026-05-28,https://www.gbif.org/occurrence/6352311338
2186,1960-04-22,1960,AUSTRALIA,Western Australia,Rottnest Island,"Fishing, hauling in a set line",Provoked,-32.0070095,115.5205271,Carcharhinus leucas,6185213952,136.98,6264.0,pas_de_proximite_100km,0,0,0,2026-03-07T16:35,https://www.gbif.org/occurrence/6185213952
2186,1960-04-22,1960,AUSTRALIA,Western Australia,Rottnest Island,"Fishing, hauling in a set line",Provoked,-32.0070095,115.5205271,Carcharodon carcharias,6431130723,1926.92,4634.0,pas_de_proximite_100km,0,0,0,2026-04-22T09:31,https://www.gbif.org/occurrence/6431130723
2186,1960-04-22,1960,AUSTRALIA,Western Australia,Rottnest Island,"Fishing, hauling in a set line",Provoked,-32.0070095,115.5205271,Galeocerdo cuvier,6520390560,1000.17,8.0,pas_de_proximite_100km,0,0,0,2026-08-31T14:06,https://www.gbif.org/occurrence/6520390560
2186,1960-04-22,1960,AUSTRALIA,Western Australia,Rottnest Island,"Fishing, hauling in a set line",Provoked,-32.0070095,115.5205271,Rhincodon typus,6235956991,1080.07,30278.0,pas_de_proximite_100km,0,0,0,2026-04-22T13:33:02,https://www.gbif.org/occurrence/6235956991
2191,1960-02-03,1960,USA,Hawaii,Maui,S2F-1 airplane crashed immediately after carrier take-off,Invalid,20.8029568,-156.3106833,Carcharhinus leucas,6334261088,4800.06,30175.0,pas_de_proximite_100km,0,0,0,2026-05-21T11:26,https://www.gbif.org/occurrence/6334261088
2191,1960-02-03,1960,USA,Hawaii,Maui,S2F-1 airplane crashed immediately after carrier take-off,Invalid,20.8029568,-156.3106833,Carcharodon carcharias,6480838932,1253.22,1584228.0,pas_de_proximite_100km,0,0,0,2026-06-24T10:02:07,https://www.gbif.org/occurrence/6480838932
2191,1960-02-03,1960,USA,Hawaii,Maui,S2F-1 airplane crashed immediately after carrier take-off,Invalid,20.8029568,-156.3106833,Galeocerdo cuvier,6252097407,7.26,44888.0,proximite_forte,1,1,0,2026-05-02T21:04,https://www.gbif.org/occurrence/6252097407
2191,1960-02-03,1960,USA,Hawaii,Maui,S2F-1 airplane crashed immediately after carrier take-off,Invalid,20.8029568,-156.3106833,Rhincodon typus,6194532302,134.15,111319.49,pas_de_proximite_100km,0,0,0,2026-01-22,https://www.gbif.org/occurrence/6194532302
2192,1960-04-20,1960,SOUTH AFRICA,Eastern Cape Province,Port Alfred,Fishing,Provoked,-33.5981844,26.8914772,Carcharhinus leucas,6130149287,472.09,29330.0,pas_de_proximite_100km,0,0,0,2026-01-10T07:45:33,https://www.gbif.org/occurrence/6130149287
2192,1960-04-20,1960,SOUTH AFRICA,Eastern Cape Province,Port Alfred,Fishing,Provoked,-33.5981844,26.8914772,Carcharodon carcharias,6480081628,137.43,29039.0,pas_de_proximite_100km,0,0,0,2026-01-19T13:45:33,https://www.gbif.org/occurrence/6480081628
2192,1960-04-20,1960,SOUTH AFRICA,Eastern Cape Province,Port Alfred,Fishing,Provoked,-33.5981844,26.8914772,Galeocerdo cuvier,5206523433,931.58,29798.0,pas_de_proximite_100km,0,0,0,2025-03-25T01:26:01,https://www.gbif.org/occurrence/5206523433
2192,1960-04-20,1960,SOUTH AFRICA,Eastern Cape Province,Port Alfred,Fishing,Provoked,-33.5981844,26.8914772,Rhincodon typus,6352311338,1776.67,1358701.0,pas_de_proximite_100km,0,0,0,2026-05-28,https://www.gbif.org/occurrence/6352311338
2199,,1960,MOZAMBIQUE,Gaza,Xai Xai,Swimming,Unprovoked,-25.044479,33.64073,Carcharhinus leucas,6185033442,657.38,29382.0,pas_de_proximite_100km,0,0,0,2026-03-28T17:16:06,https://www.gbif.org/occurrence/6185033442
2199,,1960,MOZAMBIQUE,Gaza,Xai Xai,Swimming,Unprovoked,-25.044479,33.64073,Carcharodon carcharias,5938331810,1004.15,,pas_de_proximite_100km,0,0,0,2026-01-03T05:09:36,https://www.gbif.org/occurrence/5938331810
2199,,1960,MOZAMBIQUE,Gaza,Xai Xai,Swimming,Unprovoked,-25.044479,33.64073,Galeocerdo cuvier,5206523433,229.56,29798.0,pas_de_proximite_100km,0,0,0,2025-03-25T01:26:01,https://www.gbif.org/occurrence/5206523433
2199,,1960,MOZAMBIQUE,Gaza,Xai Xai,Swimming,Unprovoked,-25.044479,33.64073,Rhincodon typus,6352311338,635.92,1358701.0,pas_de_proximite_100km,0,0,0,2026-05-28,https://www.gbif.org/occurrence/6352311338
2208,1961-02-01,1961,SOUTH AFRICA,Eastern Cape Province,Nahoon,Swimming,Unprovoked,-32.8678615,27.7406875,Carcharhinus leucas,6130149287,359.18,29330.0,pas_de_proximite_100km,0,0,0,2026-01-10T07:45:33,https://www.gbif.org/occurrence/6130149287
2208,1961-02-01,1961,SOUTH AFRICA,Eastern Cape Province,Nahoon,Swimming,Unprovoked,-32.8678615,27.7406875,Carcharodon carcharias,6480081628,44.0,29039.0,proximite_regionale,0,2,0,2026-01-19T13:45:33,https://www.gbif.org/occurrence/6480081628
2208,1961-02-01,1961,SOUTH AFRICA,Eastern Cape Province,Nahoon,Swimming,Unprovoked,-32.8678615,27.7406875,Galeocerdo cuvier,5206523433,818.79,29798.0,pas_de_proximite_100km,0,0,0,2025-03-25T01:26:01,https://www.gbif.org/occurrence/5206523433
2208,1961-02-01,1961,SOUTH AFRICA,Eastern Cape Province,Nahoon,Swimming,Unprovoked,-32.8678615,27.7406875,Rhincodon typus,6352311338,1666.65,1358701.0,pas_de_proximite_100km,0,0,0,2026-05-28,https://www.gbif.org/occurrence/6352311338
2212,1961-01-01,1961,USA,Hawaii,Maui,Light aircraft ditched at sea,Sea Disaster,20.8029568,-156.3106833,Carcharhinus leucas,6334261088,4800.06,30175.0,pas_de_proximite_100km,0,0,0,2026-05-21T11:26,https://www.gbif.org/occurrence/6334261088
2212,1961-01-01,1961,USA,Hawaii,Maui,Light aircraft ditched at sea,Sea Disaster,20.8029568,-156.3106833,Carcharodon carcharias,6480838932,1253.22,1584228.0,pas_de_proximite_100km,0,0,0,2026-06-24T10:02:07,https://www.gbif.org/occurrence/6480838932
2212,1961-01-01,1961,USA,Hawaii,Maui,Light aircraft ditched at sea,Sea Disaster,20.8029568,-156.3106833,Galeocerdo cuvier,6252097407,7.26,44888.0,proximite_forte,1,1,0,2026-05-02T21:04,https://www.gbif.org/occurrence/6252097407
2212,1961-01-01,1961,USA,Hawaii,Maui,Light aircraft ditched at sea,Sea Disaster,20.8029568,-156.3106833,Rhincodon typus,6194532302,134.15,111319.49,pas_de_proximite_100km,0,0,0,2026-01-22,https://www.gbif.org/occurrence/6194532302
2231,1961-04-01,1961,AUSTRALIA,Western Australia,Rottnest Island,Spearfishing,Provoked,-32.0070095,115.5205271,Carcharhinus leucas,6185213952,136.98,6264.0,pas_de_proximite_100km,0,0,0,2026-03-07T16:35,https://www.gbif.org/occurrence/6185213952
2231,1961-04-01,1961,AUSTRALIA,Western Australia,Rottnest Island,Spearfishing,Provoked,-32.0070095,115.5205271,Carcharodon carcharias,6431130723,1926.92,4634.0,pas_de_proximite_100km,0,0,0,2026-04-22T09:31,https://www.gbif.org/occurrence/6431130723
2231,1961-04-01,1961,AUSTRALIA,Western Australia,Rottnest Island,Spearfishing,Provoked,-32.0070095,115.5205271,Galeocerdo cuvier,6520390560,1000.17,8.0,pas_de_proximite_100km,0,0,0,2026-08-31T14:06,https://www.gbif.org/occurrence/6520390560
2231,1961-04-01,1961,AUSTRALIA,Western Australia,Rottnest Island,Spearfishing,Provoked,-32.0070095,115.5205271,Rhincodon typus,6235956991,1080.07,30278.0,pas_de_proximite_100km,0,0,0,2026-04-22T13:33:02,https://www.gbif.org/occurrence/6235956991
2237,1961-09-26,1961,USA,Florida,"Florida Keys, Monroe County",Inconnue,Provoked,24.6736205,-81.4981792,Carcharhinus leucas,6273845090,7.22,30047.0,proximite_forte,2,5,3,2026-04-24T11:59,https://www.gbif.org/occurrence/6273845090
2237,1961-09-26,1961,USA,Florida,"Florida Keys, Monroe County",Inconnue,Provoked,24.6736205,-81.4981792,Carcharodon carcharias,6400039718,825.73,49.0,pas_de_proximite_100km,0,0,0,2026-02-25T14:55,https://www.gbif.org/occurrence/6400039718
2237,1961-09-26,1961,USA,Florida,"Florida Keys, Monroe County",Inconnue,Provoked,24.6736205,-81.4981792,Galeocerdo cuvier,5133758058,53.51,30025.0,proximite_regionale,0,1,0,2025-03-01T13:40,https://www.gbif.org/occurrence/5133758058
2237,1961-09-26,1961,USA,Florida,"Florida Keys, Monroe County",Inconnue,Provoked,24.6736205,-81.4981792,Rhincodon typus,6253026970,72.94,30069.0,proximite_regionale,0,1,0,2026-04-27T07:00,https://www.gbif.org/occurrence/6253026970
2239,1961-06-18,1961,USA,Florida,"Jensen Beach, Martin County",Standing,Unprovoked,27.2379528,-80.2389899,Carcharhinus leucas,6235914464,33.11,29798.0,proximite_regionale,0,13,4,2026-03-27T15:00,https://www.gbif.org/occurrence/6235914464
2239,1961-06-18,1961,USA,Florida,"Jensen Beach, Martin County",Standing,Unprovoked,27.2379528,-80.2389899,Carcharodon carcharias,6441095820,617.26,257.0,pas_de_proximite_100km,0,0,0,2026-03-27T20:47:37,https://www.gbif.org/occurrence/6441095820
2239,1961-06-18,1961,USA,Florida,"Jensen Beach, Martin County",Standing,Unprovoked,27.2379528,-80.2389899,Galeocerdo cuvier,6235030691,34.23,29798.0,proximite_regionale,0,1,0,2026-04-25T11:55,https://www.gbif.org/occurrence/6235030691
2239,1961-06-18,1961,USA,Florida,"Jensen Beach, Martin County",Standing,Unprovoked,27.2379528,-80.2389899,Rhincodon typus,6253026970,354.67,30069.0,pas_de_proximite_100km,0,0,0,2026-04-27T07:00,https://www.gbif.org/occurrence/6253026970
2244,1961-04-09,1961,MOZAMBIQUE,Gaza,Xai Xai,"Swimming, using bundles of sticks as raft",Unprovoked,-25.044479,33.64073,Carcharhinus leucas,6185033442,657.38,29382.0,pas_de_proximite_100km,0,0,0,2026-03-28T17:16:06,https://www.gbif.org/occurrence/6185033442
2244,1961-04-09,1961,MOZAMBIQUE,Gaza,Xai Xai,"Swimming, using bundles of sticks as raft",Unprovoked,-25.044479,33.64073,Carcharodon carcharias,5938331810,1004.15,,pas_de_proximite_100km,0,0,0,2026-01-03T05:09:36,https://www.gbif.org/occurrence/5938331810
2244,1961-04-09,1961,MOZAMBIQUE,Gaza,Xai Xai,"Swimming, using bundles of sticks as raft",Unprovoked,-25.044479,33.64073,Galeocerdo cuvier,5206523433,229.56,29798.0,pas_de_proximite_100km,0,0,0,2025-03-25T01:26:01,https://www.gbif.org/occurrence/5206523433
2244,1961-04-09,1961,MOZAMBIQUE,Gaza,Xai Xai,"Swimming, using bundles of sticks as raft",Unprovoked,-25.044479,33.64073,Rhincodon typus,6352311338,635.92,1358701.0,pas_de_proximite_100km,0,0,0,2026-05-28,https://www.gbif.org/occurrence/6352311338
2247,1961-01-01,1961,NEW CALEDONIA,,,Spearfishing,Unprovoked,-20.6378427,161.2117626,Carcharhinus leucas,6131674219,322.63,30527.0,pas_de_proximite_100km,0,0,0,2026-01-04T09:51,https://www.gbif.org/occurrence/6131674219
2247,1961-01-01,1961,NEW CALEDONIA,,,Spearfishing,Unprovoked,-20.6378427,161.2117626,Carcharodon carcharias,6162878281,1324.19,7.0,pas_de_proximite_100km,0,0,0,2026-02-22T09:03:13,https://www.gbif.org/occurrence/6162878281
2247,1961-01-01,1961,NEW CALEDONIA,,,Spearfishing,Unprovoked,-20.6378427,161.2117626,Galeocerdo cuvier,6185544658,955.1,637.0,pas_de_proximite_100km,0,0,0,2026-01-05T05:30,https://www.gbif.org/occurrence/6185544658
2247,1961-01-01,1961,NEW CALEDONIA,,,Spearfishing,Unprovoked,-20.6378427,161.2117626,Rhincodon typus,5938466615,1701.28,30841.0,pas_de_proximite_100km,0,0,0,2026-01-03T11:33,https://www.gbif.org/occurrence/5938466615
2257,1961-01-22,1961,SOUTH AFRICA,KwaZulu-Natal,Amanzimtoti,Swimming,Unprovoked,-30.0497222,30.8886111,Carcharhinus leucas,6185033442,38.85,29382.0,proximite_regionale,0,2,0,2026-03-28T17:16:06,https://www.gbif.org/occurrence/6185033442
2257,1961-01-22,1961,SOUTH AFRICA,KwaZulu-Natal,Amanzimtoti,Swimming,Unprovoked,-30.0497222,30.8886111,Carcharodon carcharias,5938331810,389.99,,pas_de_proximite_100km,0,0,0,2026-01-03T05:09:36,https://www.gbif.org/occurrence/5938331810
2257,1961-01-22,1961,SOUTH AFRICA,KwaZulu-Natal,Amanzimtoti,Swimming,Unprovoked,-30.0497222,30.8886111,Galeocerdo cuvier,5206523433,391.23,29798.0,pas_de_proximite_100km,0,0,0,2025-03-25T01:26:01,https://www.gbif.org/occurrence/5206523433
2257,1961-01-22,1961,SOUTH AFRICA,KwaZulu-Natal,Amanzimtoti,Swimming,Unprovoked,-30.0497222,30.8886111,Rhincodon typus,6352311338,1252.78,1358701.0,pas_de_proximite_100km,0,0,0,2026-05-28,https://www.gbif.org/occurrence/6352311338
2260,1961-04-30,1961,USA,Florida,Palm Beach County,Splashing,Invalid,26.6279798,-80.4494174,Carcharhinus leucas,6236219201,31.81,29822.0,proximite_regionale,0,10,1,2026-03-16T11:54:07,https://www.gbif.org/occurrence/6236219201
2260,1961-04-30,1961,USA,Florida,Palm Beach County,Splashing,Invalid,26.6279798,-80.4494174,Carcharodon carcharias,6441095820,686.49,257.0,pas_de_proximite_100km,0,0,0,2026-03-27T20:47:37,https://www.gbif.org/occurrence/6441095820
2260,1961-04-30,1961,USA,Florida,Palm Beach County,Splashing,Invalid,26.6279798,-80.4494174,Galeocerdo cuvier,6235030691,47.56,29798.0,proximite_regionale,0,1,0,2026-04-25T11:55,https://www.gbif.org/occurrence/6235030691
2260,1961-04-30,1961,USA,Florida,Palm Beach County,Splashing,Invalid,26.6279798,-80.4494174,Rhincodon typus,6253026970,287.62,30069.0,pas_de_proximite_100km,0,0,0,2026-04-27T07:00,https://www.gbif.org/occurrence/6253026970
2265,1961-02-16,1961,JAMAICA,,,Inconnue,Unprovoked,18.1850507,-77.3947693,Carcharhinus leucas,6178405378,762.18,70575.0,pas_de_proximite_100km,0,0,0,2026-02-18T16:22,https://www.gbif.org/occurrence/6178405378
2265,1961-02-16,1961,JAMAICA,,,Inconnue,Unprovoked,18.1850507,-77.3947693,Carcharodon carcharias,6441095820,1640.26,257.0,pas_de_proximite_100km,0,0,0,2026-03-27T20:47:37,https://www.gbif.org/occurrence/6441095820
2265,1961-02-16,1961,JAMAICA,,,Inconnue,Unprovoked,18.1850507,-77.3947693,Galeocerdo cuvier,6131322721,815.39,120467.0,pas_de_proximite_100km,0,0,0,2026-01-13,https://www.gbif.org/occurrence/6131322721
2265,1961-02-16,1961,JAMAICA,,,Inconnue,Unprovoked,18.1850507,-77.3947693,Rhincodon typus,6253026970,869.2,30069.0,pas_de_proximite_100km,0,0,0,2026-04-27T07:00,https://www.gbif.org/occurrence/6253026970
2266,1961-01-06,1961,SOUTH AFRICA,KwaZulu-Natal,Winkelspruit,Standing,Unprovoked,-30.0986562,30.8565232,Carcharhinus leucas,6185033442,32.78,29382.0,proximite_regionale,0,2,0,2026-03-28T17:16:06,https://www.gbif.org/occurrence/6185033442
2266,1961-01-06,1961,SOUTH AFRICA,KwaZulu-Natal,Winkelspruit,Standing,Unprovoked,-30.0986562,30.8565232,Carcharodon carcharias,5938331810,383.8,,pas_de_proximite_100km,0,0,0,2026-01-03T05:09:36,https://www.gbif.org/occurrence/5938331810
2266,1961-01-06,1961,SOUTH AFRICA,KwaZulu-Natal,Winkelspruit,Standing,Unprovoked,-30.0986562,30.8565232,Galeocerdo cuvier,5206523433,397.49,29798.0,pas_de_proximite_100km,0,0,0,2025-03-25T01:26:01,https://www.gbif.org/occurrence/5206523433
2266,1961-01-06,1961,SOUTH AFRICA,KwaZulu-Natal,Winkelspruit,Standing,Unprovoked,-30.0986562,30.8565232,Rhincodon typus,6352311338,1259.0,1358701.0,pas_de_proximite_100km,0,0,0,2026-05-28,https://www.gbif.org/occurrence/6352311338
2300,1962-04-05,1962,SOUTH AFRICA,Eastern Cape Province,East London,Fishing,Provoked,-33.0191604,27.8998573,Carcharhinus leucas,6130149287,359.6,29330.0,pas_de_proximite_100km,0,0,0,2026-01-10T07:45:33,https://www.gbif.org/occurrence/6130149287
2300,1962-04-05,1962,SOUTH AFRICA,Eastern Cape Province,East London,Fishing,Provoked,-33.0191604,27.8998573,Carcharodon carcharias,6480081628,26.7,29039.0,proximite_regionale,0,2,0,2026-01-19T13:45:33,https://www.gbif.org/occurrence/6480081628
2300,1962-04-05,1962,SOUTH AFRICA,Eastern Cape Province,East London,Fishing,Provoked,-33.0191604,27.8998573,Galeocerdo cuvier,5206523433,823.1,29798.0,pas_de_proximite_100km,0,0,0,2025-03-25T01:26:01,https://www.gbif.org/occurrence/5206523433
2300,1962-04-05,1962,SOUTH AFRICA,Eastern Cape Province,East London,Fishing,Provoked,-33.0191604,27.8998573,Rhincodon typus,6352311338,1674.04,1358701.0,pas_de_proximite_100km,0,0,0,2026-05-28,https://www.gbif.org/occurrence/6352311338
2307,1962-01-07,1962,AUSTRALIA,New South Wales,Sydney,Surfing,Unprovoked,-33.8698439,151.2082848,Carcharhinus leucas,6481240461,14.31,17.0,proximite_forte,1,1,0,2026-01-22T00:00,https://www.gbif.org/occurrence/6481240461
2307,1962-01-07,1962,AUSTRALIA,New South Wales,Sydney,Surfing,Unprovoked,-33.8698439,151.2082848,Carcharodon carcharias,6159298926,249.62,,pas_de_proximite_100km,0,0,0,2026-02-03T04:38:07,https://www.gbif.org/occurrence/6159298926
2307,1962-01-07,1962,AUSTRALIA,New South Wales,Sydney,Surfing,Unprovoked,-33.8698439,151.2082848,Galeocerdo cuvier,6133086834,663.7,5.0,pas_de_proximite_100km,0,0,0,2026-02-02T13:14:46,https://www.gbif.org/occurrence/6133086834
2307,1962-01-07,1962,AUSTRALIA,New South Wales,Sydney,Surfing,Unprovoked,-33.8698439,151.2082848,Rhincodon typus,6235620031,2049.71,28818.0,pas_de_proximite_100km,0,0,0,2026-02-19T12:26,https://www.gbif.org/occurrence/6235620031
2308,1962-02-05,1962,SOUTH AFRICA,KwaZulu-Natal,Winkelspruit,Treading water,Unprovoked,-30.0986562,30.8565232,Carcharhinus leucas,6185033442,32.78,29382.0,proximite_regionale,0,2,0,2026-03-28T17:16:06,https://www.gbif.org/occurrence/6185033442
2308,1962-02-05,1962,SOUTH AFRICA,KwaZulu-Natal,Winkelspruit,Treading water,Unprovoked,-30.0986562,30.8565232,Carcharodon carcharias,5938331810,383.8,,pas_de_proximite_100km,0,0,0,2026-01-03T05:09:36,https://www.gbif.org/occurrence/5938331810
2308,1962-02-05,1962,SOUTH AFRICA,KwaZulu-Natal,Winkelspruit,Treading water,Unprovoked,-30.0986562,30.8565232,Galeocerdo cuvier,5206523433,397.49,29798.0,pas_de_proximite_100km,0,0,0,2025-03-25T01:26:01,https://www.gbif.org/occurrence/5206523433
2308,1962-02-05,1962,SOUTH AFRICA,KwaZulu-Natal,Winkelspruit,Treading water,Unprovoked,-30.0986562,30.8565232,Rhincodon typus,6352311338,1259.0,1358701.0,pas_de_proximite_100km,0,0,0,2026-05-28,https://www.gbif.org/occurrence/6352311338
2310,1962-11-25,1962,AUSTRALIA,Queensland,Townsville,Inconnue,Invalid,-19.2569391,146.8239537,Carcharhinus leucas,6171257530,104.07,4.0,pas_de_proximite_100km,0,0,0,2026-02-15T15:03:06,https://www.gbif.org/occurrence/6171257530
2310,1962-11-25,1962,AUSTRALIA,Queensland,Townsville,Inconnue,Invalid,-19.2569391,146.8239537,Carcharodon carcharias,6162878281,1368.0,7.0,pas_de_proximite_100km,0,0,0,2026-02-22T09:03:13,https://www.gbif.org/occurrence/6162878281
2310,1962-11-25,1962,AUSTRALIA,Queensland,Townsville,Inconnue,Invalid,-19.2569391,146.8239537,Galeocerdo cuvier,5108383412,301.5,30795.0,pas_de_proximite_100km,0,0,0,2025-03-28T11:40,https://www.gbif.org/occurrence/5108383412
2310,1962-11-25,1962,AUSTRALIA,Queensland,Townsville,Inconnue,Invalid,-19.2569391,146.8239537,Rhincodon typus,5938466615,370.02,30841.0,pas_de_proximite_100km,0,0,0,2026-01-03T11:33,https://www.gbif.org/occurrence/5938466615
2316,1962-05-29,1962,USA,Florida,"Jupiter, Palm Beach County",Inconnue,Unprovoked,26.9342246,-80.0942087,Carcharhinus leucas,6422739318,3.09,29798.0,proximite_forte,5,12,3,2026-06-23T08:59:58,https://www.gbif.org/occurrence/6422739318
2316,1962-05-29,1962,USA,Florida,"Jupiter, Palm Beach County",Inconnue,Unprovoked,26.9342246,-80.0942087,Carcharodon carcharias,6441095820,650.21,257.0,pas_de_proximite_100km,0,0,0,2026-03-27T20:47:37,https://www.gbif.org/occurrence/6441095820
2316,1962-05-29,1962,USA,Florida,"Jupiter, Palm Beach County",Inconnue,Unprovoked,26.9342246,-80.0942087,Galeocerdo cuvier,6235030691,3.71,29798.0,proximite_forte,1,2,0,2026-04-25T11:55,https://www.gbif.org/occurrence/6235030691
2316,1962-05-29,1962,USA,Florida,"Jupiter, Palm Beach County",Inconnue,Unprovoked,26.9342246,-80.0942087,Rhincodon typus,6253026970,336.27,30069.0,pas_de_proximite_100km,0,0,0,2026-04-27T07:00,https://www.gbif.org/occurrence/6253026970
2323,1962-06-17,1962,USA,Florida,"New Smyrna Beach, Volusia County",Rolled off raft,Unprovoked,29.0258132,-80.9271271,Carcharhinus leucas,6133570230,11.63,29533.0,proximite_forte,2,2,2,2026-01-28T17:22:37,https://www.gbif.org/occurrence/6133570230
2323,1962-06-17,1962,USA,Florida,"New Smyrna Beach, Volusia County",Rolled off raft,Unprovoked,29.0258132,-80.9271271,Carcharodon carcharias,6441095820,430.55,257.0,pas_de_proximite_100km,0,0,0,2026-03-27T20:47:37,https://www.gbif.org/occurrence/6441095820
2323,1962-06-17,1962,USA,Florida,"New Smyrna Beach, Volusia County",Rolled off raft,Unprovoked,29.0258132,-80.9271271,Galeocerdo cuvier,6399953055,95.51,29433.0,proximite_regionale,0,1,0,2026-06-07T17:14:40,https://www.gbif.org/occurrence/6399953055
2323,1962-06-17,1962,USA,Florida,"New Smyrna Beach, Volusia County",Rolled off raft,Unprovoked,29.0258132,-80.9271271,Rhincodon typus,6253026970,509.66,30069.0,pas_de_proximite_100km,0,0,0,2026-04-27T07:00,https://www.gbif.org/occurrence/6253026970
2333,1962-11-29,1962,AUSTRALIA,New South Wales,Sydney,"Spearfishing, Scuba diving",Unprovoked,-33.8698439,151.2082848,Carcharhinus leucas,6481240461,14.31,17.0,proximite_forte,1,1,0,2026-01-22T00:00,https://www.gbif.org/occurrence/6481240461
2333,1962-11-29,1962,AUSTRALIA,New South Wales,Sydney,"Spearfishing, Scuba diving",Unprovoked,-33.8698439,151.2082848,Carcharodon carcharias,6159298926,249.62,,pas_de_proximite_100km,0,0,0,2026-02-03T04:38:07,https://www.gbif.org/occurrence/6159298926
2333,1962-11-29,1962,AUSTRALIA,New South Wales,Sydney,"Spearfishing, Scuba diving",Unprovoked,-33.8698439,151.2082848,Galeocerdo cuvier,6133086834,663.7,5.0,pas_de_proximite_100km,0,0,0,2026-02-02T13:14:46,https://www.gbif.org/occurrence/6133086834
2333,1962-11-29,1962,AUSTRALIA,New South Wales,Sydney,"Spearfishing, Scuba diving",Unprovoked,-33.8698439,151.2082848,Rhincodon typus,6235620031,2049.71,28818.0,pas_de_proximite_100km,0,0,0,2026-02-19T12:26,https://www.gbif.org/occurrence/6235620031
2335,1962-02-07,1962,SOUTH AFRICA,KwaZulu-Natal,Winkelspruit,Swimming,Unprovoked,-30.0986562,30.8565232,Carcharhinus leucas,6185033442,32.78,29382.0,proximite_regionale,0,2,0,2026-03-28T17:16:06,https://www.gbif.org/occurrence/6185033442
2335,1962-02-07,1962,SOUTH AFRICA,KwaZulu-Natal,Winkelspruit,Swimming,Unprovoked,-30.0986562,30.8565232,Carcharodon carcharias,5938331810,383.8,,pas_de_proximite_100km,0,0,0,2026-01-03T05:09:36,https://www.gbif.org/occurrence/5938331810
2335,1962-02-07,1962,SOUTH AFRICA,KwaZulu-Natal,Winkelspruit,Swimming,Unprovoked,-30.0986562,30.8565232,Galeocerdo cuvier,5206523433,397.49,29798.0,pas_de_proximite_100km,0,0,0,2025-03-25T01:26:01,https://www.gbif.org/occurrence/5206523433
2335,1962-02-07,1962,SOUTH AFRICA,KwaZulu-Natal,Winkelspruit,Swimming,Unprovoked,-30.0986562,30.8565232,Rhincodon typus,6352311338,1259.0,1358701.0,pas_de_proximite_100km,0,0,0,2026-05-28,https://www.gbif.org/occurrence/6352311338
2337,1962-04-09,1962,MOZAMBIQUE,Gaza,Xai Xai,Swimming,Unprovoked,-25.044479,33.64073,Carcharhinus leucas,6185033442,657.38,29382.0,pas_de_proximite_100km,0,0,0,2026-03-28T17:16:06,https://www.gbif.org/occurrence/6185033442
2337,1962-04-09,1962,MOZAMBIQUE,Gaza,Xai Xai,Swimming,Unprovoked,-25.044479,33.64073,Carcharodon carcharias,5938331810,1004.15,,pas_de_proximite_100km,0,0,0,2026-01-03T05:09:36,https://www.gbif.org/occurrence/5938331810
2337,1962-04-09,1962,MOZAMBIQUE,Gaza,Xai Xai,Swimming,Unprovoked,-25.044479,33.64073,Galeocerdo cuvier,5206523433,229.56,29798.0,pas_de_proximite_100km,0,0,0,2025-03-25T01:26:01,https://www.gbif.org/occurrence/5206523433
2337,1962-04-09,1962,MOZAMBIQUE,Gaza,Xai Xai,Swimming,Unprovoked,-25.044479,33.64073,Rhincodon typus,6352311338,635.92,1358701.0,pas_de_proximite_100km,0,0,0,2026-05-28,https://www.gbif.org/occurrence/6352311338
2371,1963-04-17,1963,SOUTH AFRICA,KwaZulu-Natal,Amanzimtoti,Swimming,Unprovoked,-30.0497222,30.8886111,Carcharhinus leucas,6185033442,38.85,29382.0,proximite_regionale,0,2,0,2026-03-28T17:16:06,https://www.gbif.org/occurrence/6185033442
2371,1963-04-17,1963,SOUTH AFRICA,KwaZulu-Natal,Amanzimtoti,Swimming,Unprovoked,-30.0497222,30.8886111,Carcharodon carcharias,5938331810,389.99,,pas_de_proximite_100km,0,0,0,2026-01-03T05:09:36,https://www.gbif.org/occurrence/5938331810
2371,1963-04-17,1963,SOUTH AFRICA,KwaZulu-Natal,Amanzimtoti,Swimming,Unprovoked,-30.0497222,30.8886111,Galeocerdo cuvier,5206523433,391.23,29798.0,pas_de_proximite_100km,0,0,0,2025-03-25T01:26:01,https://www.gbif.org/occurrence/5206523433
2371,1963-04-17,1963,SOUTH AFRICA,KwaZulu-Natal,Amanzimtoti,Swimming,Unprovoked,-30.0497222,30.8886111,Rhincodon typus,6352311338,1252.78,1358701.0,pas_de_proximite_100km,0,0,0,2026-05-28,https://www.gbif.org/occurrence/6352311338
2379,1963-07-10,1963,JAMAICA,,,63' fishing boat Sno' Bay foundered,Sea Disaster,18.1850507,-77.3947693,Carcharhinus leucas,6178405378,762.18,70575.0,pas_de_proximite_100km,0,0,0,2026-02-18T16:22,https://www.gbif.org/occurrence/6178405378
2379,1963-07-10,1963,JAMAICA,,,63' fishing boat Sno' Bay foundered,Sea Disaster,18.1850507,-77.3947693,Carcharodon carcharias,6441095820,1640.26,257.0,pas_de_proximite_100km,0,0,0,2026-03-27T20:47:37,https://www.gbif.org/occurrence/6441095820
2379,1963-07-10,1963,JAMAICA,,,63' fishing boat Sno' Bay foundered,Sea Disaster,18.1850507,-77.3947693,Galeocerdo cuvier,6131322721,815.39,120467.0,pas_de_proximite_100km,0,0,0,2026-01-13,https://www.gbif.org/occurrence/6131322721
2379,1963-07-10,1963,JAMAICA,,,63' fishing boat Sno' Bay foundered,Sea Disaster,18.1850507,-77.3947693,Rhincodon typus,6253026970,869.2,30069.0,pas_de_proximite_100km,0,0,0,2026-04-27T07:00,https://www.gbif.org/occurrence/6253026970
2384,1963-01-30,1963,FIJI,,,Freediving,Unprovoked,-18.1239696,179.0122737,Carcharhinus leucas,6499963492,91.72,30666.0,proximite_regionale,0,2,0,2026-07-03T09:15,https://www.gbif.org/occurrence/6499963492
2384,1963-01-30,1963,FIJI,,,Freediving,Unprovoked,-18.1239696,179.0122737,Carcharodon carcharias,6162878281,2928.13,7.0,pas_de_proximite_100km,0,0,0,2026-02-22T09:03:13,https://www.gbif.org/occurrence/6162878281
2384,1963-01-30,1963,FIJI,,,Freediving,Unprovoked,-18.1239696,179.0122737,Galeocerdo cuvier,5231441990,88.31,30666.0,proximite_regionale,0,13,0,2025-07-11T09:34,https://www.gbif.org/occurrence/5231441990
2384,1963-01-30,1963,FIJI,,,Freediving,Unprovoked,-18.1239696,179.0122737,Rhincodon typus,6235620031,1904.62,28818.0,pas_de_proximite_100km,0,0,0,2026-02-19T12:26,https://www.gbif.org/occurrence/6235620031
2388,1963-07-15,1963,USA,Florida,"New Smyrna Beach, Volusia County",Bathing,Unprovoked,29.0258132,-80.9271271,Carcharhinus leucas,6133570230,11.63,29533.0,proximite_forte,2,2,2,2026-01-28T17:22:37,https://www.gbif.org/occurrence/6133570230
2388,1963-07-15,1963,USA,Florida,"New Smyrna Beach, Volusia County",Bathing,Unprovoked,29.0258132,-80.9271271,Carcharodon carcharias,6441095820,430.55,257.0,pas_de_proximite_100km,0,0,0,2026-03-27T20:47:37,https://www.gbif.org/occurrence/6441095820
2388,1963-07-15,1963,USA,Florida,"New Smyrna Beach, Volusia County",Bathing,Unprovoked,29.0258132,-80.9271271,Galeocerdo cuvier,6399953055,95.51,29433.0,proximite_regionale,0,1,0,2026-06-07T17:14:40,https://www.gbif.org/occurrence/6399953055
2388,1963-07-15,1963,USA,Florida,"New Smyrna Beach, Volusia County",Bathing,Unprovoked,29.0258132,-80.9271271,Rhincodon typus,6253026970,509.66,30069.0,pas_de_proximite_100km,0,0,0,2026-04-27T07:00,https://www.gbif.org/occurrence/6253026970
2411,1963-01-22,1963,SOUTH AFRICA,Western Cape Province,False Bay,Fishing,Watercraft,-34.2270274,18.6554907,Carcharhinus leucas,6130149287,1184.19,29330.0,pas_de_proximite_100km,0,0,0,2026-01-10T07:45:33,https://www.gbif.org/occurrence/6130149287
2411,1963-01-22,1963,SOUTH AFRICA,Western Cape Province,False Bay,Fishing,Watercraft,-34.2270274,18.6554907,Carcharodon carcharias,6147654727,156.18,488.0,pas_de_proximite_100km,0,0,0,2026-01-31T19:40,https://www.gbif.org/occurrence/6147654727
2411,1963-01-22,1963,SOUTH AFRICA,Western Cape Province,False Bay,Fishing,Watercraft,-34.2270274,18.6554907,Galeocerdo cuvier,5206523433,1577.26,29798.0,pas_de_proximite_100km,0,0,0,2025-03-25T01:26:01,https://www.gbif.org/occurrence/5206523433
2411,1963-01-22,1963,SOUTH AFRICA,Western Cape Province,False Bay,Fishing,Watercraft,-34.2270274,18.6554907,Rhincodon typus,6352311338,2328.49,1358701.0,pas_de_proximite_100km,0,0,0,2026-05-28,https://www.gbif.org/occurrence/6352311338
2432,1964-02-01,1964,USA,Florida,Palm Beach County,Floating,Unprovoked,26.6279798,-80.4494174,Carcharhinus leucas,6236219201,31.81,29822.0,proximite_regionale,0,10,1,2026-03-16T11:54:07,https://www.gbif.org/occurrence/6236219201
2432,1964-02-01,1964,USA,Florida,Palm Beach County,Floating,Unprovoked,26.6279798,-80.4494174,Carcharodon carcharias,6441095820,686.49,257.0,pas_de_proximite_100km,0,0,0,2026-03-27T20:47:37,https://www.gbif.org/occurrence/6441095820
2432,1964-02-01,1964,USA,Florida,Palm Beach County,Floating,Unprovoked,26.6279798,-80.4494174,Galeocerdo cuvier,6235030691,47.56,29798.0,proximite_regionale,0,1,0,2026-04-25T11:55,https://www.gbif.org/occurrence/6235030691
2432,1964-02-01,1964,USA,Florida,Palm Beach County,Floating,Unprovoked,26.6279798,-80.4494174,Rhincodon typus,6253026970,287.62,30069.0,pas_de_proximite_100km,0,0,0,2026-04-27T07:00,https://www.gbif.org/occurrence/6253026970
2437,1964-02-14,1964,NEW CALEDONIA,,,Diving for trochus shell,Unprovoked,-20.6378427,161.2117626,Carcharhinus leucas,6131674219,322.63,30527.0,pas_de_proximite_100km,0,0,0,2026-01-04T09:51,https://www.gbif.org/occurrence/6131674219
2437,1964-02-14,1964,NEW CALEDONIA,,,Diving for trochus shell,Unprovoked,-20.6378427,161.2117626,Carcharodon carcharias,6162878281,1324.19,7.0,pas_de_proximite_100km,0,0,0,2026-02-22T09:03:13,https://www.gbif.org/occurrence/6162878281
2437,1964-02-14,1964,NEW CALEDONIA,,,Diving for trochus shell,Unprovoked,-20.6378427,161.2117626,Galeocerdo cuvier,6185544658,955.1,637.0,pas_de_proximite_100km,0,0,0,2026-01-05T05:30,https://www.gbif.org/occurrence/6185544658
2437,1964-02-14,1964,NEW CALEDONIA,,,Diving for trochus shell,Unprovoked,-20.6378427,161.2117626,Rhincodon typus,5938466615,1701.28,30841.0,pas_de_proximite_100km,0,0,0,2026-01-03T11:33,https://www.gbif.org/occurrence/5938466615
2444,1964-01-23,1964,SOUTH AFRICA,Eastern Cape Province,Nahoon,Body surfing,Unprovoked,-32.8678615,27.7406875,Carcharhinus leucas,6130149287,359.18,29330.0,pas_de_proximite_100km,0,0,0,2026-01-10T07:45:33,https://www.gbif.org/occurrence/6130149287
2444,1964-01-23,1964,SOUTH AFRICA,Eastern Cape Province,Nahoon,Body surfing,Unprovoked,-32.8678615,27.7406875,Carcharodon carcharias,6480081628,44.0,29039.0,proximite_regionale,0,2,0,2026-01-19T13:45:33,https://www.gbif.org/occurrence/6480081628
2444,1964-01-23,1964,SOUTH AFRICA,Eastern Cape Province,Nahoon,Body surfing,Unprovoked,-32.8678615,27.7406875,Galeocerdo cuvier,5206523433,818.79,29798.0,pas_de_proximite_100km,0,0,0,2025-03-25T01:26:01,https://www.gbif.org/occurrence/5206523433
2444,1964-01-23,1964,SOUTH AFRICA,Eastern Cape Province,Nahoon,Body surfing,Unprovoked,-32.8678615,27.7406875,Rhincodon typus,6352311338,1666.65,1358701.0,pas_de_proximite_100km,0,0,0,2026-05-28,https://www.gbif.org/occurrence/6352311338
2448,1964-12-25,1964,SOUTH AFRICA,Eastern Cape Province,Port Alfred,Swimming,Unprovoked,-33.5981844,26.8914772,Carcharhinus leucas,6130149287,472.09,29330.0,pas_de_proximite_100km,0,0,0,2026-01-10T07:45:33,https://www.gbif.org/occurrence/6130149287
2448,1964-12-25,1964,SOUTH AFRICA,Eastern Cape Province,Port Alfred,Swimming,Unprovoked,-33.5981844,26.8914772,Carcharodon carcharias,6480081628,137.43,29039.0,pas_de_proximite_100km,0,0,0,2026-01-19T13:45:33,https://www.gbif.org/occurrence/6480081628
2448,1964-12-25,1964,SOUTH AFRICA,Eastern Cape Province,Port Alfred,Swimming,Unprovoked,-33.5981844,26.8914772,Galeocerdo cuvier,5206523433,931.58,29798.0,pas_de_proximite_100km,0,0,0,2025-03-25T01:26:01,https://www.gbif.org/occurrence/5206523433
2448,1964-12-25,1964,SOUTH AFRICA,Eastern Cape Province,Port Alfred,Swimming,Unprovoked,-33.5981844,26.8914772,Rhincodon typus,6352311338,1776.67,1358701.0,pas_de_proximite_100km,0,0,0,2026-05-28,https://www.gbif.org/occurrence/6352311338
2465,1964-03-05,1964,USA,Florida,"Fort Lauderdale, Broward County",Skin diving,Unprovoked,26.1223084,-80.1433786,Carcharhinus leucas,6273825352,44.7,29845.0,proximite_regionale,0,10,1,2026-04-22T11:39:24,https://www.gbif.org/occurrence/6273825352
2465,1964-03-05,1964,USA,Florida,"Fort Lauderdale, Broward County",Skin diving,Unprovoked,26.1223084,-80.1433786,Carcharodon carcharias,6441095820,740.62,257.0,pas_de_proximite_100km,0,0,0,2026-03-27T20:47:37,https://www.gbif.org/occurrence/6441095820
2465,1964-03-05,1964,USA,Florida,"Fort Lauderdale, Broward County",Skin diving,Unprovoked,26.1223084,-80.1433786,Galeocerdo cuvier,6235030691,91.61,29798.0,proximite_regionale,0,1,0,2026-04-25T11:55,https://www.gbif.org/occurrence/6235030691
2465,1964-03-05,1964,USA,Florida,"Fort Lauderdale, Broward County",Skin diving,Unprovoked,26.1223084,-80.1433786,Rhincodon typus,6253026970,269.01,30069.0,pas_de_proximite_100km,0,0,0,2026-04-27T07:00,https://www.gbif.org/occurrence/6253026970
2466,1964-02-02,1964,AUSTRALIA,Queensland,Brisbane,Swimming,Invalid,-27.4689623,153.0235009,Carcharhinus leucas,6185183928,17.64,,proximite_forte,6,7,5,2026-02-04T17:39:40,https://www.gbif.org/occurrence/6185183928
2466,1964-02-02,1964,AUSTRALIA,Queensland,Brisbane,Swimming,Invalid,-27.4689623,153.0235009,Carcharodon carcharias,6162878281,294.55,7.0,pas_de_proximite_100km,0,0,0,2026-02-22T09:03:13,https://www.gbif.org/occurrence/6162878281
2466,1964-02-02,1964,AUSTRALIA,Queensland,Brisbane,Swimming,Invalid,-27.4689623,153.0235009,Galeocerdo cuvier,6133086834,103.74,5.0,pas_de_proximite_100km,0,0,0,2026-02-02T13:14:46,https://www.gbif.org/occurrence/6133086834
2466,1964-02-02,1964,AUSTRALIA,Queensland,Brisbane,Swimming,Invalid,-27.4689623,153.0235009,Rhincodon typus,5938466615,1468.82,30841.0,pas_de_proximite_100km,0,0,0,2026-01-03T11:33,https://www.gbif.org/occurrence/5938466615
2469,1964-08-21,1964,USA,Florida,"Panama City, Bay County",Swimming,Unprovoked,30.1586518,-85.6602936,Carcharhinus leucas,6184898250,4.63,29407.0,proximite_forte,1,2,0,2026-03-19T16:18:56,https://www.gbif.org/occurrence/6184898250
2469,1964-08-21,1964,USA,Florida,"Panama City, Bay County",Swimming,Unprovoked,30.1586518,-85.6602936,Carcharodon carcharias,6400039718,118.11,49.0,pas_de_proximite_100km,0,0,0,2026-02-25T14:55,https://www.gbif.org/occurrence/6400039718
2469,1964-08-21,1964,USA,Florida,"Panama City, Bay County",Swimming,Unprovoked,30.1586518,-85.6602936,Galeocerdo cuvier,6469594676,78.66,29407.0,proximite_regionale,0,2,1,2026-07-24T08:37:28,https://www.gbif.org/occurrence/6469594676
2469,1964-08-21,1964,USA,Florida,"Panama City, Bay County",Swimming,Unprovoked,30.1586518,-85.6602936,Rhincodon typus,6178385871,537.62,29751.0,pas_de_proximite_100km,0,0,0,2026-03-06T11:12:50,https://www.gbif.org/occurrence/6178385871
2475,1964-01-01,1964,SOUTH AFRICA,Western Cape Province,Mossel Bay,Diving for sinkers,Unprovoked,-34.1832022,22.1536248,Carcharhinus leucas,6130149287,879.35,29330.0,pas_de_proximite_100km,0,0,0,2026-01-10T07:45:33,https://www.gbif.org/occurrence/6130149287
2475,1964-01-01,1964,SOUTH AFRICA,Western Cape Province,Mossel Bay,Diving for sinkers,Unprovoked,-34.1832022,22.1536248,Carcharodon carcharias,6413744653,5.84,880.0,proximite_forte,4,4,0,2026-06-16,https://www.gbif.org/occurrence/6413744653
2475,1964-01-01,1964,SOUTH AFRICA,Western Cape Province,Mossel Bay,Diving for sinkers,Unprovoked,-34.1832022,22.1536248,Galeocerdo cuvier,5206523433,1298.64,29798.0,pas_de_proximite_100km,0,0,0,2025-03-25T01:26:01,https://www.gbif.org/occurrence/5206523433
2475,1964-01-01,1964,SOUTH AFRICA,Western Cape Province,Mossel Bay,Diving for sinkers,Unprovoked,-34.1832022,22.1536248,Rhincodon typus,6352311338,2092.05,1358701.0,pas_de_proximite_100km,0,0,0,2026-05-28,https://www.gbif.org/occurrence/6352311338
2483,1964-01-22,1964,SOUTH AFRICA,Eastern Cape Province,Nahoon,Standing,Unprovoked,-32.8678615,27.7406875,Carcharhinus leucas,6130149287,359.18,29330.0,pas_de_proximite_100km,0,0,0,2026-01-10T07:45:33,https://www.gbif.org/occurrence/6130149287
2483,1964-01-22,1964,SOUTH AFRICA,Eastern Cape Province,Nahoon,Standing,Unprovoked,-32.8678615,27.7406875,Carcharodon carcharias,6480081628,44.0,29039.0,proximite_regionale,0,2,0,2026-01-19T13:45:33,https://www.gbif.org/occurrence/6480081628
2483,1964-01-22,1964,SOUTH AFRICA,Eastern Cape Province,Nahoon,Standing,Unprovoked,-32.8678615,27.7406875,Galeocerdo cuvier,5206523433,818.79,29798.0,pas_de_proximite_100km,0,0,0,2025-03-25T01:26:01,https://www.gbif.org/occurrence/5206523433
2483,1964-01-22,1964,SOUTH AFRICA,Eastern Cape Province,Nahoon,Standing,Unprovoked,-32.8678615,27.7406875,Rhincodon typus,6352311338,1666.65,1358701.0,pas_de_proximite_100km,0,0,0,2026-05-28,https://www.gbif.org/occurrence/6352311338
2488,1964-07-08,1964,USA,Florida,"Palm Beach, Palm Beach County",Tagging sharks,Provoked,26.7056172,-80.0361517,Carcharhinus leucas,6236555493,8.87,29822.0,proximite_forte,6,10,1,2026-04-22T14:46:47,https://www.gbif.org/occurrence/6236555493
2488,1964-07-08,1964,USA,Florida,"Palm Beach, Palm Beach County",Tagging sharks,Provoked,26.7056172,-80.0361517,Carcharodon carcharias,6441095820,675.4,257.0,pas_de_proximite_100km,0,0,0,2026-03-27T20:47:37,https://www.gbif.org/occurrence/6441095820
2488,1964-07-08,1964,USA,Florida,"Palm Beach, Palm Beach County",Tagging sharks,Provoked,26.7056172,-80.0361517,Galeocerdo cuvier,6235030691,28.29,29798.0,proximite_regionale,0,2,0,2026-04-25T11:55,https://www.gbif.org/occurrence/6235030691
2488,1964-07-08,1964,USA,Florida,"Palm Beach, Palm Beach County",Tagging sharks,Provoked,26.7056172,-80.0361517,Rhincodon typus,6253026970,321.03,30069.0,pas_de_proximite_100km,0,0,0,2026-04-27T07:00,https://www.gbif.org/occurrence/6253026970
2506,1965-04-04,1965,USA,Florida,"Juno Beach, Palm Beach County",Paddling on surfboard,Unprovoked,26.8815475,-80.0539253,Carcharhinus leucas,6236036723,0.69,29798.0,proximite_forte,5,11,2,2026-03-27T15:00,https://www.gbif.org/occurrence/6236036723
2506,1965-04-04,1965,USA,Florida,"Juno Beach, Palm Beach County",Paddling on surfboard,Unprovoked,26.8815475,-80.0539253,Carcharodon carcharias,6441095820,655.91,257.0,pas_de_proximite_100km,0,0,0,2026-03-27T20:47:37,https://www.gbif.org/occurrence/6441095820
2506,1965-04-04,1965,USA,Florida,"Juno Beach, Palm Beach County",Paddling on surfboard,Unprovoked,26.8815475,-80.0539253,Galeocerdo cuvier,6235030691,10.35,29798.0,proximite_forte,1,2,0,2026-04-25T11:55,https://www.gbif.org/occurrence/6235030691
2506,1965-04-04,1965,USA,Florida,"Juno Beach, Palm Beach County",Paddling on surfboard,Unprovoked,26.8815475,-80.0539253,Rhincodon typus,6253026970,334.38,30069.0,pas_de_proximite_100km,0,0,0,2026-04-27T07:00,https://www.gbif.org/occurrence/6253026970
2516,1965-01-23,1965,SOUTH AFRICA,KwaZulu-Natal,"Country Club Beach, Durban",Paddling rescue ski,Unprovoked,-29.829354,31.0368231,Carcharhinus leucas,6185033442,66.74,29382.0,proximite_regionale,0,1,0,2026-03-28T17:16:06,https://www.gbif.org/occurrence/6185033442
2516,1965-01-23,1965,SOUTH AFRICA,KwaZulu-Natal,"Country Club Beach, Durban",Paddling rescue ski,Unprovoked,-29.829354,31.0368231,Carcharodon carcharias,5938331810,418.09,,pas_de_proximite_100km,0,0,0,2026-01-03T05:09:36,https://www.gbif.org/occurrence/5938331810
2516,1965-01-23,1965,SOUTH AFRICA,KwaZulu-Natal,"Country Club Beach, Durban",Paddling rescue ski,Unprovoked,-29.829354,31.0368231,Galeocerdo cuvier,5206523433,362.87,29798.0,pas_de_proximite_100km,0,0,0,2025-03-25T01:26:01,https://www.gbif.org/occurrence/5206523433
2516,1965-01-23,1965,SOUTH AFRICA,KwaZulu-Natal,"Country Club Beach, Durban",Paddling rescue ski,Unprovoked,-29.829354,31.0368231,Rhincodon typus,6352311338,1224.64,1358701.0,pas_de_proximite_100km,0,0,0,2026-05-28,https://www.gbif.org/occurrence/6352311338
2527,1965-05-01,1965,JAMAICA,,,Diving,Unprovoked,18.1850507,-77.3947693,Carcharhinus leucas,6178405378,762.18,70575.0,pas_de_proximite_100km,0,0,0,2026-02-18T16:22,https://www.gbif.org/occurrence/6178405378
2527,1965-05-01,1965,JAMAICA,,,Diving,Unprovoked,18.1850507,-77.3947693,Carcharodon carcharias,6441095820,1640.26,257.0,pas_de_proximite_100km,0,0,0,2026-03-27T20:47:37,https://www.gbif.org/occurrence/6441095820
2527,1965-05-01,1965,JAMAICA,,,Diving,Unprovoked,18.1850507,-77.3947693,Galeocerdo cuvier,6131322721,815.39,120467.0,pas_de_proximite_100km,0,0,0,2026-01-13,https://www.gbif.org/occurrence/6131322721
2527,1965-05-01,1965,JAMAICA,,,Diving,Unprovoked,18.1850507,-77.3947693,Rhincodon typus,6253026970,869.2,30069.0,pas_de_proximite_100km,0,0,0,2026-04-27T07:00,https://www.gbif.org/occurrence/6253026970
2535,1965-01-16,1965,SOUTH AFRICA,KwaZulu-Natal,"Country Club Beach, Durban",Body surfing,Unprovoked,-29.829354,31.0368231,Carcharhinus leucas,6185033442,66.74,29382.0,proximite_regionale,0,1,0,2026-03-28T17:16:06,https://www.gbif.org/occurrence/6185033442
2535,1965-01-16,1965,SOUTH AFRICA,KwaZulu-Natal,"Country Club Beach, Durban",Body surfing,Unprovoked,-29.829354,31.0368231,Carcharodon carcharias,5938331810,418.09,,pas_de_proximite_100km,0,0,0,2026-01-03T05:09:36,https://www.gbif.org/occurrence/5938331810
2535,1965-01-16,1965,SOUTH AFRICA,KwaZulu-Natal,"Country Club Beach, Durban",Body surfing,Unprovoked,-29.829354,31.0368231,Galeocerdo cuvier,5206523433,362.87,29798.0,pas_de_proximite_100km,0,0,0,2025-03-25T01:26:01,https://www.gbif.org/occurrence/5206523433
2535,1965-01-16,1965,SOUTH AFRICA,KwaZulu-Natal,"Country Club Beach, Durban",Body surfing,Unprovoked,-29.829354,31.0368231,Rhincodon typus,6352311338,1224.64,1358701.0,pas_de_proximite_100km,0,0,0,2026-05-28,https://www.gbif.org/occurrence/6352311338
2557,1966-08-27,1966,SOUTH AFRICA,KwaZulu-Natal,Durban,Netting sharks,Invalid,-29.8618145,31.009909,Carcharhinus leucas,6185033442,62.42,29382.0,proximite_regionale,0,1,0,2026-03-28T17:16:06,https://www.gbif.org/occurrence/6185033442
2557,1966-08-27,1966,SOUTH AFRICA,KwaZulu-Natal,Durban,Netting sharks,Invalid,-29.8618145,31.009909,Carcharodon carcharias,5938331810,413.65,,pas_de_proximite_100km,0,0,0,2026-01-03T05:09:36,https://www.gbif.org/occurrence/5938331810
2557,1966-08-27,1966,SOUTH AFRICA,KwaZulu-Natal,Durban,Netting sharks,Invalid,-29.8618145,31.009909,Galeocerdo cuvier,5206523433,367.29,29798.0,pas_de_proximite_100km,0,0,0,2025-03-25T01:26:01,https://www.gbif.org/occurrence/5206523433
2557,1966-08-27,1966,SOUTH AFRICA,KwaZulu-Natal,Durban,Netting sharks,Invalid,-29.8618145,31.009909,Rhincodon typus,6352311338,1228.98,1358701.0,pas_de_proximite_100km,0,0,0,2026-05-28,https://www.gbif.org/occurrence/6352311338
2558,1966-07-19,1966,USA,South Carolina,"Folly Beach, Charleston County",Killing a shark,Provoked,32.6554848,-79.9407802,Carcharhinus leucas,6130999421,402.26,29533.0,pas_de_proximite_100km,0,0,0,2026-01-17T15:30:29,https://www.gbif.org/occurrence/6130999421
2558,1966-07-19,1966,USA,South Carolina,"Folly Beach, Charleston County",Killing a shark,Provoked,32.6554848,-79.9407802,Carcharodon carcharias,6441095820,18.48,257.0,proximite_forte,1,1,0,2026-03-27T20:47:37,https://www.gbif.org/occurrence/6441095820
2558,1966-07-19,1966,USA,South Carolina,"Folly Beach, Charleston County",Killing a shark,Provoked,32.6554848,-79.9407802,Galeocerdo cuvier,6399752821,186.03,28902.0,pas_de_proximite_100km,0,0,0,2026-06-04T11:19,https://www.gbif.org/occurrence/6399752821
2558,1966-07-19,1966,USA,South Carolina,"Folly Beach, Charleston County",Killing a shark,Provoked,32.6554848,-79.9407802,Rhincodon typus,6253026970,923.96,30069.0,pas_de_proximite_100km,0,0,0,2026-04-27T07:00,https://www.gbif.org/occurrence/6253026970
2559,1966-09-13,1966,AUSTRALIA,Western Australia,Albany,Spearfishing,Provoked,-35.0247822,117.883608,Carcharhinus leucas,6185213952,283.36,6264.0,pas_de_proximite_100km,0,0,0,2026-03-07T16:35,https://www.gbif.org/occurrence/6185213952
2559,1966-09-13,1966,AUSTRALIA,Western Australia,Albany,Spearfishing,Provoked,-35.0247822,117.883608,Carcharodon carcharias,6131342125,1650.7,7535.0,pas_de_proximite_100km,0,0,0,2026-01-07T08:00:21,https://www.gbif.org/occurrence/6131342125
2559,1966-09-13,1966,AUSTRALIA,Western Australia,Albany,Spearfishing,Provoked,-35.0247822,117.883608,Galeocerdo cuvier,6520390560,1379.73,8.0,pas_de_proximite_100km,0,0,0,2026-08-31T14:06,https://www.gbif.org/occurrence/6520390560
2559,1966-09-13,1966,AUSTRALIA,Western Australia,Albany,Spearfishing,Provoked,-35.0247822,117.883608,Rhincodon typus,6235956991,1457.35,30278.0,pas_de_proximite_100km,0,0,0,2026-04-22T13:33:02,https://www.gbif.org/occurrence/6235956991
2561,1966-09-08,1966,USA,Florida,"Florida Keys, Monroe County",Hunting crayfish,Provoked,24.6736205,-81.4981792,Carcharhinus leucas,6273845090,7.22,30047.0,proximite_forte,2,5,3,2026-04-24T11:59,https://www.gbif.org/occurrence/6273845090
2561,1966-09-08,1966,USA,Florida,"Florida Keys, Monroe County",Hunting crayfish,Provoked,24.6736205,-81.4981792,Carcharodon carcharias,6400039718,825.73,49.0,pas_de_proximite_100km,0,0,0,2026-02-25T14:55,https://www.gbif.org/occurrence/6400039718
2561,1966-09-08,1966,USA,Florida,"Florida Keys, Monroe County",Hunting crayfish,Provoked,24.6736205,-81.4981792,Galeocerdo cuvier,5133758058,53.51,30025.0,proximite_regionale,0,1,0,2025-03-01T13:40,https://www.gbif.org/occurrence/5133758058
2561,1966-09-08,1966,USA,Florida,"Florida Keys, Monroe County",Hunting crayfish,Provoked,24.6736205,-81.4981792,Rhincodon typus,6253026970,72.94,30069.0,proximite_regionale,0,1,0,2026-04-27T07:00,https://www.gbif.org/occurrence/6253026970
2574,,1966,USA,California,"Huntington Beach, Orange County",Walking,Invalid,33.6783336,-118.000016,Carcharhinus leucas,6334261088,1391.73,30175.0,pas_de_proximite_100km,0,0,0,2026-05-21T11:26,https://www.gbif.org/occurrence/6334261088
2574,,1966,USA,California,"Huntington Beach, Orange County",Walking,Invalid,33.6783336,-118.000016,Carcharodon carcharias,6333847816,45.35,6.0,proximite_regionale,0,3,1,2026-05-25T09:35:36,https://www.gbif.org/occurrence/6333847816
2574,,1966,USA,California,"Huntington Beach, Orange County",Walking,Invalid,33.6783336,-118.000016,Galeocerdo cuvier,6400211599,1757.15,30580.0,pas_de_proximite_100km,0,0,0,2026-05-28T10:51:24,https://www.gbif.org/occurrence/6400211599
2574,,1966,USA,California,"Huntington Beach, Orange County",Walking,Invalid,33.6783336,-118.000016,Rhincodon typus,6130536863,1255.22,5588.0,pas_de_proximite_100km,0,0,0,2026-01-05T15:29:36,https://www.gbif.org/occurrence/6130536863
2576,1966-12-26,1966,AUSTRALIA,New South Wales,Coogee,Spearfishing,Unprovoked,-33.9217004,151.2557975,Carcharhinus leucas,6481240461,20.81,17.0,proximite_forte,1,1,0,2026-01-22T00:00,https://www.gbif.org/occurrence/6481240461
2576,1966-12-26,1966,AUSTRALIA,New South Wales,Coogee,Spearfishing,Unprovoked,-33.9217004,151.2557975,Carcharodon carcharias,6159298926,246.02,,pas_de_proximite_100km,0,0,0,2026-02-03T04:38:07,https://www.gbif.org/occurrence/6159298926
2576,1966-12-26,1966,AUSTRALIA,New South Wales,Coogee,Spearfishing,Unprovoked,-33.9217004,151.2557975,Galeocerdo cuvier,6133086834,667.59,5.0,pas_de_proximite_100km,0,0,0,2026-02-02T13:14:46,https://www.gbif.org/occurrence/6133086834
2576,1966-12-26,1966,AUSTRALIA,New South Wales,Coogee,Spearfishing,Unprovoked,-33.9217004,151.2557975,Rhincodon typus,6235620031,2044.54,28818.0,pas_de_proximite_100km,0,0,0,2026-02-19T12:26,https://www.gbif.org/occurrence/6235620031
2602,1967-12-30,1967,SOUTH AFRICA,Western Cape Province,Mossel Bay,Surfing,Unprovoked,-34.1832022,22.1536248,Carcharhinus leucas,6130149287,879.35,29330.0,pas_de_proximite_100km,0,0,0,2026-01-10T07:45:33,https://www.gbif.org/occurrence/6130149287
2602,1967-12-30,1967,SOUTH AFRICA,Western Cape Province,Mossel Bay,Surfing,Unprovoked,-34.1832022,22.1536248,Carcharodon carcharias,6413744653,5.84,880.0,proximite_forte,4,4,0,2026-06-16,https://www.gbif.org/occurrence/6413744653
2602,1967-12-30,1967,SOUTH AFRICA,Western Cape Province,Mossel Bay,Surfing,Unprovoked,-34.1832022,22.1536248,Galeocerdo cuvier,5206523433,1298.64,29798.0,pas_de_proximite_100km,0,0,0,2025-03-25T01:26:01,https://www.gbif.org/occurrence/5206523433
2602,1967-12-30,1967,SOUTH AFRICA,Western Cape Province,Mossel Bay,Surfing,Unprovoked,-34.1832022,22.1536248,Rhincodon typus,6352311338,2092.05,1358701.0,pas_de_proximite_100km,0,0,0,2026-05-28,https://www.gbif.org/occurrence/6352311338
2609,1967-12-18,1967,FIJI,,,Inconnue,Unprovoked,-18.1239696,179.0122737,Carcharhinus leucas,6499963492,91.72,30666.0,proximite_regionale,0,2,0,2026-07-03T09:15,https://www.gbif.org/occurrence/6499963492
2609,1967-12-18,1967,FIJI,,,Inconnue,Unprovoked,-18.1239696,179.0122737,Carcharodon carcharias,6162878281,2928.13,7.0,pas_de_proximite_100km,0,0,0,2026-02-22T09:03:13,https://www.gbif.org/occurrence/6162878281
2609,1967-12-18,1967,FIJI,,,Inconnue,Unprovoked,-18.1239696,179.0122737,Galeocerdo cuvier,5231441990,88.31,30666.0,proximite_regionale,0,13,0,2025-07-11T09:34,https://www.gbif.org/occurrence/5231441990
2609,1967-12-18,1967,FIJI,,,Inconnue,Unprovoked,-18.1239696,179.0122737,Rhincodon typus,6235620031,1904.62,28818.0,pas_de_proximite_100km,0,0,0,2026-02-19T12:26,https://www.gbif.org/occurrence/6235620031
2621,1967-09-07,1967,USA,Florida,"Key West, Monroe County",Spearfishing,Unprovoked,24.5548262,-81.8020722,Carcharhinus leucas,6179199665,14.7,30047.0,proximite_forte,1,4,3,2026-02-22T12:29:53,https://www.gbif.org/occurrence/6179199665
2621,1967-09-07,1967,USA,Florida,"Key West, Monroe County",Spearfishing,Unprovoked,24.5548262,-81.8020722,Carcharodon carcharias,6400039718,817.47,49.0,pas_de_proximite_100km,0,0,0,2026-02-25T14:55,https://www.gbif.org/occurrence/6400039718
2621,1967-09-07,1967,USA,Florida,"Key West, Monroe County",Spearfishing,Unprovoked,24.5548262,-81.8020722,Galeocerdo cuvier,5133758058,86.78,30025.0,proximite_regionale,0,1,0,2025-03-01T13:40,https://www.gbif.org/occurrence/5133758058
2621,1967-09-07,1967,USA,Florida,"Key West, Monroe County",Spearfishing,Unprovoked,24.5548262,-81.8020722,Rhincodon typus,6253026970,41.79,30069.0,proximite_regionale,0,1,0,2026-04-27T07:00,https://www.gbif.org/occurrence/6253026970
2631,1967-07-29,1967,USA,Florida,Florida Keys,Snorkeling,Unprovoked,24.6736205,-81.4981792,Carcharhinus leucas,6273845090,7.22,30047.0,proximite_forte,2,5,3,2026-04-24T11:59,https://www.gbif.org/occurrence/6273845090
2631,1967-07-29,1967,USA,Florida,Florida Keys,Snorkeling,Unprovoked,24.6736205,-81.4981792,Carcharodon carcharias,6400039718,825.73,49.0,pas_de_proximite_100km,0,0,0,2026-02-25T14:55,https://www.gbif.org/occurrence/6400039718
2631,1967-07-29,1967,USA,Florida,Florida Keys,Snorkeling,Unprovoked,24.6736205,-81.4981792,Galeocerdo cuvier,5133758058,53.51,30025.0,proximite_regionale,0,1,0,2025-03-01T13:40,https://www.gbif.org/occurrence/5133758058
2631,1967-07-29,1967,USA,Florida,Florida Keys,Snorkeling,Unprovoked,24.6736205,-81.4981792,Rhincodon typus,6253026970,72.94,30069.0,proximite_regionale,0,1,0,2026-04-27T07:00,https://www.gbif.org/occurrence/6253026970
2635,1967-11-15,1967,FIJI,,,Freediving,Provoked,-18.1239696,179.0122737,Carcharhinus leucas,6499963492,91.72,30666.0,proximite_regionale,0,2,0,2026-07-03T09:15,https://www.gbif.org/occurrence/6499963492
2635,1967-11-15,1967,FIJI,,,Freediving,Provoked,-18.1239696,179.0122737,Carcharodon carcharias,6162878281,2928.13,7.0,pas_de_proximite_100km,0,0,0,2026-02-22T09:03:13,https://www.gbif.org/occurrence/6162878281
2635,1967-11-15,1967,FIJI,,,Freediving,Provoked,-18.1239696,179.0122737,Galeocerdo cuvier,5231441990,88.31,30666.0,proximite_regionale,0,13,0,2025-07-11T09:34,https://www.gbif.org/occurrence/5231441990
2635,1967-11-15,1967,FIJI,,,Freediving,Provoked,-18.1239696,179.0122737,Rhincodon typus,6235620031,1904.62,28818.0,pas_de_proximite_100km,0,0,0,2026-02-19T12:26,https://www.gbif.org/occurrence/6235620031
2636,1967-07-01,1967,USA,South Carolina,,Surfing,Invalid,33.6874388,-80.4363743,Carcharhinus leucas,6130999421,509.37,29533.0,pas_de_proximite_100km,0,0,0,2026-01-17T15:30:29,https://www.gbif.org/occurrence/6130999421
2636,1967-07-01,1967,USA,South Carolina,,Surfing,Invalid,33.6874388,-80.4363743,Carcharodon carcharias,6441095820,117.09,257.0,pas_de_proximite_100km,0,0,0,2026-03-27T20:47:37,https://www.gbif.org/occurrence/6441095820
2636,1967-07-01,1967,USA,South Carolina,,Surfing,Invalid,33.6874388,-80.4363743,Galeocerdo cuvier,6399752821,172.66,28902.0,pas_de_proximite_100km,0,0,0,2026-06-04T11:19,https://www.gbif.org/occurrence/6399752821
2636,1967-07-01,1967,USA,South Carolina,,Surfing,Invalid,33.6874388,-80.4363743,Rhincodon typus,6253026970,1026.33,30069.0,pas_de_proximite_100km,0,0,0,2026-04-27T07:00,https://www.gbif.org/occurrence/6253026970
2640,1967-06-13,1967,USA,Florida,"Key West, Monroe County",Spearfishing,Provoked,24.5548262,-81.8020722,Carcharhinus leucas,6179199665,14.7,30047.0,proximite_forte,1,4,3,2026-02-22T12:29:53,https://www.gbif.org/occurrence/6179199665
2640,1967-06-13,1967,USA,Florida,"Key West, Monroe County",Spearfishing,Provoked,24.5548262,-81.8020722,Carcharodon carcharias,6400039718,817.47,49.0,pas_de_proximite_100km,0,0,0,2026-02-25T14:55,https://www.gbif.org/occurrence/6400039718
2640,1967-06-13,1967,USA,Florida,"Key West, Monroe County",Spearfishing,Provoked,24.5548262,-81.8020722,Galeocerdo cuvier,5133758058,86.78,30025.0,proximite_regionale,0,1,0,2025-03-01T13:40,https://www.gbif.org/occurrence/5133758058
2640,1967-06-13,1967,USA,Florida,"Key West, Monroe County",Spearfishing,Provoked,24.5548262,-81.8020722,Rhincodon typus,6253026970,41.79,30069.0,proximite_regionale,0,1,0,2026-04-27T07:00,https://www.gbif.org/occurrence/6253026970
2641,1967-11-30,1967,AUSTRALIA,New South Wales,Wollongong,Freediving,Provoked,-34.4278083,150.893054,Carcharhinus leucas,6481240461,68.91,17.0,proximite_regionale,0,1,0,2026-01-22T00:00,https://www.gbif.org/occurrence/6481240461
2641,1967-11-30,1967,AUSTRALIA,New South Wales,Wollongong,Freediving,Provoked,-34.4278083,150.893054,Carcharodon carcharias,6159298926,181.24,,pas_de_proximite_100km,0,0,0,2026-02-03T04:38:07,https://www.gbif.org/occurrence/6159298926
2641,1967-11-30,1967,AUSTRALIA,New South Wales,Wollongong,Freediving,Provoked,-34.4278083,150.893054,Galeocerdo cuvier,6133086834,732.01,5.0,pas_de_proximite_100km,0,0,0,2026-02-02T13:14:46,https://www.gbif.org/occurrence/6133086834
2641,1967-11-30,1967,AUSTRALIA,New South Wales,Wollongong,Freediving,Provoked,-34.4278083,150.893054,Rhincodon typus,6235620031,2070.27,28818.0,pas_de_proximite_100km,0,0,0,2026-02-19T12:26,https://www.gbif.org/occurrence/6235620031
2655,1968-04-29,1968,USA,Florida,"Fort Lauderdale, Broward County",Wading,Invalid,26.1223084,-80.1433786,Carcharhinus leucas,6273825352,44.7,29845.0,proximite_regionale,0,10,1,2026-04-22T11:39:24,https://www.gbif.org/occurrence/6273825352
2655,1968-04-29,1968,USA,Florida,"Fort Lauderdale, Broward County",Wading,Invalid,26.1223084,-80.1433786,Carcharodon carcharias,6441095820,740.62,257.0,pas_de_proximite_100km,0,0,0,2026-03-27T20:47:37,https://www.gbif.org/occurrence/6441095820
2655,1968-04-29,1968,USA,Florida,"Fort Lauderdale, Broward County",Wading,Invalid,26.1223084,-80.1433786,Galeocerdo cuvier,6235030691,91.61,29798.0,proximite_regionale,0,1,0,2026-04-25T11:55,https://www.gbif.org/occurrence/6235030691
2655,1968-04-29,1968,USA,Florida,"Fort Lauderdale, Broward County",Wading,Invalid,26.1223084,-80.1433786,Rhincodon typus,6253026970,269.01,30069.0,pas_de_proximite_100km,0,0,0,2026-04-27T07:00,https://www.gbif.org/occurrence/6253026970
2657,1968-02-26,1968,USA,Florida,Palm Beach County,Surfing,Unprovoked,26.6279798,-80.4494174,Carcharhinus leucas,6236219201,31.81,29822.0,proximite_regionale,0,10,1,2026-03-16T11:54:07,https://www.gbif.org/occurrence/6236219201
2657,1968-02-26,1968,USA,Florida,Palm Beach County,Surfing,Unprovoked,26.6279798,-80.4494174,Carcharodon carcharias,6441095820,686.49,257.0,pas_de_proximite_100km,0,0,0,2026-03-27T20:47:37,https://www.gbif.org/occurrence/6441095820
2657,1968-02-26,1968,USA,Florida,Palm Beach County,Surfing,Unprovoked,26.6279798,-80.4494174,Galeocerdo cuvier,6235030691,47.56,29798.0,proximite_regionale,0,1,0,2026-04-25T11:55,https://www.gbif.org/occurrence/6235030691
2657,1968-02-26,1968,USA,Florida,Palm Beach County,Surfing,Unprovoked,26.6279798,-80.4494174,Rhincodon typus,6253026970,287.62,30069.0,pas_de_proximite_100km,0,0,0,2026-04-27T07:00,https://www.gbif.org/occurrence/6253026970
2660,1968-03-01,1968,USA,Florida,Florida Keys,Treading water,Invalid,24.6736205,-81.4981792,Carcharhinus leucas,6273845090,7.22,30047.0,proximite_forte,2,5,3,2026-04-24T11:59,https://www.gbif.org/occurrence/6273845090
2660,1968-03-01,1968,USA,Florida,Florida Keys,Treading water,Invalid,24.6736205,-81.4981792,Carcharodon carcharias,6400039718,825.73,49.0,pas_de_proximite_100km,0,0,0,2026-02-25T14:55,https://www.gbif.org/occurrence/6400039718
2660,1968-03-01,1968,USA,Florida,Florida Keys,Treading water,Invalid,24.6736205,-81.4981792,Galeocerdo cuvier,5133758058,53.51,30025.0,proximite_regionale,0,1,0,2025-03-01T13:40,https://www.gbif.org/occurrence/5133758058
2660,1968-03-01,1968,USA,Florida,Florida Keys,Treading water,Invalid,24.6736205,-81.4981792,Rhincodon typus,6253026970,72.94,30069.0,proximite_regionale,0,1,0,2026-04-27T07:00,https://www.gbif.org/occurrence/6253026970
2665,1968-01-01,1968,USA,Florida,"Key West, Monroe County",Diving,Invalid,24.5548262,-81.8020722,Carcharhinus leucas,6179199665,14.7,30047.0,proximite_forte,1,4,3,2026-02-22T12:29:53,https://www.gbif.org/occurrence/6179199665
2665,1968-01-01,1968,USA,Florida,"Key West, Monroe County",Diving,Invalid,24.5548262,-81.8020722,Carcharodon carcharias,6400039718,817.47,49.0,pas_de_proximite_100km,0,0,0,2026-02-25T14:55,https://www.gbif.org/occurrence/6400039718
2665,1968-01-01,1968,USA,Florida,"Key West, Monroe County",Diving,Invalid,24.5548262,-81.8020722,Galeocerdo cuvier,5133758058,86.78,30025.0,proximite_regionale,0,1,0,2025-03-01T13:40,https://www.gbif.org/occurrence/5133758058
2665,1968-01-01,1968,USA,Florida,"Key West, Monroe County",Diving,Invalid,24.5548262,-81.8020722,Rhincodon typus,6253026970,41.79,30069.0,proximite_regionale,0,1,0,2026-04-27T07:00,https://www.gbif.org/occurrence/6253026970
2667,1968-01-01,1968,USA,Florida,"Jensen Beach, Martin County",Surfing,Invalid,27.2379528,-80.2389899,Carcharhinus leucas,6235914464,33.11,29798.0,proximite_regionale,0,13,4,2026-03-27T15:00,https://www.gbif.org/occurrence/6235914464
2667,1968-01-01,1968,USA,Florida,"Jensen Beach, Martin County",Surfing,Invalid,27.2379528,-80.2389899,Carcharodon carcharias,6441095820,617.26,257.0,pas_de_proximite_100km,0,0,0,2026-03-27T20:47:37,https://www.gbif.org/occurrence/6441095820
2667,1968-01-01,1968,USA,Florida,"Jensen Beach, Martin County",Surfing,Invalid,27.2379528,-80.2389899,Galeocerdo cuvier,6235030691,34.23,29798.0,proximite_regionale,0,1,0,2026-04-25T11:55,https://www.gbif.org/occurrence/6235030691
2667,1968-01-01,1968,USA,Florida,"Jensen Beach, Martin County",Surfing,Invalid,27.2379528,-80.2389899,Rhincodon typus,6253026970,354.67,30069.0,pas_de_proximite_100km,0,0,0,2026-04-27T07:00,https://www.gbif.org/occurrence/6253026970
2674,1968-03-10,1968,USA,Florida,"Jensen Beach, Martin County",Surfing,Unprovoked,27.2379528,-80.2389899,Carcharhinus leucas,6235914464,33.11,29798.0,proximite_regionale,0,13,4,2026-03-27T15:00,https://www.gbif.org/occurrence/6235914464
2674,1968-03-10,1968,USA,Florida,"Jensen Beach, Martin County",Surfing,Unprovoked,27.2379528,-80.2389899,Carcharodon carcharias,6441095820,617.26,257.0,pas_de_proximite_100km,0,0,0,2026-03-27T20:47:37,https://www.gbif.org/occurrence/6441095820
2674,1968-03-10,1968,USA,Florida,"Jensen Beach, Martin County",Surfing,Unprovoked,27.2379528,-80.2389899,Galeocerdo cuvier,6235030691,34.23,29798.0,proximite_regionale,0,1,0,2026-04-25T11:55,https://www.gbif.org/occurrence/6235030691
2674,1968-03-10,1968,USA,Florida,"Jensen Beach, Martin County",Surfing,Unprovoked,27.2379528,-80.2389899,Rhincodon typus,6253026970,354.67,30069.0,pas_de_proximite_100km,0,0,0,2026-04-27T07:00,https://www.gbif.org/occurrence/6253026970
2679,1968-10-29,1968,BAHAMAS,,,Inconnue,Provoked,24.7736546,-78.0000547,Carcharhinus leucas,6334488030,158.99,29936.0,pas_de_proximite_100km,0,0,0,2026-05-18T15:01:50,https://www.gbif.org/occurrence/6334488030
2679,1968-10-29,1968,BAHAMAS,,,Inconnue,Provoked,24.7736546,-78.0000547,Carcharodon carcharias,6441095820,907.03,257.0,pas_de_proximite_100km,0,0,0,2026-03-27T20:47:37,https://www.gbif.org/occurrence/6441095820
2679,1968-10-29,1968,BAHAMAS,,,Inconnue,Provoked,24.7736546,-78.0000547,Galeocerdo cuvier,6131322721,84.29,120467.0,proximite_regionale,0,2,0,2026-01-13,https://www.gbif.org/occurrence/6131322721
2679,1968-10-29,1968,BAHAMAS,,,Inconnue,Provoked,24.7736546,-78.0000547,Rhincodon typus,6253026970,426.21,30069.0,pas_de_proximite_100km,0,0,0,2026-04-27T07:00,https://www.gbif.org/occurrence/6253026970
2680,1968-09-22,1968,USA,Florida,"Riviera Beach, Palm Beach County",Surfing,Invalid,26.784343,-80.0650293,Carcharhinus leucas,6236219201,10.16,29822.0,proximite_forte,7,10,1,2026-03-16T11:54:07,https://www.gbif.org/occurrence/6236219201
2680,1968-09-22,1968,USA,Florida,"Riviera Beach, Palm Beach County",Surfing,Invalid,26.784343,-80.0650293,Carcharodon carcharias,6441095820,666.75,257.0,pas_de_proximite_100km,0,0,0,2026-03-27T20:47:37,https://www.gbif.org/occurrence/6441095820
2680,1968-09-22,1968,USA,Florida,"Riviera Beach, Palm Beach County",Surfing,Invalid,26.784343,-80.0650293,Galeocerdo cuvier,6235030691,19.08,29798.0,proximite_forte,1,2,0,2026-04-25T11:55,https://www.gbif.org/occurrence/6235030691
2680,1968-09-22,1968,USA,Florida,"Riviera Beach, Palm Beach County",Surfing,Invalid,26.784343,-80.0650293,Rhincodon typus,6253026970,325.53,30069.0,pas_de_proximite_100km,0,0,0,2026-04-27T07:00,https://www.gbif.org/occurrence/6253026970
2686,1968-07-23,1968,USA,Florida,Florida Keys,Wading,Unprovoked,24.6736205,-81.4981792,Carcharhinus leucas,6273845090,7.22,30047.0,proximite_forte,2,5,3,2026-04-24T11:59,https://www.gbif.org/occurrence/6273845090
2686,1968-07-23,1968,USA,Florida,Florida Keys,Wading,Unprovoked,24.6736205,-81.4981792,Carcharodon carcharias,6400039718,825.73,49.0,pas_de_proximite_100km,0,0,0,2026-02-25T14:55,https://www.gbif.org/occurrence/6400039718
2686,1968-07-23,1968,USA,Florida,Florida Keys,Wading,Unprovoked,24.6736205,-81.4981792,Galeocerdo cuvier,5133758058,53.51,30025.0,proximite_regionale,0,1,0,2025-03-01T13:40,https://www.gbif.org/occurrence/5133758058
2686,1968-07-23,1968,USA,Florida,Florida Keys,Wading,Unprovoked,24.6736205,-81.4981792,Rhincodon typus,6253026970,72.94,30069.0,proximite_regionale,0,1,0,2026-04-27T07:00,https://www.gbif.org/occurrence/6253026970
2696,1969-07-22,1969,USA,Florida,Florida Keys,Inconnue,Provoked,24.6736205,-81.4981792,Carcharhinus leucas,6273845090,7.22,30047.0,proximite_forte,2,5,3,2026-04-24T11:59,https://www.gbif.org/occurrence/6273845090
2696,1969-07-22,1969,USA,Florida,Florida Keys,Inconnue,Provoked,24.6736205,-81.4981792,Carcharodon carcharias,6400039718,825.73,49.0,pas_de_proximite_100km,0,0,0,2026-02-25T14:55,https://www.gbif.org/occurrence/6400039718
2696,1969-07-22,1969,USA,Florida,Florida Keys,Inconnue,Provoked,24.6736205,-81.4981792,Galeocerdo cuvier,5133758058,53.51,30025.0,proximite_regionale,0,1,0,2025-03-01T13:40,https://www.gbif.org/occurrence/5133758058
2696,1969-07-22,1969,USA,Florida,Florida Keys,Inconnue,Provoked,24.6736205,-81.4981792,Rhincodon typus,6253026970,72.94,30069.0,proximite_regionale,0,1,0,2026-04-27T07:00,https://www.gbif.org/occurrence/6253026970
2703,1969-03-25,1969,AUSTRALIA,New South Wales,Newcastle,Inconnue,Provoked,-32.9192953,151.7795348,Carcharhinus leucas,6481240461,120.63,17.0,pas_de_proximite_100km,0,0,0,2026-01-22T00:00,https://www.gbif.org/occurrence/6481240461
2703,1969-03-25,1969,AUSTRALIA,New South Wales,Newcastle,Inconnue,Provoked,-32.9192953,151.7795348,Carcharodon carcharias,6162878281,340.27,7.0,pas_de_proximite_100km,0,0,0,2026-02-22T09:03:13,https://www.gbif.org/occurrence/6162878281
2703,1969-03-25,1969,AUSTRALIA,New South Wales,Newcastle,Inconnue,Provoked,-32.9192953,151.7795348,Galeocerdo cuvier,6133086834,546.3,5.0,pas_de_proximite_100km,0,0,0,2026-02-02T13:14:46,https://www.gbif.org/occurrence/6133086834
2703,1969-03-25,1969,AUSTRALIA,New South Wales,Newcastle,Inconnue,Provoked,-32.9192953,151.7795348,Rhincodon typus,5938466615,1967.14,30841.0,pas_de_proximite_100km,0,0,0,2026-01-03T11:33,https://www.gbif.org/occurrence/5938466615
2710,1969-08-02,1969,USA,Florida,"New Smyrna Beach, Volusia County",Surfing,Unprovoked,29.0258132,-80.9271271,Carcharhinus leucas,6133570230,11.63,29533.0,proximite_forte,2,2,2,2026-01-28T17:22:37,https://www.gbif.org/occurrence/6133570230
2710,1969-08-02,1969,USA,Florida,"New Smyrna Beach, Volusia County",Surfing,Unprovoked,29.0258132,-80.9271271,Carcharodon carcharias,6441095820,430.55,257.0,pas_de_proximite_100km,0,0,0,2026-03-27T20:47:37,https://www.gbif.org/occurrence/6441095820
2710,1969-08-02,1969,USA,Florida,"New Smyrna Beach, Volusia County",Surfing,Unprovoked,29.0258132,-80.9271271,Galeocerdo cuvier,6399953055,95.51,29433.0,proximite_regionale,0,1,0,2026-06-07T17:14:40,https://www.gbif.org/occurrence/6399953055
2710,1969-08-02,1969,USA,Florida,"New Smyrna Beach, Volusia County",Surfing,Unprovoked,29.0258132,-80.9271271,Rhincodon typus,6253026970,509.66,30069.0,pas_de_proximite_100km,0,0,0,2026-04-27T07:00,https://www.gbif.org/occurrence/6253026970
2713,1969-06-27,1969,USA,Florida,Florida Keys,Wading,Unprovoked,24.6736205,-81.4981792,Carcharhinus leucas,6273845090,7.22,30047.0,proximite_forte,2,5,3,2026-04-24T11:59,https://www.gbif.org/occurrence/6273845090
2713,1969-06-27,1969,USA,Florida,Florida Keys,Wading,Unprovoked,24.6736205,-81.4981792,Carcharodon carcharias,6400039718,825.73,49.0,pas_de_proximite_100km,0,0,0,2026-02-25T14:55,https://www.gbif.org/occurrence/6400039718
2713,1969-06-27,1969,USA,Florida,Florida Keys,Wading,Unprovoked,24.6736205,-81.4981792,Galeocerdo cuvier,5133758058,53.51,30025.0,proximite_regionale,0,1,0,2025-03-01T13:40,https://www.gbif.org/occurrence/5133758058
2713,1969-06-27,1969,USA,Florida,Florida Keys,Wading,Unprovoked,24.6736205,-81.4981792,Rhincodon typus,6253026970,72.94,30069.0,proximite_regionale,0,1,0,2026-04-27T07:00,https://www.gbif.org/occurrence/6253026970
2719,1969-08-19,1969,USA,Florida,"Marathon, Monroe County",Fishing,Provoked,24.7137524,-81.0903512,Carcharhinus leucas,6179367299,5.52,30047.0,proximite_forte,2,5,3,2026-02-22T12:30,https://www.gbif.org/occurrence/6179367299
2719,1969-08-19,1969,USA,Florida,"Marathon, Monroe County",Fishing,Provoked,24.7137524,-81.0903512,Carcharodon carcharias,6400039718,848.62,49.0,pas_de_proximite_100km,0,0,0,2026-02-25T14:55,https://www.gbif.org/occurrence/6400039718
2719,1969-08-19,1969,USA,Florida,"Marathon, Monroe County",Fishing,Provoked,24.7137524,-81.0903512,Galeocerdo cuvier,5133758058,23.23,30025.0,proximite_forte,1,1,0,2025-03-01T13:40,https://www.gbif.org/occurrence/5133758058
2719,1969-08-19,1969,USA,Florida,"Marathon, Monroe County",Fishing,Provoked,24.7137524,-81.0903512,Rhincodon typus,6253026970,114.38,30069.0,pas_de_proximite_100km,0,0,0,2026-04-27T07:00,https://www.gbif.org/occurrence/6253026970
2748,1970-09-05,1970,USA,Florida,"Cocoa Beach, Brevard County",Floating on a raft,Unprovoked,28.3184107,-80.6094959,Carcharhinus leucas,6234759244,43.15,29680.0,proximite_regionale,0,5,5,2026-04-17T20:49,https://www.gbif.org/occurrence/6234759244
2748,1970-09-05,1970,USA,Florida,"Cocoa Beach, Brevard County",Floating on a raft,Unprovoked,28.3184107,-80.6094959,Carcharodon carcharias,6441095820,501.64,257.0,pas_de_proximite_100km,0,0,0,2026-03-27T20:47:37,https://www.gbif.org/occurrence/6441095820
2748,1970-09-05,1970,USA,Florida,"Cocoa Beach, Brevard County",Floating on a raft,Unprovoked,28.3184107,-80.6094959,Galeocerdo cuvier,6235030691,159.76,29798.0,pas_de_proximite_100km,0,0,0,2026-04-25T11:55,https://www.gbif.org/occurrence/6235030691
2748,1970-09-05,1970,USA,Florida,"Cocoa Beach, Brevard County",Floating on a raft,Unprovoked,28.3184107,-80.6094959,Rhincodon typus,6253026970,444.43,30069.0,pas_de_proximite_100km,0,0,0,2026-04-27T07:00,https://www.gbif.org/occurrence/6253026970
2761,1970-09-01,1970,USA,South Carolina,,Swimming,Unprovoked,33.6874388,-80.4363743,Carcharhinus leucas,6130999421,509.37,29533.0,pas_de_proximite_100km,0,0,0,2026-01-17T15:30:29,https://www.gbif.org/occurrence/6130999421
2761,1970-09-01,1970,USA,South Carolina,,Swimming,Unprovoked,33.6874388,-80.4363743,Carcharodon carcharias,6441095820,117.09,257.0,pas_de_proximite_100km,0,0,0,2026-03-27T20:47:37,https://www.gbif.org/occurrence/6441095820
2761,1970-09-01,1970,USA,South Carolina,,Swimming,Unprovoked,33.6874388,-80.4363743,Galeocerdo cuvier,6399752821,172.66,28902.0,pas_de_proximite_100km,0,0,0,2026-06-04T11:19,https://www.gbif.org/occurrence/6399752821
2761,1970-09-01,1970,USA,South Carolina,,Swimming,Unprovoked,33.6874388,-80.4363743,Rhincodon typus,6253026970,1026.33,30069.0,pas_de_proximite_100km,0,0,0,2026-04-27T07:00,https://www.gbif.org/occurrence/6253026970
2767,1971-07-26,1971,USA,Florida,"Daytona Beach, Volusia County",Wading,Unprovoked,29.2108147,-81.0228331,Carcharhinus leucas,6133570230,19.73,29533.0,proximite_forte,2,2,2,2026-01-28T17:22:37,https://www.gbif.org/occurrence/6133570230
2767,1971-07-26,1971,USA,Florida,"Daytona Beach, Volusia County",Wading,Unprovoked,29.2108147,-81.0228331,Carcharodon carcharias,6441095820,413.1,257.0,pas_de_proximite_100km,0,0,0,2026-03-27T20:47:37,https://www.gbif.org/occurrence/6441095820
2767,1971-07-26,1971,USA,Florida,"Daytona Beach, Volusia County",Wading,Unprovoked,29.2108147,-81.0228331,Galeocerdo cuvier,6399953055,72.96,29433.0,proximite_regionale,0,1,0,2026-06-07T17:14:40,https://www.gbif.org/occurrence/6399953055
2767,1971-07-26,1971,USA,Florida,"Daytona Beach, Volusia County",Wading,Unprovoked,29.2108147,-81.0228331,Rhincodon typus,6253026970,527.37,30069.0,pas_de_proximite_100km,0,0,0,2026-04-27T07:00,https://www.gbif.org/occurrence/6253026970
2773,1971-06-30,1971,SOUTH AFRICA,Western Cape Province,Mossel Bay,Surfing,Unprovoked,-34.1832022,22.1536248,Carcharhinus leucas,6130149287,879.35,29330.0,pas_de_proximite_100km,0,0,0,2026-01-10T07:45:33,https://www.gbif.org/occurrence/6130149287
2773,1971-06-30,1971,SOUTH AFRICA,Western Cape Province,Mossel Bay,Surfing,Unprovoked,-34.1832022,22.1536248,Carcharodon carcharias,6413744653,5.84,880.0,proximite_forte,4,4,0,2026-06-16,https://www.gbif.org/occurrence/6413744653
2773,1971-06-30,1971,SOUTH AFRICA,Western Cape Province,Mossel Bay,Surfing,Unprovoked,-34.1832022,22.1536248,Galeocerdo cuvier,5206523433,1298.64,29798.0,pas_de_proximite_100km,0,0,0,2025-03-25T01:26:01,https://www.gbif.org/occurrence/5206523433
2773,1971-06-30,1971,SOUTH AFRICA,Western Cape Province,Mossel Bay,Surfing,Unprovoked,-34.1832022,22.1536248,Rhincodon typus,6352311338,2092.05,1358701.0,pas_de_proximite_100km,0,0,0,2026-05-28,https://www.gbif.org/occurrence/6352311338
2779,1971-10-14,1971,SOUTH AFRICA,KwaZulu-Natal,"North Beach, Durban",Swimming,Unprovoked,-29.8467091,31.035303,Carcharhinus leucas,6185033442,64.9,29382.0,proximite_regionale,0,1,0,2026-03-28T17:16:06,https://www.gbif.org/occurrence/6185033442
2779,1971-10-14,1971,SOUTH AFRICA,KwaZulu-Natal,"North Beach, Durban",Swimming,Unprovoked,-29.8467091,31.035303,Carcharodon carcharias,5938331810,416.47,,pas_de_proximite_100km,0,0,0,2026-01-03T05:09:36,https://www.gbif.org/occurrence/5938331810
2779,1971-10-14,1971,SOUTH AFRICA,KwaZulu-Natal,"North Beach, Durban",Swimming,Unprovoked,-29.8467091,31.035303,Galeocerdo cuvier,5206523433,364.62,29798.0,pas_de_proximite_100km,0,0,0,2025-03-25T01:26:01,https://www.gbif.org/occurrence/5206523433
2779,1971-10-14,1971,SOUTH AFRICA,KwaZulu-Natal,"North Beach, Durban",Swimming,Unprovoked,-29.8467091,31.035303,Rhincodon typus,6352311338,1226.48,1358701.0,pas_de_proximite_100km,0,0,0,2026-05-28,https://www.gbif.org/occurrence/6352311338
2788,1971-11-25,1971,HONG KONG,Mirs Bay,,Freedom Swimming,Unprovoked,22.489884,114.4011687,Carcharhinus leucas,6442078835,980.34,30069.0,pas_de_proximite_100km,0,0,0,2026-06-22T13:06,https://www.gbif.org/occurrence/6442078835
2788,1971-11-25,1971,HONG KONG,Mirs Bay,,Freedom Swimming,Unprovoked,22.489884,114.4011687,Carcharodon carcharias,6147658662,1209.44,318538.0,pas_de_proximite_100km,0,0,0,2026-02-06T23:35,https://www.gbif.org/occurrence/6147658662
2788,1971-11-25,1971,HONG KONG,Mirs Bay,,Freedom Swimming,Unprovoked,22.489884,114.4011687,Galeocerdo cuvier,5292773527,1605.4,31148.0,pas_de_proximite_100km,0,0,0,2025-06-30T16:36,https://www.gbif.org/occurrence/5292773527
2788,1971-11-25,1971,HONG KONG,Mirs Bay,,Freedom Swimming,Unprovoked,22.489884,114.4011687,Rhincodon typus,6185855643,1428.13,31057.0,pas_de_proximite_100km,0,0,0,2026-02-28T11:14,https://www.gbif.org/occurrence/6185855643
2798,1972-06-10,1972,USA,Florida,"Cocoa Beach, Brevard County",Surfing,Unprovoked,28.3184107,-80.6094959,Carcharhinus leucas,6234759244,43.15,29680.0,proximite_regionale,0,5,5,2026-04-17T20:49,https://www.gbif.org/occurrence/6234759244
2798,1972-06-10,1972,USA,Florida,"Cocoa Beach, Brevard County",Surfing,Unprovoked,28.3184107,-80.6094959,Carcharodon carcharias,6441095820,501.64,257.0,pas_de_proximite_100km,0,0,0,2026-03-27T20:47:37,https://www.gbif.org/occurrence/6441095820
2798,1972-06-10,1972,USA,Florida,"Cocoa Beach, Brevard County",Surfing,Unprovoked,28.3184107,-80.6094959,Galeocerdo cuvier,6235030691,159.76,29798.0,pas_de_proximite_100km,0,0,0,2026-04-25T11:55,https://www.gbif.org/occurrence/6235030691
2798,1972-06-10,1972,USA,Florida,"Cocoa Beach, Brevard County",Surfing,Unprovoked,28.3184107,-80.6094959,Rhincodon typus,6253026970,444.43,30069.0,pas_de_proximite_100km,0,0,0,2026-04-27T07:00,https://www.gbif.org/occurrence/6253026970
2805,1972-10-14,1972,USA,Florida,"New Smyrna Beach, Volusia County",Surfing,Unprovoked,29.0258132,-80.9271271,Carcharhinus leucas,6133570230,11.63,29533.0,proximite_forte,2,2,2,2026-01-28T17:22:37,https://www.gbif.org/occurrence/6133570230
2805,1972-10-14,1972,USA,Florida,"New Smyrna Beach, Volusia County",Surfing,Unprovoked,29.0258132,-80.9271271,Carcharodon carcharias,6441095820,430.55,257.0,pas_de_proximite_100km,0,0,0,2026-03-27T20:47:37,https://www.gbif.org/occurrence/6441095820
2805,1972-10-14,1972,USA,Florida,"New Smyrna Beach, Volusia County",Surfing,Unprovoked,29.0258132,-80.9271271,Galeocerdo cuvier,6399953055,95.51,29433.0,proximite_regionale,0,1,0,2026-06-07T17:14:40,https://www.gbif.org/occurrence/6399953055
2805,1972-10-14,1972,USA,Florida,"New Smyrna Beach, Volusia County",Surfing,Unprovoked,29.0258132,-80.9271271,Rhincodon typus,6253026970,509.66,30069.0,pas_de_proximite_100km,0,0,0,2026-04-27T07:00,https://www.gbif.org/occurrence/6253026970
2810,1972-04-01,1972,MOZAMBIQUE,Gaza,Xai Xai,Swimming,Unprovoked,-25.044479,33.64073,Carcharhinus leucas,6185033442,657.38,29382.0,pas_de_proximite_100km,0,0,0,2026-03-28T17:16:06,https://www.gbif.org/occurrence/6185033442
2810,1972-04-01,1972,MOZAMBIQUE,Gaza,Xai Xai,Swimming,Unprovoked,-25.044479,33.64073,Carcharodon carcharias,5938331810,1004.15,,pas_de_proximite_100km,0,0,0,2026-01-03T05:09:36,https://www.gbif.org/occurrence/5938331810
2810,1972-04-01,1972,MOZAMBIQUE,Gaza,Xai Xai,Swimming,Unprovoked,-25.044479,33.64073,Galeocerdo cuvier,5206523433,229.56,29798.0,pas_de_proximite_100km,0,0,0,2025-03-25T01:26:01,https://www.gbif.org/occurrence/5206523433
2810,1972-04-01,1972,MOZAMBIQUE,Gaza,Xai Xai,Swimming,Unprovoked,-25.044479,33.64073,Rhincodon typus,6352311338,635.92,1358701.0,pas_de_proximite_100km,0,0,0,2026-05-28,https://www.gbif.org/occurrence/6352311338
2822,1972-01-01,1972,MOZAMBIQUE,Gaza,Xai Xai,Standing,Unprovoked,-25.044479,33.64073,Carcharhinus leucas,6185033442,657.38,29382.0,pas_de_proximite_100km,0,0,0,2026-03-28T17:16:06,https://www.gbif.org/occurrence/6185033442
2822,1972-01-01,1972,MOZAMBIQUE,Gaza,Xai Xai,Standing,Unprovoked,-25.044479,33.64073,Carcharodon carcharias,5938331810,1004.15,,pas_de_proximite_100km,0,0,0,2026-01-03T05:09:36,https://www.gbif.org/occurrence/5938331810
2822,1972-01-01,1972,MOZAMBIQUE,Gaza,Xai Xai,Standing,Unprovoked,-25.044479,33.64073,Galeocerdo cuvier,5206523433,229.56,29798.0,pas_de_proximite_100km,0,0,0,2025-03-25T01:26:01,https://www.gbif.org/occurrence/5206523433
2822,1972-01-01,1972,MOZAMBIQUE,Gaza,Xai Xai,Standing,Unprovoked,-25.044479,33.64073,Rhincodon typus,6352311338,635.92,1358701.0,pas_de_proximite_100km,0,0,0,2026-05-28,https://www.gbif.org/occurrence/6352311338
2824,1972-12-26,1972,MOZAMBIQUE,Gaza,Xai Xai,Swimming,Unprovoked,-25.044479,33.64073,Carcharhinus leucas,6185033442,657.38,29382.0,pas_de_proximite_100km,0,0,0,2026-03-28T17:16:06,https://www.gbif.org/occurrence/6185033442
2824,1972-12-26,1972,MOZAMBIQUE,Gaza,Xai Xai,Swimming,Unprovoked,-25.044479,33.64073,Carcharodon carcharias,5938331810,1004.15,,pas_de_proximite_100km,0,0,0,2026-01-03T05:09:36,https://www.gbif.org/occurrence/5938331810
2824,1972-12-26,1972,MOZAMBIQUE,Gaza,Xai Xai,Swimming,Unprovoked,-25.044479,33.64073,Galeocerdo cuvier,5206523433,229.56,29798.0,pas_de_proximite_100km,0,0,0,2025-03-25T01:26:01,https://www.gbif.org/occurrence/5206523433
2824,1972-12-26,1972,MOZAMBIQUE,Gaza,Xai Xai,Swimming,Unprovoked,-25.044479,33.64073,Rhincodon typus,6352311338,635.92,1358701.0,pas_de_proximite_100km,0,0,0,2026-05-28,https://www.gbif.org/occurrence/6352311338
2834,1973-01-21,1973,SOUTH AFRICA,KwaZulu-Natal,Durban,Fishing from paddleski,Provoked,-29.8618145,31.009909,Carcharhinus leucas,6185033442,62.42,29382.0,proximite_regionale,0,1,0,2026-03-28T17:16:06,https://www.gbif.org/occurrence/6185033442
2834,1973-01-21,1973,SOUTH AFRICA,KwaZulu-Natal,Durban,Fishing from paddleski,Provoked,-29.8618145,31.009909,Carcharodon carcharias,5938331810,413.65,,pas_de_proximite_100km,0,0,0,2026-01-03T05:09:36,https://www.gbif.org/occurrence/5938331810
2834,1973-01-21,1973,SOUTH AFRICA,KwaZulu-Natal,Durban,Fishing from paddleski,Provoked,-29.8618145,31.009909,Galeocerdo cuvier,5206523433,367.29,29798.0,pas_de_proximite_100km,0,0,0,2025-03-25T01:26:01,https://www.gbif.org/occurrence/5206523433
2834,1973-01-21,1973,SOUTH AFRICA,KwaZulu-Natal,Durban,Fishing from paddleski,Provoked,-29.8618145,31.009909,Rhincodon typus,6352311338,1228.98,1358701.0,pas_de_proximite_100km,0,0,0,2026-05-28,https://www.gbif.org/occurrence/6352311338
2838,1973-12-21,1973,MOZAMBIQUE,Gaza,Xai Xai,Swimming,Unprovoked,-25.044479,33.64073,Carcharhinus leucas,6185033442,657.38,29382.0,pas_de_proximite_100km,0,0,0,2026-03-28T17:16:06,https://www.gbif.org/occurrence/6185033442
2838,1973-12-21,1973,MOZAMBIQUE,Gaza,Xai Xai,Swimming,Unprovoked,-25.044479,33.64073,Carcharodon carcharias,5938331810,1004.15,,pas_de_proximite_100km,0,0,0,2026-01-03T05:09:36,https://www.gbif.org/occurrence/5938331810
2838,1973-12-21,1973,MOZAMBIQUE,Gaza,Xai Xai,Swimming,Unprovoked,-25.044479,33.64073,Galeocerdo cuvier,5206523433,229.56,29798.0,pas_de_proximite_100km,0,0,0,2025-03-25T01:26:01,https://www.gbif.org/occurrence/5206523433
2838,1973-12-21,1973,MOZAMBIQUE,Gaza,Xai Xai,Swimming,Unprovoked,-25.044479,33.64073,Rhincodon typus,6352311338,635.92,1358701.0,pas_de_proximite_100km,0,0,0,2026-05-28,https://www.gbif.org/occurrence/6352311338
2843,1973-09-10,1973,HONG KONG,Mirs Bay,,Freedom Swimming,Unprovoked,22.489884,114.4011687,Carcharhinus leucas,6442078835,980.34,30069.0,pas_de_proximite_100km,0,0,0,2026-06-22T13:06,https://www.gbif.org/occurrence/6442078835
2843,1973-09-10,1973,HONG KONG,Mirs Bay,,Freedom Swimming,Unprovoked,22.489884,114.4011687,Carcharodon carcharias,6147658662,1209.44,318538.0,pas_de_proximite_100km,0,0,0,2026-02-06T23:35,https://www.gbif.org/occurrence/6147658662
2843,1973-09-10,1973,HONG KONG,Mirs Bay,,Freedom Swimming,Unprovoked,22.489884,114.4011687,Galeocerdo cuvier,5292773527,1605.4,31148.0,pas_de_proximite_100km,0,0,0,2025-06-30T16:36,https://www.gbif.org/occurrence/5292773527
2843,1973-09-10,1973,HONG KONG,Mirs Bay,,Freedom Swimming,Unprovoked,22.489884,114.4011687,Rhincodon typus,6185855643,1428.13,31057.0,pas_de_proximite_100km,0,0,0,2026-02-28T11:14,https://www.gbif.org/occurrence/6185855643
2850,1973-12-25,1973,MOZAMBIQUE,Gaza,Xai Xai,Spearfishing,Unprovoked,-25.044479,33.64073,Carcharhinus leucas,6185033442,657.38,29382.0,pas_de_proximite_100km,0,0,0,2026-03-28T17:16:06,https://www.gbif.org/occurrence/6185033442
2850,1973-12-25,1973,MOZAMBIQUE,Gaza,Xai Xai,Spearfishing,Unprovoked,-25.044479,33.64073,Carcharodon carcharias,5938331810,1004.15,,pas_de_proximite_100km,0,0,0,2026-01-03T05:09:36,https://www.gbif.org/occurrence/5938331810
2850,1973-12-25,1973,MOZAMBIQUE,Gaza,Xai Xai,Spearfishing,Unprovoked,-25.044479,33.64073,Galeocerdo cuvier,5206523433,229.56,29798.0,pas_de_proximite_100km,0,0,0,2025-03-25T01:26:01,https://www.gbif.org/occurrence/5206523433
2850,1973-12-25,1973,MOZAMBIQUE,Gaza,Xai Xai,Spearfishing,Unprovoked,-25.044479,33.64073,Rhincodon typus,6352311338,635.92,1358701.0,pas_de_proximite_100km,0,0,0,2026-05-28,https://www.gbif.org/occurrence/6352311338
2855,1974-01-07,1974,SOUTH AFRICA,KwaZulu-Natal,Amanzimtoti,Swimming,Unprovoked,-30.0497222,30.8886111,Carcharhinus leucas,6185033442,38.85,29382.0,proximite_regionale,0,2,0,2026-03-28T17:16:06,https://www.gbif.org/occurrence/6185033442
2855,1974-01-07,1974,SOUTH AFRICA,KwaZulu-Natal,Amanzimtoti,Swimming,Unprovoked,-30.0497222,30.8886111,Carcharodon carcharias,5938331810,389.99,,pas_de_proximite_100km,0,0,0,2026-01-03T05:09:36,https://www.gbif.org/occurrence/5938331810
2855,1974-01-07,1974,SOUTH AFRICA,KwaZulu-Natal,Amanzimtoti,Swimming,Unprovoked,-30.0497222,30.8886111,Galeocerdo cuvier,5206523433,391.23,29798.0,pas_de_proximite_100km,0,0,0,2025-03-25T01:26:01,https://www.gbif.org/occurrence/5206523433
2855,1974-01-07,1974,SOUTH AFRICA,KwaZulu-Natal,Amanzimtoti,Swimming,Unprovoked,-30.0497222,30.8886111,Rhincodon typus,6352311338,1252.78,1358701.0,pas_de_proximite_100km,0,0,0,2026-05-28,https://www.gbif.org/occurrence/6352311338
2856,1974-11-01,1974,USA,Florida,"Daytona Beach, Volusia County",Standing,Unprovoked,29.2108147,-81.0228331,Carcharhinus leucas,6133570230,19.73,29533.0,proximite_forte,2,2,2,2026-01-28T17:22:37,https://www.gbif.org/occurrence/6133570230
2856,1974-11-01,1974,USA,Florida,"Daytona Beach, Volusia County",Standing,Unprovoked,29.2108147,-81.0228331,Carcharodon carcharias,6441095820,413.1,257.0,pas_de_proximite_100km,0,0,0,2026-03-27T20:47:37,https://www.gbif.org/occurrence/6441095820
2856,1974-11-01,1974,USA,Florida,"Daytona Beach, Volusia County",Standing,Unprovoked,29.2108147,-81.0228331,Galeocerdo cuvier,6399953055,72.96,29433.0,proximite_regionale,0,1,0,2026-06-07T17:14:40,https://www.gbif.org/occurrence/6399953055
2856,1974-11-01,1974,USA,Florida,"Daytona Beach, Volusia County",Standing,Unprovoked,29.2108147,-81.0228331,Rhincodon typus,6253026970,527.37,30069.0,pas_de_proximite_100km,0,0,0,2026-04-27T07:00,https://www.gbif.org/occurrence/6253026970
2865,1974-01-07,1974,MOZAMBIQUE,Gaza,Xai Xai,Swimming,Unprovoked,-25.044479,33.64073,Carcharhinus leucas,6185033442,657.38,29382.0,pas_de_proximite_100km,0,0,0,2026-03-28T17:16:06,https://www.gbif.org/occurrence/6185033442
2865,1974-01-07,1974,MOZAMBIQUE,Gaza,Xai Xai,Swimming,Unprovoked,-25.044479,33.64073,Carcharodon carcharias,5938331810,1004.15,,pas_de_proximite_100km,0,0,0,2026-01-03T05:09:36,https://www.gbif.org/occurrence/5938331810
2865,1974-01-07,1974,MOZAMBIQUE,Gaza,Xai Xai,Swimming,Unprovoked,-25.044479,33.64073,Galeocerdo cuvier,5206523433,229.56,29798.0,pas_de_proximite_100km,0,0,0,2025-03-25T01:26:01,https://www.gbif.org/occurrence/5206523433
2865,1974-01-07,1974,MOZAMBIQUE,Gaza,Xai Xai,Swimming,Unprovoked,-25.044479,33.64073,Rhincodon typus,6352311338,635.92,1358701.0,pas_de_proximite_100km,0,0,0,2026-05-28,https://www.gbif.org/occurrence/6352311338
2866,1974-08-23,1974,HONG KONG,Mirs Bay,,Freedom Swimming,Unprovoked,22.489884,114.4011687,Carcharhinus leucas,6442078835,980.34,30069.0,pas_de_proximite_100km,0,0,0,2026-06-22T13:06,https://www.gbif.org/occurrence/6442078835
2866,1974-08-23,1974,HONG KONG,Mirs Bay,,Freedom Swimming,Unprovoked,22.489884,114.4011687,Carcharodon carcharias,6147658662,1209.44,318538.0,pas_de_proximite_100km,0,0,0,2026-02-06T23:35,https://www.gbif.org/occurrence/6147658662
2866,1974-08-23,1974,HONG KONG,Mirs Bay,,Freedom Swimming,Unprovoked,22.489884,114.4011687,Galeocerdo cuvier,5292773527,1605.4,31148.0,pas_de_proximite_100km,0,0,0,2025-06-30T16:36,https://www.gbif.org/occurrence/5292773527
2866,1974-08-23,1974,HONG KONG,Mirs Bay,,Freedom Swimming,Unprovoked,22.489884,114.4011687,Rhincodon typus,6185855643,1428.13,31057.0,pas_de_proximite_100km,0,0,0,2026-02-28T11:14,https://www.gbif.org/occurrence/6185855643
2870,1974-01-07,1974,MOZAMBIQUE,Gaza,Xai Xai,Swimming,Unprovoked,-25.044479,33.64073,Carcharhinus leucas,6185033442,657.38,29382.0,pas_de_proximite_100km,0,0,0,2026-03-28T17:16:06,https://www.gbif.org/occurrence/6185033442
2870,1974-01-07,1974,MOZAMBIQUE,Gaza,Xai Xai,Swimming,Unprovoked,-25.044479,33.64073,Carcharodon carcharias,5938331810,1004.15,,pas_de_proximite_100km,0,0,0,2026-01-03T05:09:36,https://www.gbif.org/occurrence/5938331810
2870,1974-01-07,1974,MOZAMBIQUE,Gaza,Xai Xai,Swimming,Unprovoked,-25.044479,33.64073,Galeocerdo cuvier,5206523433,229.56,29798.0,pas_de_proximite_100km,0,0,0,2025-03-25T01:26:01,https://www.gbif.org/occurrence/5206523433
2870,1974-01-07,1974,MOZAMBIQUE,Gaza,Xai Xai,Swimming,Unprovoked,-25.044479,33.64073,Rhincodon typus,6352311338,635.92,1358701.0,pas_de_proximite_100km,0,0,0,2026-05-28,https://www.gbif.org/occurrence/6352311338
2871,1974-08-16,1974,HONG KONG,Mirs Bay,,Freedom swimming,Unprovoked,22.489884,114.4011687,Carcharhinus leucas,6442078835,980.34,30069.0,pas_de_proximite_100km,0,0,0,2026-06-22T13:06,https://www.gbif.org/occurrence/6442078835
2871,1974-08-16,1974,HONG KONG,Mirs Bay,,Freedom swimming,Unprovoked,22.489884,114.4011687,Carcharodon carcharias,6147658662,1209.44,318538.0,pas_de_proximite_100km,0,0,0,2026-02-06T23:35,https://www.gbif.org/occurrence/6147658662
2871,1974-08-16,1974,HONG KONG,Mirs Bay,,Freedom swimming,Unprovoked,22.489884,114.4011687,Galeocerdo cuvier,5292773527,1605.4,31148.0,pas_de_proximite_100km,0,0,0,2025-06-30T16:36,https://www.gbif.org/occurrence/5292773527
2871,1974-08-16,1974,HONG KONG,Mirs Bay,,Freedom swimming,Unprovoked,22.489884,114.4011687,Rhincodon typus,6185855643,1428.13,31057.0,pas_de_proximite_100km,0,0,0,2026-02-28T11:14,https://www.gbif.org/occurrence/6185855643
2874,1974-06-20,1974,USA,Florida,"New Smyrna Beach, Volusia County",Swimming,Unprovoked,29.0258132,-80.9271271,Carcharhinus leucas,6133570230,11.63,29533.0,proximite_forte,2,2,2,2026-01-28T17:22:37,https://www.gbif.org/occurrence/6133570230
2874,1974-06-20,1974,USA,Florida,"New Smyrna Beach, Volusia County",Swimming,Unprovoked,29.0258132,-80.9271271,Carcharodon carcharias,6441095820,430.55,257.0,pas_de_proximite_100km,0,0,0,2026-03-27T20:47:37,https://www.gbif.org/occurrence/6441095820
2874,1974-06-20,1974,USA,Florida,"New Smyrna Beach, Volusia County",Swimming,Unprovoked,29.0258132,-80.9271271,Galeocerdo cuvier,6399953055,95.51,29433.0,proximite_regionale,0,1,0,2026-06-07T17:14:40,https://www.gbif.org/occurrence/6399953055
2874,1974-06-20,1974,USA,Florida,"New Smyrna Beach, Volusia County",Swimming,Unprovoked,29.0258132,-80.9271271,Rhincodon typus,6253026970,509.66,30069.0,pas_de_proximite_100km,0,0,0,2026-04-27T07:00,https://www.gbif.org/occurrence/6253026970
2876,1974-08-16,1974,HONG KONG,Mirs Bay,,Freedom swimming,Unprovoked,22.489884,114.4011687,Carcharhinus leucas,6442078835,980.34,30069.0,pas_de_proximite_100km,0,0,0,2026-06-22T13:06,https://www.gbif.org/occurrence/6442078835
2876,1974-08-16,1974,HONG KONG,Mirs Bay,,Freedom swimming,Unprovoked,22.489884,114.4011687,Carcharodon carcharias,6147658662,1209.44,318538.0,pas_de_proximite_100km,0,0,0,2026-02-06T23:35,https://www.gbif.org/occurrence/6147658662
2876,1974-08-16,1974,HONG KONG,Mirs Bay,,Freedom swimming,Unprovoked,22.489884,114.4011687,Galeocerdo cuvier,5292773527,1605.4,31148.0,pas_de_proximite_100km,0,0,0,2025-06-30T16:36,https://www.gbif.org/occurrence/5292773527
2876,1974-08-16,1974,HONG KONG,Mirs Bay,,Freedom swimming,Unprovoked,22.489884,114.4011687,Rhincodon typus,6185855643,1428.13,31057.0,pas_de_proximite_100km,0,0,0,2026-02-28T11:14,https://www.gbif.org/occurrence/6185855643
2879,1974-08-16,1974,HONG KONG,Mirs Bay,,Freedom swimming,Unprovoked,22.489884,114.4011687,Carcharhinus leucas,6442078835,980.34,30069.0,pas_de_proximite_100km,0,0,0,2026-06-22T13:06,https://www.gbif.org/occurrence/6442078835
2879,1974-08-16,1974,HONG KONG,Mirs Bay,,Freedom swimming,Unprovoked,22.489884,114.4011687,Carcharodon carcharias,6147658662,1209.44,318538.0,pas_de_proximite_100km,0,0,0,2026-02-06T23:35,https://www.gbif.org/occurrence/6147658662
2879,1974-08-16,1974,HONG KONG,Mirs Bay,,Freedom swimming,Unprovoked,22.489884,114.4011687,Galeocerdo cuvier,5292773527,1605.4,31148.0,pas_de_proximite_100km,0,0,0,2025-06-30T16:36,https://www.gbif.org/occurrence/5292773527
2879,1974-08-16,1974,HONG KONG,Mirs Bay,,Freedom swimming,Unprovoked,22.489884,114.4011687,Rhincodon typus,6185855643,1428.13,31057.0,pas_de_proximite_100km,0,0,0,2026-02-28T11:14,https://www.gbif.org/occurrence/6185855643
2881,1974-03-21,1974,SOUTH AFRICA,KwaZulu-Natal,Amanzimtoti,Surfing,Unprovoked,-30.0497222,30.8886111,Carcharhinus leucas,6185033442,38.85,29382.0,proximite_regionale,0,2,0,2026-03-28T17:16:06,https://www.gbif.org/occurrence/6185033442
2881,1974-03-21,1974,SOUTH AFRICA,KwaZulu-Natal,Amanzimtoti,Surfing,Unprovoked,-30.0497222,30.8886111,Carcharodon carcharias,5938331810,389.99,,pas_de_proximite_100km,0,0,0,2026-01-03T05:09:36,https://www.gbif.org/occurrence/5938331810
2881,1974-03-21,1974,SOUTH AFRICA,KwaZulu-Natal,Amanzimtoti,Surfing,Unprovoked,-30.0497222,30.8886111,Galeocerdo cuvier,5206523433,391.23,29798.0,pas_de_proximite_100km,0,0,0,2025-03-25T01:26:01,https://www.gbif.org/occurrence/5206523433
2881,1974-03-21,1974,SOUTH AFRICA,KwaZulu-Natal,Amanzimtoti,Surfing,Unprovoked,-30.0497222,30.8886111,Rhincodon typus,6352311338,1252.78,1358701.0,pas_de_proximite_100km,0,0,0,2026-05-28,https://www.gbif.org/occurrence/6352311338
2903,1975-05-20,1975,USA,Florida,"Daytona Beach, Volusia County",Bathing,Unprovoked,29.2108147,-81.0228331,Carcharhinus leucas,6133570230,19.73,29533.0,proximite_forte,2,2,2,2026-01-28T17:22:37,https://www.gbif.org/occurrence/6133570230
2903,1975-05-20,1975,USA,Florida,"Daytona Beach, Volusia County",Bathing,Unprovoked,29.2108147,-81.0228331,Carcharodon carcharias,6441095820,413.1,257.0,pas_de_proximite_100km,0,0,0,2026-03-27T20:47:37,https://www.gbif.org/occurrence/6441095820
2903,1975-05-20,1975,USA,Florida,"Daytona Beach, Volusia County",Bathing,Unprovoked,29.2108147,-81.0228331,Galeocerdo cuvier,6399953055,72.96,29433.0,proximite_regionale,0,1,0,2026-06-07T17:14:40,https://www.gbif.org/occurrence/6399953055
2903,1975-05-20,1975,USA,Florida,"Daytona Beach, Volusia County",Bathing,Unprovoked,29.2108147,-81.0228331,Rhincodon typus,6253026970,527.37,30069.0,pas_de_proximite_100km,0,0,0,2026-04-27T07:00,https://www.gbif.org/occurrence/6253026970
2911,1975-08-04,1975,HONG KONG,Mirs Bay,,Freedom swimming,Unprovoked,22.489884,114.4011687,Carcharhinus leucas,6442078835,980.34,30069.0,pas_de_proximite_100km,0,0,0,2026-06-22T13:06,https://www.gbif.org/occurrence/6442078835
2911,1975-08-04,1975,HONG KONG,Mirs Bay,,Freedom swimming,Unprovoked,22.489884,114.4011687,Carcharodon carcharias,6147658662,1209.44,318538.0,pas_de_proximite_100km,0,0,0,2026-02-06T23:35,https://www.gbif.org/occurrence/6147658662
2911,1975-08-04,1975,HONG KONG,Mirs Bay,,Freedom swimming,Unprovoked,22.489884,114.4011687,Galeocerdo cuvier,5292773527,1605.4,31148.0,pas_de_proximite_100km,0,0,0,2025-06-30T16:36,https://www.gbif.org/occurrence/5292773527
2911,1975-08-04,1975,HONG KONG,Mirs Bay,,Freedom swimming,Unprovoked,22.489884,114.4011687,Rhincodon typus,6185855643,1428.13,31057.0,pas_de_proximite_100km,0,0,0,2026-02-28T11:14,https://www.gbif.org/occurrence/6185855643
2921,1975-07-15,1975,USA,Florida,"New Smyrna Beach, Volusia County",Swimming,Unprovoked,29.0258132,-80.9271271,Carcharhinus leucas,6133570230,11.63,29533.0,proximite_forte,2,2,2,2026-01-28T17:22:37,https://www.gbif.org/occurrence/6133570230
2921,1975-07-15,1975,USA,Florida,"New Smyrna Beach, Volusia County",Swimming,Unprovoked,29.0258132,-80.9271271,Carcharodon carcharias,6441095820,430.55,257.0,pas_de_proximite_100km,0,0,0,2026-03-27T20:47:37,https://www.gbif.org/occurrence/6441095820
2921,1975-07-15,1975,USA,Florida,"New Smyrna Beach, Volusia County",Swimming,Unprovoked,29.0258132,-80.9271271,Galeocerdo cuvier,6399953055,95.51,29433.0,proximite_regionale,0,1,0,2026-06-07T17:14:40,https://www.gbif.org/occurrence/6399953055
2921,1975-07-15,1975,USA,Florida,"New Smyrna Beach, Volusia County",Swimming,Unprovoked,29.0258132,-80.9271271,Rhincodon typus,6253026970,509.66,30069.0,pas_de_proximite_100km,0,0,0,2026-04-27T07:00,https://www.gbif.org/occurrence/6253026970
2925,1975-08-12,1975,USA,Florida,"Daytona Beach, Volusia County",Floating on a small orange raft,Unprovoked,29.2108147,-81.0228331,Carcharhinus leucas,6133570230,19.73,29533.0,proximite_forte,2,2,2,2026-01-28T17:22:37,https://www.gbif.org/occurrence/6133570230
2925,1975-08-12,1975,USA,Florida,"Daytona Beach, Volusia County",Floating on a small orange raft,Unprovoked,29.2108147,-81.0228331,Carcharodon carcharias,6441095820,413.1,257.0,pas_de_proximite_100km,0,0,0,2026-03-27T20:47:37,https://www.gbif.org/occurrence/6441095820
2925,1975-08-12,1975,USA,Florida,"Daytona Beach, Volusia County",Floating on a small orange raft,Unprovoked,29.2108147,-81.0228331,Galeocerdo cuvier,6399953055,72.96,29433.0,proximite_regionale,0,1,0,2026-06-07T17:14:40,https://www.gbif.org/occurrence/6399953055
2925,1975-08-12,1975,USA,Florida,"Daytona Beach, Volusia County",Floating on a small orange raft,Unprovoked,29.2108147,-81.0228331,Rhincodon typus,6253026970,527.37,30069.0,pas_de_proximite_100km,0,0,0,2026-04-27T07:00,https://www.gbif.org/occurrence/6253026970
2926,1975-06-02,1975,USA,Florida,"Daytona Beach, Volusia County",Surfing,Unprovoked,29.2108147,-81.0228331,Carcharhinus leucas,6133570230,19.73,29533.0,proximite_forte,2,2,2,2026-01-28T17:22:37,https://www.gbif.org/occurrence/6133570230
2926,1975-06-02,1975,USA,Florida,"Daytona Beach, Volusia County",Surfing,Unprovoked,29.2108147,-81.0228331,Carcharodon carcharias,6441095820,413.1,257.0,pas_de_proximite_100km,0,0,0,2026-03-27T20:47:37,https://www.gbif.org/occurrence/6441095820
2926,1975-06-02,1975,USA,Florida,"Daytona Beach, Volusia County",Surfing,Unprovoked,29.2108147,-81.0228331,Galeocerdo cuvier,6399953055,72.96,29433.0,proximite_regionale,0,1,0,2026-06-07T17:14:40,https://www.gbif.org/occurrence/6399953055
2926,1975-06-02,1975,USA,Florida,"Daytona Beach, Volusia County",Surfing,Unprovoked,29.2108147,-81.0228331,Rhincodon typus,6253026970,527.37,30069.0,pas_de_proximite_100km,0,0,0,2026-04-27T07:00,https://www.gbif.org/occurrence/6253026970
2927,1975-11-19,1975,SOUTH AFRICA,KwaZulu-Natal,"South Beach, Durban",Standing,Unprovoked,-29.8620311,31.0374115,Carcharhinus leucas,6185033442,63.41,29382.0,proximite_regionale,0,1,0,2026-03-28T17:16:06,https://www.gbif.org/occurrence/6185033442
2927,1975-11-19,1975,SOUTH AFRICA,KwaZulu-Natal,"South Beach, Durban",Standing,Unprovoked,-29.8620311,31.0374115,Carcharodon carcharias,5938331810,415.25,,pas_de_proximite_100km,0,0,0,2026-01-03T05:09:36,https://www.gbif.org/occurrence/5938331810
2927,1975-11-19,1975,SOUTH AFRICA,KwaZulu-Natal,"South Beach, Durban",Standing,Unprovoked,-29.8620311,31.0374115,Galeocerdo cuvier,5206523433,366.0,29798.0,pas_de_proximite_100km,0,0,0,2025-03-25T01:26:01,https://www.gbif.org/occurrence/5206523433
2927,1975-11-19,1975,SOUTH AFRICA,KwaZulu-Natal,"South Beach, Durban",Standing,Unprovoked,-29.8620311,31.0374115,Rhincodon typus,6352311338,1227.97,1358701.0,pas_de_proximite_100km,0,0,0,2026-05-28,https://www.gbif.org/occurrence/6352311338
2928,1975-05-25,1975,USA,Florida,"New Smyrna Beach, Volusia County",Surfing,Unprovoked,29.0258132,-80.9271271,Carcharhinus leucas,6133570230,11.63,29533.0,proximite_forte,2,2,2,2026-01-28T17:22:37,https://www.gbif.org/occurrence/6133570230
2928,1975-05-25,1975,USA,Florida,"New Smyrna Beach, Volusia County",Surfing,Unprovoked,29.0258132,-80.9271271,Carcharodon carcharias,6441095820,430.55,257.0,pas_de_proximite_100km,0,0,0,2026-03-27T20:47:37,https://www.gbif.org/occurrence/6441095820
2928,1975-05-25,1975,USA,Florida,"New Smyrna Beach, Volusia County",Surfing,Unprovoked,29.0258132,-80.9271271,Galeocerdo cuvier,6399953055,95.51,29433.0,proximite_regionale,0,1,0,2026-06-07T17:14:40,https://www.gbif.org/occurrence/6399953055
2928,1975-05-25,1975,USA,Florida,"New Smyrna Beach, Volusia County",Surfing,Unprovoked,29.0258132,-80.9271271,Rhincodon typus,6253026970,509.66,30069.0,pas_de_proximite_100km,0,0,0,2026-04-27T07:00,https://www.gbif.org/occurrence/6253026970
2932,1975-06-01,1975,USA,Florida,"New Smyrna Beach, Volusia County",Inconnue,Provoked,29.0258132,-80.9271271,Carcharhinus leucas,6133570230,11.63,29533.0,proximite_forte,2,2,2,2026-01-28T17:22:37,https://www.gbif.org/occurrence/6133570230
2932,1975-06-01,1975,USA,Florida,"New Smyrna Beach, Volusia County",Inconnue,Provoked,29.0258132,-80.9271271,Carcharodon carcharias,6441095820,430.55,257.0,pas_de_proximite_100km,0,0,0,2026-03-27T20:47:37,https://www.gbif.org/occurrence/6441095820
2932,1975-06-01,1975,USA,Florida,"New Smyrna Beach, Volusia County",Inconnue,Provoked,29.0258132,-80.9271271,Galeocerdo cuvier,6399953055,95.51,29433.0,proximite_regionale,0,1,0,2026-06-07T17:14:40,https://www.gbif.org/occurrence/6399953055
2932,1975-06-01,1975,USA,Florida,"New Smyrna Beach, Volusia County",Inconnue,Provoked,29.0258132,-80.9271271,Rhincodon typus,6253026970,509.66,30069.0,pas_de_proximite_100km,0,0,0,2026-04-27T07:00,https://www.gbif.org/occurrence/6253026970
2936,1975-02-14,1975,SOUTH AFRICA,Western Cape Province,Plettenberg Bay,Inconnue,Watercraft,-34.052778,23.369444,Carcharhinus leucas,6130149287,771.82,29330.0,pas_de_proximite_100km,0,0,0,2026-01-10T07:45:33,https://www.gbif.org/occurrence/6130149287
2936,1975-02-14,1975,SOUTH AFRICA,Western Cape Province,Plettenberg Bay,Inconnue,Watercraft,-34.052778,23.369444,Carcharodon carcharias,6131056188,105.25,4.0,pas_de_proximite_100km,0,0,0,2026-01-14T15:23:51,https://www.gbif.org/occurrence/6131056188
2936,1975-02-14,1975,SOUTH AFRICA,Western Cape Province,Plettenberg Bay,Inconnue,Watercraft,-34.052778,23.369444,Galeocerdo cuvier,5206523433,1200.28,29798.0,pas_de_proximite_100km,0,0,0,2025-03-25T01:26:01,https://www.gbif.org/occurrence/5206523433
2936,1975-02-14,1975,SOUTH AFRICA,Western Cape Province,Plettenberg Bay,Inconnue,Watercraft,-34.052778,23.369444,Rhincodon typus,6352311338,2007.26,1358701.0,pas_de_proximite_100km,0,0,0,2026-05-28,https://www.gbif.org/occurrence/6352311338
2942,1975-04-18,1975,SOUTH AFRICA,KwaZulu-Natal,Durban,Inconnue,Invalid,-29.8618145,31.009909,Carcharhinus leucas,6185033442,62.42,29382.0,proximite_regionale,0,1,0,2026-03-28T17:16:06,https://www.gbif.org/occurrence/6185033442
2942,1975-04-18,1975,SOUTH AFRICA,KwaZulu-Natal,Durban,Inconnue,Invalid,-29.8618145,31.009909,Carcharodon carcharias,5938331810,413.65,,pas_de_proximite_100km,0,0,0,2026-01-03T05:09:36,https://www.gbif.org/occurrence/5938331810
2942,1975-04-18,1975,SOUTH AFRICA,KwaZulu-Natal,Durban,Inconnue,Invalid,-29.8618145,31.009909,Galeocerdo cuvier,5206523433,367.29,29798.0,pas_de_proximite_100km,0,0,0,2025-03-25T01:26:01,https://www.gbif.org/occurrence/5206523433
2942,1975-04-18,1975,SOUTH AFRICA,KwaZulu-Natal,Durban,Inconnue,Invalid,-29.8618145,31.009909,Rhincodon typus,6352311338,1228.98,1358701.0,pas_de_proximite_100km,0,0,0,2026-05-28,https://www.gbif.org/occurrence/6352311338
2947,1976-09-12,1976,USA,Florida,"Jacksonville, Duval County",Swimming,Unprovoked,30.3262247,-81.6579179,Carcharhinus leucas,6133570230,155.87,29533.0,pas_de_proximite_100km,0,0,0,2026-01-28T17:22:37,https://www.gbif.org/occurrence/6133570230
2947,1976-09-12,1976,USA,Florida,"Jacksonville, Duval County",Swimming,Unprovoked,30.3262247,-81.6579179,Carcharodon carcharias,6441095820,324.09,257.0,pas_de_proximite_100km,0,0,0,2026-03-27T20:47:37,https://www.gbif.org/occurrence/6441095820
2947,1976-09-12,1976,USA,Florida,"Jacksonville, Duval County",Swimming,Unprovoked,30.3262247,-81.6579179,Galeocerdo cuvier,6399953055,65.96,29433.0,proximite_regionale,0,1,0,2026-06-07T17:14:40,https://www.gbif.org/occurrence/6399953055
2947,1976-09-12,1976,USA,Florida,"Jacksonville, Duval County",Swimming,Unprovoked,30.3262247,-81.6579179,Rhincodon typus,6253026970,640.37,30069.0,pas_de_proximite_100km,0,0,0,2026-04-27T07:00,https://www.gbif.org/occurrence/6253026970
2958,1976-03-12,1976,USA,Florida,"New Smyrna Beach, Volusia County",Standing,Unprovoked,29.0258132,-80.9271271,Carcharhinus leucas,6133570230,11.63,29533.0,proximite_forte,2,2,2,2026-01-28T17:22:37,https://www.gbif.org/occurrence/6133570230
2958,1976-03-12,1976,USA,Florida,"New Smyrna Beach, Volusia County",Standing,Unprovoked,29.0258132,-80.9271271,Carcharodon carcharias,6441095820,430.55,257.0,pas_de_proximite_100km,0,0,0,2026-03-27T20:47:37,https://www.gbif.org/occurrence/6441095820
2958,1976-03-12,1976,USA,Florida,"New Smyrna Beach, Volusia County",Standing,Unprovoked,29.0258132,-80.9271271,Galeocerdo cuvier,6399953055,95.51,29433.0,proximite_regionale,0,1,0,2026-06-07T17:14:40,https://www.gbif.org/occurrence/6399953055
2958,1976-03-12,1976,USA,Florida,"New Smyrna Beach, Volusia County",Standing,Unprovoked,29.0258132,-80.9271271,Rhincodon typus,6253026970,509.66,30069.0,pas_de_proximite_100km,0,0,0,2026-04-27T07:00,https://www.gbif.org/occurrence/6253026970
2970,1976-09-12,1976,USA,Florida,"Jacksonville, Duval County",Swimming,Unprovoked,30.3262247,-81.6579179,Carcharhinus leucas,6133570230,155.87,29533.0,pas_de_proximite_100km,0,0,0,2026-01-28T17:22:37,https://www.gbif.org/occurrence/6133570230
2970,1976-09-12,1976,USA,Florida,"Jacksonville, Duval County",Swimming,Unprovoked,30.3262247,-81.6579179,Carcharodon carcharias,6441095820,324.09,257.0,pas_de_proximite_100km,0,0,0,2026-03-27T20:47:37,https://www.gbif.org/occurrence/6441095820
2970,1976-09-12,1976,USA,Florida,"Jacksonville, Duval County",Swimming,Unprovoked,30.3262247,-81.6579179,Galeocerdo cuvier,6399953055,65.96,29433.0,proximite_regionale,0,1,0,2026-06-07T17:14:40,https://www.gbif.org/occurrence/6399953055
2970,1976-09-12,1976,USA,Florida,"Jacksonville, Duval County",Swimming,Unprovoked,30.3262247,-81.6579179,Rhincodon typus,6253026970,640.37,30069.0,pas_de_proximite_100km,0,0,0,2026-04-27T07:00,https://www.gbif.org/occurrence/6253026970
2979,1976-02-03,1976,SOUTH AFRICA,Western Cape Province,False Bay,Shark watching,Watercraft,-34.2270274,18.6554907,Carcharhinus leucas,6130149287,1184.19,29330.0,pas_de_proximite_100km,0,0,0,2026-01-10T07:45:33,https://www.gbif.org/occurrence/6130149287
2979,1976-02-03,1976,SOUTH AFRICA,Western Cape Province,False Bay,Shark watching,Watercraft,-34.2270274,18.6554907,Carcharodon carcharias,6147654727,156.18,488.0,pas_de_proximite_100km,0,0,0,2026-01-31T19:40,https://www.gbif.org/occurrence/6147654727
2979,1976-02-03,1976,SOUTH AFRICA,Western Cape Province,False Bay,Shark watching,Watercraft,-34.2270274,18.6554907,Galeocerdo cuvier,5206523433,1577.26,29798.0,pas_de_proximite_100km,0,0,0,2025-03-25T01:26:01,https://www.gbif.org/occurrence/5206523433
2979,1976-02-03,1976,SOUTH AFRICA,Western Cape Province,False Bay,Shark watching,Watercraft,-34.2270274,18.6554907,Rhincodon typus,6352311338,2328.49,1358701.0,pas_de_proximite_100km,0,0,0,2026-05-28,https://www.gbif.org/occurrence/6352311338
3023,1978-07-27,1978,USA,South Carolina,,"Explosion destroyed 28' boat, survivors in the water",Sea Disaster,33.6874388,-80.4363743,Carcharhinus leucas,6130999421,509.37,29533.0,pas_de_proximite_100km,0,0,0,2026-01-17T15:30:29,https://www.gbif.org/occurrence/6130999421
3023,1978-07-27,1978,USA,South Carolina,,"Explosion destroyed 28' boat, survivors in the water",Sea Disaster,33.6874388,-80.4363743,Carcharodon carcharias,6441095820,117.09,257.0,pas_de_proximite_100km,0,0,0,2026-03-27T20:47:37,https://www.gbif.org/occurrence/6441095820
3023,1978-07-27,1978,USA,South Carolina,,"Explosion destroyed 28' boat, survivors in the water",Sea Disaster,33.6874388,-80.4363743,Galeocerdo cuvier,6399752821,172.66,28902.0,pas_de_proximite_100km,0,0,0,2026-06-04T11:19,https://www.gbif.org/occurrence/6399752821
3023,1978-07-27,1978,USA,South Carolina,,"Explosion destroyed 28' boat, survivors in the water",Sea Disaster,33.6874388,-80.4363743,Rhincodon typus,6253026970,1026.33,30069.0,pas_de_proximite_100km,0,0,0,2026-04-27T07:00,https://www.gbif.org/occurrence/6253026970
3025,1978-01-01,1978,USA,Florida,"Cocoa Beach, Brevard County",Surfing,Unprovoked,28.3184107,-80.6094959,Carcharhinus leucas,6234759244,43.15,29680.0,proximite_regionale,0,5,5,2026-04-17T20:49,https://www.gbif.org/occurrence/6234759244
3025,1978-01-01,1978,USA,Florida,"Cocoa Beach, Brevard County",Surfing,Unprovoked,28.3184107,-80.6094959,Carcharodon carcharias,6441095820,501.64,257.0,pas_de_proximite_100km,0,0,0,2026-03-27T20:47:37,https://www.gbif.org/occurrence/6441095820
3025,1978-01-01,1978,USA,Florida,"Cocoa Beach, Brevard County",Surfing,Unprovoked,28.3184107,-80.6094959,Galeocerdo cuvier,6235030691,159.76,29798.0,pas_de_proximite_100km,0,0,0,2026-04-25T11:55,https://www.gbif.org/occurrence/6235030691
3025,1978-01-01,1978,USA,Florida,"Cocoa Beach, Brevard County",Surfing,Unprovoked,28.3184107,-80.6094959,Rhincodon typus,6253026970,444.43,30069.0,pas_de_proximite_100km,0,0,0,2026-04-27T07:00,https://www.gbif.org/occurrence/6253026970
3029,1978-11-23,1978,USA,Florida,"Jupiter, Palm Beach County",Surfing,Unprovoked,26.9342246,-80.0942087,Carcharhinus leucas,6422739318,3.09,29798.0,proximite_forte,5,12,3,2026-06-23T08:59:58,https://www.gbif.org/occurrence/6422739318
3029,1978-11-23,1978,USA,Florida,"Jupiter, Palm Beach County",Surfing,Unprovoked,26.9342246,-80.0942087,Carcharodon carcharias,6441095820,650.21,257.0,pas_de_proximite_100km,0,0,0,2026-03-27T20:47:37,https://www.gbif.org/occurrence/6441095820
3029,1978-11-23,1978,USA,Florida,"Jupiter, Palm Beach County",Surfing,Unprovoked,26.9342246,-80.0942087,Galeocerdo cuvier,6235030691,3.71,29798.0,proximite_forte,1,2,0,2026-04-25T11:55,https://www.gbif.org/occurrence/6235030691
3029,1978-11-23,1978,USA,Florida,"Jupiter, Palm Beach County",Surfing,Unprovoked,26.9342246,-80.0942087,Rhincodon typus,6253026970,336.27,30069.0,pas_de_proximite_100km,0,0,0,2026-04-27T07:00,https://www.gbif.org/occurrence/6253026970
3036,1979-08-05,1979,USA,Florida,"Daytona Beach, Volusia County",Kayaking,Unprovoked,29.2108147,-81.0228331,Carcharhinus leucas,6133570230,19.73,29533.0,proximite_forte,2,2,2,2026-01-28T17:22:37,https://www.gbif.org/occurrence/6133570230
3036,1979-08-05,1979,USA,Florida,"Daytona Beach, Volusia County",Kayaking,Unprovoked,29.2108147,-81.0228331,Carcharodon carcharias,6441095820,413.1,257.0,pas_de_proximite_100km,0,0,0,2026-03-27T20:47:37,https://www.gbif.org/occurrence/6441095820
3036,1979-08-05,1979,USA,Florida,"Daytona Beach, Volusia County",Kayaking,Unprovoked,29.2108147,-81.0228331,Galeocerdo cuvier,6399953055,72.96,29433.0,proximite_regionale,0,1,0,2026-06-07T17:14:40,https://www.gbif.org/occurrence/6399953055
3036,1979-08-05,1979,USA,Florida,"Daytona Beach, Volusia County",Kayaking,Unprovoked,29.2108147,-81.0228331,Rhincodon typus,6253026970,527.37,30069.0,pas_de_proximite_100km,0,0,0,2026-04-27T07:00,https://www.gbif.org/occurrence/6253026970
3038,1979-03-24,1979,USA,Florida,"Singer Island, Riviera Beach, Palm Beach County",Surfing,Unprovoked,26.7850625,-80.0375408,Carcharhinus leucas,6236036723,11.24,29798.0,proximite_forte,7,10,1,2026-03-27T15:00,https://www.gbif.org/occurrence/6236036723
3038,1979-03-24,1979,USA,Florida,"Singer Island, Riviera Beach, Palm Beach County",Surfing,Unprovoked,26.7850625,-80.0375408,Carcharodon carcharias,6441095820,666.58,257.0,pas_de_proximite_100km,0,0,0,2026-03-27T20:47:37,https://www.gbif.org/occurrence/6441095820
3038,1979-03-24,1979,USA,Florida,"Singer Island, Riviera Beach, Palm Beach County",Surfing,Unprovoked,26.7850625,-80.0375408,Galeocerdo cuvier,6235030691,20.08,29798.0,proximite_forte,1,2,0,2026-04-25T11:55,https://www.gbif.org/occurrence/6235030691
3038,1979-03-24,1979,USA,Florida,"Singer Island, Riviera Beach, Palm Beach County",Surfing,Unprovoked,26.7850625,-80.0375408,Rhincodon typus,6253026970,327.42,30069.0,pas_de_proximite_100km,0,0,0,2026-04-27T07:00,https://www.gbif.org/occurrence/6253026970
3048,1979-02-21,1979,SOUTH AFRICA,Eastern Cape Province,Port Alfred,"Surfing, collided with shark",Unprovoked,-33.5981844,26.8914772,Carcharhinus leucas,6130149287,472.09,29330.0,pas_de_proximite_100km,0,0,0,2026-01-10T07:45:33,https://www.gbif.org/occurrence/6130149287
3048,1979-02-21,1979,SOUTH AFRICA,Eastern Cape Province,Port Alfred,"Surfing, collided with shark",Unprovoked,-33.5981844,26.8914772,Carcharodon carcharias,6480081628,137.43,29039.0,pas_de_proximite_100km,0,0,0,2026-01-19T13:45:33,https://www.gbif.org/occurrence/6480081628
3048,1979-02-21,1979,SOUTH AFRICA,Eastern Cape Province,Port Alfred,"Surfing, collided with shark",Unprovoked,-33.5981844,26.8914772,Galeocerdo cuvier,5206523433,931.58,29798.0,pas_de_proximite_100km,0,0,0,2025-03-25T01:26:01,https://www.gbif.org/occurrence/5206523433
3048,1979-02-21,1979,SOUTH AFRICA,Eastern Cape Province,Port Alfred,"Surfing, collided with shark",Unprovoked,-33.5981844,26.8914772,Rhincodon typus,6352311338,1776.67,1358701.0,pas_de_proximite_100km,0,0,0,2026-05-28,https://www.gbif.org/occurrence/6352311338
3053,1979-09-14,1979,AUSTRALIA,New South Wales,Byron Bay,Scuba diving,Unprovoked,-28.6483333,153.6177778,Carcharhinus leucas,6159543580,139.48,122.0,pas_de_proximite_100km,0,0,0,2026-02-14T19:35:12,https://www.gbif.org/occurrence/6159543580
3053,1979-09-14,1979,AUSTRALIA,New South Wales,Byron Bay,Scuba diving,Unprovoked,-28.6483333,153.6177778,Carcharodon carcharias,6162878281,167.55,7.0,pas_de_proximite_100km,0,0,0,2026-02-22T09:03:13,https://www.gbif.org/occurrence/6162878281
3053,1979-09-14,1979,AUSTRALIA,New South Wales,Byron Bay,Scuba diving,Unprovoked,-28.6483333,153.6177778,Galeocerdo cuvier,6133086834,43.46,5.0,proximite_regionale,0,1,1,2026-02-02T13:14:46,https://www.gbif.org/occurrence/6133086834
3053,1979-09-14,1979,AUSTRALIA,New South Wales,Byron Bay,Scuba diving,Unprovoked,-28.6483333,153.6177778,Rhincodon typus,5938466615,1611.06,30841.0,pas_de_proximite_100km,0,0,0,2026-01-03T11:33,https://www.gbif.org/occurrence/5938466615
3054,1979-08-28,1979,HONG KONG,,Mirs Bay,Freedom swimming,Unprovoked,22.489884,114.4011687,Carcharhinus leucas,6442078835,980.34,30069.0,pas_de_proximite_100km,0,0,0,2026-06-22T13:06,https://www.gbif.org/occurrence/6442078835
3054,1979-08-28,1979,HONG KONG,,Mirs Bay,Freedom swimming,Unprovoked,22.489884,114.4011687,Carcharodon carcharias,6147658662,1209.44,318538.0,pas_de_proximite_100km,0,0,0,2026-02-06T23:35,https://www.gbif.org/occurrence/6147658662
3054,1979-08-28,1979,HONG KONG,,Mirs Bay,Freedom swimming,Unprovoked,22.489884,114.4011687,Galeocerdo cuvier,5292773527,1605.4,31148.0,pas_de_proximite_100km,0,0,0,2025-06-30T16:36,https://www.gbif.org/occurrence/5292773527
3054,1979-08-28,1979,HONG KONG,,Mirs Bay,Freedom swimming,Unprovoked,22.489884,114.4011687,Rhincodon typus,6185855643,1428.13,31057.0,pas_de_proximite_100km,0,0,0,2026-02-28T11:14,https://www.gbif.org/occurrence/6185855643
3067,1980-11-11,1980,BRAZIL,Pernambuco,Piedade,Swimming,Unprovoked,-8.1756855,-34.9187594,Carcharhinus leucas,6236098602,4993.37,31271.0,pas_de_proximite_100km,0,0,0,2026-04-26T14:30,https://www.gbif.org/occurrence/6236098602
3067,1980-11-11,1980,BRAZIL,Pernambuco,Piedade,Swimming,Unprovoked,-8.1756855,-34.9187594,Carcharodon carcharias,6147654727,6330.83,488.0,pas_de_proximite_100km,0,0,0,2026-01-31T19:40,https://www.gbif.org/occurrence/6147654727
3067,1980-11-11,1980,BRAZIL,Pernambuco,Piedade,Swimming,Unprovoked,-8.1756855,-34.9187594,Galeocerdo cuvier,5087661144,1757.51,30278.0,pas_de_proximite_100km,0,0,0,2025-03-08T07:14:31,https://www.gbif.org/occurrence/5087661144
3067,1980-11-11,1980,BRAZIL,Pernambuco,Piedade,Swimming,Unprovoked,-8.1756855,-34.9187594,Rhincodon typus,6252804893,1801.97,30237.0,pas_de_proximite_100km,0,0,0,2026-04-24T15:08,https://www.gbif.org/occurrence/6252804893
3068,,1980,USA,Florida,"New Smyrna Beach, Volusia County",Surfing,Unprovoked,29.0258132,-80.9271271,Carcharhinus leucas,6133570230,11.63,29533.0,proximite_forte,2,2,2,2026-01-28T17:22:37,https://www.gbif.org/occurrence/6133570230
3068,,1980,USA,Florida,"New Smyrna Beach, Volusia County",Surfing,Unprovoked,29.0258132,-80.9271271,Carcharodon carcharias,6441095820,430.55,257.0,pas_de_proximite_100km,0,0,0,2026-03-27T20:47:37,https://www.gbif.org/occurrence/6441095820
3068,,1980,USA,Florida,"New Smyrna Beach, Volusia County",Surfing,Unprovoked,29.0258132,-80.9271271,Galeocerdo cuvier,6399953055,95.51,29433.0,proximite_regionale,0,1,0,2026-06-07T17:14:40,https://www.gbif.org/occurrence/6399953055
3068,,1980,USA,Florida,"New Smyrna Beach, Volusia County",Surfing,Unprovoked,29.0258132,-80.9271271,Rhincodon typus,6253026970,509.66,30069.0,pas_de_proximite_100km,0,0,0,2026-04-27T07:00,https://www.gbif.org/occurrence/6253026970
3071,1980-08-10,1980,USA,North Carolina,"Ocean Isle, Brunswick County",Wading,Unprovoked,33.8943393,-78.426672,Carcharhinus leucas,6130999421,577.67,29533.0,pas_de_proximite_100km,0,0,0,2026-01-17T15:30:29,https://www.gbif.org/occurrence/6130999421
3071,1980-08-10,1980,USA,North Carolina,"Ocean Isle, Brunswick County",Wading,Unprovoked,33.8943393,-78.426672,Carcharodon carcharias,6479594785,83.31,53267.0,proximite_regionale,0,1,0,2026-07-14T07:15:20,https://www.gbif.org/occurrence/6479594785
3071,1980-08-10,1980,USA,North Carolina,"Ocean Isle, Brunswick County",Wading,Unprovoked,33.8943393,-78.426672,Galeocerdo cuvier,6399752821,14.49,28902.0,proximite_forte,1,2,0,2026-06-04T11:19,https://www.gbif.org/occurrence/6399752821
3071,1980-08-10,1980,USA,North Carolina,"Ocean Isle, Brunswick County",Wading,Unprovoked,33.8943393,-78.426672,Rhincodon typus,6253026970,1097.81,30069.0,pas_de_proximite_100km,0,0,0,2026-04-27T07:00,https://www.gbif.org/occurrence/6253026970
3074,1980-12-30,1980,SOUTH AFRICA,Eastern Cape Province,Nahoon,Paddleskiing,Unprovoked,-32.8678615,27.7406875,Carcharhinus leucas,6130149287,359.18,29330.0,pas_de_proximite_100km,0,0,0,2026-01-10T07:45:33,https://www.gbif.org/occurrence/6130149287
3074,1980-12-30,1980,SOUTH AFRICA,Eastern Cape Province,Nahoon,Paddleskiing,Unprovoked,-32.8678615,27.7406875,Carcharodon carcharias,6480081628,44.0,29039.0,proximite_regionale,0,2,0,2026-01-19T13:45:33,https://www.gbif.org/occurrence/6480081628
3074,1980-12-30,1980,SOUTH AFRICA,Eastern Cape Province,Nahoon,Paddleskiing,Unprovoked,-32.8678615,27.7406875,Galeocerdo cuvier,5206523433,818.79,29798.0,pas_de_proximite_100km,0,0,0,2025-03-25T01:26:01,https://www.gbif.org/occurrence/5206523433
3074,1980-12-30,1980,SOUTH AFRICA,Eastern Cape Province,Nahoon,Paddleskiing,Unprovoked,-32.8678615,27.7406875,Rhincodon typus,6352311338,1666.65,1358701.0,pas_de_proximite_100km,0,0,0,2026-05-28,https://www.gbif.org/occurrence/6352311338
3093,1980-12-26,1980,SOUTH AFRICA,Eastern Cape Province,Port Elizabeth,Inconnue,Invalid,-33.9618598,25.6186731,Carcharhinus leucas,6130149287,589.15,29330.0,pas_de_proximite_100km,0,0,0,2026-01-10T07:45:33,https://www.gbif.org/occurrence/6130149287
3093,1980-12-26,1980,SOUTH AFRICA,Eastern Cape Province,Port Elizabeth,Inconnue,Invalid,-33.9618598,25.6186731,Carcharodon carcharias,6480081628,260.96,29039.0,pas_de_proximite_100km,0,0,0,2026-01-19T13:45:33,https://www.gbif.org/occurrence/6480081628
3093,1980-12-26,1980,SOUTH AFRICA,Eastern Cape Province,Port Elizabeth,Inconnue,Invalid,-33.9618598,25.6186731,Galeocerdo cuvier,5206523433,1039.94,29798.0,pas_de_proximite_100km,0,0,0,2025-03-25T01:26:01,https://www.gbif.org/occurrence/5206523433
3093,1980-12-26,1980,SOUTH AFRICA,Eastern Cape Province,Port Elizabeth,Inconnue,Invalid,-33.9618598,25.6186731,Rhincodon typus,6352311338,1874.15,1358701.0,pas_de_proximite_100km,0,0,0,2026-05-28,https://www.gbif.org/occurrence/6352311338
3095,1981-01-01,1981,AUSTRALIA,New South Wales,Byron Bay,Surf-skiing,Unprovoked,-28.6483333,153.6177778,Carcharhinus leucas,6159543580,139.48,122.0,pas_de_proximite_100km,0,0,0,2026-02-14T19:35:12,https://www.gbif.org/occurrence/6159543580
3095,1981-01-01,1981,AUSTRALIA,New South Wales,Byron Bay,Surf-skiing,Unprovoked,-28.6483333,153.6177778,Carcharodon carcharias,6162878281,167.55,7.0,pas_de_proximite_100km,0,0,0,2026-02-22T09:03:13,https://www.gbif.org/occurrence/6162878281
3095,1981-01-01,1981,AUSTRALIA,New South Wales,Byron Bay,Surf-skiing,Unprovoked,-28.6483333,153.6177778,Galeocerdo cuvier,6133086834,43.46,5.0,proximite_regionale,0,1,1,2026-02-02T13:14:46,https://www.gbif.org/occurrence/6133086834
3095,1981-01-01,1981,AUSTRALIA,New South Wales,Byron Bay,Surf-skiing,Unprovoked,-28.6483333,153.6177778,Rhincodon typus,5938466615,1611.06,30841.0,pas_de_proximite_100km,0,0,0,2026-01-03T11:33,https://www.gbif.org/occurrence/5938466615
3098,1981-05-16,1981,USA,Florida,"Jacksonville, Duval County",Diving,Unprovoked,30.3262247,-81.6579179,Carcharhinus leucas,6133570230,155.87,29533.0,pas_de_proximite_100km,0,0,0,2026-01-28T17:22:37,https://www.gbif.org/occurrence/6133570230
3098,1981-05-16,1981,USA,Florida,"Jacksonville, Duval County",Diving,Unprovoked,30.3262247,-81.6579179,Carcharodon carcharias,6441095820,324.09,257.0,pas_de_proximite_100km,0,0,0,2026-03-27T20:47:37,https://www.gbif.org/occurrence/6441095820
3098,1981-05-16,1981,USA,Florida,"Jacksonville, Duval County",Diving,Unprovoked,30.3262247,-81.6579179,Galeocerdo cuvier,6399953055,65.96,29433.0,proximite_regionale,0,1,0,2026-06-07T17:14:40,https://www.gbif.org/occurrence/6399953055
3098,1981-05-16,1981,USA,Florida,"Jacksonville, Duval County",Diving,Unprovoked,30.3262247,-81.6579179,Rhincodon typus,6253026970,640.37,30069.0,pas_de_proximite_100km,0,0,0,2026-04-27T07:00,https://www.gbif.org/occurrence/6253026970
3101,1981-09-27,1981,USA,Florida,"Melbourne Beach, Brevard County",Surfing,Unprovoked,28.0684067,-80.5607951,Carcharhinus leucas,6234759244,16.58,29680.0,proximite_forte,1,3,3,2026-04-17T20:49,https://www.gbif.org/occurrence/6234759244
3101,1981-09-27,1981,USA,Florida,"Melbourne Beach, Brevard County",Surfing,Unprovoked,28.0684067,-80.5607951,Carcharodon carcharias,6441095820,528.49,257.0,pas_de_proximite_100km,0,0,0,2026-03-27T20:47:37,https://www.gbif.org/occurrence/6441095820
3101,1981-09-27,1981,USA,Florida,"Melbourne Beach, Brevard County",Surfing,Unprovoked,28.0684067,-80.5607951,Galeocerdo cuvier,6235030691,131.86,29798.0,pas_de_proximite_100km,0,0,0,2026-04-25T11:55,https://www.gbif.org/occurrence/6235030691
3101,1981-09-27,1981,USA,Florida,"Melbourne Beach, Brevard County",Surfing,Unprovoked,28.0684067,-80.5607951,Rhincodon typus,6253026970,420.55,30069.0,pas_de_proximite_100km,0,0,0,2026-04-27T07:00,https://www.gbif.org/occurrence/6253026970
3103,1981-10-17,1981,USA,Florida,"Palm Beach, Palm Beach County",Surfing,Unprovoked,26.7056172,-80.0361517,Carcharhinus leucas,6236555493,8.87,29822.0,proximite_forte,6,10,1,2026-04-22T14:46:47,https://www.gbif.org/occurrence/6236555493
3103,1981-10-17,1981,USA,Florida,"Palm Beach, Palm Beach County",Surfing,Unprovoked,26.7056172,-80.0361517,Carcharodon carcharias,6441095820,675.4,257.0,pas_de_proximite_100km,0,0,0,2026-03-27T20:47:37,https://www.gbif.org/occurrence/6441095820
3103,1981-10-17,1981,USA,Florida,"Palm Beach, Palm Beach County",Surfing,Unprovoked,26.7056172,-80.0361517,Galeocerdo cuvier,6235030691,28.29,29798.0,proximite_regionale,0,2,0,2026-04-25T11:55,https://www.gbif.org/occurrence/6235030691
3103,1981-10-17,1981,USA,Florida,"Palm Beach, Palm Beach County",Surfing,Unprovoked,26.7056172,-80.0361517,Rhincodon typus,6253026970,321.03,30069.0,pas_de_proximite_100km,0,0,0,2026-04-27T07:00,https://www.gbif.org/occurrence/6253026970
3106,1981-03-25,1981,USA,Florida,"Singer Island, Riviera Beach, Palm Beach County",Standing / Wading,Unprovoked,26.7850625,-80.0375408,Carcharhinus leucas,6236036723,11.24,29798.0,proximite_forte,7,10,1,2026-03-27T15:00,https://www.gbif.org/occurrence/6236036723
3106,1981-03-25,1981,USA,Florida,"Singer Island, Riviera Beach, Palm Beach County",Standing / Wading,Unprovoked,26.7850625,-80.0375408,Carcharodon carcharias,6441095820,666.58,257.0,pas_de_proximite_100km,0,0,0,2026-03-27T20:47:37,https://www.gbif.org/occurrence/6441095820
3106,1981-03-25,1981,USA,Florida,"Singer Island, Riviera Beach, Palm Beach County",Standing / Wading,Unprovoked,26.7850625,-80.0375408,Galeocerdo cuvier,6235030691,20.08,29798.0,proximite_forte,1,2,0,2026-04-25T11:55,https://www.gbif.org/occurrence/6235030691
3106,1981-03-25,1981,USA,Florida,"Singer Island, Riviera Beach, Palm Beach County",Standing / Wading,Unprovoked,26.7850625,-80.0375408,Rhincodon typus,6253026970,327.42,30069.0,pas_de_proximite_100km,0,0,0,2026-04-27T07:00,https://www.gbif.org/occurrence/6253026970
3113,1981-07-18,1981,SOUTH AFRICA,Eastern Cape Province,Nahoon,Surfing,Unprovoked,-32.8678615,27.7406875,Carcharhinus leucas,6130149287,359.18,29330.0,pas_de_proximite_100km,0,0,0,2026-01-10T07:45:33,https://www.gbif.org/occurrence/6130149287
3113,1981-07-18,1981,SOUTH AFRICA,Eastern Cape Province,Nahoon,Surfing,Unprovoked,-32.8678615,27.7406875,Carcharodon carcharias,6480081628,44.0,29039.0,proximite_regionale,0,2,0,2026-01-19T13:45:33,https://www.gbif.org/occurrence/6480081628
3113,1981-07-18,1981,SOUTH AFRICA,Eastern Cape Province,Nahoon,Surfing,Unprovoked,-32.8678615,27.7406875,Galeocerdo cuvier,5206523433,818.79,29798.0,pas_de_proximite_100km,0,0,0,2025-03-25T01:26:01,https://www.gbif.org/occurrence/5206523433
3113,1981-07-18,1981,SOUTH AFRICA,Eastern Cape Province,Nahoon,Surfing,Unprovoked,-32.8678615,27.7406875,Rhincodon typus,6352311338,1666.65,1358701.0,pas_de_proximite_100km,0,0,0,2026-05-28,https://www.gbif.org/occurrence/6352311338
3114,1981-08-10,1981,USA,Florida,"Marathon, Monroe County",Diving,Unprovoked,24.7137524,-81.0903512,Carcharhinus leucas,6179367299,5.52,30047.0,proximite_forte,2,5,3,2026-02-22T12:30,https://www.gbif.org/occurrence/6179367299
3114,1981-08-10,1981,USA,Florida,"Marathon, Monroe County",Diving,Unprovoked,24.7137524,-81.0903512,Carcharodon carcharias,6400039718,848.62,49.0,pas_de_proximite_100km,0,0,0,2026-02-25T14:55,https://www.gbif.org/occurrence/6400039718
3114,1981-08-10,1981,USA,Florida,"Marathon, Monroe County",Diving,Unprovoked,24.7137524,-81.0903512,Galeocerdo cuvier,5133758058,23.23,30025.0,proximite_forte,1,1,0,2025-03-01T13:40,https://www.gbif.org/occurrence/5133758058
3114,1981-08-10,1981,USA,Florida,"Marathon, Monroe County",Diving,Unprovoked,24.7137524,-81.0903512,Rhincodon typus,6253026970,114.38,30069.0,pas_de_proximite_100km,0,0,0,2026-04-27T07:00,https://www.gbif.org/occurrence/6253026970
3117,1981-10-16,1981,USA,Florida,"Cocoa Beach, Brevard County",Surfing,Unprovoked,28.3184107,-80.6094959,Carcharhinus leucas,6234759244,43.15,29680.0,proximite_regionale,0,5,5,2026-04-17T20:49,https://www.gbif.org/occurrence/6234759244
3117,1981-10-16,1981,USA,Florida,"Cocoa Beach, Brevard County",Surfing,Unprovoked,28.3184107,-80.6094959,Carcharodon carcharias,6441095820,501.64,257.0,pas_de_proximite_100km,0,0,0,2026-03-27T20:47:37,https://www.gbif.org/occurrence/6441095820
3117,1981-10-16,1981,USA,Florida,"Cocoa Beach, Brevard County",Surfing,Unprovoked,28.3184107,-80.6094959,Galeocerdo cuvier,6235030691,159.76,29798.0,pas_de_proximite_100km,0,0,0,2026-04-25T11:55,https://www.gbif.org/occurrence/6235030691
3117,1981-10-16,1981,USA,Florida,"Cocoa Beach, Brevard County",Surfing,Unprovoked,28.3184107,-80.6094959,Rhincodon typus,6253026970,444.43,30069.0,pas_de_proximite_100km,0,0,0,2026-04-27T07:00,https://www.gbif.org/occurrence/6253026970
3119,1981-05-20,1981,SOUTH AFRICA,Eastern Cape Province,Nahoon,Surfing,Unprovoked,-32.8678615,27.7406875,Carcharhinus leucas,6130149287,359.18,29330.0,pas_de_proximite_100km,0,0,0,2026-01-10T07:45:33,https://www.gbif.org/occurrence/6130149287
3119,1981-05-20,1981,SOUTH AFRICA,Eastern Cape Province,Nahoon,Surfing,Unprovoked,-32.8678615,27.7406875,Carcharodon carcharias,6480081628,44.0,29039.0,proximite_regionale,0,2,0,2026-01-19T13:45:33,https://www.gbif.org/occurrence/6480081628
3119,1981-05-20,1981,SOUTH AFRICA,Eastern Cape Province,Nahoon,Surfing,Unprovoked,-32.8678615,27.7406875,Galeocerdo cuvier,5206523433,818.79,29798.0,pas_de_proximite_100km,0,0,0,2025-03-25T01:26:01,https://www.gbif.org/occurrence/5206523433
3119,1981-05-20,1981,SOUTH AFRICA,Eastern Cape Province,Nahoon,Surfing,Unprovoked,-32.8678615,27.7406875,Rhincodon typus,6352311338,1666.65,1358701.0,pas_de_proximite_100km,0,0,0,2026-05-28,https://www.gbif.org/occurrence/6352311338
3124,1981-02-02,1981,USA,Florida,"Juno Beach, Palm Beach County",Surfing,Unprovoked,26.8815475,-80.0539253,Carcharhinus leucas,6236036723,0.69,29798.0,proximite_forte,5,11,2,2026-03-27T15:00,https://www.gbif.org/occurrence/6236036723
3124,1981-02-02,1981,USA,Florida,"Juno Beach, Palm Beach County",Surfing,Unprovoked,26.8815475,-80.0539253,Carcharodon carcharias,6441095820,655.91,257.0,pas_de_proximite_100km,0,0,0,2026-03-27T20:47:37,https://www.gbif.org/occurrence/6441095820
3124,1981-02-02,1981,USA,Florida,"Juno Beach, Palm Beach County",Surfing,Unprovoked,26.8815475,-80.0539253,Galeocerdo cuvier,6235030691,10.35,29798.0,proximite_forte,1,2,0,2026-04-25T11:55,https://www.gbif.org/occurrence/6235030691
3124,1981-02-02,1981,USA,Florida,"Juno Beach, Palm Beach County",Surfing,Unprovoked,26.8815475,-80.0539253,Rhincodon typus,6253026970,334.38,30069.0,pas_de_proximite_100km,0,0,0,2026-04-27T07:00,https://www.gbif.org/occurrence/6253026970
3127,1981-10-01,1981,USA,Florida,"Playalinda Beach, Brevard County",Surfing,Unprovoked,28.6773237,-80.6472179,Carcharhinus leucas,6130999421,52.09,29533.0,proximite_regionale,0,3,3,2026-01-17T15:30:29,https://www.gbif.org/occurrence/6130999421
3127,1981-10-01,1981,USA,Florida,"Playalinda Beach, Brevard County",Surfing,Unprovoked,28.6773237,-80.6472179,Carcharodon carcharias,6441095820,462.84,257.0,pas_de_proximite_100km,0,0,0,2026-03-27T20:47:37,https://www.gbif.org/occurrence/6441095820
3127,1981-10-01,1981,USA,Florida,"Playalinda Beach, Brevard County",Surfing,Unprovoked,28.6773237,-80.6472179,Galeocerdo cuvier,6399953055,142.04,29433.0,pas_de_proximite_100km,0,0,0,2026-06-07T17:14:40,https://www.gbif.org/occurrence/6399953055
3127,1981-10-01,1981,USA,Florida,"Playalinda Beach, Brevard County",Surfing,Unprovoked,28.6773237,-80.6472179,Rhincodon typus,6253026970,480.57,30069.0,pas_de_proximite_100km,0,0,0,2026-04-27T07:00,https://www.gbif.org/occurrence/6253026970
3128,1981-08-29,1981,USA,Florida,"New Smyrna Beach, Volusia County",Surfing,Unprovoked,29.0258132,-80.9271271,Carcharhinus leucas,6133570230,11.63,29533.0,proximite_forte,2,2,2,2026-01-28T17:22:37,https://www.gbif.org/occurrence/6133570230
3128,1981-08-29,1981,USA,Florida,"New Smyrna Beach, Volusia County",Surfing,Unprovoked,29.0258132,-80.9271271,Carcharodon carcharias,6441095820,430.55,257.0,pas_de_proximite_100km,0,0,0,2026-03-27T20:47:37,https://www.gbif.org/occurrence/6441095820
3128,1981-08-29,1981,USA,Florida,"New Smyrna Beach, Volusia County",Surfing,Unprovoked,29.0258132,-80.9271271,Galeocerdo cuvier,6399953055,95.51,29433.0,proximite_regionale,0,1,0,2026-06-07T17:14:40,https://www.gbif.org/occurrence/6399953055
3128,1981-08-29,1981,USA,Florida,"New Smyrna Beach, Volusia County",Surfing,Unprovoked,29.0258132,-80.9271271,Rhincodon typus,6253026970,509.66,30069.0,pas_de_proximite_100km,0,0,0,2026-04-27T07:00,https://www.gbif.org/occurrence/6253026970
3129,1981-03-24,1981,USA,Florida,"Singer Island, Riviera Beach, Palm Beach County",Surfing,Unprovoked,26.7850625,-80.0375408,Carcharhinus leucas,6236036723,11.24,29798.0,proximite_forte,7,10,1,2026-03-27T15:00,https://www.gbif.org/occurrence/6236036723
3129,1981-03-24,1981,USA,Florida,"Singer Island, Riviera Beach, Palm Beach County",Surfing,Unprovoked,26.7850625,-80.0375408,Carcharodon carcharias,6441095820,666.58,257.0,pas_de_proximite_100km,0,0,0,2026-03-27T20:47:37,https://www.gbif.org/occurrence/6441095820
3129,1981-03-24,1981,USA,Florida,"Singer Island, Riviera Beach, Palm Beach County",Surfing,Unprovoked,26.7850625,-80.0375408,Galeocerdo cuvier,6235030691,20.08,29798.0,proximite_forte,1,2,0,2026-04-25T11:55,https://www.gbif.org/occurrence/6235030691
3129,1981-03-24,1981,USA,Florida,"Singer Island, Riviera Beach, Palm Beach County",Surfing,Unprovoked,26.7850625,-80.0375408,Rhincodon typus,6253026970,327.42,30069.0,pas_de_proximite_100km,0,0,0,2026-04-27T07:00,https://www.gbif.org/occurrence/6253026970
3132,1981-10-19,1981,SOUTH AFRICA,Western Cape Province,Mossel Bay,Inspecting teeth of supposedly dead (hooked & shot) shark,Provoked,-34.1832022,22.1536248,Carcharhinus leucas,6130149287,879.35,29330.0,pas_de_proximite_100km,0,0,0,2026-01-10T07:45:33,https://www.gbif.org/occurrence/6130149287
3132,1981-10-19,1981,SOUTH AFRICA,Western Cape Province,Mossel Bay,Inspecting teeth of supposedly dead (hooked & shot) shark,Provoked,-34.1832022,22.1536248,Carcharodon carcharias,6413744653,5.84,880.0,proximite_forte,4,4,0,2026-06-16,https://www.gbif.org/occurrence/6413744653
3132,1981-10-19,1981,SOUTH AFRICA,Western Cape Province,Mossel Bay,Inspecting teeth of supposedly dead (hooked & shot) shark,Provoked,-34.1832022,22.1536248,Galeocerdo cuvier,5206523433,1298.64,29798.0,pas_de_proximite_100km,0,0,0,2025-03-25T01:26:01,https://www.gbif.org/occurrence/5206523433
3132,1981-10-19,1981,SOUTH AFRICA,Western Cape Province,Mossel Bay,Inspecting teeth of supposedly dead (hooked & shot) shark,Provoked,-34.1832022,22.1536248,Rhincodon typus,6352311338,2092.05,1358701.0,pas_de_proximite_100km,0,0,0,2026-05-28,https://www.gbif.org/occurrence/6352311338
3133,1981-09-03,1981,USA,Florida,"Cocoa Beach, Brevard County",Surfing,Unprovoked,28.3184107,-80.6094959,Carcharhinus leucas,6234759244,43.15,29680.0,proximite_regionale,0,5,5,2026-04-17T20:49,https://www.gbif.org/occurrence/6234759244
3133,1981-09-03,1981,USA,Florida,"Cocoa Beach, Brevard County",Surfing,Unprovoked,28.3184107,-80.6094959,Carcharodon carcharias,6441095820,501.64,257.0,pas_de_proximite_100km,0,0,0,2026-03-27T20:47:37,https://www.gbif.org/occurrence/6441095820
3133,1981-09-03,1981,USA,Florida,"Cocoa Beach, Brevard County",Surfing,Unprovoked,28.3184107,-80.6094959,Galeocerdo cuvier,6235030691,159.76,29798.0,pas_de_proximite_100km,0,0,0,2026-04-25T11:55,https://www.gbif.org/occurrence/6235030691
3133,1981-09-03,1981,USA,Florida,"Cocoa Beach, Brevard County",Surfing,Unprovoked,28.3184107,-80.6094959,Rhincodon typus,6253026970,444.43,30069.0,pas_de_proximite_100km,0,0,0,2026-04-27T07:00,https://www.gbif.org/occurrence/6253026970
3139,1981-09-28,1981,USA,Florida,"Cocoa Beach, Brevard County",Surfing,Unprovoked,28.3184107,-80.6094959,Carcharhinus leucas,6234759244,43.15,29680.0,proximite_regionale,0,5,5,2026-04-17T20:49,https://www.gbif.org/occurrence/6234759244
3139,1981-09-28,1981,USA,Florida,"Cocoa Beach, Brevard County",Surfing,Unprovoked,28.3184107,-80.6094959,Carcharodon carcharias,6441095820,501.64,257.0,pas_de_proximite_100km,0,0,0,2026-03-27T20:47:37,https://www.gbif.org/occurrence/6441095820
3139,1981-09-28,1981,USA,Florida,"Cocoa Beach, Brevard County",Surfing,Unprovoked,28.3184107,-80.6094959,Galeocerdo cuvier,6235030691,159.76,29798.0,pas_de_proximite_100km,0,0,0,2026-04-25T11:55,https://www.gbif.org/occurrence/6235030691
3139,1981-09-28,1981,USA,Florida,"Cocoa Beach, Brevard County",Surfing,Unprovoked,28.3184107,-80.6094959,Rhincodon typus,6253026970,444.43,30069.0,pas_de_proximite_100km,0,0,0,2026-04-27T07:00,https://www.gbif.org/occurrence/6253026970
3144,1982-07-19,1982,USA,Florida,"Stuart Beach, Martin County",Swimming,Unprovoked,27.2150323,-80.175149,Carcharhinus leucas,6235914464,28.45,29798.0,proximite_regionale,0,13,4,2026-03-27T15:00,https://www.gbif.org/occurrence/6235914464
3144,1982-07-19,1982,USA,Florida,"Stuart Beach, Martin County",Swimming,Unprovoked,27.2150323,-80.175149,Carcharodon carcharias,6441095820,619.42,257.0,pas_de_proximite_100km,0,0,0,2026-03-27T20:47:37,https://www.gbif.org/occurrence/6441095820
3144,1982-07-19,1982,USA,Florida,"Stuart Beach, Martin County",Swimming,Unprovoked,27.2150323,-80.175149,Galeocerdo cuvier,6235030691,30.25,29798.0,proximite_regionale,0,1,0,2026-04-25T11:55,https://www.gbif.org/occurrence/6235030691
3144,1982-07-19,1982,USA,Florida,"Stuart Beach, Martin County",Swimming,Unprovoked,27.2150323,-80.175149,Rhincodon typus,6253026970,356.19,30069.0,pas_de_proximite_100km,0,0,0,2026-04-27T07:00,https://www.gbif.org/occurrence/6253026970
3147,1982-09-30,1982,SOUTH AFRICA,Eastern Cape Province,"Nahoon, East London",Surfing,Unprovoked,-32.9729225,27.9244827,Carcharhinus leucas,6130149287,354.37,29330.0,pas_de_proximite_100km,0,0,0,2026-01-10T07:45:33,https://www.gbif.org/occurrence/6130149287
3147,1982-09-30,1982,SOUTH AFRICA,Eastern Cape Province,"Nahoon, East London",Surfing,Unprovoked,-32.9729225,27.9244827,Carcharodon carcharias,6480081628,24.5,29039.0,proximite_forte,1,2,0,2026-01-19T13:45:33,https://www.gbif.org/occurrence/6480081628
3147,1982-09-30,1982,SOUTH AFRICA,Eastern Cape Province,"Nahoon, East London",Surfing,Unprovoked,-32.9729225,27.9244827,Galeocerdo cuvier,5206523433,817.6,29798.0,pas_de_proximite_100km,0,0,0,2025-03-25T01:26:01,https://www.gbif.org/occurrence/5206523433
3147,1982-09-30,1982,SOUTH AFRICA,Eastern Cape Province,"Nahoon, East London",Surfing,Unprovoked,-32.9729225,27.9244827,Rhincodon typus,6352311338,1668.43,1358701.0,pas_de_proximite_100km,0,0,0,2026-05-28,https://www.gbif.org/occurrence/6352311338
3152,1982-07-24,1982,SOUTH AFRICA,Eastern Cape Province,"Nahoon, East London",Paddleskiing,Unprovoked,-32.9729225,27.9244827,Carcharhinus leucas,6130149287,354.37,29330.0,pas_de_proximite_100km,0,0,0,2026-01-10T07:45:33,https://www.gbif.org/occurrence/6130149287
3152,1982-07-24,1982,SOUTH AFRICA,Eastern Cape Province,"Nahoon, East London",Paddleskiing,Unprovoked,-32.9729225,27.9244827,Carcharodon carcharias,6480081628,24.5,29039.0,proximite_forte,1,2,0,2026-01-19T13:45:33,https://www.gbif.org/occurrence/6480081628
3152,1982-07-24,1982,SOUTH AFRICA,Eastern Cape Province,"Nahoon, East London",Paddleskiing,Unprovoked,-32.9729225,27.9244827,Galeocerdo cuvier,5206523433,817.6,29798.0,pas_de_proximite_100km,0,0,0,2025-03-25T01:26:01,https://www.gbif.org/occurrence/5206523433
3152,1982-07-24,1982,SOUTH AFRICA,Eastern Cape Province,"Nahoon, East London",Paddleskiing,Unprovoked,-32.9729225,27.9244827,Rhincodon typus,6352311338,1668.43,1358701.0,pas_de_proximite_100km,0,0,0,2026-05-28,https://www.gbif.org/occurrence/6352311338
3154,1982-07-31,1982,SOUTH AFRICA,KwaZulu-Natal,Amanzimtoti,Boogie boarding,Invalid,-30.0497222,30.8886111,Carcharhinus leucas,6185033442,38.85,29382.0,proximite_regionale,0,2,0,2026-03-28T17:16:06,https://www.gbif.org/occurrence/6185033442
3154,1982-07-31,1982,SOUTH AFRICA,KwaZulu-Natal,Amanzimtoti,Boogie boarding,Invalid,-30.0497222,30.8886111,Carcharodon carcharias,5938331810,389.99,,pas_de_proximite_100km,0,0,0,2026-01-03T05:09:36,https://www.gbif.org/occurrence/5938331810
3154,1982-07-31,1982,SOUTH AFRICA,KwaZulu-Natal,Amanzimtoti,Boogie boarding,Invalid,-30.0497222,30.8886111,Galeocerdo cuvier,5206523433,391.23,29798.0,pas_de_proximite_100km,0,0,0,2025-03-25T01:26:01,https://www.gbif.org/occurrence/5206523433
3154,1982-07-31,1982,SOUTH AFRICA,KwaZulu-Natal,Amanzimtoti,Boogie boarding,Invalid,-30.0497222,30.8886111,Rhincodon typus,6352311338,1252.78,1358701.0,pas_de_proximite_100km,0,0,0,2026-05-28,https://www.gbif.org/occurrence/6352311338
3157,1982-11-01,1982,USA,South Carolina,"Isle of Palms, Charleston County",In waist-deep water,Unprovoked,32.7867697,-79.7880359,Carcharhinus leucas,6130999421,419.72,29533.0,pas_de_proximite_100km,0,0,0,2026-01-17T15:30:29,https://www.gbif.org/occurrence/6130999421
3157,1982-11-01,1982,USA,South Carolina,"Isle of Palms, Charleston County",In waist-deep water,Unprovoked,32.7867697,-79.7880359,Carcharodon carcharias,6441095820,1.98,257.0,proximite_forte,1,2,0,2026-03-27T20:47:37,https://www.gbif.org/occurrence/6441095820
3157,1982-11-01,1982,USA,South Carolina,"Isle of Palms, Charleston County",In waist-deep water,Unprovoked,32.7867697,-79.7880359,Galeocerdo cuvier,6399752821,165.62,28902.0,pas_de_proximite_100km,0,0,0,2026-06-04T11:19,https://www.gbif.org/occurrence/6399752821
3157,1982-11-01,1982,USA,South Carolina,"Isle of Palms, Charleston County",In waist-deep water,Unprovoked,32.7867697,-79.7880359,Rhincodon typus,6253026970,941.73,30069.0,pas_de_proximite_100km,0,0,0,2026-04-27T07:00,https://www.gbif.org/occurrence/6253026970
3164,1982-07-01,1982,USA,Florida,"Daytona Beach, Volusia County",Swimming,Unprovoked,29.2108147,-81.0228331,Carcharhinus leucas,6133570230,19.73,29533.0,proximite_forte,2,2,2,2026-01-28T17:22:37,https://www.gbif.org/occurrence/6133570230
3164,1982-07-01,1982,USA,Florida,"Daytona Beach, Volusia County",Swimming,Unprovoked,29.2108147,-81.0228331,Carcharodon carcharias,6441095820,413.1,257.0,pas_de_proximite_100km,0,0,0,2026-03-27T20:47:37,https://www.gbif.org/occurrence/6441095820
3164,1982-07-01,1982,USA,Florida,"Daytona Beach, Volusia County",Swimming,Unprovoked,29.2108147,-81.0228331,Galeocerdo cuvier,6399953055,72.96,29433.0,proximite_regionale,0,1,0,2026-06-07T17:14:40,https://www.gbif.org/occurrence/6399953055
3164,1982-07-01,1982,USA,Florida,"Daytona Beach, Volusia County",Swimming,Unprovoked,29.2108147,-81.0228331,Rhincodon typus,6253026970,527.37,30069.0,pas_de_proximite_100km,0,0,0,2026-04-27T07:00,https://www.gbif.org/occurrence/6253026970
3165,1982-06-26,1982,USA,South Carolina,"Isle of Palms, Charleston County",Swimming,Unprovoked,32.7867697,-79.7880359,Carcharhinus leucas,6130999421,419.72,29533.0,pas_de_proximite_100km,0,0,0,2026-01-17T15:30:29,https://www.gbif.org/occurrence/6130999421
3165,1982-06-26,1982,USA,South Carolina,"Isle of Palms, Charleston County",Swimming,Unprovoked,32.7867697,-79.7880359,Carcharodon carcharias,6441095820,1.98,257.0,proximite_forte,1,2,0,2026-03-27T20:47:37,https://www.gbif.org/occurrence/6441095820
3165,1982-06-26,1982,USA,South Carolina,"Isle of Palms, Charleston County",Swimming,Unprovoked,32.7867697,-79.7880359,Galeocerdo cuvier,6399752821,165.62,28902.0,pas_de_proximite_100km,0,0,0,2026-06-04T11:19,https://www.gbif.org/occurrence/6399752821
3165,1982-06-26,1982,USA,South Carolina,"Isle of Palms, Charleston County",Swimming,Unprovoked,32.7867697,-79.7880359,Rhincodon typus,6253026970,941.73,30069.0,pas_de_proximite_100km,0,0,0,2026-04-27T07:00,https://www.gbif.org/occurrence/6253026970
3168,1982-09-30,1982,SOUTH AFRICA,Eastern Cape Province,"Nahoon, East London",Surfing,Unprovoked,-32.9729225,27.9244827,Carcharhinus leucas,6130149287,354.37,29330.0,pas_de_proximite_100km,0,0,0,2026-01-10T07:45:33,https://www.gbif.org/occurrence/6130149287
3168,1982-09-30,1982,SOUTH AFRICA,Eastern Cape Province,"Nahoon, East London",Surfing,Unprovoked,-32.9729225,27.9244827,Carcharodon carcharias,6480081628,24.5,29039.0,proximite_forte,1,2,0,2026-01-19T13:45:33,https://www.gbif.org/occurrence/6480081628
3168,1982-09-30,1982,SOUTH AFRICA,Eastern Cape Province,"Nahoon, East London",Surfing,Unprovoked,-32.9729225,27.9244827,Galeocerdo cuvier,5206523433,817.6,29798.0,pas_de_proximite_100km,0,0,0,2025-03-25T01:26:01,https://www.gbif.org/occurrence/5206523433
3168,1982-09-30,1982,SOUTH AFRICA,Eastern Cape Province,"Nahoon, East London",Surfing,Unprovoked,-32.9729225,27.9244827,Rhincodon typus,6352311338,1668.43,1358701.0,pas_de_proximite_100km,0,0,0,2026-05-28,https://www.gbif.org/occurrence/6352311338
3169,1982-02-17,1982,SOUTH AFRICA,Western Cape Province,Mossel Bay,Fishing,Provoked,-34.1832022,22.1536248,Carcharhinus leucas,6130149287,879.35,29330.0,pas_de_proximite_100km,0,0,0,2026-01-10T07:45:33,https://www.gbif.org/occurrence/6130149287
3169,1982-02-17,1982,SOUTH AFRICA,Western Cape Province,Mossel Bay,Fishing,Provoked,-34.1832022,22.1536248,Carcharodon carcharias,6413744653,5.84,880.0,proximite_forte,4,4,0,2026-06-16,https://www.gbif.org/occurrence/6413744653
3169,1982-02-17,1982,SOUTH AFRICA,Western Cape Province,Mossel Bay,Fishing,Provoked,-34.1832022,22.1536248,Galeocerdo cuvier,5206523433,1298.64,29798.0,pas_de_proximite_100km,0,0,0,2025-03-25T01:26:01,https://www.gbif.org/occurrence/5206523433
3169,1982-02-17,1982,SOUTH AFRICA,Western Cape Province,Mossel Bay,Fishing,Provoked,-34.1832022,22.1536248,Rhincodon typus,6352311338,2092.05,1358701.0,pas_de_proximite_100km,0,0,0,2026-05-28,https://www.gbif.org/occurrence/6352311338
3176,1982-02-13,1982,USA,Florida,"Palm Beach, Palm Beach County",Swimming,Unprovoked,26.7056172,-80.0361517,Carcharhinus leucas,6236555493,8.87,29822.0,proximite_forte,6,10,1,2026-04-22T14:46:47,https://www.gbif.org/occurrence/6236555493
3176,1982-02-13,1982,USA,Florida,"Palm Beach, Palm Beach County",Swimming,Unprovoked,26.7056172,-80.0361517,Carcharodon carcharias,6441095820,675.4,257.0,pas_de_proximite_100km,0,0,0,2026-03-27T20:47:37,https://www.gbif.org/occurrence/6441095820
3176,1982-02-13,1982,USA,Florida,"Palm Beach, Palm Beach County",Swimming,Unprovoked,26.7056172,-80.0361517,Galeocerdo cuvier,6235030691,28.29,29798.0,proximite_regionale,0,2,0,2026-04-25T11:55,https://www.gbif.org/occurrence/6235030691
3176,1982-02-13,1982,USA,Florida,"Palm Beach, Palm Beach County",Swimming,Unprovoked,26.7056172,-80.0361517,Rhincodon typus,6253026970,321.03,30069.0,pas_de_proximite_100km,0,0,0,2026-04-27T07:00,https://www.gbif.org/occurrence/6253026970
3181,1982-03-10,1982,USA,Florida,"Palm Beach, Palm Beach County",Surfing,Unprovoked,26.7056172,-80.0361517,Carcharhinus leucas,6236555493,8.87,29822.0,proximite_forte,6,10,1,2026-04-22T14:46:47,https://www.gbif.org/occurrence/6236555493
3181,1982-03-10,1982,USA,Florida,"Palm Beach, Palm Beach County",Surfing,Unprovoked,26.7056172,-80.0361517,Carcharodon carcharias,6441095820,675.4,257.0,pas_de_proximite_100km,0,0,0,2026-03-27T20:47:37,https://www.gbif.org/occurrence/6441095820
3181,1982-03-10,1982,USA,Florida,"Palm Beach, Palm Beach County",Surfing,Unprovoked,26.7056172,-80.0361517,Galeocerdo cuvier,6235030691,28.29,29798.0,proximite_regionale,0,2,0,2026-04-25T11:55,https://www.gbif.org/occurrence/6235030691
3181,1982-03-10,1982,USA,Florida,"Palm Beach, Palm Beach County",Surfing,Unprovoked,26.7056172,-80.0361517,Rhincodon typus,6253026970,321.03,30069.0,pas_de_proximite_100km,0,0,0,2026-04-27T07:00,https://www.gbif.org/occurrence/6253026970
3183,1982-03-01,1982,NEW CALEDONIA,,,Spearfishing,Unprovoked,-20.6378427,161.2117626,Carcharhinus leucas,6131674219,322.63,30527.0,pas_de_proximite_100km,0,0,0,2026-01-04T09:51,https://www.gbif.org/occurrence/6131674219
3183,1982-03-01,1982,NEW CALEDONIA,,,Spearfishing,Unprovoked,-20.6378427,161.2117626,Carcharodon carcharias,6162878281,1324.19,7.0,pas_de_proximite_100km,0,0,0,2026-02-22T09:03:13,https://www.gbif.org/occurrence/6162878281
3183,1982-03-01,1982,NEW CALEDONIA,,,Spearfishing,Unprovoked,-20.6378427,161.2117626,Galeocerdo cuvier,6185544658,955.1,637.0,pas_de_proximite_100km,0,0,0,2026-01-05T05:30,https://www.gbif.org/occurrence/6185544658
3183,1982-03-01,1982,NEW CALEDONIA,,,Spearfishing,Unprovoked,-20.6378427,161.2117626,Rhincodon typus,5938466615,1701.28,30841.0,pas_de_proximite_100km,0,0,0,2026-01-03T11:33,https://www.gbif.org/occurrence/5938466615
3190,1983-04-19,1983,USA,Florida,,Surfing,Unprovoked,27.7567667,-81.4639835,Carcharhinus leucas,6147198580,88.92,29775.0,proximite_regionale,0,3,1,2026-02-03T11:54:56,https://www.gbif.org/occurrence/6147198580
3190,1983-04-19,1983,USA,Florida,,Surfing,Unprovoked,27.7567667,-81.4639835,Carcharodon carcharias,6441095820,580.41,257.0,pas_de_proximite_100km,0,0,0,2026-03-27T20:47:37,https://www.gbif.org/occurrence/6441095820
3190,1983-04-19,1983,USA,Florida,,Surfing,Unprovoked,27.7567667,-81.4639835,Galeocerdo cuvier,6235030691,159.7,29798.0,pas_de_proximite_100km,0,0,0,2026-04-25T11:55,https://www.gbif.org/occurrence/6235030691
3190,1983-04-19,1983,USA,Florida,,Surfing,Unprovoked,27.7567667,-81.4639835,Rhincodon typus,6253026970,360.16,30069.0,pas_de_proximite_100km,0,0,0,2026-04-27T07:00,https://www.gbif.org/occurrence/6253026970
3191,1983-01-15,1983,SOUTH AFRICA,KwaZulu-Natal,Amanzimtoti,Inconnue,Invalid,-30.0497222,30.8886111,Carcharhinus leucas,6185033442,38.85,29382.0,proximite_regionale,0,2,0,2026-03-28T17:16:06,https://www.gbif.org/occurrence/6185033442
3191,1983-01-15,1983,SOUTH AFRICA,KwaZulu-Natal,Amanzimtoti,Inconnue,Invalid,-30.0497222,30.8886111,Carcharodon carcharias,5938331810,389.99,,pas_de_proximite_100km,0,0,0,2026-01-03T05:09:36,https://www.gbif.org/occurrence/5938331810
3191,1983-01-15,1983,SOUTH AFRICA,KwaZulu-Natal,Amanzimtoti,Inconnue,Invalid,-30.0497222,30.8886111,Galeocerdo cuvier,5206523433,391.23,29798.0,pas_de_proximite_100km,0,0,0,2025-03-25T01:26:01,https://www.gbif.org/occurrence/5206523433
3191,1983-01-15,1983,SOUTH AFRICA,KwaZulu-Natal,Amanzimtoti,Inconnue,Invalid,-30.0497222,30.8886111,Rhincodon typus,6352311338,1252.78,1358701.0,pas_de_proximite_100km,0,0,0,2026-05-28,https://www.gbif.org/occurrence/6352311338
3195,1983-06-20,1983,USA,Florida,"Cocoa Beach, Brevard County",Surfing & dangling foot in water amid baitfish,Unprovoked,28.3184107,-80.6094959,Carcharhinus leucas,6234759244,43.15,29680.0,proximite_regionale,0,5,5,2026-04-17T20:49,https://www.gbif.org/occurrence/6234759244
3195,1983-06-20,1983,USA,Florida,"Cocoa Beach, Brevard County",Surfing & dangling foot in water amid baitfish,Unprovoked,28.3184107,-80.6094959,Carcharodon carcharias,6441095820,501.64,257.0,pas_de_proximite_100km,0,0,0,2026-03-27T20:47:37,https://www.gbif.org/occurrence/6441095820
3195,1983-06-20,1983,USA,Florida,"Cocoa Beach, Brevard County",Surfing & dangling foot in water amid baitfish,Unprovoked,28.3184107,-80.6094959,Galeocerdo cuvier,6235030691,159.76,29798.0,pas_de_proximite_100km,0,0,0,2026-04-25T11:55,https://www.gbif.org/occurrence/6235030691
3195,1983-06-20,1983,USA,Florida,"Cocoa Beach, Brevard County",Surfing & dangling foot in water amid baitfish,Unprovoked,28.3184107,-80.6094959,Rhincodon typus,6253026970,444.43,30069.0,pas_de_proximite_100km,0,0,0,2026-04-27T07:00,https://www.gbif.org/occurrence/6253026970
3196,1983-10-13,1983,USA,Florida,"Daytona Beach, Volusia County",Wading,Unprovoked,29.2108147,-81.0228331,Carcharhinus leucas,6133570230,19.73,29533.0,proximite_forte,2,2,2,2026-01-28T17:22:37,https://www.gbif.org/occurrence/6133570230
3196,1983-10-13,1983,USA,Florida,"Daytona Beach, Volusia County",Wading,Unprovoked,29.2108147,-81.0228331,Carcharodon carcharias,6441095820,413.1,257.0,pas_de_proximite_100km,0,0,0,2026-03-27T20:47:37,https://www.gbif.org/occurrence/6441095820
3196,1983-10-13,1983,USA,Florida,"Daytona Beach, Volusia County",Wading,Unprovoked,29.2108147,-81.0228331,Galeocerdo cuvier,6399953055,72.96,29433.0,proximite_regionale,0,1,0,2026-06-07T17:14:40,https://www.gbif.org/occurrence/6399953055
3196,1983-10-13,1983,USA,Florida,"Daytona Beach, Volusia County",Wading,Unprovoked,29.2108147,-81.0228331,Rhincodon typus,6253026970,527.37,30069.0,pas_de_proximite_100km,0,0,0,2026-04-27T07:00,https://www.gbif.org/occurrence/6253026970
3197,1983-08-13,1983,USA,Florida,"Riviera Beach, Palm Beach County",Skindiving,Provoked,26.784343,-80.0650293,Carcharhinus leucas,6236219201,10.16,29822.0,proximite_forte,7,10,1,2026-03-16T11:54:07,https://www.gbif.org/occurrence/6236219201
3197,1983-08-13,1983,USA,Florida,"Riviera Beach, Palm Beach County",Skindiving,Provoked,26.784343,-80.0650293,Carcharodon carcharias,6441095820,666.75,257.0,pas_de_proximite_100km,0,0,0,2026-03-27T20:47:37,https://www.gbif.org/occurrence/6441095820
3197,1983-08-13,1983,USA,Florida,"Riviera Beach, Palm Beach County",Skindiving,Provoked,26.784343,-80.0650293,Galeocerdo cuvier,6235030691,19.08,29798.0,proximite_forte,1,2,0,2026-04-25T11:55,https://www.gbif.org/occurrence/6235030691
3197,1983-08-13,1983,USA,Florida,"Riviera Beach, Palm Beach County",Skindiving,Provoked,26.784343,-80.0650293,Rhincodon typus,6253026970,325.53,30069.0,pas_de_proximite_100km,0,0,0,2026-04-27T07:00,https://www.gbif.org/occurrence/6253026970
3209,1983-11-10,1983,USA,Florida,"Melbourne Beach, Brevard County",Surfing,Unprovoked,28.0684067,-80.5607951,Carcharhinus leucas,6234759244,16.58,29680.0,proximite_forte,1,3,3,2026-04-17T20:49,https://www.gbif.org/occurrence/6234759244
3209,1983-11-10,1983,USA,Florida,"Melbourne Beach, Brevard County",Surfing,Unprovoked,28.0684067,-80.5607951,Carcharodon carcharias,6441095820,528.49,257.0,pas_de_proximite_100km,0,0,0,2026-03-27T20:47:37,https://www.gbif.org/occurrence/6441095820
3209,1983-11-10,1983,USA,Florida,"Melbourne Beach, Brevard County",Surfing,Unprovoked,28.0684067,-80.5607951,Galeocerdo cuvier,6235030691,131.86,29798.0,pas_de_proximite_100km,0,0,0,2026-04-25T11:55,https://www.gbif.org/occurrence/6235030691
3209,1983-11-10,1983,USA,Florida,"Melbourne Beach, Brevard County",Surfing,Unprovoked,28.0684067,-80.5607951,Rhincodon typus,6253026970,420.55,30069.0,pas_de_proximite_100km,0,0,0,2026-04-27T07:00,https://www.gbif.org/occurrence/6253026970
3212,1983-03-10,1983,USA,Florida,"Juno Beach, Palm Beach County",Surfing,Unprovoked,26.8815475,-80.0539253,Carcharhinus leucas,6236036723,0.69,29798.0,proximite_forte,5,11,2,2026-03-27T15:00,https://www.gbif.org/occurrence/6236036723
3212,1983-03-10,1983,USA,Florida,"Juno Beach, Palm Beach County",Surfing,Unprovoked,26.8815475,-80.0539253,Carcharodon carcharias,6441095820,655.91,257.0,pas_de_proximite_100km,0,0,0,2026-03-27T20:47:37,https://www.gbif.org/occurrence/6441095820
3212,1983-03-10,1983,USA,Florida,"Juno Beach, Palm Beach County",Surfing,Unprovoked,26.8815475,-80.0539253,Galeocerdo cuvier,6235030691,10.35,29798.0,proximite_forte,1,2,0,2026-04-25T11:55,https://www.gbif.org/occurrence/6235030691
3212,1983-03-10,1983,USA,Florida,"Juno Beach, Palm Beach County",Surfing,Unprovoked,26.8815475,-80.0539253,Rhincodon typus,6253026970,334.38,30069.0,pas_de_proximite_100km,0,0,0,2026-04-27T07:00,https://www.gbif.org/occurrence/6253026970
3217,1983-07-05,1983,USA,Florida,"Riviera Beach, Palm Beach County",Floating on air mattress,Unprovoked,26.784343,-80.0650293,Carcharhinus leucas,6236219201,10.16,29822.0,proximite_forte,7,10,1,2026-03-16T11:54:07,https://www.gbif.org/occurrence/6236219201
3217,1983-07-05,1983,USA,Florida,"Riviera Beach, Palm Beach County",Floating on air mattress,Unprovoked,26.784343,-80.0650293,Carcharodon carcharias,6441095820,666.75,257.0,pas_de_proximite_100km,0,0,0,2026-03-27T20:47:37,https://www.gbif.org/occurrence/6441095820
3217,1983-07-05,1983,USA,Florida,"Riviera Beach, Palm Beach County",Floating on air mattress,Unprovoked,26.784343,-80.0650293,Galeocerdo cuvier,6235030691,19.08,29798.0,proximite_forte,1,2,0,2026-04-25T11:55,https://www.gbif.org/occurrence/6235030691
3217,1983-07-05,1983,USA,Florida,"Riviera Beach, Palm Beach County",Floating on air mattress,Unprovoked,26.784343,-80.0650293,Rhincodon typus,6253026970,325.53,30069.0,pas_de_proximite_100km,0,0,0,2026-04-27T07:00,https://www.gbif.org/occurrence/6253026970
3221,1983-03-22,1983,SOUTH AFRICA,Eastern Cape Province,Nahoon,Surfing,Unprovoked,-32.8678615,27.7406875,Carcharhinus leucas,6130149287,359.18,29330.0,pas_de_proximite_100km,0,0,0,2026-01-10T07:45:33,https://www.gbif.org/occurrence/6130149287
3221,1983-03-22,1983,SOUTH AFRICA,Eastern Cape Province,Nahoon,Surfing,Unprovoked,-32.8678615,27.7406875,Carcharodon carcharias,6480081628,44.0,29039.0,proximite_regionale,0,2,0,2026-01-19T13:45:33,https://www.gbif.org/occurrence/6480081628
3221,1983-03-22,1983,SOUTH AFRICA,Eastern Cape Province,Nahoon,Surfing,Unprovoked,-32.8678615,27.7406875,Galeocerdo cuvier,5206523433,818.79,29798.0,pas_de_proximite_100km,0,0,0,2025-03-25T01:26:01,https://www.gbif.org/occurrence/5206523433
3221,1983-03-22,1983,SOUTH AFRICA,Eastern Cape Province,Nahoon,Surfing,Unprovoked,-32.8678615,27.7406875,Rhincodon typus,6352311338,1666.65,1358701.0,pas_de_proximite_100km,0,0,0,2026-05-28,https://www.gbif.org/occurrence/6352311338
3226,1983-12-21,1983,SOUTH AFRICA,Eastern Cape Province,Nahoon,Swimming,Unprovoked,-32.8678615,27.7406875,Carcharhinus leucas,6130149287,359.18,29330.0,pas_de_proximite_100km,0,0,0,2026-01-10T07:45:33,https://www.gbif.org/occurrence/6130149287
3226,1983-12-21,1983,SOUTH AFRICA,Eastern Cape Province,Nahoon,Swimming,Unprovoked,-32.8678615,27.7406875,Carcharodon carcharias,6480081628,44.0,29039.0,proximite_regionale,0,2,0,2026-01-19T13:45:33,https://www.gbif.org/occurrence/6480081628
3226,1983-12-21,1983,SOUTH AFRICA,Eastern Cape Province,Nahoon,Swimming,Unprovoked,-32.8678615,27.7406875,Galeocerdo cuvier,5206523433,818.79,29798.0,pas_de_proximite_100km,0,0,0,2025-03-25T01:26:01,https://www.gbif.org/occurrence/5206523433
3226,1983-12-21,1983,SOUTH AFRICA,Eastern Cape Province,Nahoon,Swimming,Unprovoked,-32.8678615,27.7406875,Rhincodon typus,6352311338,1666.65,1358701.0,pas_de_proximite_100km,0,0,0,2026-05-28,https://www.gbif.org/occurrence/6352311338
3227,1983-05-24,1983,USA,Florida,"Riviera Beach, Palm Beach County",Surfing,Unprovoked,26.784343,-80.0650293,Carcharhinus leucas,6236219201,10.16,29822.0,proximite_forte,7,10,1,2026-03-16T11:54:07,https://www.gbif.org/occurrence/6236219201
3227,1983-05-24,1983,USA,Florida,"Riviera Beach, Palm Beach County",Surfing,Unprovoked,26.784343,-80.0650293,Carcharodon carcharias,6441095820,666.75,257.0,pas_de_proximite_100km,0,0,0,2026-03-27T20:47:37,https://www.gbif.org/occurrence/6441095820
3227,1983-05-24,1983,USA,Florida,"Riviera Beach, Palm Beach County",Surfing,Unprovoked,26.784343,-80.0650293,Galeocerdo cuvier,6235030691,19.08,29798.0,proximite_forte,1,2,0,2026-04-25T11:55,https://www.gbif.org/occurrence/6235030691
3227,1983-05-24,1983,USA,Florida,"Riviera Beach, Palm Beach County",Surfing,Unprovoked,26.784343,-80.0650293,Rhincodon typus,6253026970,325.53,30069.0,pas_de_proximite_100km,0,0,0,2026-04-27T07:00,https://www.gbif.org/occurrence/6253026970
3233,1983-10-17,1983,USA,Florida,"Stuart Beach, Martin County",Surfing,Unprovoked,27.2150323,-80.175149,Carcharhinus leucas,6235914464,28.45,29798.0,proximite_regionale,0,13,4,2026-03-27T15:00,https://www.gbif.org/occurrence/6235914464
3233,1983-10-17,1983,USA,Florida,"Stuart Beach, Martin County",Surfing,Unprovoked,27.2150323,-80.175149,Carcharodon carcharias,6441095820,619.42,257.0,pas_de_proximite_100km,0,0,0,2026-03-27T20:47:37,https://www.gbif.org/occurrence/6441095820
3233,1983-10-17,1983,USA,Florida,"Stuart Beach, Martin County",Surfing,Unprovoked,27.2150323,-80.175149,Galeocerdo cuvier,6235030691,30.25,29798.0,proximite_regionale,0,1,0,2026-04-25T11:55,https://www.gbif.org/occurrence/6235030691
3233,1983-10-17,1983,USA,Florida,"Stuart Beach, Martin County",Surfing,Unprovoked,27.2150323,-80.175149,Rhincodon typus,6253026970,356.19,30069.0,pas_de_proximite_100km,0,0,0,2026-04-27T07:00,https://www.gbif.org/occurrence/6253026970
3234,1983-12-25,1983,USA,Florida,"Riviera Beach, Palm Beach County",Surfing,Unprovoked,26.784343,-80.0650293,Carcharhinus leucas,6236219201,10.16,29822.0,proximite_forte,7,10,1,2026-03-16T11:54:07,https://www.gbif.org/occurrence/6236219201
3234,1983-12-25,1983,USA,Florida,"Riviera Beach, Palm Beach County",Surfing,Unprovoked,26.784343,-80.0650293,Carcharodon carcharias,6441095820,666.75,257.0,pas_de_proximite_100km,0,0,0,2026-03-27T20:47:37,https://www.gbif.org/occurrence/6441095820
3234,1983-12-25,1983,USA,Florida,"Riviera Beach, Palm Beach County",Surfing,Unprovoked,26.784343,-80.0650293,Galeocerdo cuvier,6235030691,19.08,29798.0,proximite_forte,1,2,0,2026-04-25T11:55,https://www.gbif.org/occurrence/6235030691
3234,1983-12-25,1983,USA,Florida,"Riviera Beach, Palm Beach County",Surfing,Unprovoked,26.784343,-80.0650293,Rhincodon typus,6253026970,325.53,30069.0,pas_de_proximite_100km,0,0,0,2026-04-27T07:00,https://www.gbif.org/occurrence/6253026970
3247,1984-07-01,1984,USA,Florida,,"During a shark fishing tournament, the 18' Boatem was capsized by waves, throwing 3 men into the water",Unprovoked,27.7567667,-81.4639835,Carcharhinus leucas,6147198580,88.92,29775.0,proximite_regionale,0,3,1,2026-02-03T11:54:56,https://www.gbif.org/occurrence/6147198580
3247,1984-07-01,1984,USA,Florida,,"During a shark fishing tournament, the 18' Boatem was capsized by waves, throwing 3 men into the water",Unprovoked,27.7567667,-81.4639835,Carcharodon carcharias,6441095820,580.41,257.0,pas_de_proximite_100km,0,0,0,2026-03-27T20:47:37,https://www.gbif.org/occurrence/6441095820
3247,1984-07-01,1984,USA,Florida,,"During a shark fishing tournament, the 18' Boatem was capsized by waves, throwing 3 men into the water",Unprovoked,27.7567667,-81.4639835,Galeocerdo cuvier,6235030691,159.7,29798.0,pas_de_proximite_100km,0,0,0,2026-04-25T11:55,https://www.gbif.org/occurrence/6235030691
3247,1984-07-01,1984,USA,Florida,,"During a shark fishing tournament, the 18' Boatem was capsized by waves, throwing 3 men into the water",Unprovoked,27.7567667,-81.4639835,Rhincodon typus,6253026970,360.16,30069.0,pas_de_proximite_100km,0,0,0,2026-04-27T07:00,https://www.gbif.org/occurrence/6253026970
3251,1984-09-22,1984,USA,Florida,,Swimming,Unprovoked,27.7567667,-81.4639835,Carcharhinus leucas,6147198580,88.92,29775.0,proximite_regionale,0,3,1,2026-02-03T11:54:56,https://www.gbif.org/occurrence/6147198580
3251,1984-09-22,1984,USA,Florida,,Swimming,Unprovoked,27.7567667,-81.4639835,Carcharodon carcharias,6441095820,580.41,257.0,pas_de_proximite_100km,0,0,0,2026-03-27T20:47:37,https://www.gbif.org/occurrence/6441095820
3251,1984-09-22,1984,USA,Florida,,Swimming,Unprovoked,27.7567667,-81.4639835,Galeocerdo cuvier,6235030691,159.7,29798.0,pas_de_proximite_100km,0,0,0,2026-04-25T11:55,https://www.gbif.org/occurrence/6235030691
3251,1984-09-22,1984,USA,Florida,,Swimming,Unprovoked,27.7567667,-81.4639835,Rhincodon typus,6253026970,360.16,30069.0,pas_de_proximite_100km,0,0,0,2026-04-27T07:00,https://www.gbif.org/occurrence/6253026970
3260,1984-01-05,1984,SOUTH AFRICA,Eastern Cape Province,Port Alfred,Swimming,Unprovoked,-33.5981844,26.8914772,Carcharhinus leucas,6130149287,472.09,29330.0,pas_de_proximite_100km,0,0,0,2026-01-10T07:45:33,https://www.gbif.org/occurrence/6130149287
3260,1984-01-05,1984,SOUTH AFRICA,Eastern Cape Province,Port Alfred,Swimming,Unprovoked,-33.5981844,26.8914772,Carcharodon carcharias,6480081628,137.43,29039.0,pas_de_proximite_100km,0,0,0,2026-01-19T13:45:33,https://www.gbif.org/occurrence/6480081628
3260,1984-01-05,1984,SOUTH AFRICA,Eastern Cape Province,Port Alfred,Swimming,Unprovoked,-33.5981844,26.8914772,Galeocerdo cuvier,5206523433,931.58,29798.0,pas_de_proximite_100km,0,0,0,2025-03-25T01:26:01,https://www.gbif.org/occurrence/5206523433
3260,1984-01-05,1984,SOUTH AFRICA,Eastern Cape Province,Port Alfred,Swimming,Unprovoked,-33.5981844,26.8914772,Rhincodon typus,6352311338,1776.67,1358701.0,pas_de_proximite_100km,0,0,0,2026-05-28,https://www.gbif.org/occurrence/6352311338
3262,1984-03-14,1984,SOUTH AFRICA,KwaZulu-Natal,Amanzimtoti,Surfing,Unprovoked,-30.0497222,30.8886111,Carcharhinus leucas,6185033442,38.85,29382.0,proximite_regionale,0,2,0,2026-03-28T17:16:06,https://www.gbif.org/occurrence/6185033442
3262,1984-03-14,1984,SOUTH AFRICA,KwaZulu-Natal,Amanzimtoti,Surfing,Unprovoked,-30.0497222,30.8886111,Carcharodon carcharias,5938331810,389.99,,pas_de_proximite_100km,0,0,0,2026-01-03T05:09:36,https://www.gbif.org/occurrence/5938331810
3262,1984-03-14,1984,SOUTH AFRICA,KwaZulu-Natal,Amanzimtoti,Surfing,Unprovoked,-30.0497222,30.8886111,Galeocerdo cuvier,5206523433,391.23,29798.0,pas_de_proximite_100km,0,0,0,2025-03-25T01:26:01,https://www.gbif.org/occurrence/5206523433
3262,1984-03-14,1984,SOUTH AFRICA,KwaZulu-Natal,Amanzimtoti,Surfing,Unprovoked,-30.0497222,30.8886111,Rhincodon typus,6352311338,1252.78,1358701.0,pas_de_proximite_100km,0,0,0,2026-05-28,https://www.gbif.org/occurrence/6352311338
3278,1985-07-25,1985,USA,Florida,"Daytona Beach, Volusia County",Wading,Unprovoked,29.2108147,-81.0228331,Carcharhinus leucas,6133570230,19.73,29533.0,proximite_forte,2,2,2,2026-01-28T17:22:37,https://www.gbif.org/occurrence/6133570230
3278,1985-07-25,1985,USA,Florida,"Daytona Beach, Volusia County",Wading,Unprovoked,29.2108147,-81.0228331,Carcharodon carcharias,6441095820,413.1,257.0,pas_de_proximite_100km,0,0,0,2026-03-27T20:47:37,https://www.gbif.org/occurrence/6441095820
3278,1985-07-25,1985,USA,Florida,"Daytona Beach, Volusia County",Wading,Unprovoked,29.2108147,-81.0228331,Galeocerdo cuvier,6399953055,72.96,29433.0,proximite_regionale,0,1,0,2026-06-07T17:14:40,https://www.gbif.org/occurrence/6399953055
3278,1985-07-25,1985,USA,Florida,"Daytona Beach, Volusia County",Wading,Unprovoked,29.2108147,-81.0228331,Rhincodon typus,6253026970,527.37,30069.0,pas_de_proximite_100km,0,0,0,2026-04-27T07:00,https://www.gbif.org/occurrence/6253026970
3283,1985-07-25,1985,USA,Florida,"New Smyrna Beach, Volusia County",Surfing,Unprovoked,29.0258132,-80.9271271,Carcharhinus leucas,6133570230,11.63,29533.0,proximite_forte,2,2,2,2026-01-28T17:22:37,https://www.gbif.org/occurrence/6133570230
3283,1985-07-25,1985,USA,Florida,"New Smyrna Beach, Volusia County",Surfing,Unprovoked,29.0258132,-80.9271271,Carcharodon carcharias,6441095820,430.55,257.0,pas_de_proximite_100km,0,0,0,2026-03-27T20:47:37,https://www.gbif.org/occurrence/6441095820
3283,1985-07-25,1985,USA,Florida,"New Smyrna Beach, Volusia County",Surfing,Unprovoked,29.0258132,-80.9271271,Galeocerdo cuvier,6399953055,95.51,29433.0,proximite_regionale,0,1,0,2026-06-07T17:14:40,https://www.gbif.org/occurrence/6399953055
3283,1985-07-25,1985,USA,Florida,"New Smyrna Beach, Volusia County",Surfing,Unprovoked,29.0258132,-80.9271271,Rhincodon typus,6253026970,509.66,30069.0,pas_de_proximite_100km,0,0,0,2026-04-27T07:00,https://www.gbif.org/occurrence/6253026970
3284,1985-09-08,1985,USA,Florida,"Palm Beach, Palm Beach County",Scuba diving,Unprovoked,26.7056172,-80.0361517,Carcharhinus leucas,6236555493,8.87,29822.0,proximite_forte,6,10,1,2026-04-22T14:46:47,https://www.gbif.org/occurrence/6236555493
3284,1985-09-08,1985,USA,Florida,"Palm Beach, Palm Beach County",Scuba diving,Unprovoked,26.7056172,-80.0361517,Carcharodon carcharias,6441095820,675.4,257.0,pas_de_proximite_100km,0,0,0,2026-03-27T20:47:37,https://www.gbif.org/occurrence/6441095820
3284,1985-09-08,1985,USA,Florida,"Palm Beach, Palm Beach County",Scuba diving,Unprovoked,26.7056172,-80.0361517,Galeocerdo cuvier,6235030691,28.29,29798.0,proximite_regionale,0,2,0,2026-04-25T11:55,https://www.gbif.org/occurrence/6235030691
3284,1985-09-08,1985,USA,Florida,"Palm Beach, Palm Beach County",Scuba diving,Unprovoked,26.7056172,-80.0361517,Rhincodon typus,6253026970,321.03,30069.0,pas_de_proximite_100km,0,0,0,2026-04-27T07:00,https://www.gbif.org/occurrence/6253026970
3297,1985-08-20,1985,USA,Florida,"New Smyrna Beach, Volusia County",Wading,Invalid,29.0258132,-80.9271271,Carcharhinus leucas,6133570230,11.63,29533.0,proximite_forte,2,2,2,2026-01-28T17:22:37,https://www.gbif.org/occurrence/6133570230
3297,1985-08-20,1985,USA,Florida,"New Smyrna Beach, Volusia County",Wading,Invalid,29.0258132,-80.9271271,Carcharodon carcharias,6441095820,430.55,257.0,pas_de_proximite_100km,0,0,0,2026-03-27T20:47:37,https://www.gbif.org/occurrence/6441095820
3297,1985-08-20,1985,USA,Florida,"New Smyrna Beach, Volusia County",Wading,Invalid,29.0258132,-80.9271271,Galeocerdo cuvier,6399953055,95.51,29433.0,proximite_regionale,0,1,0,2026-06-07T17:14:40,https://www.gbif.org/occurrence/6399953055
3297,1985-08-20,1985,USA,Florida,"New Smyrna Beach, Volusia County",Wading,Invalid,29.0258132,-80.9271271,Rhincodon typus,6253026970,509.66,30069.0,pas_de_proximite_100km,0,0,0,2026-04-27T07:00,https://www.gbif.org/occurrence/6253026970
3299,1985-03-16,1985,USA,Florida,"Palm Beach, Palm Beach County",Surfing,Unprovoked,26.7056172,-80.0361517,Carcharhinus leucas,6236555493,8.87,29822.0,proximite_forte,6,10,1,2026-04-22T14:46:47,https://www.gbif.org/occurrence/6236555493
3299,1985-03-16,1985,USA,Florida,"Palm Beach, Palm Beach County",Surfing,Unprovoked,26.7056172,-80.0361517,Carcharodon carcharias,6441095820,675.4,257.0,pas_de_proximite_100km,0,0,0,2026-03-27T20:47:37,https://www.gbif.org/occurrence/6441095820
3299,1985-03-16,1985,USA,Florida,"Palm Beach, Palm Beach County",Surfing,Unprovoked,26.7056172,-80.0361517,Galeocerdo cuvier,6235030691,28.29,29798.0,proximite_regionale,0,2,0,2026-04-25T11:55,https://www.gbif.org/occurrence/6235030691
3299,1985-03-16,1985,USA,Florida,"Palm Beach, Palm Beach County",Surfing,Unprovoked,26.7056172,-80.0361517,Rhincodon typus,6253026970,321.03,30069.0,pas_de_proximite_100km,0,0,0,2026-04-27T07:00,https://www.gbif.org/occurrence/6253026970
3300,1985-10-05,1985,USA,Alabama,"Gulf Shores, Baldwin County",Fishing,Provoked,30.2711224,-87.6893826,Carcharhinus leucas,6441992985,33.59,29382.0,proximite_regionale,0,4,1,2026-07-01T19:21:05,https://www.gbif.org/occurrence/6441992985
3300,1985-10-05,1985,USA,Alabama,"Gulf Shores, Baldwin County",Fishing,Provoked,30.2711224,-87.6893826,Carcharodon carcharias,6400039718,80.15,49.0,proximite_regionale,0,1,1,2026-02-25T14:55,https://www.gbif.org/occurrence/6400039718
3300,1985-10-05,1985,USA,Alabama,"Gulf Shores, Baldwin County",Fishing,Provoked,30.2711224,-87.6893826,Galeocerdo cuvier,6399625675,110.2,29382.0,pas_de_proximite_100km,0,0,0,2026-05-18T11:02:32,https://www.gbif.org/occurrence/6399625675
3300,1985-10-05,1985,USA,Alabama,"Gulf Shores, Baldwin County",Fishing,Provoked,30.2711224,-87.6893826,Rhincodon typus,6178385871,404.43,29751.0,pas_de_proximite_100km,0,0,0,2026-03-06T11:12:50,https://www.gbif.org/occurrence/6178385871
3301,1985-10-24,1985,SOUTH AFRICA,Eastern Cape Province,East London,Body boarding,Unprovoked,-33.0191604,27.8998573,Carcharhinus leucas,6130149287,359.6,29330.0,pas_de_proximite_100km,0,0,0,2026-01-10T07:45:33,https://www.gbif.org/occurrence/6130149287
3301,1985-10-24,1985,SOUTH AFRICA,Eastern Cape Province,East London,Body boarding,Unprovoked,-33.0191604,27.8998573,Carcharodon carcharias,6480081628,26.7,29039.0,proximite_regionale,0,2,0,2026-01-19T13:45:33,https://www.gbif.org/occurrence/6480081628
3301,1985-10-24,1985,SOUTH AFRICA,Eastern Cape Province,East London,Body boarding,Unprovoked,-33.0191604,27.8998573,Galeocerdo cuvier,5206523433,823.1,29798.0,pas_de_proximite_100km,0,0,0,2025-03-25T01:26:01,https://www.gbif.org/occurrence/5206523433
3301,1985-10-24,1985,SOUTH AFRICA,Eastern Cape Province,East London,Body boarding,Unprovoked,-33.0191604,27.8998573,Rhincodon typus,6352311338,1674.04,1358701.0,pas_de_proximite_100km,0,0,0,2026-05-28,https://www.gbif.org/occurrence/6352311338
3307,1985-07-19,1985,USA,South Carolina,"Folly Beach, Charleston County",Playing in knee-deep water,Unprovoked,32.6554848,-79.9407802,Carcharhinus leucas,6130999421,402.26,29533.0,pas_de_proximite_100km,0,0,0,2026-01-17T15:30:29,https://www.gbif.org/occurrence/6130999421
3307,1985-07-19,1985,USA,South Carolina,"Folly Beach, Charleston County",Playing in knee-deep water,Unprovoked,32.6554848,-79.9407802,Carcharodon carcharias,6441095820,18.48,257.0,proximite_forte,1,1,0,2026-03-27T20:47:37,https://www.gbif.org/occurrence/6441095820
3307,1985-07-19,1985,USA,South Carolina,"Folly Beach, Charleston County",Playing in knee-deep water,Unprovoked,32.6554848,-79.9407802,Galeocerdo cuvier,6399752821,186.03,28902.0,pas_de_proximite_100km,0,0,0,2026-06-04T11:19,https://www.gbif.org/occurrence/6399752821
3307,1985-07-19,1985,USA,South Carolina,"Folly Beach, Charleston County",Playing in knee-deep water,Unprovoked,32.6554848,-79.9407802,Rhincodon typus,6253026970,923.96,30069.0,pas_de_proximite_100km,0,0,0,2026-04-27T07:00,https://www.gbif.org/occurrence/6253026970
3318,1986-01-12,1986,USA,Florida,"Singer Island, Riviera Beach, Palm Beach County",Surfing,Unprovoked,26.7850625,-80.0375408,Carcharhinus leucas,6236036723,11.24,29798.0,proximite_forte,7,10,1,2026-03-27T15:00,https://www.gbif.org/occurrence/6236036723
3318,1986-01-12,1986,USA,Florida,"Singer Island, Riviera Beach, Palm Beach County",Surfing,Unprovoked,26.7850625,-80.0375408,Carcharodon carcharias,6441095820,666.58,257.0,pas_de_proximite_100km,0,0,0,2026-03-27T20:47:37,https://www.gbif.org/occurrence/6441095820
3318,1986-01-12,1986,USA,Florida,"Singer Island, Riviera Beach, Palm Beach County",Surfing,Unprovoked,26.7850625,-80.0375408,Galeocerdo cuvier,6235030691,20.08,29798.0,proximite_forte,1,2,0,2026-04-25T11:55,https://www.gbif.org/occurrence/6235030691
3318,1986-01-12,1986,USA,Florida,"Singer Island, Riviera Beach, Palm Beach County",Surfing,Unprovoked,26.7850625,-80.0375408,Rhincodon typus,6253026970,327.42,30069.0,pas_de_proximite_100km,0,0,0,2026-04-27T07:00,https://www.gbif.org/occurrence/6253026970
3325,1986-07-09,1986,USA,South Carolina,"Myrtle Beach, Horry County",Inconnue,Unprovoked,33.6956461,-78.8900409,Carcharhinus leucas,6130999421,541.07,29533.0,pas_de_proximite_100km,0,0,0,2026-01-17T15:30:29,https://www.gbif.org/occurrence/6130999421
3325,1986-07-09,1986,USA,South Carolina,"Myrtle Beach, Horry County",Inconnue,Unprovoked,33.6956461,-78.8900409,Carcharodon carcharias,6479594785,36.6,53267.0,proximite_regionale,0,1,0,2026-07-14T07:15:20,https://www.gbif.org/occurrence/6479594785
3325,1986-07-09,1986,USA,South Carolina,"Myrtle Beach, Horry County",Inconnue,Unprovoked,33.6956461,-78.8900409,Galeocerdo cuvier,6399752821,35.29,28902.0,proximite_regionale,0,1,0,2026-06-04T11:19,https://www.gbif.org/occurrence/6399752821
3325,1986-07-09,1986,USA,South Carolina,"Myrtle Beach, Horry County",Inconnue,Unprovoked,33.6956461,-78.8900409,Rhincodon typus,6253026970,1062.68,30069.0,pas_de_proximite_100km,0,0,0,2026-04-27T07:00,https://www.gbif.org/occurrence/6253026970
3329,1986-09-01,1986,USA,Florida,"Ponce Inlet, New Smyrna Beach, Volusia County",Surfing,Unprovoked,29.0645699,-80.915154,Carcharhinus leucas,6133570230,7.65,29533.0,proximite_forte,2,2,2,2026-01-28T17:22:37,https://www.gbif.org/occurrence/6133570230
3329,1986-09-01,1986,USA,Florida,"Ponce Inlet, New Smyrna Beach, Volusia County",Surfing,Unprovoked,29.0645699,-80.915154,Carcharodon carcharias,6441095820,426.09,257.0,pas_de_proximite_100km,0,0,0,2026-03-27T20:47:37,https://www.gbif.org/occurrence/6441095820
3329,1986-09-01,1986,USA,Florida,"Ponce Inlet, New Smyrna Beach, Volusia County",Surfing,Unprovoked,29.0645699,-80.915154,Galeocerdo cuvier,6399953055,91.99,29433.0,proximite_regionale,0,1,0,2026-06-07T17:14:40,https://www.gbif.org/occurrence/6399953055
3329,1986-09-01,1986,USA,Florida,"Ponce Inlet, New Smyrna Beach, Volusia County",Surfing,Unprovoked,29.0645699,-80.915154,Rhincodon typus,6253026970,514.12,30069.0,pas_de_proximite_100km,0,0,0,2026-04-27T07:00,https://www.gbif.org/occurrence/6253026970
3332,1986-03-15,1986,SOUTH AFRICA,KwaZulu-Natal,"North Beach, Durban",Treading water,Unprovoked,-29.8467091,31.035303,Carcharhinus leucas,6185033442,64.9,29382.0,proximite_regionale,0,1,0,2026-03-28T17:16:06,https://www.gbif.org/occurrence/6185033442
3332,1986-03-15,1986,SOUTH AFRICA,KwaZulu-Natal,"North Beach, Durban",Treading water,Unprovoked,-29.8467091,31.035303,Carcharodon carcharias,5938331810,416.47,,pas_de_proximite_100km,0,0,0,2026-01-03T05:09:36,https://www.gbif.org/occurrence/5938331810
3332,1986-03-15,1986,SOUTH AFRICA,KwaZulu-Natal,"North Beach, Durban",Treading water,Unprovoked,-29.8467091,31.035303,Galeocerdo cuvier,5206523433,364.62,29798.0,pas_de_proximite_100km,0,0,0,2025-03-25T01:26:01,https://www.gbif.org/occurrence/5206523433
3332,1986-03-15,1986,SOUTH AFRICA,KwaZulu-Natal,"North Beach, Durban",Treading water,Unprovoked,-29.8467091,31.035303,Rhincodon typus,6352311338,1226.48,1358701.0,pas_de_proximite_100km,0,0,0,2026-05-28,https://www.gbif.org/occurrence/6352311338
3342,1986-02-18,1986,SOUTH AFRICA,Eastern Cape Province,East London,Surfing,Unprovoked,-33.0191604,27.8998573,Carcharhinus leucas,6130149287,359.6,29330.0,pas_de_proximite_100km,0,0,0,2026-01-10T07:45:33,https://www.gbif.org/occurrence/6130149287
3342,1986-02-18,1986,SOUTH AFRICA,Eastern Cape Province,East London,Surfing,Unprovoked,-33.0191604,27.8998573,Carcharodon carcharias,6480081628,26.7,29039.0,proximite_regionale,0,2,0,2026-01-19T13:45:33,https://www.gbif.org/occurrence/6480081628
3342,1986-02-18,1986,SOUTH AFRICA,Eastern Cape Province,East London,Surfing,Unprovoked,-33.0191604,27.8998573,Galeocerdo cuvier,5206523433,823.1,29798.0,pas_de_proximite_100km,0,0,0,2025-03-25T01:26:01,https://www.gbif.org/occurrence/5206523433
3342,1986-02-18,1986,SOUTH AFRICA,Eastern Cape Province,East London,Surfing,Unprovoked,-33.0191604,27.8998573,Rhincodon typus,6352311338,1674.04,1358701.0,pas_de_proximite_100km,0,0,0,2026-05-28,https://www.gbif.org/occurrence/6352311338
3344,1986-10-03,1986,USA,Florida,"Sanibel Island, Lee County",Swimming,Unprovoked,26.440359,-82.1137049,Carcharhinus leucas,6470516778,22.5,29845.0,proximite_forte,1,6,1,2026-07-06T17:33:06,https://www.gbif.org/occurrence/6470516778
3344,1986-10-03,1986,USA,Florida,"Sanibel Island, Lee County",Swimming,Unprovoked,26.440359,-82.1137049,Carcharodon carcharias,6400039718,638.25,49.0,pas_de_proximite_100km,0,0,0,2026-02-25T14:55,https://www.gbif.org/occurrence/6400039718
3344,1986-10-03,1986,USA,Florida,"Sanibel Island, Lee County",Swimming,Unprovoked,26.440359,-82.1137049,Galeocerdo cuvier,5133758058,200.51,30025.0,pas_de_proximite_100km,0,0,0,2025-03-01T13:40,https://www.gbif.org/occurrence/5133758058
3344,1986-10-03,1986,USA,Florida,"Sanibel Island, Lee County",Swimming,Unprovoked,26.440359,-82.1137049,Rhincodon typus,6253026970,206.17,30069.0,pas_de_proximite_100km,0,0,0,2026-04-27T07:00,https://www.gbif.org/occurrence/6253026970
3347,1986-12-11,1986,USA,Florida,"Ponce Inlet, New Smyrna Beach, Volusia County",Surfing,Unprovoked,29.0645699,-80.915154,Carcharhinus leucas,6133570230,7.65,29533.0,proximite_forte,2,2,2,2026-01-28T17:22:37,https://www.gbif.org/occurrence/6133570230
3347,1986-12-11,1986,USA,Florida,"Ponce Inlet, New Smyrna Beach, Volusia County",Surfing,Unprovoked,29.0645699,-80.915154,Carcharodon carcharias,6441095820,426.09,257.0,pas_de_proximite_100km,0,0,0,2026-03-27T20:47:37,https://www.gbif.org/occurrence/6441095820
3347,1986-12-11,1986,USA,Florida,"Ponce Inlet, New Smyrna Beach, Volusia County",Surfing,Unprovoked,29.0645699,-80.915154,Galeocerdo cuvier,6399953055,91.99,29433.0,proximite_regionale,0,1,0,2026-06-07T17:14:40,https://www.gbif.org/occurrence/6399953055
3347,1986-12-11,1986,USA,Florida,"Ponce Inlet, New Smyrna Beach, Volusia County",Surfing,Unprovoked,29.0645699,-80.915154,Rhincodon typus,6253026970,514.12,30069.0,pas_de_proximite_100km,0,0,0,2026-04-27T07:00,https://www.gbif.org/occurrence/6253026970
3350,1986-11-30,1986,USA,Florida,"Daytona Beach, Volusia County",Surfing,Unprovoked,29.2108147,-81.0228331,Carcharhinus leucas,6133570230,19.73,29533.0,proximite_forte,2,2,2,2026-01-28T17:22:37,https://www.gbif.org/occurrence/6133570230
3350,1986-11-30,1986,USA,Florida,"Daytona Beach, Volusia County",Surfing,Unprovoked,29.2108147,-81.0228331,Carcharodon carcharias,6441095820,413.1,257.0,pas_de_proximite_100km,0,0,0,2026-03-27T20:47:37,https://www.gbif.org/occurrence/6441095820
3350,1986-11-30,1986,USA,Florida,"Daytona Beach, Volusia County",Surfing,Unprovoked,29.2108147,-81.0228331,Galeocerdo cuvier,6399953055,72.96,29433.0,proximite_regionale,0,1,0,2026-06-07T17:14:40,https://www.gbif.org/occurrence/6399953055
3350,1986-11-30,1986,USA,Florida,"Daytona Beach, Volusia County",Surfing,Unprovoked,29.2108147,-81.0228331,Rhincodon typus,6253026970,527.37,30069.0,pas_de_proximite_100km,0,0,0,2026-04-27T07:00,https://www.gbif.org/occurrence/6253026970
3352,1987-07-21,1987,USA,Florida,"Ponce Inlet, New Smyrna Beach, Volusia County",Surfing,Unprovoked,29.0645699,-80.915154,Carcharhinus leucas,6133570230,7.65,29533.0,proximite_forte,2,2,2,2026-01-28T17:22:37,https://www.gbif.org/occurrence/6133570230
3352,1987-07-21,1987,USA,Florida,"Ponce Inlet, New Smyrna Beach, Volusia County",Surfing,Unprovoked,29.0645699,-80.915154,Carcharodon carcharias,6441095820,426.09,257.0,pas_de_proximite_100km,0,0,0,2026-03-27T20:47:37,https://www.gbif.org/occurrence/6441095820
3352,1987-07-21,1987,USA,Florida,"Ponce Inlet, New Smyrna Beach, Volusia County",Surfing,Unprovoked,29.0645699,-80.915154,Galeocerdo cuvier,6399953055,91.99,29433.0,proximite_regionale,0,1,0,2026-06-07T17:14:40,https://www.gbif.org/occurrence/6399953055
3352,1987-07-21,1987,USA,Florida,"Ponce Inlet, New Smyrna Beach, Volusia County",Surfing,Unprovoked,29.0645699,-80.915154,Rhincodon typus,6253026970,514.12,30069.0,pas_de_proximite_100km,0,0,0,2026-04-27T07:00,https://www.gbif.org/occurrence/6253026970
3356,1987-02-28,1987,USA,Florida,"Singer Island, Riviera Beach, Palm Beach County",Windsurfing,Unprovoked,26.7850625,-80.0375408,Carcharhinus leucas,6236036723,11.24,29798.0,proximite_forte,7,10,1,2026-03-27T15:00,https://www.gbif.org/occurrence/6236036723
3356,1987-02-28,1987,USA,Florida,"Singer Island, Riviera Beach, Palm Beach County",Windsurfing,Unprovoked,26.7850625,-80.0375408,Carcharodon carcharias,6441095820,666.58,257.0,pas_de_proximite_100km,0,0,0,2026-03-27T20:47:37,https://www.gbif.org/occurrence/6441095820
3356,1987-02-28,1987,USA,Florida,"Singer Island, Riviera Beach, Palm Beach County",Windsurfing,Unprovoked,26.7850625,-80.0375408,Galeocerdo cuvier,6235030691,20.08,29798.0,proximite_forte,1,2,0,2026-04-25T11:55,https://www.gbif.org/occurrence/6235030691
3356,1987-02-28,1987,USA,Florida,"Singer Island, Riviera Beach, Palm Beach County",Windsurfing,Unprovoked,26.7850625,-80.0375408,Rhincodon typus,6253026970,327.42,30069.0,pas_de_proximite_100km,0,0,0,2026-04-27T07:00,https://www.gbif.org/occurrence/6253026970
3361,1987-07-01,1987,BAHAMAS,,,Spearfishing,Unprovoked,24.7736546,-78.0000547,Carcharhinus leucas,6334488030,158.99,29936.0,pas_de_proximite_100km,0,0,0,2026-05-18T15:01:50,https://www.gbif.org/occurrence/6334488030
3361,1987-07-01,1987,BAHAMAS,,,Spearfishing,Unprovoked,24.7736546,-78.0000547,Carcharodon carcharias,6441095820,907.03,257.0,pas_de_proximite_100km,0,0,0,2026-03-27T20:47:37,https://www.gbif.org/occurrence/6441095820
3361,1987-07-01,1987,BAHAMAS,,,Spearfishing,Unprovoked,24.7736546,-78.0000547,Galeocerdo cuvier,6131322721,84.29,120467.0,proximite_regionale,0,2,0,2026-01-13,https://www.gbif.org/occurrence/6131322721
3361,1987-07-01,1987,BAHAMAS,,,Spearfishing,Unprovoked,24.7736546,-78.0000547,Rhincodon typus,6253026970,426.21,30069.0,pas_de_proximite_100km,0,0,0,2026-04-27T07:00,https://www.gbif.org/occurrence/6253026970
3362,1987-05-06,1987,AUSTRALIA,New South Wales,,Fishing,Provoked,-32.1629594,147.0320469,Carcharhinus leucas,6481240461,418.85,17.0,pas_de_proximite_100km,0,0,0,2026-01-22T00:00,https://www.gbif.org/occurrence/6481240461
3362,1987-05-06,1987,AUSTRALIA,New South Wales,,Fishing,Provoked,-32.1629594,147.0320469,Carcharodon carcharias,6159298926,509.4,,pas_de_proximite_100km,0,0,0,2026-02-03T04:38:07,https://www.gbif.org/occurrence/6159298926
3362,1987-05-06,1987,AUSTRALIA,New South Wales,,Fishing,Provoked,-32.1629594,147.0320469,Galeocerdo cuvier,6133086834,764.62,5.0,pas_de_proximite_100km,0,0,0,2026-02-02T13:14:46,https://www.gbif.org/occurrence/6133086834
3362,1987-05-06,1987,AUSTRALIA,New South Wales,,Fishing,Provoked,-32.1629594,147.0320469,Rhincodon typus,5938466615,1793.58,30841.0,pas_de_proximite_100km,0,0,0,2026-01-03T11:33,https://www.gbif.org/occurrence/5938466615
3365,1987-12-17,1987,USA,Florida,"Palm Beach, Palm Beach County",Surfing,Unprovoked,26.7056172,-80.0361517,Carcharhinus leucas,6236555493,8.87,29822.0,proximite_forte,6,10,1,2026-04-22T14:46:47,https://www.gbif.org/occurrence/6236555493
3365,1987-12-17,1987,USA,Florida,"Palm Beach, Palm Beach County",Surfing,Unprovoked,26.7056172,-80.0361517,Carcharodon carcharias,6441095820,675.4,257.0,pas_de_proximite_100km,0,0,0,2026-03-27T20:47:37,https://www.gbif.org/occurrence/6441095820
3365,1987-12-17,1987,USA,Florida,"Palm Beach, Palm Beach County",Surfing,Unprovoked,26.7056172,-80.0361517,Galeocerdo cuvier,6235030691,28.29,29798.0,proximite_regionale,0,2,0,2026-04-25T11:55,https://www.gbif.org/occurrence/6235030691
3365,1987-12-17,1987,USA,Florida,"Palm Beach, Palm Beach County",Surfing,Unprovoked,26.7056172,-80.0361517,Rhincodon typus,6253026970,321.03,30069.0,pas_de_proximite_100km,0,0,0,2026-04-27T07:00,https://www.gbif.org/occurrence/6253026970
3366,1987-05-25,1987,USA,South Carolina,"Myrtle Beach, Horry County",Inconnue,Unprovoked,33.6956461,-78.8900409,Carcharhinus leucas,6130999421,541.07,29533.0,pas_de_proximite_100km,0,0,0,2026-01-17T15:30:29,https://www.gbif.org/occurrence/6130999421
3366,1987-05-25,1987,USA,South Carolina,"Myrtle Beach, Horry County",Inconnue,Unprovoked,33.6956461,-78.8900409,Carcharodon carcharias,6479594785,36.6,53267.0,proximite_regionale,0,1,0,2026-07-14T07:15:20,https://www.gbif.org/occurrence/6479594785
3366,1987-05-25,1987,USA,South Carolina,"Myrtle Beach, Horry County",Inconnue,Unprovoked,33.6956461,-78.8900409,Galeocerdo cuvier,6399752821,35.29,28902.0,proximite_regionale,0,1,0,2026-06-04T11:19,https://www.gbif.org/occurrence/6399752821
3366,1987-05-25,1987,USA,South Carolina,"Myrtle Beach, Horry County",Inconnue,Unprovoked,33.6956461,-78.8900409,Rhincodon typus,6253026970,1062.68,30069.0,pas_de_proximite_100km,0,0,0,2026-04-27T07:00,https://www.gbif.org/occurrence/6253026970
3389,1988-04-15,1988,USA,Florida,"Singer Island, Riviera Beach, Palm Beach County",Swimming,Unprovoked,26.7850625,-80.0375408,Carcharhinus leucas,6236036723,11.24,29798.0,proximite_forte,7,10,1,2026-03-27T15:00,https://www.gbif.org/occurrence/6236036723
3389,1988-04-15,1988,USA,Florida,"Singer Island, Riviera Beach, Palm Beach County",Swimming,Unprovoked,26.7850625,-80.0375408,Carcharodon carcharias,6441095820,666.58,257.0,pas_de_proximite_100km,0,0,0,2026-03-27T20:47:37,https://www.gbif.org/occurrence/6441095820
3389,1988-04-15,1988,USA,Florida,"Singer Island, Riviera Beach, Palm Beach County",Swimming,Unprovoked,26.7850625,-80.0375408,Galeocerdo cuvier,6235030691,20.08,29798.0,proximite_forte,1,2,0,2026-04-25T11:55,https://www.gbif.org/occurrence/6235030691
3389,1988-04-15,1988,USA,Florida,"Singer Island, Riviera Beach, Palm Beach County",Swimming,Unprovoked,26.7850625,-80.0375408,Rhincodon typus,6253026970,327.42,30069.0,pas_de_proximite_100km,0,0,0,2026-04-27T07:00,https://www.gbif.org/occurrence/6253026970
3393,1988-07-17,1988,BAHAMAS,,,Diving,Unprovoked,24.7736546,-78.0000547,Carcharhinus leucas,6334488030,158.99,29936.0,pas_de_proximite_100km,0,0,0,2026-05-18T15:01:50,https://www.gbif.org/occurrence/6334488030
3393,1988-07-17,1988,BAHAMAS,,,Diving,Unprovoked,24.7736546,-78.0000547,Carcharodon carcharias,6441095820,907.03,257.0,pas_de_proximite_100km,0,0,0,2026-03-27T20:47:37,https://www.gbif.org/occurrence/6441095820
3393,1988-07-17,1988,BAHAMAS,,,Diving,Unprovoked,24.7736546,-78.0000547,Galeocerdo cuvier,6131322721,84.29,120467.0,proximite_regionale,0,2,0,2026-01-13,https://www.gbif.org/occurrence/6131322721
3393,1988-07-17,1988,BAHAMAS,,,Diving,Unprovoked,24.7736546,-78.0000547,Rhincodon typus,6253026970,426.21,30069.0,pas_de_proximite_100km,0,0,0,2026-04-27T07:00,https://www.gbif.org/occurrence/6253026970
3402,1988-06-01,1988,USA,Florida,"Daytona Beach, Volusia County",Surfing,Unprovoked,29.2108147,-81.0228331,Carcharhinus leucas,6133570230,19.73,29533.0,proximite_forte,2,2,2,2026-01-28T17:22:37,https://www.gbif.org/occurrence/6133570230
3402,1988-06-01,1988,USA,Florida,"Daytona Beach, Volusia County",Surfing,Unprovoked,29.2108147,-81.0228331,Carcharodon carcharias,6441095820,413.1,257.0,pas_de_proximite_100km,0,0,0,2026-03-27T20:47:37,https://www.gbif.org/occurrence/6441095820
3402,1988-06-01,1988,USA,Florida,"Daytona Beach, Volusia County",Surfing,Unprovoked,29.2108147,-81.0228331,Galeocerdo cuvier,6399953055,72.96,29433.0,proximite_regionale,0,1,0,2026-06-07T17:14:40,https://www.gbif.org/occurrence/6399953055
3402,1988-06-01,1988,USA,Florida,"Daytona Beach, Volusia County",Surfing,Unprovoked,29.2108147,-81.0228331,Rhincodon typus,6253026970,527.37,30069.0,pas_de_proximite_100km,0,0,0,2026-04-27T07:00,https://www.gbif.org/occurrence/6253026970
3408,1988-02-14,1988,SOUTH AFRICA,Eastern Cape Province,Nahoon,Surfing,Unprovoked,-32.8678615,27.7406875,Carcharhinus leucas,6130149287,359.18,29330.0,pas_de_proximite_100km,0,0,0,2026-01-10T07:45:33,https://www.gbif.org/occurrence/6130149287
3408,1988-02-14,1988,SOUTH AFRICA,Eastern Cape Province,Nahoon,Surfing,Unprovoked,-32.8678615,27.7406875,Carcharodon carcharias,6480081628,44.0,29039.0,proximite_regionale,0,2,0,2026-01-19T13:45:33,https://www.gbif.org/occurrence/6480081628
3408,1988-02-14,1988,SOUTH AFRICA,Eastern Cape Province,Nahoon,Surfing,Unprovoked,-32.8678615,27.7406875,Galeocerdo cuvier,5206523433,818.79,29798.0,pas_de_proximite_100km,0,0,0,2025-03-25T01:26:01,https://www.gbif.org/occurrence/5206523433
3408,1988-02-14,1988,SOUTH AFRICA,Eastern Cape Province,Nahoon,Surfing,Unprovoked,-32.8678615,27.7406875,Rhincodon typus,6352311338,1666.65,1358701.0,pas_de_proximite_100km,0,0,0,2026-05-28,https://www.gbif.org/occurrence/6352311338
3416,1988-07-04,1988,BAHAMAS,,,Snorkeling,Unprovoked,24.7736546,-78.0000547,Carcharhinus leucas,6334488030,158.99,29936.0,pas_de_proximite_100km,0,0,0,2026-05-18T15:01:50,https://www.gbif.org/occurrence/6334488030
3416,1988-07-04,1988,BAHAMAS,,,Snorkeling,Unprovoked,24.7736546,-78.0000547,Carcharodon carcharias,6441095820,907.03,257.0,pas_de_proximite_100km,0,0,0,2026-03-27T20:47:37,https://www.gbif.org/occurrence/6441095820
3416,1988-07-04,1988,BAHAMAS,,,Snorkeling,Unprovoked,24.7736546,-78.0000547,Galeocerdo cuvier,6131322721,84.29,120467.0,proximite_regionale,0,2,0,2026-01-13,https://www.gbif.org/occurrence/6131322721
3416,1988-07-04,1988,BAHAMAS,,,Snorkeling,Unprovoked,24.7736546,-78.0000547,Rhincodon typus,6253026970,426.21,30069.0,pas_de_proximite_100km,0,0,0,2026-04-27T07:00,https://www.gbif.org/occurrence/6253026970
3418,1988-07-19,1988,BAHAMAS,,,Spearfishing on scuba,Unprovoked,24.7736546,-78.0000547,Carcharhinus leucas,6334488030,158.99,29936.0,pas_de_proximite_100km,0,0,0,2026-05-18T15:01:50,https://www.gbif.org/occurrence/6334488030
3418,1988-07-19,1988,BAHAMAS,,,Spearfishing on scuba,Unprovoked,24.7736546,-78.0000547,Carcharodon carcharias,6441095820,907.03,257.0,pas_de_proximite_100km,0,0,0,2026-03-27T20:47:37,https://www.gbif.org/occurrence/6441095820
3418,1988-07-19,1988,BAHAMAS,,,Spearfishing on scuba,Unprovoked,24.7736546,-78.0000547,Galeocerdo cuvier,6131322721,84.29,120467.0,proximite_regionale,0,2,0,2026-01-13,https://www.gbif.org/occurrence/6131322721
3418,1988-07-19,1988,BAHAMAS,,,Spearfishing on scuba,Unprovoked,24.7736546,-78.0000547,Rhincodon typus,6253026970,426.21,30069.0,pas_de_proximite_100km,0,0,0,2026-04-27T07:00,https://www.gbif.org/occurrence/6253026970
3420,1988-07-01,1988,BAHAMAS,,,Spearfishing,Unprovoked,24.7736546,-78.0000547,Carcharhinus leucas,6334488030,158.99,29936.0,pas_de_proximite_100km,0,0,0,2026-05-18T15:01:50,https://www.gbif.org/occurrence/6334488030
3420,1988-07-01,1988,BAHAMAS,,,Spearfishing,Unprovoked,24.7736546,-78.0000547,Carcharodon carcharias,6441095820,907.03,257.0,pas_de_proximite_100km,0,0,0,2026-03-27T20:47:37,https://www.gbif.org/occurrence/6441095820
3420,1988-07-01,1988,BAHAMAS,,,Spearfishing,Unprovoked,24.7736546,-78.0000547,Galeocerdo cuvier,6131322721,84.29,120467.0,proximite_regionale,0,2,0,2026-01-13,https://www.gbif.org/occurrence/6131322721
3420,1988-07-01,1988,BAHAMAS,,,Spearfishing,Unprovoked,24.7736546,-78.0000547,Rhincodon typus,6253026970,426.21,30069.0,pas_de_proximite_100km,0,0,0,2026-04-27T07:00,https://www.gbif.org/occurrence/6253026970
3421,1988-10-01,1988,USA,Florida,"Sanibel Island, Lee County",Wading,Unprovoked,26.440359,-82.1137049,Carcharhinus leucas,6470516778,22.5,29845.0,proximite_forte,1,6,1,2026-07-06T17:33:06,https://www.gbif.org/occurrence/6470516778
3421,1988-10-01,1988,USA,Florida,"Sanibel Island, Lee County",Wading,Unprovoked,26.440359,-82.1137049,Carcharodon carcharias,6400039718,638.25,49.0,pas_de_proximite_100km,0,0,0,2026-02-25T14:55,https://www.gbif.org/occurrence/6400039718
3421,1988-10-01,1988,USA,Florida,"Sanibel Island, Lee County",Wading,Unprovoked,26.440359,-82.1137049,Galeocerdo cuvier,5133758058,200.51,30025.0,pas_de_proximite_100km,0,0,0,2025-03-01T13:40,https://www.gbif.org/occurrence/5133758058
3421,1988-10-01,1988,USA,Florida,"Sanibel Island, Lee County",Wading,Unprovoked,26.440359,-82.1137049,Rhincodon typus,6253026970,206.17,30069.0,pas_de_proximite_100km,0,0,0,2026-04-27T07:00,https://www.gbif.org/occurrence/6253026970
3424,1988-01-21,1988,AUSTRALIA,Torres Strait,,Fell overboard  from the Taiwanese fishing trawler Lien Cheng Feu,Invalid,-10.416667,142.166667,Carcharhinus leucas,6431650862,901.63,21.0,pas_de_proximite_100km,0,0,0,2026-05-18T08:21:34,https://www.gbif.org/occurrence/6431650862
3424,1988-01-21,1988,AUSTRALIA,Torres Strait,,Fell overboard  from the Taiwanese fishing trawler Lien Cheng Feu,Invalid,-10.416667,142.166667,Carcharodon carcharias,6162878281,2470.79,7.0,pas_de_proximite_100km,0,0,0,2026-02-22T09:03:13,https://www.gbif.org/occurrence/6162878281
3424,1988-01-21,1988,AUSTRALIA,Torres Strait,,Fell overboard  from the Taiwanese fishing trawler Lien Cheng Feu,Invalid,-10.416667,142.166667,Galeocerdo cuvier,5153428688,175.91,4.0,pas_de_proximite_100km,0,0,0,2025-05-04T09:55:26,https://www.gbif.org/occurrence/5153428688
3424,1988-01-21,1988,AUSTRALIA,Torres Strait,,Fell overboard  from the Taiwanese fishing trawler Lien Cheng Feu,Invalid,-10.416667,142.166667,Rhincodon typus,5938466615,742.42,30841.0,pas_de_proximite_100km,0,0,0,2026-01-03T11:33,https://www.gbif.org/occurrence/5938466615
3425,1988-09-28,1988,USA,Florida,"New Smyrna Beach, Volusia County",Surfing,Unprovoked,29.0258132,-80.9271271,Carcharhinus leucas,6133570230,11.63,29533.0,proximite_forte,2,2,2,2026-01-28T17:22:37,https://www.gbif.org/occurrence/6133570230
3425,1988-09-28,1988,USA,Florida,"New Smyrna Beach, Volusia County",Surfing,Unprovoked,29.0258132,-80.9271271,Carcharodon carcharias,6441095820,430.55,257.0,pas_de_proximite_100km,0,0,0,2026-03-27T20:47:37,https://www.gbif.org/occurrence/6441095820
3425,1988-09-28,1988,USA,Florida,"New Smyrna Beach, Volusia County",Surfing,Unprovoked,29.0258132,-80.9271271,Galeocerdo cuvier,6399953055,95.51,29433.0,proximite_regionale,0,1,0,2026-06-07T17:14:40,https://www.gbif.org/occurrence/6399953055
3425,1988-09-28,1988,USA,Florida,"New Smyrna Beach, Volusia County",Surfing,Unprovoked,29.0258132,-80.9271271,Rhincodon typus,6253026970,509.66,30069.0,pas_de_proximite_100km,0,0,0,2026-04-27T07:00,https://www.gbif.org/occurrence/6253026970
3427,1988-01-27,1988,SOUTH AFRICA,KwaZulu-Natal,Durban,Surfing,Invalid,-29.8618145,31.009909,Carcharhinus leucas,6185033442,62.42,29382.0,proximite_regionale,0,1,0,2026-03-28T17:16:06,https://www.gbif.org/occurrence/6185033442
3427,1988-01-27,1988,SOUTH AFRICA,KwaZulu-Natal,Durban,Surfing,Invalid,-29.8618145,31.009909,Carcharodon carcharias,5938331810,413.65,,pas_de_proximite_100km,0,0,0,2026-01-03T05:09:36,https://www.gbif.org/occurrence/5938331810
3427,1988-01-27,1988,SOUTH AFRICA,KwaZulu-Natal,Durban,Surfing,Invalid,-29.8618145,31.009909,Galeocerdo cuvier,5206523433,367.29,29798.0,pas_de_proximite_100km,0,0,0,2025-03-25T01:26:01,https://www.gbif.org/occurrence/5206523433
3427,1988-01-27,1988,SOUTH AFRICA,KwaZulu-Natal,Durban,Surfing,Invalid,-29.8618145,31.009909,Rhincodon typus,6352311338,1228.98,1358701.0,pas_de_proximite_100km,0,0,0,2026-05-28,https://www.gbif.org/occurrence/6352311338
3428,1988-05-04,1988,USA,Florida,"Melbourne Beach, Brevard County",Surfing / treading water,Unprovoked,28.0684067,-80.5607951,Carcharhinus leucas,6234759244,16.58,29680.0,proximite_forte,1,3,3,2026-04-17T20:49,https://www.gbif.org/occurrence/6234759244
3428,1988-05-04,1988,USA,Florida,"Melbourne Beach, Brevard County",Surfing / treading water,Unprovoked,28.0684067,-80.5607951,Carcharodon carcharias,6441095820,528.49,257.0,pas_de_proximite_100km,0,0,0,2026-03-27T20:47:37,https://www.gbif.org/occurrence/6441095820
3428,1988-05-04,1988,USA,Florida,"Melbourne Beach, Brevard County",Surfing / treading water,Unprovoked,28.0684067,-80.5607951,Galeocerdo cuvier,6235030691,131.86,29798.0,pas_de_proximite_100km,0,0,0,2026-04-25T11:55,https://www.gbif.org/occurrence/6235030691
3428,1988-05-04,1988,USA,Florida,"Melbourne Beach, Brevard County",Surfing / treading water,Unprovoked,28.0684067,-80.5607951,Rhincodon typus,6253026970,420.55,30069.0,pas_de_proximite_100km,0,0,0,2026-04-27T07:00,https://www.gbif.org/occurrence/6253026970
3429,1988-07-11,1988,USA,Florida,"Jensen Beach, Martin County",Swimming,Unprovoked,27.2379528,-80.2389899,Carcharhinus leucas,6235914464,33.11,29798.0,proximite_regionale,0,13,4,2026-03-27T15:00,https://www.gbif.org/occurrence/6235914464
3429,1988-07-11,1988,USA,Florida,"Jensen Beach, Martin County",Swimming,Unprovoked,27.2379528,-80.2389899,Carcharodon carcharias,6441095820,617.26,257.0,pas_de_proximite_100km,0,0,0,2026-03-27T20:47:37,https://www.gbif.org/occurrence/6441095820
3429,1988-07-11,1988,USA,Florida,"Jensen Beach, Martin County",Swimming,Unprovoked,27.2379528,-80.2389899,Galeocerdo cuvier,6235030691,34.23,29798.0,proximite_regionale,0,1,0,2026-04-25T11:55,https://www.gbif.org/occurrence/6235030691
3429,1988-07-11,1988,USA,Florida,"Jensen Beach, Martin County",Swimming,Unprovoked,27.2379528,-80.2389899,Rhincodon typus,6253026970,354.67,30069.0,pas_de_proximite_100km,0,0,0,2026-04-27T07:00,https://www.gbif.org/occurrence/6253026970
3432,1988-07-04,1988,USA,Florida,"New Smyrna Beach, Volusia County",Boogie boarding,Unprovoked,29.0258132,-80.9271271,Carcharhinus leucas,6133570230,11.63,29533.0,proximite_forte,2,2,2,2026-01-28T17:22:37,https://www.gbif.org/occurrence/6133570230
3432,1988-07-04,1988,USA,Florida,"New Smyrna Beach, Volusia County",Boogie boarding,Unprovoked,29.0258132,-80.9271271,Carcharodon carcharias,6441095820,430.55,257.0,pas_de_proximite_100km,0,0,0,2026-03-27T20:47:37,https://www.gbif.org/occurrence/6441095820
3432,1988-07-04,1988,USA,Florida,"New Smyrna Beach, Volusia County",Boogie boarding,Unprovoked,29.0258132,-80.9271271,Galeocerdo cuvier,6399953055,95.51,29433.0,proximite_regionale,0,1,0,2026-06-07T17:14:40,https://www.gbif.org/occurrence/6399953055
3432,1988-07-04,1988,USA,Florida,"New Smyrna Beach, Volusia County",Boogie boarding,Unprovoked,29.0258132,-80.9271271,Rhincodon typus,6253026970,509.66,30069.0,pas_de_proximite_100km,0,0,0,2026-04-27T07:00,https://www.gbif.org/occurrence/6253026970
3434,1988-03-31,1988,USA,Florida,"Singer Island, Riviera Beach, Palm Beach County",Standing,Unprovoked,26.7850625,-80.0375408,Carcharhinus leucas,6236036723,11.24,29798.0,proximite_forte,7,10,1,2026-03-27T15:00,https://www.gbif.org/occurrence/6236036723
3434,1988-03-31,1988,USA,Florida,"Singer Island, Riviera Beach, Palm Beach County",Standing,Unprovoked,26.7850625,-80.0375408,Carcharodon carcharias,6441095820,666.58,257.0,pas_de_proximite_100km,0,0,0,2026-03-27T20:47:37,https://www.gbif.org/occurrence/6441095820
3434,1988-03-31,1988,USA,Florida,"Singer Island, Riviera Beach, Palm Beach County",Standing,Unprovoked,26.7850625,-80.0375408,Galeocerdo cuvier,6235030691,20.08,29798.0,proximite_forte,1,2,0,2026-04-25T11:55,https://www.gbif.org/occurrence/6235030691
3434,1988-03-31,1988,USA,Florida,"Singer Island, Riviera Beach, Palm Beach County",Standing,Unprovoked,26.7850625,-80.0375408,Rhincodon typus,6253026970,327.42,30069.0,pas_de_proximite_100km,0,0,0,2026-04-27T07:00,https://www.gbif.org/occurrence/6253026970
3435,1988-07-23,1988,BAHAMAS,,,Free diving & spearfishing,Unprovoked,24.7736546,-78.0000547,Carcharhinus leucas,6334488030,158.99,29936.0,pas_de_proximite_100km,0,0,0,2026-05-18T15:01:50,https://www.gbif.org/occurrence/6334488030
3435,1988-07-23,1988,BAHAMAS,,,Free diving & spearfishing,Unprovoked,24.7736546,-78.0000547,Carcharodon carcharias,6441095820,907.03,257.0,pas_de_proximite_100km,0,0,0,2026-03-27T20:47:37,https://www.gbif.org/occurrence/6441095820
3435,1988-07-23,1988,BAHAMAS,,,Free diving & spearfishing,Unprovoked,24.7736546,-78.0000547,Galeocerdo cuvier,6131322721,84.29,120467.0,proximite_regionale,0,2,0,2026-01-13,https://www.gbif.org/occurrence/6131322721
3435,1988-07-23,1988,BAHAMAS,,,Free diving & spearfishing,Unprovoked,24.7736546,-78.0000547,Rhincodon typus,6253026970,426.21,30069.0,pas_de_proximite_100km,0,0,0,2026-04-27T07:00,https://www.gbif.org/occurrence/6253026970
3436,1988-04-14,1988,USA,Florida,"Singer Island, Riviera Beach, Palm Beach County",Surfing,Unprovoked,26.7850625,-80.0375408,Carcharhinus leucas,6236036723,11.24,29798.0,proximite_forte,7,10,1,2026-03-27T15:00,https://www.gbif.org/occurrence/6236036723
3436,1988-04-14,1988,USA,Florida,"Singer Island, Riviera Beach, Palm Beach County",Surfing,Unprovoked,26.7850625,-80.0375408,Carcharodon carcharias,6441095820,666.58,257.0,pas_de_proximite_100km,0,0,0,2026-03-27T20:47:37,https://www.gbif.org/occurrence/6441095820
3436,1988-04-14,1988,USA,Florida,"Singer Island, Riviera Beach, Palm Beach County",Surfing,Unprovoked,26.7850625,-80.0375408,Galeocerdo cuvier,6235030691,20.08,29798.0,proximite_forte,1,2,0,2026-04-25T11:55,https://www.gbif.org/occurrence/6235030691
3436,1988-04-14,1988,USA,Florida,"Singer Island, Riviera Beach, Palm Beach County",Surfing,Unprovoked,26.7850625,-80.0375408,Rhincodon typus,6253026970,327.42,30069.0,pas_de_proximite_100km,0,0,0,2026-04-27T07:00,https://www.gbif.org/occurrence/6253026970
3439,1988-01-01,1988,AUSTRALIA,New South Wales,Sydney,Surfing,Unprovoked,-33.8698439,151.2082848,Carcharhinus leucas,6481240461,14.31,17.0,proximite_forte,1,1,0,2026-01-22T00:00,https://www.gbif.org/occurrence/6481240461
3439,1988-01-01,1988,AUSTRALIA,New South Wales,Sydney,Surfing,Unprovoked,-33.8698439,151.2082848,Carcharodon carcharias,6159298926,249.62,,pas_de_proximite_100km,0,0,0,2026-02-03T04:38:07,https://www.gbif.org/occurrence/6159298926
3439,1988-01-01,1988,AUSTRALIA,New South Wales,Sydney,Surfing,Unprovoked,-33.8698439,151.2082848,Galeocerdo cuvier,6133086834,663.7,5.0,pas_de_proximite_100km,0,0,0,2026-02-02T13:14:46,https://www.gbif.org/occurrence/6133086834
3439,1988-01-01,1988,AUSTRALIA,New South Wales,Sydney,Surfing,Unprovoked,-33.8698439,151.2082848,Rhincodon typus,6235620031,2049.71,28818.0,pas_de_proximite_100km,0,0,0,2026-02-19T12:26,https://www.gbif.org/occurrence/6235620031
3441,1988-04-14,1988,USA,Florida,"Singer Island, Riviera Beach, Palm Beach County",Windsurfing,Unprovoked,26.7850625,-80.0375408,Carcharhinus leucas,6236036723,11.24,29798.0,proximite_forte,7,10,1,2026-03-27T15:00,https://www.gbif.org/occurrence/6236036723
3441,1988-04-14,1988,USA,Florida,"Singer Island, Riviera Beach, Palm Beach County",Windsurfing,Unprovoked,26.7850625,-80.0375408,Carcharodon carcharias,6441095820,666.58,257.0,pas_de_proximite_100km,0,0,0,2026-03-27T20:47:37,https://www.gbif.org/occurrence/6441095820
3441,1988-04-14,1988,USA,Florida,"Singer Island, Riviera Beach, Palm Beach County",Windsurfing,Unprovoked,26.7850625,-80.0375408,Galeocerdo cuvier,6235030691,20.08,29798.0,proximite_forte,1,2,0,2026-04-25T11:55,https://www.gbif.org/occurrence/6235030691
3441,1988-04-14,1988,USA,Florida,"Singer Island, Riviera Beach, Palm Beach County",Windsurfing,Unprovoked,26.7850625,-80.0375408,Rhincodon typus,6253026970,327.42,30069.0,pas_de_proximite_100km,0,0,0,2026-04-27T07:00,https://www.gbif.org/occurrence/6253026970
3442,1988-06-05,1988,USA,Florida,"Daytona Beach, Volusia County",Swimming,Unprovoked,29.2108147,-81.0228331,Carcharhinus leucas,6133570230,19.73,29533.0,proximite_forte,2,2,2,2026-01-28T17:22:37,https://www.gbif.org/occurrence/6133570230
3442,1988-06-05,1988,USA,Florida,"Daytona Beach, Volusia County",Swimming,Unprovoked,29.2108147,-81.0228331,Carcharodon carcharias,6441095820,413.1,257.0,pas_de_proximite_100km,0,0,0,2026-03-27T20:47:37,https://www.gbif.org/occurrence/6441095820
3442,1988-06-05,1988,USA,Florida,"Daytona Beach, Volusia County",Swimming,Unprovoked,29.2108147,-81.0228331,Galeocerdo cuvier,6399953055,72.96,29433.0,proximite_regionale,0,1,0,2026-06-07T17:14:40,https://www.gbif.org/occurrence/6399953055
3442,1988-06-05,1988,USA,Florida,"Daytona Beach, Volusia County",Swimming,Unprovoked,29.2108147,-81.0228331,Rhincodon typus,6253026970,527.37,30069.0,pas_de_proximite_100km,0,0,0,2026-04-27T07:00,https://www.gbif.org/occurrence/6253026970
3446,1989-08-06,1989,AUSTRALIA,Queensland,Moreton Bay,Fishing for sharks,Provoked,-27.2397819,153.2539994,Carcharhinus leucas,6519486079,18.15,2519.0,proximite_forte,2,7,5,2026-03-20T23:00:36,https://www.gbif.org/occurrence/6519486079
3446,1989-08-06,1989,AUSTRALIA,Queensland,Moreton Bay,Fishing for sharks,Provoked,-27.2397819,153.2539994,Carcharodon carcharias,6162878281,319.5,7.0,pas_de_proximite_100km,0,0,0,2026-02-22T09:03:13,https://www.gbif.org/occurrence/6162878281
3446,1989-08-06,1989,AUSTRALIA,Queensland,Moreton Bay,Fishing for sharks,Provoked,-27.2397819,153.2539994,Galeocerdo cuvier,6133086834,117.89,5.0,pas_de_proximite_100km,0,0,0,2026-02-02T13:14:46,https://www.gbif.org/occurrence/6133086834
3446,1989-08-06,1989,AUSTRALIA,Queensland,Moreton Bay,Fishing for sharks,Provoked,-27.2397819,153.2539994,Rhincodon typus,5938466615,1459.57,30841.0,pas_de_proximite_100km,0,0,0,2026-01-03T11:33,https://www.gbif.org/occurrence/5938466615
3456,1989-07-14,1989,USA,Florida,"Cocoa Beach, Brevard County",Surfing,Unprovoked,28.3184107,-80.6094959,Carcharhinus leucas,6234759244,43.15,29680.0,proximite_regionale,0,5,5,2026-04-17T20:49,https://www.gbif.org/occurrence/6234759244
3456,1989-07-14,1989,USA,Florida,"Cocoa Beach, Brevard County",Surfing,Unprovoked,28.3184107,-80.6094959,Carcharodon carcharias,6441095820,501.64,257.0,pas_de_proximite_100km,0,0,0,2026-03-27T20:47:37,https://www.gbif.org/occurrence/6441095820
3456,1989-07-14,1989,USA,Florida,"Cocoa Beach, Brevard County",Surfing,Unprovoked,28.3184107,-80.6094959,Galeocerdo cuvier,6235030691,159.76,29798.0,pas_de_proximite_100km,0,0,0,2026-04-25T11:55,https://www.gbif.org/occurrence/6235030691
3456,1989-07-14,1989,USA,Florida,"Cocoa Beach, Brevard County",Surfing,Unprovoked,28.3184107,-80.6094959,Rhincodon typus,6253026970,444.43,30069.0,pas_de_proximite_100km,0,0,0,2026-04-27T07:00,https://www.gbif.org/occurrence/6253026970
3474,1989-08-13,1989,AUSTRALIA,New South Wales,Lennox Head,Surfing,Unprovoked,-28.7910334,153.5878047,Carcharhinus leucas,6159543580,151.68,122.0,pas_de_proximite_100km,0,0,0,2026-02-14T19:35:12,https://www.gbif.org/occurrence/6159543580
3474,1989-08-13,1989,AUSTRALIA,New South Wales,Lennox Head,Surfing,Unprovoked,-28.7910334,153.5878047,Carcharodon carcharias,6162878281,151.44,7.0,pas_de_proximite_100km,0,0,0,2026-02-22T09:03:13,https://www.gbif.org/occurrence/6162878281
3474,1989-08-13,1989,AUSTRALIA,New South Wales,Lennox Head,Surfing,Unprovoked,-28.7910334,153.5878047,Galeocerdo cuvier,6133086834,59.21,5.0,proximite_regionale,0,1,1,2026-02-02T13:14:46,https://www.gbif.org/occurrence/6133086834
3474,1989-08-13,1989,AUSTRALIA,New South Wales,Lennox Head,Surfing,Unprovoked,-28.7910334,153.5878047,Rhincodon typus,5938466615,1623.12,30841.0,pas_de_proximite_100km,0,0,0,2026-01-03T11:33,https://www.gbif.org/occurrence/5938466615
3491,1989-08-22,1989,SOUTH AFRICA,Western Cape Province,Mossel Bay,Surfing,Unprovoked,-34.1832022,22.1536248,Carcharhinus leucas,6130149287,879.35,29330.0,pas_de_proximite_100km,0,0,0,2026-01-10T07:45:33,https://www.gbif.org/occurrence/6130149287
3491,1989-08-22,1989,SOUTH AFRICA,Western Cape Province,Mossel Bay,Surfing,Unprovoked,-34.1832022,22.1536248,Carcharodon carcharias,6413744653,5.84,880.0,proximite_forte,4,4,0,2026-06-16,https://www.gbif.org/occurrence/6413744653
3491,1989-08-22,1989,SOUTH AFRICA,Western Cape Province,Mossel Bay,Surfing,Unprovoked,-34.1832022,22.1536248,Galeocerdo cuvier,5206523433,1298.64,29798.0,pas_de_proximite_100km,0,0,0,2025-03-25T01:26:01,https://www.gbif.org/occurrence/5206523433
3491,1989-08-22,1989,SOUTH AFRICA,Western Cape Province,Mossel Bay,Surfing,Unprovoked,-34.1832022,22.1536248,Rhincodon typus,6352311338,2092.05,1358701.0,pas_de_proximite_100km,0,0,0,2026-05-28,https://www.gbif.org/occurrence/6352311338
3504,1990-08-05,1990,BAHAMAS,,,Fishing,Provoked,24.7736546,-78.0000547,Carcharhinus leucas,6334488030,158.99,29936.0,pas_de_proximite_100km,0,0,0,2026-05-18T15:01:50,https://www.gbif.org/occurrence/6334488030
3504,1990-08-05,1990,BAHAMAS,,,Fishing,Provoked,24.7736546,-78.0000547,Carcharodon carcharias,6441095820,907.03,257.0,pas_de_proximite_100km,0,0,0,2026-03-27T20:47:37,https://www.gbif.org/occurrence/6441095820
3504,1990-08-05,1990,BAHAMAS,,,Fishing,Provoked,24.7736546,-78.0000547,Galeocerdo cuvier,6131322721,84.29,120467.0,proximite_regionale,0,2,0,2026-01-13,https://www.gbif.org/occurrence/6131322721
3504,1990-08-05,1990,BAHAMAS,,,Fishing,Provoked,24.7736546,-78.0000547,Rhincodon typus,6253026970,426.21,30069.0,pas_de_proximite_100km,0,0,0,2026-04-27T07:00,https://www.gbif.org/occurrence/6253026970
3511,1990-06-24,1990,SOUTH AFRICA,Western Cape Province,Mossel Bay,Scuba diving (but on surface),Unprovoked,-34.1832022,22.1536248,Carcharhinus leucas,6130149287,879.35,29330.0,pas_de_proximite_100km,0,0,0,2026-01-10T07:45:33,https://www.gbif.org/occurrence/6130149287
3511,1990-06-24,1990,SOUTH AFRICA,Western Cape Province,Mossel Bay,Scuba diving (but on surface),Unprovoked,-34.1832022,22.1536248,Carcharodon carcharias,6413744653,5.84,880.0,proximite_forte,4,4,0,2026-06-16,https://www.gbif.org/occurrence/6413744653
3511,1990-06-24,1990,SOUTH AFRICA,Western Cape Province,Mossel Bay,Scuba diving (but on surface),Unprovoked,-34.1832022,22.1536248,Galeocerdo cuvier,5206523433,1298.64,29798.0,pas_de_proximite_100km,0,0,0,2025-03-25T01:26:01,https://www.gbif.org/occurrence/5206523433
3511,1990-06-24,1990,SOUTH AFRICA,Western Cape Province,Mossel Bay,Scuba diving (but on surface),Unprovoked,-34.1832022,22.1536248,Rhincodon typus,6352311338,2092.05,1358701.0,pas_de_proximite_100km,0,0,0,2026-05-28,https://www.gbif.org/occurrence/6352311338
3513,1990-10-12,1990,USA,Florida,"Stuart Beach, Martin County",Surfing,Unprovoked,27.2150323,-80.175149,Carcharhinus leucas,6235914464,28.45,29798.0,proximite_regionale,0,13,4,2026-03-27T15:00,https://www.gbif.org/occurrence/6235914464
3513,1990-10-12,1990,USA,Florida,"Stuart Beach, Martin County",Surfing,Unprovoked,27.2150323,-80.175149,Carcharodon carcharias,6441095820,619.42,257.0,pas_de_proximite_100km,0,0,0,2026-03-27T20:47:37,https://www.gbif.org/occurrence/6441095820
3513,1990-10-12,1990,USA,Florida,"Stuart Beach, Martin County",Surfing,Unprovoked,27.2150323,-80.175149,Galeocerdo cuvier,6235030691,30.25,29798.0,proximite_regionale,0,1,0,2026-04-25T11:55,https://www.gbif.org/occurrence/6235030691
3513,1990-10-12,1990,USA,Florida,"Stuart Beach, Martin County",Surfing,Unprovoked,27.2150323,-80.175149,Rhincodon typus,6253026970,356.19,30069.0,pas_de_proximite_100km,0,0,0,2026-04-27T07:00,https://www.gbif.org/occurrence/6253026970
3529,1990-10-30,1990,USA,Florida,"Melbourne Beach, Brevard County",Surfing,Unprovoked,28.0684067,-80.5607951,Carcharhinus leucas,6234759244,16.58,29680.0,proximite_forte,1,3,3,2026-04-17T20:49,https://www.gbif.org/occurrence/6234759244
3529,1990-10-30,1990,USA,Florida,"Melbourne Beach, Brevard County",Surfing,Unprovoked,28.0684067,-80.5607951,Carcharodon carcharias,6441095820,528.49,257.0,pas_de_proximite_100km,0,0,0,2026-03-27T20:47:37,https://www.gbif.org/occurrence/6441095820
3529,1990-10-30,1990,USA,Florida,"Melbourne Beach, Brevard County",Surfing,Unprovoked,28.0684067,-80.5607951,Galeocerdo cuvier,6235030691,131.86,29798.0,pas_de_proximite_100km,0,0,0,2026-04-25T11:55,https://www.gbif.org/occurrence/6235030691
3529,1990-10-30,1990,USA,Florida,"Melbourne Beach, Brevard County",Surfing,Unprovoked,28.0684067,-80.5607951,Rhincodon typus,6253026970,420.55,30069.0,pas_de_proximite_100km,0,0,0,2026-04-27T07:00,https://www.gbif.org/occurrence/6253026970
3532,1990-12-26,1990,SOUTH AFRICA,Eastern Cape Province,Port Elizabeth,Inconnue,Invalid,-33.9618598,25.6186731,Carcharhinus leucas,6130149287,589.15,29330.0,pas_de_proximite_100km,0,0,0,2026-01-10T07:45:33,https://www.gbif.org/occurrence/6130149287
3532,1990-12-26,1990,SOUTH AFRICA,Eastern Cape Province,Port Elizabeth,Inconnue,Invalid,-33.9618598,25.6186731,Carcharodon carcharias,6480081628,260.96,29039.0,pas_de_proximite_100km,0,0,0,2026-01-19T13:45:33,https://www.gbif.org/occurrence/6480081628
3532,1990-12-26,1990,SOUTH AFRICA,Eastern Cape Province,Port Elizabeth,Inconnue,Invalid,-33.9618598,25.6186731,Galeocerdo cuvier,5206523433,1039.94,29798.0,pas_de_proximite_100km,0,0,0,2025-03-25T01:26:01,https://www.gbif.org/occurrence/5206523433
3532,1990-12-26,1990,SOUTH AFRICA,Eastern Cape Province,Port Elizabeth,Inconnue,Invalid,-33.9618598,25.6186731,Rhincodon typus,6352311338,1874.15,1358701.0,pas_de_proximite_100km,0,0,0,2026-05-28,https://www.gbif.org/occurrence/6352311338
3536,1991-10-12,1991,USA,Florida,"Melbourne Beach, Brevard County",Surfing,Unprovoked,28.0684067,-80.5607951,Carcharhinus leucas,6234759244,16.58,29680.0,proximite_forte,1,3,3,2026-04-17T20:49,https://www.gbif.org/occurrence/6234759244
3536,1991-10-12,1991,USA,Florida,"Melbourne Beach, Brevard County",Surfing,Unprovoked,28.0684067,-80.5607951,Carcharodon carcharias,6441095820,528.49,257.0,pas_de_proximite_100km,0,0,0,2026-03-27T20:47:37,https://www.gbif.org/occurrence/6441095820
3536,1991-10-12,1991,USA,Florida,"Melbourne Beach, Brevard County",Surfing,Unprovoked,28.0684067,-80.5607951,Galeocerdo cuvier,6235030691,131.86,29798.0,pas_de_proximite_100km,0,0,0,2026-04-25T11:55,https://www.gbif.org/occurrence/6235030691
3536,1991-10-12,1991,USA,Florida,"Melbourne Beach, Brevard County",Surfing,Unprovoked,28.0684067,-80.5607951,Rhincodon typus,6253026970,420.55,30069.0,pas_de_proximite_100km,0,0,0,2026-04-27T07:00,https://www.gbif.org/occurrence/6253026970
3547,1991-08-12,1991,USA,Florida,"Vero Beach, Indian River County",Wading,Unprovoked,27.6387163,-80.3975399,Carcharhinus leucas,6499859773,13.03,29704.0,proximite_forte,2,8,4,2026-07-14T11:25:55,https://www.gbif.org/occurrence/6499859773
3547,1991-08-12,1991,USA,Florida,"Vero Beach, Indian River County",Wading,Unprovoked,27.6387163,-80.3975399,Carcharodon carcharias,6441095820,574.11,257.0,pas_de_proximite_100km,0,0,0,2026-03-27T20:47:37,https://www.gbif.org/occurrence/6441095820
3547,1991-08-12,1991,USA,Florida,"Vero Beach, Indian River County",Wading,Unprovoked,27.6387163,-80.3975399,Galeocerdo cuvier,6235030691,81.45,29798.0,proximite_regionale,0,1,0,2026-04-25T11:55,https://www.gbif.org/occurrence/6235030691
3547,1991-08-12,1991,USA,Florida,"Vero Beach, Indian River County",Wading,Unprovoked,27.6387163,-80.3975399,Rhincodon typus,6253026970,384.59,30069.0,pas_de_proximite_100km,0,0,0,2026-04-27T07:00,https://www.gbif.org/occurrence/6253026970
3548,1991-06-26,1991,USA,Florida,"Jacksonville Beach, Duval County",Surfing,Unprovoked,30.2946859,-81.3931396,Carcharhinus leucas,6133570230,141.6,29533.0,pas_de_proximite_100km,0,0,0,2026-01-28T17:22:37,https://www.gbif.org/occurrence/6133570230
3548,1991-06-26,1991,USA,Florida,"Jacksonville Beach, Duval County",Surfing,Unprovoked,30.2946859,-81.3931396,Carcharodon carcharias,6441095820,314.31,257.0,pas_de_proximite_100km,0,0,0,2026-03-27T20:47:37,https://www.gbif.org/occurrence/6441095820
3548,1991-06-26,1991,USA,Florida,"Jacksonville Beach, Duval County",Surfing,Unprovoked,30.2946859,-81.3931396,Galeocerdo cuvier,6399953055,53.35,29433.0,proximite_regionale,0,1,0,2026-06-07T17:14:40,https://www.gbif.org/occurrence/6399953055
3548,1991-06-26,1991,USA,Florida,"Jacksonville Beach, Duval County",Surfing,Unprovoked,30.2946859,-81.3931396,Rhincodon typus,6253026970,639.65,30069.0,pas_de_proximite_100km,0,0,0,2026-04-27T07:00,https://www.gbif.org/occurrence/6253026970
3572,1991-08-26,1991,USA,South Carolina,"Myrtle Beach, Horry County",Swimming,Unprovoked,33.6956461,-78.8900409,Carcharhinus leucas,6130999421,541.07,29533.0,pas_de_proximite_100km,0,0,0,2026-01-17T15:30:29,https://www.gbif.org/occurrence/6130999421
3572,1991-08-26,1991,USA,South Carolina,"Myrtle Beach, Horry County",Swimming,Unprovoked,33.6956461,-78.8900409,Carcharodon carcharias,6479594785,36.6,53267.0,proximite_regionale,0,1,0,2026-07-14T07:15:20,https://www.gbif.org/occurrence/6479594785
3572,1991-08-26,1991,USA,South Carolina,"Myrtle Beach, Horry County",Swimming,Unprovoked,33.6956461,-78.8900409,Galeocerdo cuvier,6399752821,35.29,28902.0,proximite_regionale,0,1,0,2026-06-04T11:19,https://www.gbif.org/occurrence/6399752821
3572,1991-08-26,1991,USA,South Carolina,"Myrtle Beach, Horry County",Swimming,Unprovoked,33.6956461,-78.8900409,Rhincodon typus,6253026970,1062.68,30069.0,pas_de_proximite_100km,0,0,0,2026-04-27T07:00,https://www.gbif.org/occurrence/6253026970
3576,1992-09-18,1992,BRAZIL,Pernambuco,"Boa Viagem, Recife",Body boarding,Unprovoked,-8.1235027,-34.9033955,Carcharhinus leucas,6253288019,4992.74,31451.0,pas_de_proximite_100km,0,0,0,2026-04-26,https://www.gbif.org/occurrence/6253288019
3576,1992-09-18,1992,BRAZIL,Pernambuco,"Boa Viagem, Recife",Body boarding,Unprovoked,-8.1235027,-34.9033955,Carcharodon carcharias,6147654727,6332.91,488.0,pas_de_proximite_100km,0,0,0,2026-01-31T19:40,https://www.gbif.org/occurrence/6147654727
3576,1992-09-18,1992,BRAZIL,Pernambuco,"Boa Viagem, Recife",Body boarding,Unprovoked,-8.1235027,-34.9033955,Galeocerdo cuvier,5087661144,1763.49,30278.0,pas_de_proximite_100km,0,0,0,2025-03-08T07:14:31,https://www.gbif.org/occurrence/5087661144
3576,1992-09-18,1992,BRAZIL,Pernambuco,"Boa Viagem, Recife",Body boarding,Unprovoked,-8.1235027,-34.9033955,Rhincodon typus,6252804893,1807.96,30237.0,pas_de_proximite_100km,0,0,0,2026-04-24T15:08,https://www.gbif.org/occurrence/6252804893
3585,1992-04-09,1992,SOUTH AFRICA,Eastern Cape Province,Nahoon,Surfing,Unprovoked,-32.8678615,27.7406875,Carcharhinus leucas,6130149287,359.18,29330.0,pas_de_proximite_100km,0,0,0,2026-01-10T07:45:33,https://www.gbif.org/occurrence/6130149287
3585,1992-04-09,1992,SOUTH AFRICA,Eastern Cape Province,Nahoon,Surfing,Unprovoked,-32.8678615,27.7406875,Carcharodon carcharias,6480081628,44.0,29039.0,proximite_regionale,0,2,0,2026-01-19T13:45:33,https://www.gbif.org/occurrence/6480081628
3585,1992-04-09,1992,SOUTH AFRICA,Eastern Cape Province,Nahoon,Surfing,Unprovoked,-32.8678615,27.7406875,Galeocerdo cuvier,5206523433,818.79,29798.0,pas_de_proximite_100km,0,0,0,2025-03-25T01:26:01,https://www.gbif.org/occurrence/5206523433
3585,1992-04-09,1992,SOUTH AFRICA,Eastern Cape Province,Nahoon,Surfing,Unprovoked,-32.8678615,27.7406875,Rhincodon typus,6352311338,1666.65,1358701.0,pas_de_proximite_100km,0,0,0,2026-05-28,https://www.gbif.org/occurrence/6352311338
3588,1992-11-29,1992,USA,California,"San Onofre, San Diego County",Spearfishing / free diving,Unprovoked,33.3803575,-117.5736037,Carcharhinus leucas,6334261088,1341.31,30175.0,pas_de_proximite_100km,0,0,0,2026-05-21T11:26,https://www.gbif.org/occurrence/6334261088
3588,1992-11-29,1992,USA,California,"San Onofre, San Diego County",Spearfishing / free diving,Unprovoked,33.3803575,-117.5736037,Carcharodon carcharias,6352632646,6.23,,proximite_forte,2,4,1,2026-05-25T09:35:37,https://www.gbif.org/occurrence/6352632646
3588,1992-11-29,1992,USA,California,"San Onofre, San Diego County",Spearfishing / free diving,Unprovoked,33.3803575,-117.5736037,Galeocerdo cuvier,6400211599,1710.35,30580.0,pas_de_proximite_100km,0,0,0,2026-05-28T10:51:24,https://www.gbif.org/occurrence/6400211599
3588,1992-11-29,1992,USA,California,"San Onofre, San Diego County",Spearfishing / free diving,Unprovoked,33.3803575,-117.5736037,Rhincodon typus,6130536863,1205.18,5588.0,pas_de_proximite_100km,0,0,0,2026-01-05T15:29:36,https://www.gbif.org/occurrence/6130536863
3590,1992-09-10,1992,BRAZIL,Pernambuco,"Boa Viagem, Recife",Swimming,Unprovoked,-8.1235027,-34.9033955,Carcharhinus leucas,6253288019,4992.74,31451.0,pas_de_proximite_100km,0,0,0,2026-04-26,https://www.gbif.org/occurrence/6253288019
3590,1992-09-10,1992,BRAZIL,Pernambuco,"Boa Viagem, Recife",Swimming,Unprovoked,-8.1235027,-34.9033955,Carcharodon carcharias,6147654727,6332.91,488.0,pas_de_proximite_100km,0,0,0,2026-01-31T19:40,https://www.gbif.org/occurrence/6147654727
3590,1992-09-10,1992,BRAZIL,Pernambuco,"Boa Viagem, Recife",Swimming,Unprovoked,-8.1235027,-34.9033955,Galeocerdo cuvier,5087661144,1763.49,30278.0,pas_de_proximite_100km,0,0,0,2025-03-08T07:14:31,https://www.gbif.org/occurrence/5087661144
3590,1992-09-10,1992,BRAZIL,Pernambuco,"Boa Viagem, Recife",Swimming,Unprovoked,-8.1235027,-34.9033955,Rhincodon typus,6252804893,1807.96,30237.0,pas_de_proximite_100km,0,0,0,2026-04-24T15:08,https://www.gbif.org/occurrence/6252804893
3595,1992-06-28,1992,BRAZIL,Pernambuco,Piedade,Swimming,Unprovoked,-8.1756855,-34.9187594,Carcharhinus leucas,6236098602,4993.37,31271.0,pas_de_proximite_100km,0,0,0,2026-04-26T14:30,https://www.gbif.org/occurrence/6236098602
3595,1992-06-28,1992,BRAZIL,Pernambuco,Piedade,Swimming,Unprovoked,-8.1756855,-34.9187594,Carcharodon carcharias,6147654727,6330.83,488.0,pas_de_proximite_100km,0,0,0,2026-01-31T19:40,https://www.gbif.org/occurrence/6147654727
3595,1992-06-28,1992,BRAZIL,Pernambuco,Piedade,Swimming,Unprovoked,-8.1756855,-34.9187594,Galeocerdo cuvier,5087661144,1757.51,30278.0,pas_de_proximite_100km,0,0,0,2025-03-08T07:14:31,https://www.gbif.org/occurrence/5087661144
3595,1992-06-28,1992,BRAZIL,Pernambuco,Piedade,Swimming,Unprovoked,-8.1756855,-34.9187594,Rhincodon typus,6252804893,1801.97,30237.0,pas_de_proximite_100km,0,0,0,2026-04-24T15:08,https://www.gbif.org/occurrence/6252804893
3607,1992-11-23,1992,USA,Florida,,Surfing,Unprovoked,27.7567667,-81.4639835,Carcharhinus leucas,6147198580,88.92,29775.0,proximite_regionale,0,3,1,2026-02-03T11:54:56,https://www.gbif.org/occurrence/6147198580
3607,1992-11-23,1992,USA,Florida,,Surfing,Unprovoked,27.7567667,-81.4639835,Carcharodon carcharias,6441095820,580.41,257.0,pas_de_proximite_100km,0,0,0,2026-03-27T20:47:37,https://www.gbif.org/occurrence/6441095820
3607,1992-11-23,1992,USA,Florida,,Surfing,Unprovoked,27.7567667,-81.4639835,Galeocerdo cuvier,6235030691,159.7,29798.0,pas_de_proximite_100km,0,0,0,2026-04-25T11:55,https://www.gbif.org/occurrence/6235030691
3607,1992-11-23,1992,USA,Florida,,Surfing,Unprovoked,27.7567667,-81.4639835,Rhincodon typus,6253026970,360.16,30069.0,pas_de_proximite_100km,0,0,0,2026-04-27T07:00,https://www.gbif.org/occurrence/6253026970
3642,1993-01-01,1993,USA,Florida,"Key West, Monroe County",Snorkeling,Unprovoked,24.5548262,-81.8020722,Carcharhinus leucas,6179199665,14.7,30047.0,proximite_forte,1,4,3,2026-02-22T12:29:53,https://www.gbif.org/occurrence/6179199665
3642,1993-01-01,1993,USA,Florida,"Key West, Monroe County",Snorkeling,Unprovoked,24.5548262,-81.8020722,Carcharodon carcharias,6400039718,817.47,49.0,pas_de_proximite_100km,0,0,0,2026-02-25T14:55,https://www.gbif.org/occurrence/6400039718
3642,1993-01-01,1993,USA,Florida,"Key West, Monroe County",Snorkeling,Unprovoked,24.5548262,-81.8020722,Galeocerdo cuvier,5133758058,86.78,30025.0,proximite_regionale,0,1,0,2025-03-01T13:40,https://www.gbif.org/occurrence/5133758058
3642,1993-01-01,1993,USA,Florida,"Key West, Monroe County",Snorkeling,Unprovoked,24.5548262,-81.8020722,Rhincodon typus,6253026970,41.79,30069.0,proximite_regionale,0,1,0,2026-04-27T07:00,https://www.gbif.org/occurrence/6253026970
3649,1993-03-22,1993,USA,Florida,"Singer Island, Riviera Beach, Palm Beach County",Floating on his back,Unprovoked,26.7850625,-80.0375408,Carcharhinus leucas,6236036723,11.24,29798.0,proximite_forte,7,10,1,2026-03-27T15:00,https://www.gbif.org/occurrence/6236036723
3649,1993-03-22,1993,USA,Florida,"Singer Island, Riviera Beach, Palm Beach County",Floating on his back,Unprovoked,26.7850625,-80.0375408,Carcharodon carcharias,6441095820,666.58,257.0,pas_de_proximite_100km,0,0,0,2026-03-27T20:47:37,https://www.gbif.org/occurrence/6441095820
3649,1993-03-22,1993,USA,Florida,"Singer Island, Riviera Beach, Palm Beach County",Floating on his back,Unprovoked,26.7850625,-80.0375408,Galeocerdo cuvier,6235030691,20.08,29798.0,proximite_forte,1,2,0,2026-04-25T11:55,https://www.gbif.org/occurrence/6235030691
3649,1993-03-22,1993,USA,Florida,"Singer Island, Riviera Beach, Palm Beach County",Floating on his back,Unprovoked,26.7850625,-80.0375408,Rhincodon typus,6253026970,327.42,30069.0,pas_de_proximite_100km,0,0,0,2026-04-27T07:00,https://www.gbif.org/occurrence/6253026970
3652,1993-08-19,1993,USA,Florida,"Bethune Beach, Volusia County",Surfing,Unprovoked,28.9491539,-80.83783,Carcharhinus leucas,6133570230,17.95,29533.0,proximite_forte,2,2,2,2026-01-28T17:22:37,https://www.gbif.org/occurrence/6133570230
3652,1993-08-19,1993,USA,Florida,"Bethune Beach, Volusia County",Surfing,Unprovoked,28.9491539,-80.83783,Carcharodon carcharias,6441095820,436.82,257.0,pas_de_proximite_100km,0,0,0,2026-03-27T20:47:37,https://www.gbif.org/occurrence/6441095820
3652,1993-08-19,1993,USA,Florida,"Bethune Beach, Volusia County",Surfing,Unprovoked,28.9491539,-80.83783,Galeocerdo cuvier,6399953055,106.77,29433.0,pas_de_proximite_100km,0,0,0,2026-06-07T17:14:40,https://www.gbif.org/occurrence/6399953055
3652,1993-08-19,1993,USA,Florida,"Bethune Beach, Volusia County",Surfing,Unprovoked,28.9491539,-80.83783,Rhincodon typus,6253026970,503.75,30069.0,pas_de_proximite_100km,0,0,0,2026-04-27T07:00,https://www.gbif.org/occurrence/6253026970
3669,1993-07-07,1993,USA,Florida,"Daytona Beach, Volusia County",Playing,Unprovoked,29.2108147,-81.0228331,Carcharhinus leucas,6133570230,19.73,29533.0,proximite_forte,2,2,2,2026-01-28T17:22:37,https://www.gbif.org/occurrence/6133570230
3669,1993-07-07,1993,USA,Florida,"Daytona Beach, Volusia County",Playing,Unprovoked,29.2108147,-81.0228331,Carcharodon carcharias,6441095820,413.1,257.0,pas_de_proximite_100km,0,0,0,2026-03-27T20:47:37,https://www.gbif.org/occurrence/6441095820
3669,1993-07-07,1993,USA,Florida,"Daytona Beach, Volusia County",Playing,Unprovoked,29.2108147,-81.0228331,Galeocerdo cuvier,6399953055,72.96,29433.0,proximite_regionale,0,1,0,2026-06-07T17:14:40,https://www.gbif.org/occurrence/6399953055
3669,1993-07-07,1993,USA,Florida,"Daytona Beach, Volusia County",Playing,Unprovoked,29.2108147,-81.0228331,Rhincodon typus,6253026970,527.37,30069.0,pas_de_proximite_100km,0,0,0,2026-04-27T07:00,https://www.gbif.org/occurrence/6253026970
3671,1993-01-23,1993,BRAZIL,Pernambuco,Piedade,Body boarding,Unprovoked,-8.1756855,-34.9187594,Carcharhinus leucas,6236098602,4993.37,31271.0,pas_de_proximite_100km,0,0,0,2026-04-26T14:30,https://www.gbif.org/occurrence/6236098602
3671,1993-01-23,1993,BRAZIL,Pernambuco,Piedade,Body boarding,Unprovoked,-8.1756855,-34.9187594,Carcharodon carcharias,6147654727,6330.83,488.0,pas_de_proximite_100km,0,0,0,2026-01-31T19:40,https://www.gbif.org/occurrence/6147654727
3671,1993-01-23,1993,BRAZIL,Pernambuco,Piedade,Body boarding,Unprovoked,-8.1756855,-34.9187594,Galeocerdo cuvier,5087661144,1757.51,30278.0,pas_de_proximite_100km,0,0,0,2025-03-08T07:14:31,https://www.gbif.org/occurrence/5087661144
3671,1993-01-23,1993,BRAZIL,Pernambuco,Piedade,Body boarding,Unprovoked,-8.1756855,-34.9187594,Rhincodon typus,6252804893,1801.97,30237.0,pas_de_proximite_100km,0,0,0,2026-04-24T15:08,https://www.gbif.org/occurrence/6252804893
3681,1993-06-30,1993,BRAZIL,Pernambuco,"Boa Viagem, Recife",Swimming,Unprovoked,-8.1235027,-34.9033955,Carcharhinus leucas,6253288019,4992.74,31451.0,pas_de_proximite_100km,0,0,0,2026-04-26,https://www.gbif.org/occurrence/6253288019
3681,1993-06-30,1993,BRAZIL,Pernambuco,"Boa Viagem, Recife",Swimming,Unprovoked,-8.1235027,-34.9033955,Carcharodon carcharias,6147654727,6332.91,488.0,pas_de_proximite_100km,0,0,0,2026-01-31T19:40,https://www.gbif.org/occurrence/6147654727
3681,1993-06-30,1993,BRAZIL,Pernambuco,"Boa Viagem, Recife",Swimming,Unprovoked,-8.1235027,-34.9033955,Galeocerdo cuvier,5087661144,1763.49,30278.0,pas_de_proximite_100km,0,0,0,2025-03-08T07:14:31,https://www.gbif.org/occurrence/5087661144
3681,1993-06-30,1993,BRAZIL,Pernambuco,"Boa Viagem, Recife",Swimming,Unprovoked,-8.1235027,-34.9033955,Rhincodon typus,6252804893,1807.96,30237.0,pas_de_proximite_100km,0,0,0,2026-04-24T15:08,https://www.gbif.org/occurrence/6252804893
3686,1994-07-08,1994,BRAZIL,Pernambuco,"Boa Viagem, Recife",Surfing,Unprovoked,-8.1235027,-34.9033955,Carcharhinus leucas,6253288019,4992.74,31451.0,pas_de_proximite_100km,0,0,0,2026-04-26,https://www.gbif.org/occurrence/6253288019
3686,1994-07-08,1994,BRAZIL,Pernambuco,"Boa Viagem, Recife",Surfing,Unprovoked,-8.1235027,-34.9033955,Carcharodon carcharias,6147654727,6332.91,488.0,pas_de_proximite_100km,0,0,0,2026-01-31T19:40,https://www.gbif.org/occurrence/6147654727
3686,1994-07-08,1994,BRAZIL,Pernambuco,"Boa Viagem, Recife",Surfing,Unprovoked,-8.1235027,-34.9033955,Galeocerdo cuvier,5087661144,1763.49,30278.0,pas_de_proximite_100km,0,0,0,2025-03-08T07:14:31,https://www.gbif.org/occurrence/5087661144
3686,1994-07-08,1994,BRAZIL,Pernambuco,"Boa Viagem, Recife",Surfing,Unprovoked,-8.1235027,-34.9033955,Rhincodon typus,6252804893,1807.96,30237.0,pas_de_proximite_100km,0,0,0,2026-04-24T15:08,https://www.gbif.org/occurrence/6252804893
3687,1994-07-08,1994,USA,Florida,"New Smyrna Beach, Volusia County",Surfing,Unprovoked,29.0258132,-80.9271271,Carcharhinus leucas,6133570230,11.63,29533.0,proximite_forte,2,2,2,2026-01-28T17:22:37,https://www.gbif.org/occurrence/6133570230
3687,1994-07-08,1994,USA,Florida,"New Smyrna Beach, Volusia County",Surfing,Unprovoked,29.0258132,-80.9271271,Carcharodon carcharias,6441095820,430.55,257.0,pas_de_proximite_100km,0,0,0,2026-03-27T20:47:37,https://www.gbif.org/occurrence/6441095820
3687,1994-07-08,1994,USA,Florida,"New Smyrna Beach, Volusia County",Surfing,Unprovoked,29.0258132,-80.9271271,Galeocerdo cuvier,6399953055,95.51,29433.0,proximite_regionale,0,1,0,2026-06-07T17:14:40,https://www.gbif.org/occurrence/6399953055
3687,1994-07-08,1994,USA,Florida,"New Smyrna Beach, Volusia County",Surfing,Unprovoked,29.0258132,-80.9271271,Rhincodon typus,6253026970,509.66,30069.0,pas_de_proximite_100km,0,0,0,2026-04-27T07:00,https://www.gbif.org/occurrence/6253026970
3689,1994-05-31,1994,USA,Florida,"Ponce Inlet, Volusia County",Surfing,Unprovoked,29.0963729,-80.9369983,Carcharhinus leucas,6133570230,8.03,29533.0,proximite_forte,2,2,2,2026-01-28T17:22:37,https://www.gbif.org/occurrence/6133570230
3689,1994-05-31,1994,USA,Florida,"Ponce Inlet, Volusia County",Surfing,Unprovoked,29.0963729,-80.9369983,Carcharodon carcharias,6441095820,423.19,257.0,pas_de_proximite_100km,0,0,0,2026-03-27T20:47:37,https://www.gbif.org/occurrence/6441095820
3689,1994-05-31,1994,USA,Florida,"Ponce Inlet, Volusia County",Surfing,Unprovoked,29.0963729,-80.9369983,Galeocerdo cuvier,6399953055,87.9,29433.0,proximite_regionale,0,1,0,2026-06-07T17:14:40,https://www.gbif.org/occurrence/6399953055
3689,1994-05-31,1994,USA,Florida,"Ponce Inlet, Volusia County",Surfing,Unprovoked,29.0963729,-80.9369983,Rhincodon typus,6253026970,517.01,30069.0,pas_de_proximite_100km,0,0,0,2026-04-27T07:00,https://www.gbif.org/occurrence/6253026970
3694,1994-07-09,1994,BRAZIL,Pernambuco,"Boa Viagem, Recife",Swimming,Unprovoked,-8.1235027,-34.9033955,Carcharhinus leucas,6253288019,4992.74,31451.0,pas_de_proximite_100km,0,0,0,2026-04-26,https://www.gbif.org/occurrence/6253288019
3694,1994-07-09,1994,BRAZIL,Pernambuco,"Boa Viagem, Recife",Swimming,Unprovoked,-8.1235027,-34.9033955,Carcharodon carcharias,6147654727,6332.91,488.0,pas_de_proximite_100km,0,0,0,2026-01-31T19:40,https://www.gbif.org/occurrence/6147654727
3694,1994-07-09,1994,BRAZIL,Pernambuco,"Boa Viagem, Recife",Swimming,Unprovoked,-8.1235027,-34.9033955,Galeocerdo cuvier,5087661144,1763.49,30278.0,pas_de_proximite_100km,0,0,0,2025-03-08T07:14:31,https://www.gbif.org/occurrence/5087661144
3694,1994-07-09,1994,BRAZIL,Pernambuco,"Boa Viagem, Recife",Swimming,Unprovoked,-8.1235027,-34.9033955,Rhincodon typus,6252804893,1807.96,30237.0,pas_de_proximite_100km,0,0,0,2026-04-24T15:08,https://www.gbif.org/occurrence/6252804893
3696,1994-01-01,1994,USA,Florida,"Flagler Beach, Flagler County",Surfing,Unprovoked,29.4749927,-81.1269982,Carcharhinus leucas,6133570230,48.38,29533.0,proximite_regionale,0,2,2,2026-01-28T17:22:37,https://www.gbif.org/occurrence/6133570230
3696,1994-01-01,1994,USA,Florida,"Flagler Beach, Flagler County",Surfing,Unprovoked,29.4749927,-81.1269982,Carcharodon carcharias,6441095820,388.05,257.0,pas_de_proximite_100km,0,0,0,2026-03-27T20:47:37,https://www.gbif.org/occurrence/6441095820
3696,1994-01-01,1994,USA,Florida,"Flagler Beach, Flagler County",Surfing,Unprovoked,29.4749927,-81.1269982,Galeocerdo cuvier,6399953055,41.94,29433.0,proximite_regionale,0,1,0,2026-06-07T17:14:40,https://www.gbif.org/occurrence/6399953055
3696,1994-01-01,1994,USA,Florida,"Flagler Beach, Flagler County",Surfing,Unprovoked,29.4749927,-81.1269982,Rhincodon typus,6253026970,553.91,30069.0,pas_de_proximite_100km,0,0,0,2026-04-27T07:00,https://www.gbif.org/occurrence/6253026970
3699,1994-03-01,1994,BRAZIL,Pernambuco,"Boa Viagem, Recife",Surfing,Unprovoked,-8.1235027,-34.9033955,Carcharhinus leucas,6253288019,4992.74,31451.0,pas_de_proximite_100km,0,0,0,2026-04-26,https://www.gbif.org/occurrence/6253288019
3699,1994-03-01,1994,BRAZIL,Pernambuco,"Boa Viagem, Recife",Surfing,Unprovoked,-8.1235027,-34.9033955,Carcharodon carcharias,6147654727,6332.91,488.0,pas_de_proximite_100km,0,0,0,2026-01-31T19:40,https://www.gbif.org/occurrence/6147654727
3699,1994-03-01,1994,BRAZIL,Pernambuco,"Boa Viagem, Recife",Surfing,Unprovoked,-8.1235027,-34.9033955,Galeocerdo cuvier,5087661144,1763.49,30278.0,pas_de_proximite_100km,0,0,0,2025-03-08T07:14:31,https://www.gbif.org/occurrence/5087661144
3699,1994-03-01,1994,BRAZIL,Pernambuco,"Boa Viagem, Recife",Surfing,Unprovoked,-8.1235027,-34.9033955,Rhincodon typus,6252804893,1807.96,30237.0,pas_de_proximite_100km,0,0,0,2026-04-24T15:08,https://www.gbif.org/occurrence/6252804893
3702,1994-02-19,1994,USA,Florida,"Juno Beach, Palm Beach County",Surfing,Unprovoked,26.8815475,-80.0539253,Carcharhinus leucas,6236036723,0.69,29798.0,proximite_forte,5,11,2,2026-03-27T15:00,https://www.gbif.org/occurrence/6236036723
3702,1994-02-19,1994,USA,Florida,"Juno Beach, Palm Beach County",Surfing,Unprovoked,26.8815475,-80.0539253,Carcharodon carcharias,6441095820,655.91,257.0,pas_de_proximite_100km,0,0,0,2026-03-27T20:47:37,https://www.gbif.org/occurrence/6441095820
3702,1994-02-19,1994,USA,Florida,"Juno Beach, Palm Beach County",Surfing,Unprovoked,26.8815475,-80.0539253,Galeocerdo cuvier,6235030691,10.35,29798.0,proximite_forte,1,2,0,2026-04-25T11:55,https://www.gbif.org/occurrence/6235030691
3702,1994-02-19,1994,USA,Florida,"Juno Beach, Palm Beach County",Surfing,Unprovoked,26.8815475,-80.0539253,Rhincodon typus,6253026970,334.38,30069.0,pas_de_proximite_100km,0,0,0,2026-04-27T07:00,https://www.gbif.org/occurrence/6253026970
3703,1994-11-25,1994,SOUTH AFRICA,Western Cape Province,Mossel Bay,Spearfishing,Unprovoked,-34.1832022,22.1536248,Carcharhinus leucas,6130149287,879.35,29330.0,pas_de_proximite_100km,0,0,0,2026-01-10T07:45:33,https://www.gbif.org/occurrence/6130149287
3703,1994-11-25,1994,SOUTH AFRICA,Western Cape Province,Mossel Bay,Spearfishing,Unprovoked,-34.1832022,22.1536248,Carcharodon carcharias,6413744653,5.84,880.0,proximite_forte,4,4,0,2026-06-16,https://www.gbif.org/occurrence/6413744653
3703,1994-11-25,1994,SOUTH AFRICA,Western Cape Province,Mossel Bay,Spearfishing,Unprovoked,-34.1832022,22.1536248,Galeocerdo cuvier,5206523433,1298.64,29798.0,pas_de_proximite_100km,0,0,0,2025-03-25T01:26:01,https://www.gbif.org/occurrence/5206523433
3703,1994-11-25,1994,SOUTH AFRICA,Western Cape Province,Mossel Bay,Spearfishing,Unprovoked,-34.1832022,22.1536248,Rhincodon typus,6352311338,2092.05,1358701.0,pas_de_proximite_100km,0,0,0,2026-05-28,https://www.gbif.org/occurrence/6352311338
3706,1994-10-17,1994,BRAZIL,Pernambuco,Piedade,Surfing,Unprovoked,-8.1756855,-34.9187594,Carcharhinus leucas,6236098602,4993.37,31271.0,pas_de_proximite_100km,0,0,0,2026-04-26T14:30,https://www.gbif.org/occurrence/6236098602
3706,1994-10-17,1994,BRAZIL,Pernambuco,Piedade,Surfing,Unprovoked,-8.1756855,-34.9187594,Carcharodon carcharias,6147654727,6330.83,488.0,pas_de_proximite_100km,0,0,0,2026-01-31T19:40,https://www.gbif.org/occurrence/6147654727
3706,1994-10-17,1994,BRAZIL,Pernambuco,Piedade,Surfing,Unprovoked,-8.1756855,-34.9187594,Galeocerdo cuvier,5087661144,1757.51,30278.0,pas_de_proximite_100km,0,0,0,2025-03-08T07:14:31,https://www.gbif.org/occurrence/5087661144
3706,1994-10-17,1994,BRAZIL,Pernambuco,Piedade,Surfing,Unprovoked,-8.1756855,-34.9187594,Rhincodon typus,6252804893,1801.97,30237.0,pas_de_proximite_100km,0,0,0,2026-04-24T15:08,https://www.gbif.org/occurrence/6252804893
3708,1994-07-24,1994,BRAZIL,Pernambuco,"Boa Viagem, Recife",Surfing,Unprovoked,-8.1235027,-34.9033955,Carcharhinus leucas,6253288019,4992.74,31451.0,pas_de_proximite_100km,0,0,0,2026-04-26,https://www.gbif.org/occurrence/6253288019
3708,1994-07-24,1994,BRAZIL,Pernambuco,"Boa Viagem, Recife",Surfing,Unprovoked,-8.1235027,-34.9033955,Carcharodon carcharias,6147654727,6332.91,488.0,pas_de_proximite_100km,0,0,0,2026-01-31T19:40,https://www.gbif.org/occurrence/6147654727
3708,1994-07-24,1994,BRAZIL,Pernambuco,"Boa Viagem, Recife",Surfing,Unprovoked,-8.1235027,-34.9033955,Galeocerdo cuvier,5087661144,1763.49,30278.0,pas_de_proximite_100km,0,0,0,2025-03-08T07:14:31,https://www.gbif.org/occurrence/5087661144
3708,1994-07-24,1994,BRAZIL,Pernambuco,"Boa Viagem, Recife",Surfing,Unprovoked,-8.1235027,-34.9033955,Rhincodon typus,6252804893,1807.96,30237.0,pas_de_proximite_100km,0,0,0,2026-04-24T15:08,https://www.gbif.org/occurrence/6252804893
3709,1994-01-31,1994,BRAZIL,Pernambuco,Piedade,Swimming,Unprovoked,-8.1756855,-34.9187594,Carcharhinus leucas,6236098602,4993.37,31271.0,pas_de_proximite_100km,0,0,0,2026-04-26T14:30,https://www.gbif.org/occurrence/6236098602
3709,1994-01-31,1994,BRAZIL,Pernambuco,Piedade,Swimming,Unprovoked,-8.1756855,-34.9187594,Carcharodon carcharias,6147654727,6330.83,488.0,pas_de_proximite_100km,0,0,0,2026-01-31T19:40,https://www.gbif.org/occurrence/6147654727
3709,1994-01-31,1994,BRAZIL,Pernambuco,Piedade,Swimming,Unprovoked,-8.1756855,-34.9187594,Galeocerdo cuvier,5087661144,1757.51,30278.0,pas_de_proximite_100km,0,0,0,2025-03-08T07:14:31,https://www.gbif.org/occurrence/5087661144
3709,1994-01-31,1994,BRAZIL,Pernambuco,Piedade,Swimming,Unprovoked,-8.1756855,-34.9187594,Rhincodon typus,6252804893,1801.97,30237.0,pas_de_proximite_100km,0,0,0,2026-04-24T15:08,https://www.gbif.org/occurrence/6252804893
3711,1994-05-31,1994,USA,Florida,"Daytona Beach, Volusia County",Surfing,Unprovoked,29.2108147,-81.0228331,Carcharhinus leucas,6133570230,19.73,29533.0,proximite_forte,2,2,2,2026-01-28T17:22:37,https://www.gbif.org/occurrence/6133570230
3711,1994-05-31,1994,USA,Florida,"Daytona Beach, Volusia County",Surfing,Unprovoked,29.2108147,-81.0228331,Carcharodon carcharias,6441095820,413.1,257.0,pas_de_proximite_100km,0,0,0,2026-03-27T20:47:37,https://www.gbif.org/occurrence/6441095820
3711,1994-05-31,1994,USA,Florida,"Daytona Beach, Volusia County",Surfing,Unprovoked,29.2108147,-81.0228331,Galeocerdo cuvier,6399953055,72.96,29433.0,proximite_regionale,0,1,0,2026-06-07T17:14:40,https://www.gbif.org/occurrence/6399953055
3711,1994-05-31,1994,USA,Florida,"Daytona Beach, Volusia County",Surfing,Unprovoked,29.2108147,-81.0228331,Rhincodon typus,6253026970,527.37,30069.0,pas_de_proximite_100km,0,0,0,2026-04-27T07:00,https://www.gbif.org/occurrence/6253026970
3715,1994-01-12,1994,AUSTRALIA,Western Australia,Albany,Fishing,Watercraft,-35.0247822,117.883608,Carcharhinus leucas,6185213952,283.36,6264.0,pas_de_proximite_100km,0,0,0,2026-03-07T16:35,https://www.gbif.org/occurrence/6185213952
3715,1994-01-12,1994,AUSTRALIA,Western Australia,Albany,Fishing,Watercraft,-35.0247822,117.883608,Carcharodon carcharias,6131342125,1650.7,7535.0,pas_de_proximite_100km,0,0,0,2026-01-07T08:00:21,https://www.gbif.org/occurrence/6131342125
3715,1994-01-12,1994,AUSTRALIA,Western Australia,Albany,Fishing,Watercraft,-35.0247822,117.883608,Galeocerdo cuvier,6520390560,1379.73,8.0,pas_de_proximite_100km,0,0,0,2026-08-31T14:06,https://www.gbif.org/occurrence/6520390560
3715,1994-01-12,1994,AUSTRALIA,Western Australia,Albany,Fishing,Watercraft,-35.0247822,117.883608,Rhincodon typus,6235956991,1457.35,30278.0,pas_de_proximite_100km,0,0,0,2026-04-22T13:33:02,https://www.gbif.org/occurrence/6235956991
3722,1994-05-23,1994,USA,Florida,"New Smyrna Beach, Volusia County",Wading,Unprovoked,29.0258132,-80.9271271,Carcharhinus leucas,6133570230,11.63,29533.0,proximite_forte,2,2,2,2026-01-28T17:22:37,https://www.gbif.org/occurrence/6133570230
3722,1994-05-23,1994,USA,Florida,"New Smyrna Beach, Volusia County",Wading,Unprovoked,29.0258132,-80.9271271,Carcharodon carcharias,6441095820,430.55,257.0,pas_de_proximite_100km,0,0,0,2026-03-27T20:47:37,https://www.gbif.org/occurrence/6441095820
3722,1994-05-23,1994,USA,Florida,"New Smyrna Beach, Volusia County",Wading,Unprovoked,29.0258132,-80.9271271,Galeocerdo cuvier,6399953055,95.51,29433.0,proximite_regionale,0,1,0,2026-06-07T17:14:40,https://www.gbif.org/occurrence/6399953055
3722,1994-05-23,1994,USA,Florida,"New Smyrna Beach, Volusia County",Wading,Unprovoked,29.0258132,-80.9271271,Rhincodon typus,6253026970,509.66,30069.0,pas_de_proximite_100km,0,0,0,2026-04-27T07:00,https://www.gbif.org/occurrence/6253026970
3724,1994-12-30,1994,SOUTH AFRICA,Western Cape Province,Mossel Bay,Body boarding,Unprovoked,-34.1832022,22.1536248,Carcharhinus leucas,6130149287,879.35,29330.0,pas_de_proximite_100km,0,0,0,2026-01-10T07:45:33,https://www.gbif.org/occurrence/6130149287
3724,1994-12-30,1994,SOUTH AFRICA,Western Cape Province,Mossel Bay,Body boarding,Unprovoked,-34.1832022,22.1536248,Carcharodon carcharias,6413744653,5.84,880.0,proximite_forte,4,4,0,2026-06-16,https://www.gbif.org/occurrence/6413744653
3724,1994-12-30,1994,SOUTH AFRICA,Western Cape Province,Mossel Bay,Body boarding,Unprovoked,-34.1832022,22.1536248,Galeocerdo cuvier,5206523433,1298.64,29798.0,pas_de_proximite_100km,0,0,0,2025-03-25T01:26:01,https://www.gbif.org/occurrence/5206523433
3724,1994-12-30,1994,SOUTH AFRICA,Western Cape Province,Mossel Bay,Body boarding,Unprovoked,-34.1832022,22.1536248,Rhincodon typus,6352311338,2092.05,1358701.0,pas_de_proximite_100km,0,0,0,2026-05-28,https://www.gbif.org/occurrence/6352311338
3726,1994-12-13,1994,BRAZIL,Pernambuco,Piedade,Surfing,Unprovoked,-8.1756855,-34.9187594,Carcharhinus leucas,6236098602,4993.37,31271.0,pas_de_proximite_100km,0,0,0,2026-04-26T14:30,https://www.gbif.org/occurrence/6236098602
3726,1994-12-13,1994,BRAZIL,Pernambuco,Piedade,Surfing,Unprovoked,-8.1756855,-34.9187594,Carcharodon carcharias,6147654727,6330.83,488.0,pas_de_proximite_100km,0,0,0,2026-01-31T19:40,https://www.gbif.org/occurrence/6147654727
3726,1994-12-13,1994,BRAZIL,Pernambuco,Piedade,Surfing,Unprovoked,-8.1756855,-34.9187594,Galeocerdo cuvier,5087661144,1757.51,30278.0,pas_de_proximite_100km,0,0,0,2025-03-08T07:14:31,https://www.gbif.org/occurrence/5087661144
3726,1994-12-13,1994,BRAZIL,Pernambuco,Piedade,Surfing,Unprovoked,-8.1756855,-34.9187594,Rhincodon typus,6252804893,1801.97,30237.0,pas_de_proximite_100km,0,0,0,2026-04-24T15:08,https://www.gbif.org/occurrence/6252804893
3735,1994-05-15,1994,USA,Florida,"New Smyrna Beach, Volusia County",Surfing,Unprovoked,29.0258132,-80.9271271,Carcharhinus leucas,6133570230,11.63,29533.0,proximite_forte,2,2,2,2026-01-28T17:22:37,https://www.gbif.org/occurrence/6133570230
3735,1994-05-15,1994,USA,Florida,"New Smyrna Beach, Volusia County",Surfing,Unprovoked,29.0258132,-80.9271271,Carcharodon carcharias,6441095820,430.55,257.0,pas_de_proximite_100km,0,0,0,2026-03-27T20:47:37,https://www.gbif.org/occurrence/6441095820
3735,1994-05-15,1994,USA,Florida,"New Smyrna Beach, Volusia County",Surfing,Unprovoked,29.0258132,-80.9271271,Galeocerdo cuvier,6399953055,95.51,29433.0,proximite_regionale,0,1,0,2026-06-07T17:14:40,https://www.gbif.org/occurrence/6399953055
3735,1994-05-15,1994,USA,Florida,"New Smyrna Beach, Volusia County",Surfing,Unprovoked,29.0258132,-80.9271271,Rhincodon typus,6253026970,509.66,30069.0,pas_de_proximite_100km,0,0,0,2026-04-27T07:00,https://www.gbif.org/occurrence/6253026970
3736,1994-10-18,1994,BRAZIL,Pernambuco,Piedade,Surfing,Unprovoked,-8.1756855,-34.9187594,Carcharhinus leucas,6236098602,4993.37,31271.0,pas_de_proximite_100km,0,0,0,2026-04-26T14:30,https://www.gbif.org/occurrence/6236098602
3736,1994-10-18,1994,BRAZIL,Pernambuco,Piedade,Surfing,Unprovoked,-8.1756855,-34.9187594,Carcharodon carcharias,6147654727,6330.83,488.0,pas_de_proximite_100km,0,0,0,2026-01-31T19:40,https://www.gbif.org/occurrence/6147654727
3736,1994-10-18,1994,BRAZIL,Pernambuco,Piedade,Surfing,Unprovoked,-8.1756855,-34.9187594,Galeocerdo cuvier,5087661144,1757.51,30278.0,pas_de_proximite_100km,0,0,0,2025-03-08T07:14:31,https://www.gbif.org/occurrence/5087661144
3736,1994-10-18,1994,BRAZIL,Pernambuco,Piedade,Surfing,Unprovoked,-8.1756855,-34.9187594,Rhincodon typus,6252804893,1801.97,30237.0,pas_de_proximite_100km,0,0,0,2026-04-24T15:08,https://www.gbif.org/occurrence/6252804893
3744,1995-04-16,1995,USA,Florida,"New Smyrna Beach, Volusia County",Inconnue,Invalid,29.0258132,-80.9271271,Carcharhinus leucas,6133570230,11.63,29533.0,proximite_forte,2,2,2,2026-01-28T17:22:37,https://www.gbif.org/occurrence/6133570230
3744,1995-04-16,1995,USA,Florida,"New Smyrna Beach, Volusia County",Inconnue,Invalid,29.0258132,-80.9271271,Carcharodon carcharias,6441095820,430.55,257.0,pas_de_proximite_100km,0,0,0,2026-03-27T20:47:37,https://www.gbif.org/occurrence/6441095820
3744,1995-04-16,1995,USA,Florida,"New Smyrna Beach, Volusia County",Inconnue,Invalid,29.0258132,-80.9271271,Galeocerdo cuvier,6399953055,95.51,29433.0,proximite_regionale,0,1,0,2026-06-07T17:14:40,https://www.gbif.org/occurrence/6399953055
3744,1995-04-16,1995,USA,Florida,"New Smyrna Beach, Volusia County",Inconnue,Invalid,29.0258132,-80.9271271,Rhincodon typus,6253026970,509.66,30069.0,pas_de_proximite_100km,0,0,0,2026-04-27T07:00,https://www.gbif.org/occurrence/6253026970
3746,1995-08-31,1995,USA,South Carolina,"Myrtle Beach, Horry County",On a float,Unprovoked,33.6956461,-78.8900409,Carcharhinus leucas,6130999421,541.07,29533.0,pas_de_proximite_100km,0,0,0,2026-01-17T15:30:29,https://www.gbif.org/occurrence/6130999421
3746,1995-08-31,1995,USA,South Carolina,"Myrtle Beach, Horry County",On a float,Unprovoked,33.6956461,-78.8900409,Carcharodon carcharias,6479594785,36.6,53267.0,proximite_regionale,0,1,0,2026-07-14T07:15:20,https://www.gbif.org/occurrence/6479594785
3746,1995-08-31,1995,USA,South Carolina,"Myrtle Beach, Horry County",On a float,Unprovoked,33.6956461,-78.8900409,Galeocerdo cuvier,6399752821,35.29,28902.0,proximite_regionale,0,1,0,2026-06-04T11:19,https://www.gbif.org/occurrence/6399752821
3746,1995-08-31,1995,USA,South Carolina,"Myrtle Beach, Horry County",On a float,Unprovoked,33.6956461,-78.8900409,Rhincodon typus,6253026970,1062.68,30069.0,pas_de_proximite_100km,0,0,0,2026-04-27T07:00,https://www.gbif.org/occurrence/6253026970
3750,1995-07-28,1995,USA,Florida,"New Smyrna Beach, Volusia County",Surfing,Unprovoked,29.0258132,-80.9271271,Carcharhinus leucas,6133570230,11.63,29533.0,proximite_forte,2,2,2,2026-01-28T17:22:37,https://www.gbif.org/occurrence/6133570230
3750,1995-07-28,1995,USA,Florida,"New Smyrna Beach, Volusia County",Surfing,Unprovoked,29.0258132,-80.9271271,Carcharodon carcharias,6441095820,430.55,257.0,pas_de_proximite_100km,0,0,0,2026-03-27T20:47:37,https://www.gbif.org/occurrence/6441095820
3750,1995-07-28,1995,USA,Florida,"New Smyrna Beach, Volusia County",Surfing,Unprovoked,29.0258132,-80.9271271,Galeocerdo cuvier,6399953055,95.51,29433.0,proximite_regionale,0,1,0,2026-06-07T17:14:40,https://www.gbif.org/occurrence/6399953055
3750,1995-07-28,1995,USA,Florida,"New Smyrna Beach, Volusia County",Surfing,Unprovoked,29.0258132,-80.9271271,Rhincodon typus,6253026970,509.66,30069.0,pas_de_proximite_100km,0,0,0,2026-04-27T07:00,https://www.gbif.org/occurrence/6253026970
3755,1995-09-17,1995,USA,Florida,"Daytona Beach, Volusia County",Swimming,Unprovoked,29.2108147,-81.0228331,Carcharhinus leucas,6133570230,19.73,29533.0,proximite_forte,2,2,2,2026-01-28T17:22:37,https://www.gbif.org/occurrence/6133570230
3755,1995-09-17,1995,USA,Florida,"Daytona Beach, Volusia County",Swimming,Unprovoked,29.2108147,-81.0228331,Carcharodon carcharias,6441095820,413.1,257.0,pas_de_proximite_100km,0,0,0,2026-03-27T20:47:37,https://www.gbif.org/occurrence/6441095820
3755,1995-09-17,1995,USA,Florida,"Daytona Beach, Volusia County",Swimming,Unprovoked,29.2108147,-81.0228331,Galeocerdo cuvier,6399953055,72.96,29433.0,proximite_regionale,0,1,0,2026-06-07T17:14:40,https://www.gbif.org/occurrence/6399953055
3755,1995-09-17,1995,USA,Florida,"Daytona Beach, Volusia County",Swimming,Unprovoked,29.2108147,-81.0228331,Rhincodon typus,6253026970,527.37,30069.0,pas_de_proximite_100km,0,0,0,2026-04-27T07:00,https://www.gbif.org/occurrence/6253026970
3764,1995-08-27,1995,BRAZIL,Pernambuco,"Boa Viagem, Recife",Surfing,Unprovoked,-8.1235027,-34.9033955,Carcharhinus leucas,6253288019,4992.74,31451.0,pas_de_proximite_100km,0,0,0,2026-04-26,https://www.gbif.org/occurrence/6253288019
3764,1995-08-27,1995,BRAZIL,Pernambuco,"Boa Viagem, Recife",Surfing,Unprovoked,-8.1235027,-34.9033955,Carcharodon carcharias,6147654727,6332.91,488.0,pas_de_proximite_100km,0,0,0,2026-01-31T19:40,https://www.gbif.org/occurrence/6147654727
3764,1995-08-27,1995,BRAZIL,Pernambuco,"Boa Viagem, Recife",Surfing,Unprovoked,-8.1235027,-34.9033955,Galeocerdo cuvier,5087661144,1763.49,30278.0,pas_de_proximite_100km,0,0,0,2025-03-08T07:14:31,https://www.gbif.org/occurrence/5087661144
3764,1995-08-27,1995,BRAZIL,Pernambuco,"Boa Viagem, Recife",Surfing,Unprovoked,-8.1235027,-34.9033955,Rhincodon typus,6252804893,1807.96,30237.0,pas_de_proximite_100km,0,0,0,2026-04-24T15:08,https://www.gbif.org/occurrence/6252804893
3765,1995-08-22,1995,USA,Florida,"Ponce de Leon Inlet, Volusia County",Surfing,Unprovoked,29.0768191,-80.9176166,Carcharhinus leucas,6133570230,7.04,29533.0,proximite_forte,2,2,2,2026-01-28T17:22:37,https://www.gbif.org/occurrence/6133570230
3765,1995-08-22,1995,USA,Florida,"Ponce de Leon Inlet, Volusia County",Surfing,Unprovoked,29.0768191,-80.9176166,Carcharodon carcharias,6441095820,424.83,257.0,pas_de_proximite_100km,0,0,0,2026-03-27T20:47:37,https://www.gbif.org/occurrence/6441095820
3765,1995-08-22,1995,USA,Florida,"Ponce de Leon Inlet, Volusia County",Surfing,Unprovoked,29.0768191,-80.9176166,Galeocerdo cuvier,6399953055,90.64,29433.0,proximite_regionale,0,1,0,2026-06-07T17:14:40,https://www.gbif.org/occurrence/6399953055
3765,1995-08-22,1995,USA,Florida,"Ponce de Leon Inlet, Volusia County",Surfing,Unprovoked,29.0768191,-80.9176166,Rhincodon typus,6253026970,515.38,30069.0,pas_de_proximite_100km,0,0,0,2026-04-27T07:00,https://www.gbif.org/occurrence/6253026970
3773,1995-01-02,1995,BRAZIL,Pernambuco,Piedade,Surfing,Unprovoked,-8.1756855,-34.9187594,Carcharhinus leucas,6236098602,4993.37,31271.0,pas_de_proximite_100km,0,0,0,2026-04-26T14:30,https://www.gbif.org/occurrence/6236098602
3773,1995-01-02,1995,BRAZIL,Pernambuco,Piedade,Surfing,Unprovoked,-8.1756855,-34.9187594,Carcharodon carcharias,6147654727,6330.83,488.0,pas_de_proximite_100km,0,0,0,2026-01-31T19:40,https://www.gbif.org/occurrence/6147654727
3773,1995-01-02,1995,BRAZIL,Pernambuco,Piedade,Surfing,Unprovoked,-8.1756855,-34.9187594,Galeocerdo cuvier,5087661144,1757.51,30278.0,pas_de_proximite_100km,0,0,0,2025-03-08T07:14:31,https://www.gbif.org/occurrence/5087661144
3773,1995-01-02,1995,BRAZIL,Pernambuco,Piedade,Surfing,Unprovoked,-8.1756855,-34.9187594,Rhincodon typus,6252804893,1801.97,30237.0,pas_de_proximite_100km,0,0,0,2026-04-24T15:08,https://www.gbif.org/occurrence/6252804893
3781,1995-08-10,1995,USA,Florida,"Ponce Inlet, Volusia County",Surfing,Unprovoked,29.0963729,-80.9369983,Carcharhinus leucas,6133570230,8.03,29533.0,proximite_forte,2,2,2,2026-01-28T17:22:37,https://www.gbif.org/occurrence/6133570230
3781,1995-08-10,1995,USA,Florida,"Ponce Inlet, Volusia County",Surfing,Unprovoked,29.0963729,-80.9369983,Carcharodon carcharias,6441095820,423.19,257.0,pas_de_proximite_100km,0,0,0,2026-03-27T20:47:37,https://www.gbif.org/occurrence/6441095820
3781,1995-08-10,1995,USA,Florida,"Ponce Inlet, Volusia County",Surfing,Unprovoked,29.0963729,-80.9369983,Galeocerdo cuvier,6399953055,87.9,29433.0,proximite_regionale,0,1,0,2026-06-07T17:14:40,https://www.gbif.org/occurrence/6399953055
3781,1995-08-10,1995,USA,Florida,"Ponce Inlet, Volusia County",Surfing,Unprovoked,29.0963729,-80.9369983,Rhincodon typus,6253026970,517.01,30069.0,pas_de_proximite_100km,0,0,0,2026-04-27T07:00,https://www.gbif.org/occurrence/6253026970
3785,1995-08-26,1995,USA,Florida,"Ponce de Leon Inlet, Volusia County",Surfing,Unprovoked,29.0768191,-80.9176166,Carcharhinus leucas,6133570230,7.04,29533.0,proximite_forte,2,2,2,2026-01-28T17:22:37,https://www.gbif.org/occurrence/6133570230
3785,1995-08-26,1995,USA,Florida,"Ponce de Leon Inlet, Volusia County",Surfing,Unprovoked,29.0768191,-80.9176166,Carcharodon carcharias,6441095820,424.83,257.0,pas_de_proximite_100km,0,0,0,2026-03-27T20:47:37,https://www.gbif.org/occurrence/6441095820
3785,1995-08-26,1995,USA,Florida,"Ponce de Leon Inlet, Volusia County",Surfing,Unprovoked,29.0768191,-80.9176166,Galeocerdo cuvier,6399953055,90.64,29433.0,proximite_regionale,0,1,0,2026-06-07T17:14:40,https://www.gbif.org/occurrence/6399953055
3785,1995-08-26,1995,USA,Florida,"Ponce de Leon Inlet, Volusia County",Surfing,Unprovoked,29.0768191,-80.9176166,Rhincodon typus,6253026970,515.38,30069.0,pas_de_proximite_100km,0,0,0,2026-04-27T07:00,https://www.gbif.org/occurrence/6253026970
3786,1995-08-07,1995,USA,Florida,"Ponce de Leon Inlet, Volusia County",Body boarding,Unprovoked,29.0768191,-80.9176166,Carcharhinus leucas,6133570230,7.04,29533.0,proximite_forte,2,2,2,2026-01-28T17:22:37,https://www.gbif.org/occurrence/6133570230
3786,1995-08-07,1995,USA,Florida,"Ponce de Leon Inlet, Volusia County",Body boarding,Unprovoked,29.0768191,-80.9176166,Carcharodon carcharias,6441095820,424.83,257.0,pas_de_proximite_100km,0,0,0,2026-03-27T20:47:37,https://www.gbif.org/occurrence/6441095820
3786,1995-08-07,1995,USA,Florida,"Ponce de Leon Inlet, Volusia County",Body boarding,Unprovoked,29.0768191,-80.9176166,Galeocerdo cuvier,6399953055,90.64,29433.0,proximite_regionale,0,1,0,2026-06-07T17:14:40,https://www.gbif.org/occurrence/6399953055
3786,1995-08-07,1995,USA,Florida,"Ponce de Leon Inlet, Volusia County",Body boarding,Unprovoked,29.0768191,-80.9176166,Rhincodon typus,6253026970,515.38,30069.0,pas_de_proximite_100km,0,0,0,2026-04-27T07:00,https://www.gbif.org/occurrence/6253026970
3792,1995-04-13,1995,USA,Florida,"Ormond Beach, Volusia County",Inconnue,Unprovoked,29.2854132,-81.0557921,Carcharhinus leucas,6133570230,27.53,29533.0,proximite_regionale,0,2,2,2026-01-28T17:22:37,https://www.gbif.org/occurrence/6133570230
3792,1995-04-13,1995,USA,Florida,"Ormond Beach, Volusia County",Inconnue,Unprovoked,29.2854132,-81.0557921,Carcharodon carcharias,6441095820,406.04,257.0,pas_de_proximite_100km,0,0,0,2026-03-27T20:47:37,https://www.gbif.org/occurrence/6441095820
3792,1995-04-13,1995,USA,Florida,"Ormond Beach, Volusia County",Inconnue,Unprovoked,29.2854132,-81.0557921,Galeocerdo cuvier,6399953055,64.07,29433.0,proximite_regionale,0,1,0,2026-06-07T17:14:40,https://www.gbif.org/occurrence/6399953055
3792,1995-04-13,1995,USA,Florida,"Ormond Beach, Volusia County",Inconnue,Unprovoked,29.2854132,-81.0557921,Rhincodon typus,6253026970,534.74,30069.0,pas_de_proximite_100km,0,0,0,2026-04-27T07:00,https://www.gbif.org/occurrence/6253026970
3794,1995-05-26,1995,USA,Florida,"Vero Beach, Indian River County",Surfing,Unprovoked,27.6387163,-80.3975399,Carcharhinus leucas,6499859773,13.03,29704.0,proximite_forte,2,8,4,2026-07-14T11:25:55,https://www.gbif.org/occurrence/6499859773
3794,1995-05-26,1995,USA,Florida,"Vero Beach, Indian River County",Surfing,Unprovoked,27.6387163,-80.3975399,Carcharodon carcharias,6441095820,574.11,257.0,pas_de_proximite_100km,0,0,0,2026-03-27T20:47:37,https://www.gbif.org/occurrence/6441095820
3794,1995-05-26,1995,USA,Florida,"Vero Beach, Indian River County",Surfing,Unprovoked,27.6387163,-80.3975399,Galeocerdo cuvier,6235030691,81.45,29798.0,proximite_regionale,0,1,0,2026-04-25T11:55,https://www.gbif.org/occurrence/6235030691
3794,1995-05-26,1995,USA,Florida,"Vero Beach, Indian River County",Surfing,Unprovoked,27.6387163,-80.3975399,Rhincodon typus,6253026970,384.59,30069.0,pas_de_proximite_100km,0,0,0,2026-04-27T07:00,https://www.gbif.org/occurrence/6253026970
3798,1995-08-15,1995,USA,Florida,"Daytona Beach, Volusia County",Wading,Unprovoked,29.2108147,-81.0228331,Carcharhinus leucas,6133570230,19.73,29533.0,proximite_forte,2,2,2,2026-01-28T17:22:37,https://www.gbif.org/occurrence/6133570230
3798,1995-08-15,1995,USA,Florida,"Daytona Beach, Volusia County",Wading,Unprovoked,29.2108147,-81.0228331,Carcharodon carcharias,6441095820,413.1,257.0,pas_de_proximite_100km,0,0,0,2026-03-27T20:47:37,https://www.gbif.org/occurrence/6441095820
3798,1995-08-15,1995,USA,Florida,"Daytona Beach, Volusia County",Wading,Unprovoked,29.2108147,-81.0228331,Galeocerdo cuvier,6399953055,72.96,29433.0,proximite_regionale,0,1,0,2026-06-07T17:14:40,https://www.gbif.org/occurrence/6399953055
3798,1995-08-15,1995,USA,Florida,"Daytona Beach, Volusia County",Wading,Unprovoked,29.2108147,-81.0228331,Rhincodon typus,6253026970,527.37,30069.0,pas_de_proximite_100km,0,0,0,2026-04-27T07:00,https://www.gbif.org/occurrence/6253026970
3801,1995-07-28,1995,USA,Florida,"New Smyrna Beach, Volusia County",Surfing,Unprovoked,29.0258132,-80.9271271,Carcharhinus leucas,6133570230,11.63,29533.0,proximite_forte,2,2,2,2026-01-28T17:22:37,https://www.gbif.org/occurrence/6133570230
3801,1995-07-28,1995,USA,Florida,"New Smyrna Beach, Volusia County",Surfing,Unprovoked,29.0258132,-80.9271271,Carcharodon carcharias,6441095820,430.55,257.0,pas_de_proximite_100km,0,0,0,2026-03-27T20:47:37,https://www.gbif.org/occurrence/6441095820
3801,1995-07-28,1995,USA,Florida,"New Smyrna Beach, Volusia County",Surfing,Unprovoked,29.0258132,-80.9271271,Galeocerdo cuvier,6399953055,95.51,29433.0,proximite_regionale,0,1,0,2026-06-07T17:14:40,https://www.gbif.org/occurrence/6399953055
3801,1995-07-28,1995,USA,Florida,"New Smyrna Beach, Volusia County",Surfing,Unprovoked,29.0258132,-80.9271271,Rhincodon typus,6253026970,509.66,30069.0,pas_de_proximite_100km,0,0,0,2026-04-27T07:00,https://www.gbif.org/occurrence/6253026970
3802,1995-10-28,1995,USA,Florida,,Boogie boarding,Unprovoked,27.7567667,-81.4639835,Carcharhinus leucas,6147198580,88.92,29775.0,proximite_regionale,0,3,1,2026-02-03T11:54:56,https://www.gbif.org/occurrence/6147198580
3802,1995-10-28,1995,USA,Florida,,Boogie boarding,Unprovoked,27.7567667,-81.4639835,Carcharodon carcharias,6441095820,580.41,257.0,pas_de_proximite_100km,0,0,0,2026-03-27T20:47:37,https://www.gbif.org/occurrence/6441095820
3802,1995-10-28,1995,USA,Florida,,Boogie boarding,Unprovoked,27.7567667,-81.4639835,Galeocerdo cuvier,6235030691,159.7,29798.0,pas_de_proximite_100km,0,0,0,2026-04-25T11:55,https://www.gbif.org/occurrence/6235030691
3802,1995-10-28,1995,USA,Florida,,Boogie boarding,Unprovoked,27.7567667,-81.4639835,Rhincodon typus,6253026970,360.16,30069.0,pas_de_proximite_100km,0,0,0,2026-04-27T07:00,https://www.gbif.org/occurrence/6253026970
3809,1995-07-28,1995,USA,Florida,"New Smyrna Beach, Volusia County",Standing,Unprovoked,29.0258132,-80.9271271,Carcharhinus leucas,6133570230,11.63,29533.0,proximite_forte,2,2,2,2026-01-28T17:22:37,https://www.gbif.org/occurrence/6133570230
3809,1995-07-28,1995,USA,Florida,"New Smyrna Beach, Volusia County",Standing,Unprovoked,29.0258132,-80.9271271,Carcharodon carcharias,6441095820,430.55,257.0,pas_de_proximite_100km,0,0,0,2026-03-27T20:47:37,https://www.gbif.org/occurrence/6441095820
3809,1995-07-28,1995,USA,Florida,"New Smyrna Beach, Volusia County",Standing,Unprovoked,29.0258132,-80.9271271,Galeocerdo cuvier,6399953055,95.51,29433.0,proximite_regionale,0,1,0,2026-06-07T17:14:40,https://www.gbif.org/occurrence/6399953055
3809,1995-07-28,1995,USA,Florida,"New Smyrna Beach, Volusia County",Standing,Unprovoked,29.0258132,-80.9271271,Rhincodon typus,6253026970,509.66,30069.0,pas_de_proximite_100km,0,0,0,2026-04-27T07:00,https://www.gbif.org/occurrence/6253026970
3814,1995-10-01,1995,USA,Florida,"Ormond Beach, Volusia County",Surfing,Unprovoked,29.2854132,-81.0557921,Carcharhinus leucas,6133570230,27.53,29533.0,proximite_regionale,0,2,2,2026-01-28T17:22:37,https://www.gbif.org/occurrence/6133570230
3814,1995-10-01,1995,USA,Florida,"Ormond Beach, Volusia County",Surfing,Unprovoked,29.2854132,-81.0557921,Carcharodon carcharias,6441095820,406.04,257.0,pas_de_proximite_100km,0,0,0,2026-03-27T20:47:37,https://www.gbif.org/occurrence/6441095820
3814,1995-10-01,1995,USA,Florida,"Ormond Beach, Volusia County",Surfing,Unprovoked,29.2854132,-81.0557921,Galeocerdo cuvier,6399953055,64.07,29433.0,proximite_regionale,0,1,0,2026-06-07T17:14:40,https://www.gbif.org/occurrence/6399953055
3814,1995-10-01,1995,USA,Florida,"Ormond Beach, Volusia County",Surfing,Unprovoked,29.2854132,-81.0557921,Rhincodon typus,6253026970,534.74,30069.0,pas_de_proximite_100km,0,0,0,2026-04-27T07:00,https://www.gbif.org/occurrence/6253026970
3836,1996-09-18,1996,USA,Florida,"New Smyrna Beach, Volusia County",Swimming,Unprovoked,29.0258132,-80.9271271,Carcharhinus leucas,6133570230,11.63,29533.0,proximite_forte,2,2,2,2026-01-28T17:22:37,https://www.gbif.org/occurrence/6133570230
3836,1996-09-18,1996,USA,Florida,"New Smyrna Beach, Volusia County",Swimming,Unprovoked,29.0258132,-80.9271271,Carcharodon carcharias,6441095820,430.55,257.0,pas_de_proximite_100km,0,0,0,2026-03-27T20:47:37,https://www.gbif.org/occurrence/6441095820
3836,1996-09-18,1996,USA,Florida,"New Smyrna Beach, Volusia County",Swimming,Unprovoked,29.0258132,-80.9271271,Galeocerdo cuvier,6399953055,95.51,29433.0,proximite_regionale,0,1,0,2026-06-07T17:14:40,https://www.gbif.org/occurrence/6399953055
3836,1996-09-18,1996,USA,Florida,"New Smyrna Beach, Volusia County",Swimming,Unprovoked,29.0258132,-80.9271271,Rhincodon typus,6253026970,509.66,30069.0,pas_de_proximite_100km,0,0,0,2026-04-27T07:00,https://www.gbif.org/occurrence/6253026970
3838,1996-10-03,1996,USA,Florida,"Cocoa Beach, Brevard County",Surfing,Unprovoked,28.3184107,-80.6094959,Carcharhinus leucas,6234759244,43.15,29680.0,proximite_regionale,0,5,5,2026-04-17T20:49,https://www.gbif.org/occurrence/6234759244
3838,1996-10-03,1996,USA,Florida,"Cocoa Beach, Brevard County",Surfing,Unprovoked,28.3184107,-80.6094959,Carcharodon carcharias,6441095820,501.64,257.0,pas_de_proximite_100km,0,0,0,2026-03-27T20:47:37,https://www.gbif.org/occurrence/6441095820
3838,1996-10-03,1996,USA,Florida,"Cocoa Beach, Brevard County",Surfing,Unprovoked,28.3184107,-80.6094959,Galeocerdo cuvier,6235030691,159.76,29798.0,pas_de_proximite_100km,0,0,0,2026-04-25T11:55,https://www.gbif.org/occurrence/6235030691
3838,1996-10-03,1996,USA,Florida,"Cocoa Beach, Brevard County",Surfing,Unprovoked,28.3184107,-80.6094959,Rhincodon typus,6253026970,444.43,30069.0,pas_de_proximite_100km,0,0,0,2026-04-27T07:00,https://www.gbif.org/occurrence/6253026970
3842,1996-09-02,1996,USA,Florida,"Bethune Beach, Volusia County",Sitting on surfboard,Unprovoked,28.9491539,-80.83783,Carcharhinus leucas,6133570230,17.95,29533.0,proximite_forte,2,2,2,2026-01-28T17:22:37,https://www.gbif.org/occurrence/6133570230
3842,1996-09-02,1996,USA,Florida,"Bethune Beach, Volusia County",Sitting on surfboard,Unprovoked,28.9491539,-80.83783,Carcharodon carcharias,6441095820,436.82,257.0,pas_de_proximite_100km,0,0,0,2026-03-27T20:47:37,https://www.gbif.org/occurrence/6441095820
3842,1996-09-02,1996,USA,Florida,"Bethune Beach, Volusia County",Sitting on surfboard,Unprovoked,28.9491539,-80.83783,Galeocerdo cuvier,6399953055,106.77,29433.0,pas_de_proximite_100km,0,0,0,2026-06-07T17:14:40,https://www.gbif.org/occurrence/6399953055
3842,1996-09-02,1996,USA,Florida,"Bethune Beach, Volusia County",Sitting on surfboard,Unprovoked,28.9491539,-80.83783,Rhincodon typus,6253026970,503.75,30069.0,pas_de_proximite_100km,0,0,0,2026-04-27T07:00,https://www.gbif.org/occurrence/6253026970
3845,1996-04-07,1996,BRAZIL,Pernambuco,"Boa Viagem, Recife",Swimming,Unprovoked,-8.1235027,-34.9033955,Carcharhinus leucas,6253288019,4992.74,31451.0,pas_de_proximite_100km,0,0,0,2026-04-26,https://www.gbif.org/occurrence/6253288019
3845,1996-04-07,1996,BRAZIL,Pernambuco,"Boa Viagem, Recife",Swimming,Unprovoked,-8.1235027,-34.9033955,Carcharodon carcharias,6147654727,6332.91,488.0,pas_de_proximite_100km,0,0,0,2026-01-31T19:40,https://www.gbif.org/occurrence/6147654727
3845,1996-04-07,1996,BRAZIL,Pernambuco,"Boa Viagem, Recife",Swimming,Unprovoked,-8.1235027,-34.9033955,Galeocerdo cuvier,5087661144,1763.49,30278.0,pas_de_proximite_100km,0,0,0,2025-03-08T07:14:31,https://www.gbif.org/occurrence/5087661144
3845,1996-04-07,1996,BRAZIL,Pernambuco,"Boa Viagem, Recife",Swimming,Unprovoked,-8.1235027,-34.9033955,Rhincodon typus,6252804893,1807.96,30237.0,pas_de_proximite_100km,0,0,0,2026-04-24T15:08,https://www.gbif.org/occurrence/6252804893
3850,1996-12-01,1996,NEW CALEDONIA,,,Spearfishing,Unprovoked,-20.6378427,161.2117626,Carcharhinus leucas,6131674219,322.63,30527.0,pas_de_proximite_100km,0,0,0,2026-01-04T09:51,https://www.gbif.org/occurrence/6131674219
3850,1996-12-01,1996,NEW CALEDONIA,,,Spearfishing,Unprovoked,-20.6378427,161.2117626,Carcharodon carcharias,6162878281,1324.19,7.0,pas_de_proximite_100km,0,0,0,2026-02-22T09:03:13,https://www.gbif.org/occurrence/6162878281
3850,1996-12-01,1996,NEW CALEDONIA,,,Spearfishing,Unprovoked,-20.6378427,161.2117626,Galeocerdo cuvier,6185544658,955.1,637.0,pas_de_proximite_100km,0,0,0,2026-01-05T05:30,https://www.gbif.org/occurrence/6185544658
3850,1996-12-01,1996,NEW CALEDONIA,,,Spearfishing,Unprovoked,-20.6378427,161.2117626,Rhincodon typus,5938466615,1701.28,30841.0,pas_de_proximite_100km,0,0,0,2026-01-03T11:33,https://www.gbif.org/occurrence/5938466615
3853,1996-07-20,1996,USA,Florida,"New Smyrna Beach, Volusia County",Swimming,Unprovoked,29.0258132,-80.9271271,Carcharhinus leucas,6133570230,11.63,29533.0,proximite_forte,2,2,2,2026-01-28T17:22:37,https://www.gbif.org/occurrence/6133570230
3853,1996-07-20,1996,USA,Florida,"New Smyrna Beach, Volusia County",Swimming,Unprovoked,29.0258132,-80.9271271,Carcharodon carcharias,6441095820,430.55,257.0,pas_de_proximite_100km,0,0,0,2026-03-27T20:47:37,https://www.gbif.org/occurrence/6441095820
3853,1996-07-20,1996,USA,Florida,"New Smyrna Beach, Volusia County",Swimming,Unprovoked,29.0258132,-80.9271271,Galeocerdo cuvier,6399953055,95.51,29433.0,proximite_regionale,0,1,0,2026-06-07T17:14:40,https://www.gbif.org/occurrence/6399953055
3853,1996-07-20,1996,USA,Florida,"New Smyrna Beach, Volusia County",Swimming,Unprovoked,29.0258132,-80.9271271,Rhincodon typus,6253026970,509.66,30069.0,pas_de_proximite_100km,0,0,0,2026-04-27T07:00,https://www.gbif.org/occurrence/6253026970
3862,1996-01-23,1996,USA,Florida,"Florida Keys, Monroe County",Wading,Provoked,24.6736205,-81.4981792,Carcharhinus leucas,6273845090,7.22,30047.0,proximite_forte,2,5,3,2026-04-24T11:59,https://www.gbif.org/occurrence/6273845090
3862,1996-01-23,1996,USA,Florida,"Florida Keys, Monroe County",Wading,Provoked,24.6736205,-81.4981792,Carcharodon carcharias,6400039718,825.73,49.0,pas_de_proximite_100km,0,0,0,2026-02-25T14:55,https://www.gbif.org/occurrence/6400039718
3862,1996-01-23,1996,USA,Florida,"Florida Keys, Monroe County",Wading,Provoked,24.6736205,-81.4981792,Galeocerdo cuvier,5133758058,53.51,30025.0,proximite_regionale,0,1,0,2025-03-01T13:40,https://www.gbif.org/occurrence/5133758058
3862,1996-01-23,1996,USA,Florida,"Florida Keys, Monroe County",Wading,Provoked,24.6736205,-81.4981792,Rhincodon typus,6253026970,72.94,30069.0,proximite_regionale,0,1,0,2026-04-27T07:00,https://www.gbif.org/occurrence/6253026970
3869,1996-07-10,1996,USA,Florida,"New Smyrna Beach, Volusia County",Inconnue,Unprovoked,29.0258132,-80.9271271,Carcharhinus leucas,6133570230,11.63,29533.0,proximite_forte,2,2,2,2026-01-28T17:22:37,https://www.gbif.org/occurrence/6133570230
3869,1996-07-10,1996,USA,Florida,"New Smyrna Beach, Volusia County",Inconnue,Unprovoked,29.0258132,-80.9271271,Carcharodon carcharias,6441095820,430.55,257.0,pas_de_proximite_100km,0,0,0,2026-03-27T20:47:37,https://www.gbif.org/occurrence/6441095820
3869,1996-07-10,1996,USA,Florida,"New Smyrna Beach, Volusia County",Inconnue,Unprovoked,29.0258132,-80.9271271,Galeocerdo cuvier,6399953055,95.51,29433.0,proximite_regionale,0,1,0,2026-06-07T17:14:40,https://www.gbif.org/occurrence/6399953055
3869,1996-07-10,1996,USA,Florida,"New Smyrna Beach, Volusia County",Inconnue,Unprovoked,29.0258132,-80.9271271,Rhincodon typus,6253026970,509.66,30069.0,pas_de_proximite_100km,0,0,0,2026-04-27T07:00,https://www.gbif.org/occurrence/6253026970
3873,1996-09-06,1996,USA,Florida,"New Smyrna Beach, Volusia County",Surfing / Swimming,Unprovoked,29.0258132,-80.9271271,Carcharhinus leucas,6133570230,11.63,29533.0,proximite_forte,2,2,2,2026-01-28T17:22:37,https://www.gbif.org/occurrence/6133570230
3873,1996-09-06,1996,USA,Florida,"New Smyrna Beach, Volusia County",Surfing / Swimming,Unprovoked,29.0258132,-80.9271271,Carcharodon carcharias,6441095820,430.55,257.0,pas_de_proximite_100km,0,0,0,2026-03-27T20:47:37,https://www.gbif.org/occurrence/6441095820
3873,1996-09-06,1996,USA,Florida,"New Smyrna Beach, Volusia County",Surfing / Swimming,Unprovoked,29.0258132,-80.9271271,Galeocerdo cuvier,6399953055,95.51,29433.0,proximite_regionale,0,1,0,2026-06-07T17:14:40,https://www.gbif.org/occurrence/6399953055
3873,1996-09-06,1996,USA,Florida,"New Smyrna Beach, Volusia County",Surfing / Swimming,Unprovoked,29.0258132,-80.9271271,Rhincodon typus,6253026970,509.66,30069.0,pas_de_proximite_100km,0,0,0,2026-04-27T07:00,https://www.gbif.org/occurrence/6253026970
3879,1997-05-31,1997,USA,Florida,"Flagler Beach, Flagler County",Surfing,Unprovoked,29.4749927,-81.1269982,Carcharhinus leucas,6133570230,48.38,29533.0,proximite_regionale,0,2,2,2026-01-28T17:22:37,https://www.gbif.org/occurrence/6133570230
3879,1997-05-31,1997,USA,Florida,"Flagler Beach, Flagler County",Surfing,Unprovoked,29.4749927,-81.1269982,Carcharodon carcharias,6441095820,388.05,257.0,pas_de_proximite_100km,0,0,0,2026-03-27T20:47:37,https://www.gbif.org/occurrence/6441095820
3879,1997-05-31,1997,USA,Florida,"Flagler Beach, Flagler County",Surfing,Unprovoked,29.4749927,-81.1269982,Galeocerdo cuvier,6399953055,41.94,29433.0,proximite_regionale,0,1,0,2026-06-07T17:14:40,https://www.gbif.org/occurrence/6399953055
3879,1997-05-31,1997,USA,Florida,"Flagler Beach, Flagler County",Surfing,Unprovoked,29.4749927,-81.1269982,Rhincodon typus,6253026970,553.91,30069.0,pas_de_proximite_100km,0,0,0,2026-04-27T07:00,https://www.gbif.org/occurrence/6253026970
3881,1997-12-25,1997,USA,Florida,"Fort Lauderdale, Broward County",Inconnue,Invalid,26.1223084,-80.1433786,Carcharhinus leucas,6273825352,44.7,29845.0,proximite_regionale,0,10,1,2026-04-22T11:39:24,https://www.gbif.org/occurrence/6273825352
3881,1997-12-25,1997,USA,Florida,"Fort Lauderdale, Broward County",Inconnue,Invalid,26.1223084,-80.1433786,Carcharodon carcharias,6441095820,740.62,257.0,pas_de_proximite_100km,0,0,0,2026-03-27T20:47:37,https://www.gbif.org/occurrence/6441095820
3881,1997-12-25,1997,USA,Florida,"Fort Lauderdale, Broward County",Inconnue,Invalid,26.1223084,-80.1433786,Galeocerdo cuvier,6235030691,91.61,29798.0,proximite_regionale,0,1,0,2026-04-25T11:55,https://www.gbif.org/occurrence/6235030691
3881,1997-12-25,1997,USA,Florida,"Fort Lauderdale, Broward County",Inconnue,Invalid,26.1223084,-80.1433786,Rhincodon typus,6253026970,269.01,30069.0,pas_de_proximite_100km,0,0,0,2026-04-27T07:00,https://www.gbif.org/occurrence/6253026970
3882,1997-07-14,1997,USA,South Carolina,"Myrtle Beach, Horry County",Standing,Unprovoked,33.6956461,-78.8900409,Carcharhinus leucas,6130999421,541.07,29533.0,pas_de_proximite_100km,0,0,0,2026-01-17T15:30:29,https://www.gbif.org/occurrence/6130999421
3882,1997-07-14,1997,USA,South Carolina,"Myrtle Beach, Horry County",Standing,Unprovoked,33.6956461,-78.8900409,Carcharodon carcharias,6479594785,36.6,53267.0,proximite_regionale,0,1,0,2026-07-14T07:15:20,https://www.gbif.org/occurrence/6479594785
3882,1997-07-14,1997,USA,South Carolina,"Myrtle Beach, Horry County",Standing,Unprovoked,33.6956461,-78.8900409,Galeocerdo cuvier,6399752821,35.29,28902.0,proximite_regionale,0,1,0,2026-06-04T11:19,https://www.gbif.org/occurrence/6399752821
3882,1997-07-14,1997,USA,South Carolina,"Myrtle Beach, Horry County",Standing,Unprovoked,33.6956461,-78.8900409,Rhincodon typus,6253026970,1062.68,30069.0,pas_de_proximite_100km,0,0,0,2026-04-27T07:00,https://www.gbif.org/occurrence/6253026970
3885,1997-09-16,1997,BRAZIL,Pernambuco,"Boa Viagem, Recife",Swimming,Unprovoked,-8.1235027,-34.9033955,Carcharhinus leucas,6253288019,4992.74,31451.0,pas_de_proximite_100km,0,0,0,2026-04-26,https://www.gbif.org/occurrence/6253288019
3885,1997-09-16,1997,BRAZIL,Pernambuco,"Boa Viagem, Recife",Swimming,Unprovoked,-8.1235027,-34.9033955,Carcharodon carcharias,6147654727,6332.91,488.0,pas_de_proximite_100km,0,0,0,2026-01-31T19:40,https://www.gbif.org/occurrence/6147654727
3885,1997-09-16,1997,BRAZIL,Pernambuco,"Boa Viagem, Recife",Swimming,Unprovoked,-8.1235027,-34.9033955,Galeocerdo cuvier,5087661144,1763.49,30278.0,pas_de_proximite_100km,0,0,0,2025-03-08T07:14:31,https://www.gbif.org/occurrence/5087661144
3885,1997-09-16,1997,BRAZIL,Pernambuco,"Boa Viagem, Recife",Swimming,Unprovoked,-8.1235027,-34.9033955,Rhincodon typus,6252804893,1807.96,30237.0,pas_de_proximite_100km,0,0,0,2026-04-24T15:08,https://www.gbif.org/occurrence/6252804893
3887,1997-09-06,1997,USA,Florida,"New Smyrna Beach, Volusia County",Surfing,Unprovoked,29.0258132,-80.9271271,Carcharhinus leucas,6133570230,11.63,29533.0,proximite_forte,2,2,2,2026-01-28T17:22:37,https://www.gbif.org/occurrence/6133570230
3887,1997-09-06,1997,USA,Florida,"New Smyrna Beach, Volusia County",Surfing,Unprovoked,29.0258132,-80.9271271,Carcharodon carcharias,6441095820,430.55,257.0,pas_de_proximite_100km,0,0,0,2026-03-27T20:47:37,https://www.gbif.org/occurrence/6441095820
3887,1997-09-06,1997,USA,Florida,"New Smyrna Beach, Volusia County",Surfing,Unprovoked,29.0258132,-80.9271271,Galeocerdo cuvier,6399953055,95.51,29433.0,proximite_regionale,0,1,0,2026-06-07T17:14:40,https://www.gbif.org/occurrence/6399953055
3887,1997-09-06,1997,USA,Florida,"New Smyrna Beach, Volusia County",Surfing,Unprovoked,29.0258132,-80.9271271,Rhincodon typus,6253026970,509.66,30069.0,pas_de_proximite_100km,0,0,0,2026-04-27T07:00,https://www.gbif.org/occurrence/6253026970
3890,1997-08-02,1997,USA,Florida,"New Smyrna Beach, Volusia County",Body surfing,Unprovoked,29.0258132,-80.9271271,Carcharhinus leucas,6133570230,11.63,29533.0,proximite_forte,2,2,2,2026-01-28T17:22:37,https://www.gbif.org/occurrence/6133570230
3890,1997-08-02,1997,USA,Florida,"New Smyrna Beach, Volusia County",Body surfing,Unprovoked,29.0258132,-80.9271271,Carcharodon carcharias,6441095820,430.55,257.0,pas_de_proximite_100km,0,0,0,2026-03-27T20:47:37,https://www.gbif.org/occurrence/6441095820
3890,1997-08-02,1997,USA,Florida,"New Smyrna Beach, Volusia County",Body surfing,Unprovoked,29.0258132,-80.9271271,Galeocerdo cuvier,6399953055,95.51,29433.0,proximite_regionale,0,1,0,2026-06-07T17:14:40,https://www.gbif.org/occurrence/6399953055
3890,1997-08-02,1997,USA,Florida,"New Smyrna Beach, Volusia County",Body surfing,Unprovoked,29.0258132,-80.9271271,Rhincodon typus,6253026970,509.66,30069.0,pas_de_proximite_100km,0,0,0,2026-04-27T07:00,https://www.gbif.org/occurrence/6253026970
3901,1997-08-02,1997,USA,Florida,"New Smyrna Beach, Volusia County",Wading / Surfing,Unprovoked,29.0258132,-80.9271271,Carcharhinus leucas,6133570230,11.63,29533.0,proximite_forte,2,2,2,2026-01-28T17:22:37,https://www.gbif.org/occurrence/6133570230
3901,1997-08-02,1997,USA,Florida,"New Smyrna Beach, Volusia County",Wading / Surfing,Unprovoked,29.0258132,-80.9271271,Carcharodon carcharias,6441095820,430.55,257.0,pas_de_proximite_100km,0,0,0,2026-03-27T20:47:37,https://www.gbif.org/occurrence/6441095820
3901,1997-08-02,1997,USA,Florida,"New Smyrna Beach, Volusia County",Wading / Surfing,Unprovoked,29.0258132,-80.9271271,Galeocerdo cuvier,6399953055,95.51,29433.0,proximite_regionale,0,1,0,2026-06-07T17:14:40,https://www.gbif.org/occurrence/6399953055
3901,1997-08-02,1997,USA,Florida,"New Smyrna Beach, Volusia County",Wading / Surfing,Unprovoked,29.0258132,-80.9271271,Rhincodon typus,6253026970,509.66,30069.0,pas_de_proximite_100km,0,0,0,2026-04-27T07:00,https://www.gbif.org/occurrence/6253026970
3902,1997-10-04,1997,USA,Florida,"Daytona Beach, Volusia County",Swimming,Unprovoked,29.2108147,-81.0228331,Carcharhinus leucas,6133570230,19.73,29533.0,proximite_forte,2,2,2,2026-01-28T17:22:37,https://www.gbif.org/occurrence/6133570230
3902,1997-10-04,1997,USA,Florida,"Daytona Beach, Volusia County",Swimming,Unprovoked,29.2108147,-81.0228331,Carcharodon carcharias,6441095820,413.1,257.0,pas_de_proximite_100km,0,0,0,2026-03-27T20:47:37,https://www.gbif.org/occurrence/6441095820
3902,1997-10-04,1997,USA,Florida,"Daytona Beach, Volusia County",Swimming,Unprovoked,29.2108147,-81.0228331,Galeocerdo cuvier,6399953055,72.96,29433.0,proximite_regionale,0,1,0,2026-06-07T17:14:40,https://www.gbif.org/occurrence/6399953055
3902,1997-10-04,1997,USA,Florida,"Daytona Beach, Volusia County",Swimming,Unprovoked,29.2108147,-81.0228331,Rhincodon typus,6253026970,527.37,30069.0,pas_de_proximite_100km,0,0,0,2026-04-27T07:00,https://www.gbif.org/occurrence/6253026970
3906,1997-07-17,1997,BRAZIL,Pernambuco,"Boa Viagem, Recife",Surfing,Unprovoked,-8.1235027,-34.9033955,Carcharhinus leucas,6253288019,4992.74,31451.0,pas_de_proximite_100km,0,0,0,2026-04-26,https://www.gbif.org/occurrence/6253288019
3906,1997-07-17,1997,BRAZIL,Pernambuco,"Boa Viagem, Recife",Surfing,Unprovoked,-8.1235027,-34.9033955,Carcharodon carcharias,6147654727,6332.91,488.0,pas_de_proximite_100km,0,0,0,2026-01-31T19:40,https://www.gbif.org/occurrence/6147654727
3906,1997-07-17,1997,BRAZIL,Pernambuco,"Boa Viagem, Recife",Surfing,Unprovoked,-8.1235027,-34.9033955,Galeocerdo cuvier,5087661144,1763.49,30278.0,pas_de_proximite_100km,0,0,0,2025-03-08T07:14:31,https://www.gbif.org/occurrence/5087661144
3906,1997-07-17,1997,BRAZIL,Pernambuco,"Boa Viagem, Recife",Surfing,Unprovoked,-8.1235027,-34.9033955,Rhincodon typus,6252804893,1807.96,30237.0,pas_de_proximite_100km,0,0,0,2026-04-24T15:08,https://www.gbif.org/occurrence/6252804893
3910,1997-08-10,1997,USA,Florida,"New Smyrna Beach, Volusia County",Boogie boarding,Unprovoked,29.0258132,-80.9271271,Carcharhinus leucas,6133570230,11.63,29533.0,proximite_forte,2,2,2,2026-01-28T17:22:37,https://www.gbif.org/occurrence/6133570230
3910,1997-08-10,1997,USA,Florida,"New Smyrna Beach, Volusia County",Boogie boarding,Unprovoked,29.0258132,-80.9271271,Carcharodon carcharias,6441095820,430.55,257.0,pas_de_proximite_100km,0,0,0,2026-03-27T20:47:37,https://www.gbif.org/occurrence/6441095820
3910,1997-08-10,1997,USA,Florida,"New Smyrna Beach, Volusia County",Boogie boarding,Unprovoked,29.0258132,-80.9271271,Galeocerdo cuvier,6399953055,95.51,29433.0,proximite_regionale,0,1,0,2026-06-07T17:14:40,https://www.gbif.org/occurrence/6399953055
3910,1997-08-10,1997,USA,Florida,"New Smyrna Beach, Volusia County",Boogie boarding,Unprovoked,29.0258132,-80.9271271,Rhincodon typus,6253026970,509.66,30069.0,pas_de_proximite_100km,0,0,0,2026-04-27T07:00,https://www.gbif.org/occurrence/6253026970
3914,1997-08-11,1997,USA,Florida,"New Smyrna Beach, Volusia County",Floating on raft,Unprovoked,29.0258132,-80.9271271,Carcharhinus leucas,6133570230,11.63,29533.0,proximite_forte,2,2,2,2026-01-28T17:22:37,https://www.gbif.org/occurrence/6133570230
3914,1997-08-11,1997,USA,Florida,"New Smyrna Beach, Volusia County",Floating on raft,Unprovoked,29.0258132,-80.9271271,Carcharodon carcharias,6441095820,430.55,257.0,pas_de_proximite_100km,0,0,0,2026-03-27T20:47:37,https://www.gbif.org/occurrence/6441095820
3914,1997-08-11,1997,USA,Florida,"New Smyrna Beach, Volusia County",Floating on raft,Unprovoked,29.0258132,-80.9271271,Galeocerdo cuvier,6399953055,95.51,29433.0,proximite_regionale,0,1,0,2026-06-07T17:14:40,https://www.gbif.org/occurrence/6399953055
3914,1997-08-11,1997,USA,Florida,"New Smyrna Beach, Volusia County",Floating on raft,Unprovoked,29.0258132,-80.9271271,Rhincodon typus,6253026970,509.66,30069.0,pas_de_proximite_100km,0,0,0,2026-04-27T07:00,https://www.gbif.org/occurrence/6253026970
3916,1997-08-09,1997,USA,Florida,"New Smyrna Beach, Volusia County",Surfing,Unprovoked,29.0258132,-80.9271271,Carcharhinus leucas,6133570230,11.63,29533.0,proximite_forte,2,2,2,2026-01-28T17:22:37,https://www.gbif.org/occurrence/6133570230
3916,1997-08-09,1997,USA,Florida,"New Smyrna Beach, Volusia County",Surfing,Unprovoked,29.0258132,-80.9271271,Carcharodon carcharias,6441095820,430.55,257.0,pas_de_proximite_100km,0,0,0,2026-03-27T20:47:37,https://www.gbif.org/occurrence/6441095820
3916,1997-08-09,1997,USA,Florida,"New Smyrna Beach, Volusia County",Surfing,Unprovoked,29.0258132,-80.9271271,Galeocerdo cuvier,6399953055,95.51,29433.0,proximite_regionale,0,1,0,2026-06-07T17:14:40,https://www.gbif.org/occurrence/6399953055
3916,1997-08-09,1997,USA,Florida,"New Smyrna Beach, Volusia County",Surfing,Unprovoked,29.0258132,-80.9271271,Rhincodon typus,6253026970,509.66,30069.0,pas_de_proximite_100km,0,0,0,2026-04-27T07:00,https://www.gbif.org/occurrence/6253026970
3918,1997-08-27,1997,USA,Florida,"New Smyrna Beach, Volusia County",Walking / surfing,Unprovoked,29.0258132,-80.9271271,Carcharhinus leucas,6133570230,11.63,29533.0,proximite_forte,2,2,2,2026-01-28T17:22:37,https://www.gbif.org/occurrence/6133570230
3918,1997-08-27,1997,USA,Florida,"New Smyrna Beach, Volusia County",Walking / surfing,Unprovoked,29.0258132,-80.9271271,Carcharodon carcharias,6441095820,430.55,257.0,pas_de_proximite_100km,0,0,0,2026-03-27T20:47:37,https://www.gbif.org/occurrence/6441095820
3918,1997-08-27,1997,USA,Florida,"New Smyrna Beach, Volusia County",Walking / surfing,Unprovoked,29.0258132,-80.9271271,Galeocerdo cuvier,6399953055,95.51,29433.0,proximite_regionale,0,1,0,2026-06-07T17:14:40,https://www.gbif.org/occurrence/6399953055
3918,1997-08-27,1997,USA,Florida,"New Smyrna Beach, Volusia County",Walking / surfing,Unprovoked,29.0258132,-80.9271271,Rhincodon typus,6253026970,509.66,30069.0,pas_de_proximite_100km,0,0,0,2026-04-27T07:00,https://www.gbif.org/occurrence/6253026970
3919,1997-06-09,1997,USA,Florida,Palm Beach County,Surfing,Unprovoked,26.6279798,-80.4494174,Carcharhinus leucas,6236219201,31.81,29822.0,proximite_regionale,0,10,1,2026-03-16T11:54:07,https://www.gbif.org/occurrence/6236219201
3919,1997-06-09,1997,USA,Florida,Palm Beach County,Surfing,Unprovoked,26.6279798,-80.4494174,Carcharodon carcharias,6441095820,686.49,257.0,pas_de_proximite_100km,0,0,0,2026-03-27T20:47:37,https://www.gbif.org/occurrence/6441095820
3919,1997-06-09,1997,USA,Florida,Palm Beach County,Surfing,Unprovoked,26.6279798,-80.4494174,Galeocerdo cuvier,6235030691,47.56,29798.0,proximite_regionale,0,1,0,2026-04-25T11:55,https://www.gbif.org/occurrence/6235030691
3919,1997-06-09,1997,USA,Florida,Palm Beach County,Surfing,Unprovoked,26.6279798,-80.4494174,Rhincodon typus,6253026970,287.62,30069.0,pas_de_proximite_100km,0,0,0,2026-04-27T07:00,https://www.gbif.org/occurrence/6253026970
3927,1997-11-09,1997,AUSTRALIA,Western Australia,Albany,Scuba diving (submerged riding a scooter),Unprovoked,-35.0247822,117.883608,Carcharhinus leucas,6185213952,283.36,6264.0,pas_de_proximite_100km,0,0,0,2026-03-07T16:35,https://www.gbif.org/occurrence/6185213952
3927,1997-11-09,1997,AUSTRALIA,Western Australia,Albany,Scuba diving (submerged riding a scooter),Unprovoked,-35.0247822,117.883608,Carcharodon carcharias,6131342125,1650.7,7535.0,pas_de_proximite_100km,0,0,0,2026-01-07T08:00:21,https://www.gbif.org/occurrence/6131342125
3927,1997-11-09,1997,AUSTRALIA,Western Australia,Albany,Scuba diving (submerged riding a scooter),Unprovoked,-35.0247822,117.883608,Galeocerdo cuvier,6520390560,1379.73,8.0,pas_de_proximite_100km,0,0,0,2026-08-31T14:06,https://www.gbif.org/occurrence/6520390560
3927,1997-11-09,1997,AUSTRALIA,Western Australia,Albany,Scuba diving (submerged riding a scooter),Unprovoked,-35.0247822,117.883608,Rhincodon typus,6235956991,1457.35,30278.0,pas_de_proximite_100km,0,0,0,2026-04-22T13:33:02,https://www.gbif.org/occurrence/6235956991
3928,1997-05-31,1997,USA,Florida,"Flagler Beach, Flagler County",Surfing,Unprovoked,29.4749927,-81.1269982,Carcharhinus leucas,6133570230,48.38,29533.0,proximite_regionale,0,2,2,2026-01-28T17:22:37,https://www.gbif.org/occurrence/6133570230
3928,1997-05-31,1997,USA,Florida,"Flagler Beach, Flagler County",Surfing,Unprovoked,29.4749927,-81.1269982,Carcharodon carcharias,6441095820,388.05,257.0,pas_de_proximite_100km,0,0,0,2026-03-27T20:47:37,https://www.gbif.org/occurrence/6441095820
3928,1997-05-31,1997,USA,Florida,"Flagler Beach, Flagler County",Surfing,Unprovoked,29.4749927,-81.1269982,Galeocerdo cuvier,6399953055,41.94,29433.0,proximite_regionale,0,1,0,2026-06-07T17:14:40,https://www.gbif.org/occurrence/6399953055
3928,1997-05-31,1997,USA,Florida,"Flagler Beach, Flagler County",Surfing,Unprovoked,29.4749927,-81.1269982,Rhincodon typus,6253026970,553.91,30069.0,pas_de_proximite_100km,0,0,0,2026-04-27T07:00,https://www.gbif.org/occurrence/6253026970
3929,1997-11-05,1997,USA,Florida,,Swimming,Unprovoked,27.7567667,-81.4639835,Carcharhinus leucas,6147198580,88.92,29775.0,proximite_regionale,0,3,1,2026-02-03T11:54:56,https://www.gbif.org/occurrence/6147198580
3929,1997-11-05,1997,USA,Florida,,Swimming,Unprovoked,27.7567667,-81.4639835,Carcharodon carcharias,6441095820,580.41,257.0,pas_de_proximite_100km,0,0,0,2026-03-27T20:47:37,https://www.gbif.org/occurrence/6441095820
3929,1997-11-05,1997,USA,Florida,,Swimming,Unprovoked,27.7567667,-81.4639835,Galeocerdo cuvier,6235030691,159.7,29798.0,pas_de_proximite_100km,0,0,0,2026-04-25T11:55,https://www.gbif.org/occurrence/6235030691
3929,1997-11-05,1997,USA,Florida,,Swimming,Unprovoked,27.7567667,-81.4639835,Rhincodon typus,6253026970,360.16,30069.0,pas_de_proximite_100km,0,0,0,2026-04-27T07:00,https://www.gbif.org/occurrence/6253026970
3931,1997-09-08,1997,USA,Florida,"New Smyrna Beach, Volusia County",Surfing,Unprovoked,29.0258132,-80.9271271,Carcharhinus leucas,6133570230,11.63,29533.0,proximite_forte,2,2,2,2026-01-28T17:22:37,https://www.gbif.org/occurrence/6133570230
3931,1997-09-08,1997,USA,Florida,"New Smyrna Beach, Volusia County",Surfing,Unprovoked,29.0258132,-80.9271271,Carcharodon carcharias,6441095820,430.55,257.0,pas_de_proximite_100km,0,0,0,2026-03-27T20:47:37,https://www.gbif.org/occurrence/6441095820
3931,1997-09-08,1997,USA,Florida,"New Smyrna Beach, Volusia County",Surfing,Unprovoked,29.0258132,-80.9271271,Galeocerdo cuvier,6399953055,95.51,29433.0,proximite_regionale,0,1,0,2026-06-07T17:14:40,https://www.gbif.org/occurrence/6399953055
3931,1997-09-08,1997,USA,Florida,"New Smyrna Beach, Volusia County",Surfing,Unprovoked,29.0258132,-80.9271271,Rhincodon typus,6253026970,509.66,30069.0,pas_de_proximite_100km,0,0,0,2026-04-27T07:00,https://www.gbif.org/occurrence/6253026970
3935,1997-08-30,1997,USA,Florida,"New Smyrna Beach, Volusia County",Surfing,Unprovoked,29.0258132,-80.9271271,Carcharhinus leucas,6133570230,11.63,29533.0,proximite_forte,2,2,2,2026-01-28T17:22:37,https://www.gbif.org/occurrence/6133570230
3935,1997-08-30,1997,USA,Florida,"New Smyrna Beach, Volusia County",Surfing,Unprovoked,29.0258132,-80.9271271,Carcharodon carcharias,6441095820,430.55,257.0,pas_de_proximite_100km,0,0,0,2026-03-27T20:47:37,https://www.gbif.org/occurrence/6441095820
3935,1997-08-30,1997,USA,Florida,"New Smyrna Beach, Volusia County",Surfing,Unprovoked,29.0258132,-80.9271271,Galeocerdo cuvier,6399953055,95.51,29433.0,proximite_regionale,0,1,0,2026-06-07T17:14:40,https://www.gbif.org/occurrence/6399953055
3935,1997-08-30,1997,USA,Florida,"New Smyrna Beach, Volusia County",Surfing,Unprovoked,29.0258132,-80.9271271,Rhincodon typus,6253026970,509.66,30069.0,pas_de_proximite_100km,0,0,0,2026-04-27T07:00,https://www.gbif.org/occurrence/6253026970
3937,1998-10-01,1998,USA,Florida,"New Smyrna Beach, Volusia County",Inconnue,Unprovoked,29.0258132,-80.9271271,Carcharhinus leucas,6133570230,11.63,29533.0,proximite_forte,2,2,2,2026-01-28T17:22:37,https://www.gbif.org/occurrence/6133570230
3937,1998-10-01,1998,USA,Florida,"New Smyrna Beach, Volusia County",Inconnue,Unprovoked,29.0258132,-80.9271271,Carcharodon carcharias,6441095820,430.55,257.0,pas_de_proximite_100km,0,0,0,2026-03-27T20:47:37,https://www.gbif.org/occurrence/6441095820
3937,1998-10-01,1998,USA,Florida,"New Smyrna Beach, Volusia County",Inconnue,Unprovoked,29.0258132,-80.9271271,Galeocerdo cuvier,6399953055,95.51,29433.0,proximite_regionale,0,1,0,2026-06-07T17:14:40,https://www.gbif.org/occurrence/6399953055
3937,1998-10-01,1998,USA,Florida,"New Smyrna Beach, Volusia County",Inconnue,Unprovoked,29.0258132,-80.9271271,Rhincodon typus,6253026970,509.66,30069.0,pas_de_proximite_100km,0,0,0,2026-04-27T07:00,https://www.gbif.org/occurrence/6253026970
3941,1998-11-02,1998,BRAZIL,Pernambuco,"Boa Viagem Beach, Recife",Surfing,Unprovoked,-8.1275681,-34.8976638,Carcharhinus leucas,6253288019,4992.19,31451.0,pas_de_proximite_100km,0,0,0,2026-04-26,https://www.gbif.org/occurrence/6253288019
3941,1998-11-02,1998,BRAZIL,Pernambuco,"Boa Viagem Beach, Recife",Surfing,Unprovoked,-8.1275681,-34.8976638,Carcharodon carcharias,6147654727,6332.13,488.0,pas_de_proximite_100km,0,0,0,2026-01-31T19:40,https://www.gbif.org/occurrence/6147654727
3941,1998-11-02,1998,BRAZIL,Pernambuco,"Boa Viagem Beach, Recife",Surfing,Unprovoked,-8.1275681,-34.8976638,Galeocerdo cuvier,5087661144,1763.34,30278.0,pas_de_proximite_100km,0,0,0,2025-03-08T07:14:31,https://www.gbif.org/occurrence/5087661144
3941,1998-11-02,1998,BRAZIL,Pernambuco,"Boa Viagem Beach, Recife",Surfing,Unprovoked,-8.1275681,-34.8976638,Rhincodon typus,6252804893,1807.81,30237.0,pas_de_proximite_100km,0,0,0,2026-04-24T15:08,https://www.gbif.org/occurrence/6252804893
3946,1998-10-04,1998,BRAZIL,Pernambuco,"Boa Viagem Beach, Recife",Surfing,Unprovoked,-8.1275681,-34.8976638,Carcharhinus leucas,6253288019,4992.19,31451.0,pas_de_proximite_100km,0,0,0,2026-04-26,https://www.gbif.org/occurrence/6253288019
3946,1998-10-04,1998,BRAZIL,Pernambuco,"Boa Viagem Beach, Recife",Surfing,Unprovoked,-8.1275681,-34.8976638,Carcharodon carcharias,6147654727,6332.13,488.0,pas_de_proximite_100km,0,0,0,2026-01-31T19:40,https://www.gbif.org/occurrence/6147654727
3946,1998-10-04,1998,BRAZIL,Pernambuco,"Boa Viagem Beach, Recife",Surfing,Unprovoked,-8.1275681,-34.8976638,Galeocerdo cuvier,5087661144,1763.34,30278.0,pas_de_proximite_100km,0,0,0,2025-03-08T07:14:31,https://www.gbif.org/occurrence/5087661144
3946,1998-10-04,1998,BRAZIL,Pernambuco,"Boa Viagem Beach, Recife",Surfing,Unprovoked,-8.1275681,-34.8976638,Rhincodon typus,6252804893,1807.81,30237.0,pas_de_proximite_100km,0,0,0,2026-04-24T15:08,https://www.gbif.org/occurrence/6252804893
3950,1998-02-23,1998,USA,Florida,"Jensen Beach, Martin County",Swimming,Unprovoked,27.2379528,-80.2389899,Carcharhinus leucas,6235914464,33.11,29798.0,proximite_regionale,0,13,4,2026-03-27T15:00,https://www.gbif.org/occurrence/6235914464
3950,1998-02-23,1998,USA,Florida,"Jensen Beach, Martin County",Swimming,Unprovoked,27.2379528,-80.2389899,Carcharodon carcharias,6441095820,617.26,257.0,pas_de_proximite_100km,0,0,0,2026-03-27T20:47:37,https://www.gbif.org/occurrence/6441095820
3950,1998-02-23,1998,USA,Florida,"Jensen Beach, Martin County",Swimming,Unprovoked,27.2379528,-80.2389899,Galeocerdo cuvier,6235030691,34.23,29798.0,proximite_regionale,0,1,0,2026-04-25T11:55,https://www.gbif.org/occurrence/6235030691
3950,1998-02-23,1998,USA,Florida,"Jensen Beach, Martin County",Swimming,Unprovoked,27.2379528,-80.2389899,Rhincodon typus,6253026970,354.67,30069.0,pas_de_proximite_100km,0,0,0,2026-04-27T07:00,https://www.gbif.org/occurrence/6253026970
3956,1998-04-01,1998,BRAZIL,Pernambuco,"Boa Viagem, Recife",Swimming,Unprovoked,-8.1235027,-34.9033955,Carcharhinus leucas,6253288019,4992.74,31451.0,pas_de_proximite_100km,0,0,0,2026-04-26,https://www.gbif.org/occurrence/6253288019
3956,1998-04-01,1998,BRAZIL,Pernambuco,"Boa Viagem, Recife",Swimming,Unprovoked,-8.1235027,-34.9033955,Carcharodon carcharias,6147654727,6332.91,488.0,pas_de_proximite_100km,0,0,0,2026-01-31T19:40,https://www.gbif.org/occurrence/6147654727
3956,1998-04-01,1998,BRAZIL,Pernambuco,"Boa Viagem, Recife",Swimming,Unprovoked,-8.1235027,-34.9033955,Galeocerdo cuvier,5087661144,1763.49,30278.0,pas_de_proximite_100km,0,0,0,2025-03-08T07:14:31,https://www.gbif.org/occurrence/5087661144
3956,1998-04-01,1998,BRAZIL,Pernambuco,"Boa Viagem, Recife",Swimming,Unprovoked,-8.1235027,-34.9033955,Rhincodon typus,6252804893,1807.96,30237.0,pas_de_proximite_100km,0,0,0,2026-04-24T15:08,https://www.gbif.org/occurrence/6252804893
3959,1998-01-25,1998,SOUTH AFRICA,Eastern Cape Province,East London,Surfing,Unprovoked,-33.0191604,27.8998573,Carcharhinus leucas,6130149287,359.6,29330.0,pas_de_proximite_100km,0,0,0,2026-01-10T07:45:33,https://www.gbif.org/occurrence/6130149287
3959,1998-01-25,1998,SOUTH AFRICA,Eastern Cape Province,East London,Surfing,Unprovoked,-33.0191604,27.8998573,Carcharodon carcharias,6480081628,26.7,29039.0,proximite_regionale,0,2,0,2026-01-19T13:45:33,https://www.gbif.org/occurrence/6480081628
3959,1998-01-25,1998,SOUTH AFRICA,Eastern Cape Province,East London,Surfing,Unprovoked,-33.0191604,27.8998573,Galeocerdo cuvier,5206523433,823.1,29798.0,pas_de_proximite_100km,0,0,0,2025-03-25T01:26:01,https://www.gbif.org/occurrence/5206523433
3959,1998-01-25,1998,SOUTH AFRICA,Eastern Cape Province,East London,Surfing,Unprovoked,-33.0191604,27.8998573,Rhincodon typus,6352311338,1674.04,1358701.0,pas_de_proximite_100km,0,0,0,2026-05-28,https://www.gbif.org/occurrence/6352311338
3961,1998-07-06,1998,SOUTH AFRICA,Western Cape Province,Plettenberg Bay,Wading,Unprovoked,-34.052778,23.369444,Carcharhinus leucas,6130149287,771.82,29330.0,pas_de_proximite_100km,0,0,0,2026-01-10T07:45:33,https://www.gbif.org/occurrence/6130149287
3961,1998-07-06,1998,SOUTH AFRICA,Western Cape Province,Plettenberg Bay,Wading,Unprovoked,-34.052778,23.369444,Carcharodon carcharias,6131056188,105.25,4.0,pas_de_proximite_100km,0,0,0,2026-01-14T15:23:51,https://www.gbif.org/occurrence/6131056188
3961,1998-07-06,1998,SOUTH AFRICA,Western Cape Province,Plettenberg Bay,Wading,Unprovoked,-34.052778,23.369444,Galeocerdo cuvier,5206523433,1200.28,29798.0,pas_de_proximite_100km,0,0,0,2025-03-25T01:26:01,https://www.gbif.org/occurrence/5206523433
3961,1998-07-06,1998,SOUTH AFRICA,Western Cape Province,Plettenberg Bay,Wading,Unprovoked,-34.052778,23.369444,Rhincodon typus,6352311338,2007.26,1358701.0,pas_de_proximite_100km,0,0,0,2026-05-28,https://www.gbif.org/occurrence/6352311338
3965,1998-04-17,1998,USA,Florida,"Marathon, Monroe County",Scuba diving,Provoked,24.7137524,-81.0903512,Carcharhinus leucas,6179367299,5.52,30047.0,proximite_forte,2,5,3,2026-02-22T12:30,https://www.gbif.org/occurrence/6179367299
3965,1998-04-17,1998,USA,Florida,"Marathon, Monroe County",Scuba diving,Provoked,24.7137524,-81.0903512,Carcharodon carcharias,6400039718,848.62,49.0,pas_de_proximite_100km,0,0,0,2026-02-25T14:55,https://www.gbif.org/occurrence/6400039718
3965,1998-04-17,1998,USA,Florida,"Marathon, Monroe County",Scuba diving,Provoked,24.7137524,-81.0903512,Galeocerdo cuvier,5133758058,23.23,30025.0,proximite_forte,1,1,0,2025-03-01T13:40,https://www.gbif.org/occurrence/5133758058
3965,1998-04-17,1998,USA,Florida,"Marathon, Monroe County",Scuba diving,Provoked,24.7137524,-81.0903512,Rhincodon typus,6253026970,114.38,30069.0,pas_de_proximite_100km,0,0,0,2026-04-27T07:00,https://www.gbif.org/occurrence/6253026970
3966,1998-08-13,1998,USA,Florida,"Ponce Inlet, Volusia County",Body-boarding,Unprovoked,29.0963729,-80.9369983,Carcharhinus leucas,6133570230,8.03,29533.0,proximite_forte,2,2,2,2026-01-28T17:22:37,https://www.gbif.org/occurrence/6133570230
3966,1998-08-13,1998,USA,Florida,"Ponce Inlet, Volusia County",Body-boarding,Unprovoked,29.0963729,-80.9369983,Carcharodon carcharias,6441095820,423.19,257.0,pas_de_proximite_100km,0,0,0,2026-03-27T20:47:37,https://www.gbif.org/occurrence/6441095820
3966,1998-08-13,1998,USA,Florida,"Ponce Inlet, Volusia County",Body-boarding,Unprovoked,29.0963729,-80.9369983,Galeocerdo cuvier,6399953055,87.9,29433.0,proximite_regionale,0,1,0,2026-06-07T17:14:40,https://www.gbif.org/occurrence/6399953055
3966,1998-08-13,1998,USA,Florida,"Ponce Inlet, Volusia County",Body-boarding,Unprovoked,29.0963729,-80.9369983,Rhincodon typus,6253026970,517.01,30069.0,pas_de_proximite_100km,0,0,0,2026-04-27T07:00,https://www.gbif.org/occurrence/6253026970
3967,1998-12-24,1998,USA,Florida,"Ormond Beach, Volusia County",Surfing,Provoked,29.2854132,-81.0557921,Carcharhinus leucas,6133570230,27.53,29533.0,proximite_regionale,0,2,2,2026-01-28T17:22:37,https://www.gbif.org/occurrence/6133570230
3967,1998-12-24,1998,USA,Florida,"Ormond Beach, Volusia County",Surfing,Provoked,29.2854132,-81.0557921,Carcharodon carcharias,6441095820,406.04,257.0,pas_de_proximite_100km,0,0,0,2026-03-27T20:47:37,https://www.gbif.org/occurrence/6441095820
3967,1998-12-24,1998,USA,Florida,"Ormond Beach, Volusia County",Surfing,Provoked,29.2854132,-81.0557921,Galeocerdo cuvier,6399953055,64.07,29433.0,proximite_regionale,0,1,0,2026-06-07T17:14:40,https://www.gbif.org/occurrence/6399953055
3967,1998-12-24,1998,USA,Florida,"Ormond Beach, Volusia County",Surfing,Provoked,29.2854132,-81.0557921,Rhincodon typus,6253026970,534.74,30069.0,pas_de_proximite_100km,0,0,0,2026-04-27T07:00,https://www.gbif.org/occurrence/6253026970
3969,1998-07-06,1998,SOUTH AFRICA,Western Cape Province,Plettenberg Bay,Surfing,Unprovoked,-34.052778,23.369444,Carcharhinus leucas,6130149287,771.82,29330.0,pas_de_proximite_100km,0,0,0,2026-01-10T07:45:33,https://www.gbif.org/occurrence/6130149287
3969,1998-07-06,1998,SOUTH AFRICA,Western Cape Province,Plettenberg Bay,Surfing,Unprovoked,-34.052778,23.369444,Carcharodon carcharias,6131056188,105.25,4.0,pas_de_proximite_100km,0,0,0,2026-01-14T15:23:51,https://www.gbif.org/occurrence/6131056188
3969,1998-07-06,1998,SOUTH AFRICA,Western Cape Province,Plettenberg Bay,Surfing,Unprovoked,-34.052778,23.369444,Galeocerdo cuvier,5206523433,1200.28,29798.0,pas_de_proximite_100km,0,0,0,2025-03-25T01:26:01,https://www.gbif.org/occurrence/5206523433
3969,1998-07-06,1998,SOUTH AFRICA,Western Cape Province,Plettenberg Bay,Surfing,Unprovoked,-34.052778,23.369444,Rhincodon typus,6352311338,2007.26,1358701.0,pas_de_proximite_100km,0,0,0,2026-05-28,https://www.gbif.org/occurrence/6352311338
3977,1998-09-14,1998,USA,Florida,"Stuart Beach, Martin County",Surfing,Unprovoked,27.2150323,-80.175149,Carcharhinus leucas,6235914464,28.45,29798.0,proximite_regionale,0,13,4,2026-03-27T15:00,https://www.gbif.org/occurrence/6235914464
3977,1998-09-14,1998,USA,Florida,"Stuart Beach, Martin County",Surfing,Unprovoked,27.2150323,-80.175149,Carcharodon carcharias,6441095820,619.42,257.0,pas_de_proximite_100km,0,0,0,2026-03-27T20:47:37,https://www.gbif.org/occurrence/6441095820
3977,1998-09-14,1998,USA,Florida,"Stuart Beach, Martin County",Surfing,Unprovoked,27.2150323,-80.175149,Galeocerdo cuvier,6235030691,30.25,29798.0,proximite_regionale,0,1,0,2026-04-25T11:55,https://www.gbif.org/occurrence/6235030691
3977,1998-09-14,1998,USA,Florida,"Stuart Beach, Martin County",Surfing,Unprovoked,27.2150323,-80.175149,Rhincodon typus,6253026970,356.19,30069.0,pas_de_proximite_100km,0,0,0,2026-04-27T07:00,https://www.gbif.org/occurrence/6253026970
3986,1998-11-14,1998,USA,Florida,"New Smyrna Beach, Volusia County",Surfing,Unprovoked,29.0258132,-80.9271271,Carcharhinus leucas,6133570230,11.63,29533.0,proximite_forte,2,2,2,2026-01-28T17:22:37,https://www.gbif.org/occurrence/6133570230
3986,1998-11-14,1998,USA,Florida,"New Smyrna Beach, Volusia County",Surfing,Unprovoked,29.0258132,-80.9271271,Carcharodon carcharias,6441095820,430.55,257.0,pas_de_proximite_100km,0,0,0,2026-03-27T20:47:37,https://www.gbif.org/occurrence/6441095820
3986,1998-11-14,1998,USA,Florida,"New Smyrna Beach, Volusia County",Surfing,Unprovoked,29.0258132,-80.9271271,Galeocerdo cuvier,6399953055,95.51,29433.0,proximite_regionale,0,1,0,2026-06-07T17:14:40,https://www.gbif.org/occurrence/6399953055
3986,1998-11-14,1998,USA,Florida,"New Smyrna Beach, Volusia County",Surfing,Unprovoked,29.0258132,-80.9271271,Rhincodon typus,6253026970,509.66,30069.0,pas_de_proximite_100km,0,0,0,2026-04-27T07:00,https://www.gbif.org/occurrence/6253026970
3988,1998-09-22,1998,USA,Florida,"New Smyrna Beach, Volusia County",Surfing,Unprovoked,29.0258132,-80.9271271,Carcharhinus leucas,6133570230,11.63,29533.0,proximite_forte,2,2,2,2026-01-28T17:22:37,https://www.gbif.org/occurrence/6133570230
3988,1998-09-22,1998,USA,Florida,"New Smyrna Beach, Volusia County",Surfing,Unprovoked,29.0258132,-80.9271271,Carcharodon carcharias,6441095820,430.55,257.0,pas_de_proximite_100km,0,0,0,2026-03-27T20:47:37,https://www.gbif.org/occurrence/6441095820
3988,1998-09-22,1998,USA,Florida,"New Smyrna Beach, Volusia County",Surfing,Unprovoked,29.0258132,-80.9271271,Galeocerdo cuvier,6399953055,95.51,29433.0,proximite_regionale,0,1,0,2026-06-07T17:14:40,https://www.gbif.org/occurrence/6399953055
3988,1998-09-22,1998,USA,Florida,"New Smyrna Beach, Volusia County",Surfing,Unprovoked,29.0258132,-80.9271271,Rhincodon typus,6253026970,509.66,30069.0,pas_de_proximite_100km,0,0,0,2026-04-27T07:00,https://www.gbif.org/occurrence/6253026970
3993,1998-05-25,1998,USA,Florida,"New Smyrna Beach, Volusia County",Surfing,Unprovoked,29.0258132,-80.9271271,Carcharhinus leucas,6133570230,11.63,29533.0,proximite_forte,2,2,2,2026-01-28T17:22:37,https://www.gbif.org/occurrence/6133570230
3993,1998-05-25,1998,USA,Florida,"New Smyrna Beach, Volusia County",Surfing,Unprovoked,29.0258132,-80.9271271,Carcharodon carcharias,6441095820,430.55,257.0,pas_de_proximite_100km,0,0,0,2026-03-27T20:47:37,https://www.gbif.org/occurrence/6441095820
3993,1998-05-25,1998,USA,Florida,"New Smyrna Beach, Volusia County",Surfing,Unprovoked,29.0258132,-80.9271271,Galeocerdo cuvier,6399953055,95.51,29433.0,proximite_regionale,0,1,0,2026-06-07T17:14:40,https://www.gbif.org/occurrence/6399953055
3993,1998-05-25,1998,USA,Florida,"New Smyrna Beach, Volusia County",Surfing,Unprovoked,29.0258132,-80.9271271,Rhincodon typus,6253026970,509.66,30069.0,pas_de_proximite_100km,0,0,0,2026-04-27T07:00,https://www.gbif.org/occurrence/6253026970
3995,1998-07-26,1998,BRAZIL,Pernambuco,"Boa Viagem, Recife",Surfing,Unprovoked,-8.1235027,-34.9033955,Carcharhinus leucas,6253288019,4992.74,31451.0,pas_de_proximite_100km,0,0,0,2026-04-26,https://www.gbif.org/occurrence/6253288019
3995,1998-07-26,1998,BRAZIL,Pernambuco,"Boa Viagem, Recife",Surfing,Unprovoked,-8.1235027,-34.9033955,Carcharodon carcharias,6147654727,6332.91,488.0,pas_de_proximite_100km,0,0,0,2026-01-31T19:40,https://www.gbif.org/occurrence/6147654727
3995,1998-07-26,1998,BRAZIL,Pernambuco,"Boa Viagem, Recife",Surfing,Unprovoked,-8.1235027,-34.9033955,Galeocerdo cuvier,5087661144,1763.49,30278.0,pas_de_proximite_100km,0,0,0,2025-03-08T07:14:31,https://www.gbif.org/occurrence/5087661144
3995,1998-07-26,1998,BRAZIL,Pernambuco,"Boa Viagem, Recife",Surfing,Unprovoked,-8.1235027,-34.9033955,Rhincodon typus,6252804893,1807.96,30237.0,pas_de_proximite_100km,0,0,0,2026-04-24T15:08,https://www.gbif.org/occurrence/6252804893
3998,1998-08-30,1998,USA,Florida,"Ponce Inlet, Volusia County",Surfing,Unprovoked,29.0963729,-80.9369983,Carcharhinus leucas,6133570230,8.03,29533.0,proximite_forte,2,2,2,2026-01-28T17:22:37,https://www.gbif.org/occurrence/6133570230
3998,1998-08-30,1998,USA,Florida,"Ponce Inlet, Volusia County",Surfing,Unprovoked,29.0963729,-80.9369983,Carcharodon carcharias,6441095820,423.19,257.0,pas_de_proximite_100km,0,0,0,2026-03-27T20:47:37,https://www.gbif.org/occurrence/6441095820
3998,1998-08-30,1998,USA,Florida,"Ponce Inlet, Volusia County",Surfing,Unprovoked,29.0963729,-80.9369983,Galeocerdo cuvier,6399953055,87.9,29433.0,proximite_regionale,0,1,0,2026-06-07T17:14:40,https://www.gbif.org/occurrence/6399953055
3998,1998-08-30,1998,USA,Florida,"Ponce Inlet, Volusia County",Surfing,Unprovoked,29.0963729,-80.9369983,Rhincodon typus,6253026970,517.01,30069.0,pas_de_proximite_100km,0,0,0,2026-04-27T07:00,https://www.gbif.org/occurrence/6253026970
3999,1998-06-08,1998,USA,Florida,"Daytona Beach, Volusia County",Surfing,Unprovoked,29.2108147,-81.0228331,Carcharhinus leucas,6133570230,19.73,29533.0,proximite_forte,2,2,2,2026-01-28T17:22:37,https://www.gbif.org/occurrence/6133570230
3999,1998-06-08,1998,USA,Florida,"Daytona Beach, Volusia County",Surfing,Unprovoked,29.2108147,-81.0228331,Carcharodon carcharias,6441095820,413.1,257.0,pas_de_proximite_100km,0,0,0,2026-03-27T20:47:37,https://www.gbif.org/occurrence/6441095820
3999,1998-06-08,1998,USA,Florida,"Daytona Beach, Volusia County",Surfing,Unprovoked,29.2108147,-81.0228331,Galeocerdo cuvier,6399953055,72.96,29433.0,proximite_regionale,0,1,0,2026-06-07T17:14:40,https://www.gbif.org/occurrence/6399953055
3999,1998-06-08,1998,USA,Florida,"Daytona Beach, Volusia County",Surfing,Unprovoked,29.2108147,-81.0228331,Rhincodon typus,6253026970,527.37,30069.0,pas_de_proximite_100km,0,0,0,2026-04-27T07:00,https://www.gbif.org/occurrence/6253026970
4000,1998-07-25,1998,USA,Florida,"New Smyrna Beach, Volusia County",Surfing,Unprovoked,29.0258132,-80.9271271,Carcharhinus leucas,6133570230,11.63,29533.0,proximite_forte,2,2,2,2026-01-28T17:22:37,https://www.gbif.org/occurrence/6133570230
4000,1998-07-25,1998,USA,Florida,"New Smyrna Beach, Volusia County",Surfing,Unprovoked,29.0258132,-80.9271271,Carcharodon carcharias,6441095820,430.55,257.0,pas_de_proximite_100km,0,0,0,2026-03-27T20:47:37,https://www.gbif.org/occurrence/6441095820
4000,1998-07-25,1998,USA,Florida,"New Smyrna Beach, Volusia County",Surfing,Unprovoked,29.0258132,-80.9271271,Galeocerdo cuvier,6399953055,95.51,29433.0,proximite_regionale,0,1,0,2026-06-07T17:14:40,https://www.gbif.org/occurrence/6399953055
4000,1998-07-25,1998,USA,Florida,"New Smyrna Beach, Volusia County",Surfing,Unprovoked,29.0258132,-80.9271271,Rhincodon typus,6253026970,509.66,30069.0,pas_de_proximite_100km,0,0,0,2026-04-27T07:00,https://www.gbif.org/occurrence/6253026970
4001,1999-10-30,1999,USA,Florida,"Daytona Beach, Volusia County",Body boarding,Unprovoked,29.2108147,-81.0228331,Carcharhinus leucas,6133570230,19.73,29533.0,proximite_forte,2,2,2,2026-01-28T17:22:37,https://www.gbif.org/occurrence/6133570230
4001,1999-10-30,1999,USA,Florida,"Daytona Beach, Volusia County",Body boarding,Unprovoked,29.2108147,-81.0228331,Carcharodon carcharias,6441095820,413.1,257.0,pas_de_proximite_100km,0,0,0,2026-03-27T20:47:37,https://www.gbif.org/occurrence/6441095820
4001,1999-10-30,1999,USA,Florida,"Daytona Beach, Volusia County",Body boarding,Unprovoked,29.2108147,-81.0228331,Galeocerdo cuvier,6399953055,72.96,29433.0,proximite_regionale,0,1,0,2026-06-07T17:14:40,https://www.gbif.org/occurrence/6399953055
4001,1999-10-30,1999,USA,Florida,"Daytona Beach, Volusia County",Body boarding,Unprovoked,29.2108147,-81.0228331,Rhincodon typus,6253026970,527.37,30069.0,pas_de_proximite_100km,0,0,0,2026-04-27T07:00,https://www.gbif.org/occurrence/6253026970
4022,1999-08-05,1999,USA,Florida,"New Smyrna Beach, Volusia County",Body surfing,Unprovoked,29.0258132,-80.9271271,Carcharhinus leucas,6133570230,11.63,29533.0,proximite_forte,2,2,2,2026-01-28T17:22:37,https://www.gbif.org/occurrence/6133570230
4022,1999-08-05,1999,USA,Florida,"New Smyrna Beach, Volusia County",Body surfing,Unprovoked,29.0258132,-80.9271271,Carcharodon carcharias,6441095820,430.55,257.0,pas_de_proximite_100km,0,0,0,2026-03-27T20:47:37,https://www.gbif.org/occurrence/6441095820
4022,1999-08-05,1999,USA,Florida,"New Smyrna Beach, Volusia County",Body surfing,Unprovoked,29.0258132,-80.9271271,Galeocerdo cuvier,6399953055,95.51,29433.0,proximite_regionale,0,1,0,2026-06-07T17:14:40,https://www.gbif.org/occurrence/6399953055
4022,1999-08-05,1999,USA,Florida,"New Smyrna Beach, Volusia County",Body surfing,Unprovoked,29.0258132,-80.9271271,Rhincodon typus,6253026970,509.66,30069.0,pas_de_proximite_100km,0,0,0,2026-04-27T07:00,https://www.gbif.org/occurrence/6253026970
4024,1999-09-04,1999,USA,Florida,"Ponce Inlet, Volusia County",Wading with surfboard,Unprovoked,29.0963729,-80.9369983,Carcharhinus leucas,6133570230,8.03,29533.0,proximite_forte,2,2,2,2026-01-28T17:22:37,https://www.gbif.org/occurrence/6133570230
4024,1999-09-04,1999,USA,Florida,"Ponce Inlet, Volusia County",Wading with surfboard,Unprovoked,29.0963729,-80.9369983,Carcharodon carcharias,6441095820,423.19,257.0,pas_de_proximite_100km,0,0,0,2026-03-27T20:47:37,https://www.gbif.org/occurrence/6441095820
4024,1999-09-04,1999,USA,Florida,"Ponce Inlet, Volusia County",Wading with surfboard,Unprovoked,29.0963729,-80.9369983,Galeocerdo cuvier,6399953055,87.9,29433.0,proximite_regionale,0,1,0,2026-06-07T17:14:40,https://www.gbif.org/occurrence/6399953055
4024,1999-09-04,1999,USA,Florida,"Ponce Inlet, Volusia County",Wading with surfboard,Unprovoked,29.0963729,-80.9369983,Rhincodon typus,6253026970,517.01,30069.0,pas_de_proximite_100km,0,0,0,2026-04-27T07:00,https://www.gbif.org/occurrence/6253026970
4026,1999-07-06,1999,USA,South Carolina,Charleston,Inconnue,Unprovoked,32.7884363,-79.9399309,Carcharhinus leucas,6130999421,416.72,29533.0,pas_de_proximite_100km,0,0,0,2026-01-17T15:30:29,https://www.gbif.org/occurrence/6130999421
4026,1999-07-06,1999,USA,South Carolina,Charleston,Inconnue,Unprovoked,32.7884363,-79.9399309,Carcharodon carcharias,6441095820,12.67,257.0,proximite_forte,1,1,0,2026-03-27T20:47:37,https://www.gbif.org/occurrence/6441095820
4026,1999-07-06,1999,USA,South Carolina,Charleston,Inconnue,Unprovoked,32.7884363,-79.9399309,Galeocerdo cuvier,6399752821,175.33,28902.0,pas_de_proximite_100km,0,0,0,2026-06-04T11:19,https://www.gbif.org/occurrence/6399752821
4026,1999-07-06,1999,USA,South Carolina,Charleston,Inconnue,Unprovoked,32.7884363,-79.9399309,Rhincodon typus,6253026970,938.31,30069.0,pas_de_proximite_100km,0,0,0,2026-04-27T07:00,https://www.gbif.org/occurrence/6253026970
4027,1999-11-30,1999,USA,Florida,"Palm Beach, Palm Beach County",Surfing,Unprovoked,26.7056172,-80.0361517,Carcharhinus leucas,6236555493,8.87,29822.0,proximite_forte,6,10,1,2026-04-22T14:46:47,https://www.gbif.org/occurrence/6236555493
4027,1999-11-30,1999,USA,Florida,"Palm Beach, Palm Beach County",Surfing,Unprovoked,26.7056172,-80.0361517,Carcharodon carcharias,6441095820,675.4,257.0,pas_de_proximite_100km,0,0,0,2026-03-27T20:47:37,https://www.gbif.org/occurrence/6441095820
4027,1999-11-30,1999,USA,Florida,"Palm Beach, Palm Beach County",Surfing,Unprovoked,26.7056172,-80.0361517,Galeocerdo cuvier,6235030691,28.29,29798.0,proximite_regionale,0,2,0,2026-04-25T11:55,https://www.gbif.org/occurrence/6235030691
4027,1999-11-30,1999,USA,Florida,"Palm Beach, Palm Beach County",Surfing,Unprovoked,26.7056172,-80.0361517,Rhincodon typus,6253026970,321.03,30069.0,pas_de_proximite_100km,0,0,0,2026-04-27T07:00,https://www.gbif.org/occurrence/6253026970
4045,1999-08-21,1999,USA,Florida,"Ponce Inlet, Volusia County",Surfing,Unprovoked,29.0963729,-80.9369983,Carcharhinus leucas,6133570230,8.03,29533.0,proximite_forte,2,2,2,2026-01-28T17:22:37,https://www.gbif.org/occurrence/6133570230
4045,1999-08-21,1999,USA,Florida,"Ponce Inlet, Volusia County",Surfing,Unprovoked,29.0963729,-80.9369983,Carcharodon carcharias,6441095820,423.19,257.0,pas_de_proximite_100km,0,0,0,2026-03-27T20:47:37,https://www.gbif.org/occurrence/6441095820
4045,1999-08-21,1999,USA,Florida,"Ponce Inlet, Volusia County",Surfing,Unprovoked,29.0963729,-80.9369983,Galeocerdo cuvier,6399953055,87.9,29433.0,proximite_regionale,0,1,0,2026-06-07T17:14:40,https://www.gbif.org/occurrence/6399953055
4045,1999-08-21,1999,USA,Florida,"Ponce Inlet, Volusia County",Surfing,Unprovoked,29.0963729,-80.9369983,Rhincodon typus,6253026970,517.01,30069.0,pas_de_proximite_100km,0,0,0,2026-04-27T07:00,https://www.gbif.org/occurrence/6253026970
4060,1999-12-26,1999,BRAZIL,Pernambuco,"Boa Viagem Beach, Recife",Surfing,Unprovoked,-8.1275681,-34.8976638,Carcharhinus leucas,6253288019,4992.19,31451.0,pas_de_proximite_100km,0,0,0,2026-04-26,https://www.gbif.org/occurrence/6253288019
4060,1999-12-26,1999,BRAZIL,Pernambuco,"Boa Viagem Beach, Recife",Surfing,Unprovoked,-8.1275681,-34.8976638,Carcharodon carcharias,6147654727,6332.13,488.0,pas_de_proximite_100km,0,0,0,2026-01-31T19:40,https://www.gbif.org/occurrence/6147654727
4060,1999-12-26,1999,BRAZIL,Pernambuco,"Boa Viagem Beach, Recife",Surfing,Unprovoked,-8.1275681,-34.8976638,Galeocerdo cuvier,5087661144,1763.34,30278.0,pas_de_proximite_100km,0,0,0,2025-03-08T07:14:31,https://www.gbif.org/occurrence/5087661144
4060,1999-12-26,1999,BRAZIL,Pernambuco,"Boa Viagem Beach, Recife",Surfing,Unprovoked,-8.1275681,-34.8976638,Rhincodon typus,6252804893,1807.81,30237.0,pas_de_proximite_100km,0,0,0,2026-04-24T15:08,https://www.gbif.org/occurrence/6252804893
4065,1999-05-01,1999,BRAZIL,Pernambuco,"Boa Viagem Beach, Recife",Surfing,Unprovoked,-8.1275681,-34.8976638,Carcharhinus leucas,6253288019,4992.19,31451.0,pas_de_proximite_100km,0,0,0,2026-04-26,https://www.gbif.org/occurrence/6253288019
4065,1999-05-01,1999,BRAZIL,Pernambuco,"Boa Viagem Beach, Recife",Surfing,Unprovoked,-8.1275681,-34.8976638,Carcharodon carcharias,6147654727,6332.13,488.0,pas_de_proximite_100km,0,0,0,2026-01-31T19:40,https://www.gbif.org/occurrence/6147654727
4065,1999-05-01,1999,BRAZIL,Pernambuco,"Boa Viagem Beach, Recife",Surfing,Unprovoked,-8.1275681,-34.8976638,Galeocerdo cuvier,5087661144,1763.34,30278.0,pas_de_proximite_100km,0,0,0,2025-03-08T07:14:31,https://www.gbif.org/occurrence/5087661144
4065,1999-05-01,1999,BRAZIL,Pernambuco,"Boa Viagem Beach, Recife",Surfing,Unprovoked,-8.1275681,-34.8976638,Rhincodon typus,6252804893,1807.81,30237.0,pas_de_proximite_100km,0,0,0,2026-04-24T15:08,https://www.gbif.org/occurrence/6252804893
4066,1999-09-10,1999,USA,South Carolina,"Isle of Palms, Charleston County",Wading,Unprovoked,32.7867697,-79.7880359,Carcharhinus leucas,6130999421,419.72,29533.0,pas_de_proximite_100km,0,0,0,2026-01-17T15:30:29,https://www.gbif.org/occurrence/6130999421
4066,1999-09-10,1999,USA,South Carolina,"Isle of Palms, Charleston County",Wading,Unprovoked,32.7867697,-79.7880359,Carcharodon carcharias,6441095820,1.98,257.0,proximite_forte,1,2,0,2026-03-27T20:47:37,https://www.gbif.org/occurrence/6441095820
4066,1999-09-10,1999,USA,South Carolina,"Isle of Palms, Charleston County",Wading,Unprovoked,32.7867697,-79.7880359,Galeocerdo cuvier,6399752821,165.62,28902.0,pas_de_proximite_100km,0,0,0,2026-06-04T11:19,https://www.gbif.org/occurrence/6399752821
4066,1999-09-10,1999,USA,South Carolina,"Isle of Palms, Charleston County",Wading,Unprovoked,32.7867697,-79.7880359,Rhincodon typus,6253026970,941.73,30069.0,pas_de_proximite_100km,0,0,0,2026-04-27T07:00,https://www.gbif.org/occurrence/6253026970
4069,2000-07-25,2000,USA,Florida,"New Smyrna Beach, Volusia County",Inconnue,Unprovoked,29.0258132,-80.9271271,Carcharhinus leucas,6133570230,11.63,29533.0,proximite_forte,2,2,2,2026-01-28T17:22:37,https://www.gbif.org/occurrence/6133570230
4069,2000-07-25,2000,USA,Florida,"New Smyrna Beach, Volusia County",Inconnue,Unprovoked,29.0258132,-80.9271271,Carcharodon carcharias,6441095820,430.55,257.0,pas_de_proximite_100km,0,0,0,2026-03-27T20:47:37,https://www.gbif.org/occurrence/6441095820
4069,2000-07-25,2000,USA,Florida,"New Smyrna Beach, Volusia County",Inconnue,Unprovoked,29.0258132,-80.9271271,Galeocerdo cuvier,6399953055,95.51,29433.0,proximite_regionale,0,1,0,2026-06-07T17:14:40,https://www.gbif.org/occurrence/6399953055
4069,2000-07-25,2000,USA,Florida,"New Smyrna Beach, Volusia County",Inconnue,Unprovoked,29.0258132,-80.9271271,Rhincodon typus,6253026970,509.66,30069.0,pas_de_proximite_100km,0,0,0,2026-04-27T07:00,https://www.gbif.org/occurrence/6253026970
4074,2000-09-08,2000,USA,Florida,"New Smyrna Beach, Volusia County",Wading,Unprovoked,29.0258132,-80.9271271,Carcharhinus leucas,6133570230,11.63,29533.0,proximite_forte,2,2,2,2026-01-28T17:22:37,https://www.gbif.org/occurrence/6133570230
4074,2000-09-08,2000,USA,Florida,"New Smyrna Beach, Volusia County",Wading,Unprovoked,29.0258132,-80.9271271,Carcharodon carcharias,6441095820,430.55,257.0,pas_de_proximite_100km,0,0,0,2026-03-27T20:47:37,https://www.gbif.org/occurrence/6441095820
4074,2000-09-08,2000,USA,Florida,"New Smyrna Beach, Volusia County",Wading,Unprovoked,29.0258132,-80.9271271,Galeocerdo cuvier,6399953055,95.51,29433.0,proximite_regionale,0,1,0,2026-06-07T17:14:40,https://www.gbif.org/occurrence/6399953055
4074,2000-09-08,2000,USA,Florida,"New Smyrna Beach, Volusia County",Wading,Unprovoked,29.0258132,-80.9271271,Rhincodon typus,6253026970,509.66,30069.0,pas_de_proximite_100km,0,0,0,2026-04-27T07:00,https://www.gbif.org/occurrence/6253026970
4079,2000-08-31,2000,USA,Florida,"New Smyrna Beach, Volusia County",Swimming,Unprovoked,29.0258132,-80.9271271,Carcharhinus leucas,6133570230,11.63,29533.0,proximite_forte,2,2,2,2026-01-28T17:22:37,https://www.gbif.org/occurrence/6133570230
4079,2000-08-31,2000,USA,Florida,"New Smyrna Beach, Volusia County",Swimming,Unprovoked,29.0258132,-80.9271271,Carcharodon carcharias,6441095820,430.55,257.0,pas_de_proximite_100km,0,0,0,2026-03-27T20:47:37,https://www.gbif.org/occurrence/6441095820
4079,2000-08-31,2000,USA,Florida,"New Smyrna Beach, Volusia County",Swimming,Unprovoked,29.0258132,-80.9271271,Galeocerdo cuvier,6399953055,95.51,29433.0,proximite_regionale,0,1,0,2026-06-07T17:14:40,https://www.gbif.org/occurrence/6399953055
4079,2000-08-31,2000,USA,Florida,"New Smyrna Beach, Volusia County",Swimming,Unprovoked,29.0258132,-80.9271271,Rhincodon typus,6253026970,509.66,30069.0,pas_de_proximite_100km,0,0,0,2026-04-27T07:00,https://www.gbif.org/occurrence/6253026970
4087,2000-02-21,2000,USA,Florida,"Riviera Beach, Palm Beach County",Inconnue,Unprovoked,26.784343,-80.0650293,Carcharhinus leucas,6236219201,10.16,29822.0,proximite_forte,7,10,1,2026-03-16T11:54:07,https://www.gbif.org/occurrence/6236219201
4087,2000-02-21,2000,USA,Florida,"Riviera Beach, Palm Beach County",Inconnue,Unprovoked,26.784343,-80.0650293,Carcharodon carcharias,6441095820,666.75,257.0,pas_de_proximite_100km,0,0,0,2026-03-27T20:47:37,https://www.gbif.org/occurrence/6441095820
4087,2000-02-21,2000,USA,Florida,"Riviera Beach, Palm Beach County",Inconnue,Unprovoked,26.784343,-80.0650293,Galeocerdo cuvier,6235030691,19.08,29798.0,proximite_forte,1,2,0,2026-04-25T11:55,https://www.gbif.org/occurrence/6235030691
4087,2000-02-21,2000,USA,Florida,"Riviera Beach, Palm Beach County",Inconnue,Unprovoked,26.784343,-80.0650293,Rhincodon typus,6253026970,325.53,30069.0,pas_de_proximite_100km,0,0,0,2026-04-27T07:00,https://www.gbif.org/occurrence/6253026970
4092,2000-09-10,2000,USA,Florida,"Vero Beach, Indian River County",Swimming,Unprovoked,27.6387163,-80.3975399,Carcharhinus leucas,6499859773,13.03,29704.0,proximite_forte,2,8,4,2026-07-14T11:25:55,https://www.gbif.org/occurrence/6499859773
4092,2000-09-10,2000,USA,Florida,"Vero Beach, Indian River County",Swimming,Unprovoked,27.6387163,-80.3975399,Carcharodon carcharias,6441095820,574.11,257.0,pas_de_proximite_100km,0,0,0,2026-03-27T20:47:37,https://www.gbif.org/occurrence/6441095820
4092,2000-09-10,2000,USA,Florida,"Vero Beach, Indian River County",Swimming,Unprovoked,27.6387163,-80.3975399,Galeocerdo cuvier,6235030691,81.45,29798.0,proximite_regionale,0,1,0,2026-04-25T11:55,https://www.gbif.org/occurrence/6235030691
4092,2000-09-10,2000,USA,Florida,"Vero Beach, Indian River County",Swimming,Unprovoked,27.6387163,-80.3975399,Rhincodon typus,6253026970,384.59,30069.0,pas_de_proximite_100km,0,0,0,2026-04-27T07:00,https://www.gbif.org/occurrence/6253026970
4097,2000-09-19,2000,AUSTRALIA,New South Wales,Wollongong,Fell onto dead shark,Provoked,-34.4278083,150.893054,Carcharhinus leucas,6481240461,68.91,17.0,proximite_regionale,0,1,0,2026-01-22T00:00,https://www.gbif.org/occurrence/6481240461
4097,2000-09-19,2000,AUSTRALIA,New South Wales,Wollongong,Fell onto dead shark,Provoked,-34.4278083,150.893054,Carcharodon carcharias,6159298926,181.24,,pas_de_proximite_100km,0,0,0,2026-02-03T04:38:07,https://www.gbif.org/occurrence/6159298926
4097,2000-09-19,2000,AUSTRALIA,New South Wales,Wollongong,Fell onto dead shark,Provoked,-34.4278083,150.893054,Galeocerdo cuvier,6133086834,732.01,5.0,pas_de_proximite_100km,0,0,0,2026-02-02T13:14:46,https://www.gbif.org/occurrence/6133086834
4097,2000-09-19,2000,AUSTRALIA,New South Wales,Wollongong,Fell onto dead shark,Provoked,-34.4278083,150.893054,Rhincodon typus,6235620031,2070.27,28818.0,pas_de_proximite_100km,0,0,0,2026-02-19T12:26,https://www.gbif.org/occurrence/6235620031
4106,2000-07-16,2000,SOUTH AFRICA,Eastern Cape Province,"Nahoon, East London",Surfing,Unprovoked,-32.9729225,27.9244827,Carcharhinus leucas,6130149287,354.37,29330.0,pas_de_proximite_100km,0,0,0,2026-01-10T07:45:33,https://www.gbif.org/occurrence/6130149287
4106,2000-07-16,2000,SOUTH AFRICA,Eastern Cape Province,"Nahoon, East London",Surfing,Unprovoked,-32.9729225,27.9244827,Carcharodon carcharias,6480081628,24.5,29039.0,proximite_forte,1,2,0,2026-01-19T13:45:33,https://www.gbif.org/occurrence/6480081628
4106,2000-07-16,2000,SOUTH AFRICA,Eastern Cape Province,"Nahoon, East London",Surfing,Unprovoked,-32.9729225,27.9244827,Galeocerdo cuvier,5206523433,817.6,29798.0,pas_de_proximite_100km,0,0,0,2025-03-25T01:26:01,https://www.gbif.org/occurrence/5206523433
4106,2000-07-16,2000,SOUTH AFRICA,Eastern Cape Province,"Nahoon, East London",Surfing,Unprovoked,-32.9729225,27.9244827,Rhincodon typus,6352311338,1668.43,1358701.0,pas_de_proximite_100km,0,0,0,2026-05-28,https://www.gbif.org/occurrence/6352311338
4108,2000-09-11,2000,USA,Florida,"Daytona Beach Shores, Volusia County",Swimming / Body surfing,Unprovoked,29.1760933,-80.9828323,Carcharhinus leucas,6133570230,14.37,29533.0,proximite_forte,2,2,2,2026-01-28T17:22:37,https://www.gbif.org/occurrence/6133570230
4108,2000-09-11,2000,USA,Florida,"Daytona Beach Shores, Volusia County",Swimming / Body surfing,Unprovoked,29.1760933,-80.9828323,Carcharodon carcharias,6441095820,415.77,257.0,pas_de_proximite_100km,0,0,0,2026-03-27T20:47:37,https://www.gbif.org/occurrence/6441095820
4108,2000-09-11,2000,USA,Florida,"Daytona Beach Shores, Volusia County",Swimming / Body surfing,Unprovoked,29.1760933,-80.9828323,Galeocerdo cuvier,6399953055,78.0,29433.0,proximite_regionale,0,1,0,2026-06-07T17:14:40,https://www.gbif.org/occurrence/6399953055
4108,2000-09-11,2000,USA,Florida,"Daytona Beach Shores, Volusia County",Swimming / Body surfing,Unprovoked,29.1760933,-80.9828323,Rhincodon typus,6253026970,524.52,30069.0,pas_de_proximite_100km,0,0,0,2026-04-27T07:00,https://www.gbif.org/occurrence/6253026970
4116,2000-09-16,2000,USA,South Carolina,"Isle of Palms, Charleston County",Inconnue,Unprovoked,32.7867697,-79.7880359,Carcharhinus leucas,6130999421,419.72,29533.0,pas_de_proximite_100km,0,0,0,2026-01-17T15:30:29,https://www.gbif.org/occurrence/6130999421
4116,2000-09-16,2000,USA,South Carolina,"Isle of Palms, Charleston County",Inconnue,Unprovoked,32.7867697,-79.7880359,Carcharodon carcharias,6441095820,1.98,257.0,proximite_forte,1,2,0,2026-03-27T20:47:37,https://www.gbif.org/occurrence/6441095820
4116,2000-09-16,2000,USA,South Carolina,"Isle of Palms, Charleston County",Inconnue,Unprovoked,32.7867697,-79.7880359,Galeocerdo cuvier,6399752821,165.62,28902.0,pas_de_proximite_100km,0,0,0,2026-06-04T11:19,https://www.gbif.org/occurrence/6399752821
4116,2000-09-16,2000,USA,South Carolina,"Isle of Palms, Charleston County",Inconnue,Unprovoked,32.7867697,-79.7880359,Rhincodon typus,6253026970,941.73,30069.0,pas_de_proximite_100km,0,0,0,2026-04-27T07:00,https://www.gbif.org/occurrence/6253026970
4120,2000-10-06,2000,USA,Florida,"New Smyrna Beach, Volusia County",Surfing,Unprovoked,29.0258132,-80.9271271,Carcharhinus leucas,6133570230,11.63,29533.0,proximite_forte,2,2,2,2026-01-28T17:22:37,https://www.gbif.org/occurrence/6133570230
4120,2000-10-06,2000,USA,Florida,"New Smyrna Beach, Volusia County",Surfing,Unprovoked,29.0258132,-80.9271271,Carcharodon carcharias,6441095820,430.55,257.0,pas_de_proximite_100km,0,0,0,2026-03-27T20:47:37,https://www.gbif.org/occurrence/6441095820
4120,2000-10-06,2000,USA,Florida,"New Smyrna Beach, Volusia County",Surfing,Unprovoked,29.0258132,-80.9271271,Galeocerdo cuvier,6399953055,95.51,29433.0,proximite_regionale,0,1,0,2026-06-07T17:14:40,https://www.gbif.org/occurrence/6399953055
4120,2000-10-06,2000,USA,Florida,"New Smyrna Beach, Volusia County",Surfing,Unprovoked,29.0258132,-80.9271271,Rhincodon typus,6253026970,509.66,30069.0,pas_de_proximite_100km,0,0,0,2026-04-27T07:00,https://www.gbif.org/occurrence/6253026970
4122,2000-08-10,2000,USA,Florida,Florida Keys,Attempting to illegally enter the USA,Invalid,24.6736205,-81.4981792,Carcharhinus leucas,6273845090,7.22,30047.0,proximite_forte,2,5,3,2026-04-24T11:59,https://www.gbif.org/occurrence/6273845090
4122,2000-08-10,2000,USA,Florida,Florida Keys,Attempting to illegally enter the USA,Invalid,24.6736205,-81.4981792,Carcharodon carcharias,6400039718,825.73,49.0,pas_de_proximite_100km,0,0,0,2026-02-25T14:55,https://www.gbif.org/occurrence/6400039718
4122,2000-08-10,2000,USA,Florida,Florida Keys,Attempting to illegally enter the USA,Invalid,24.6736205,-81.4981792,Galeocerdo cuvier,5133758058,53.51,30025.0,proximite_regionale,0,1,0,2025-03-01T13:40,https://www.gbif.org/occurrence/5133758058
4122,2000-08-10,2000,USA,Florida,Florida Keys,Attempting to illegally enter the USA,Invalid,24.6736205,-81.4981792,Rhincodon typus,6253026970,72.94,30069.0,proximite_regionale,0,1,0,2026-04-27T07:00,https://www.gbif.org/occurrence/6253026970
4125,2000-06-09,2000,USA,Alabama,"Gulf Shores, Baldwin County",Swimming,Unprovoked,30.2711224,-87.6893826,Carcharhinus leucas,6441992985,33.59,29382.0,proximite_regionale,0,4,1,2026-07-01T19:21:05,https://www.gbif.org/occurrence/6441992985
4125,2000-06-09,2000,USA,Alabama,"Gulf Shores, Baldwin County",Swimming,Unprovoked,30.2711224,-87.6893826,Carcharodon carcharias,6400039718,80.15,49.0,proximite_regionale,0,1,1,2026-02-25T14:55,https://www.gbif.org/occurrence/6400039718
4125,2000-06-09,2000,USA,Alabama,"Gulf Shores, Baldwin County",Swimming,Unprovoked,30.2711224,-87.6893826,Galeocerdo cuvier,6399625675,110.2,29382.0,pas_de_proximite_100km,0,0,0,2026-05-18T11:02:32,https://www.gbif.org/occurrence/6399625675
4125,2000-06-09,2000,USA,Alabama,"Gulf Shores, Baldwin County",Swimming,Unprovoked,30.2711224,-87.6893826,Rhincodon typus,6178385871,404.43,29751.0,pas_de_proximite_100km,0,0,0,2026-03-06T11:12:50,https://www.gbif.org/occurrence/6178385871
4138,2000-10-06,2000,USA,Florida,"New Smyrna Beach, Volusia County",Body surfing,Unprovoked,29.0258132,-80.9271271,Carcharhinus leucas,6133570230,11.63,29533.0,proximite_forte,2,2,2,2026-01-28T17:22:37,https://www.gbif.org/occurrence/6133570230
4138,2000-10-06,2000,USA,Florida,"New Smyrna Beach, Volusia County",Body surfing,Unprovoked,29.0258132,-80.9271271,Carcharodon carcharias,6441095820,430.55,257.0,pas_de_proximite_100km,0,0,0,2026-03-27T20:47:37,https://www.gbif.org/occurrence/6441095820
4138,2000-10-06,2000,USA,Florida,"New Smyrna Beach, Volusia County",Body surfing,Unprovoked,29.0258132,-80.9271271,Galeocerdo cuvier,6399953055,95.51,29433.0,proximite_regionale,0,1,0,2026-06-07T17:14:40,https://www.gbif.org/occurrence/6399953055
4138,2000-10-06,2000,USA,Florida,"New Smyrna Beach, Volusia County",Body surfing,Unprovoked,29.0258132,-80.9271271,Rhincodon typus,6253026970,509.66,30069.0,pas_de_proximite_100km,0,0,0,2026-04-27T07:00,https://www.gbif.org/occurrence/6253026970
4148,2000-06-09,2000,USA,Alabama,"Gulf Shores, Baldwin County",Swimming,Unprovoked,30.2711224,-87.6893826,Carcharhinus leucas,6441992985,33.59,29382.0,proximite_regionale,0,4,1,2026-07-01T19:21:05,https://www.gbif.org/occurrence/6441992985
4148,2000-06-09,2000,USA,Alabama,"Gulf Shores, Baldwin County",Swimming,Unprovoked,30.2711224,-87.6893826,Carcharodon carcharias,6400039718,80.15,49.0,proximite_regionale,0,1,1,2026-02-25T14:55,https://www.gbif.org/occurrence/6400039718
4148,2000-06-09,2000,USA,Alabama,"Gulf Shores, Baldwin County",Swimming,Unprovoked,30.2711224,-87.6893826,Galeocerdo cuvier,6399625675,110.2,29382.0,pas_de_proximite_100km,0,0,0,2026-05-18T11:02:32,https://www.gbif.org/occurrence/6399625675
4148,2000-06-09,2000,USA,Alabama,"Gulf Shores, Baldwin County",Swimming,Unprovoked,30.2711224,-87.6893826,Rhincodon typus,6178385871,404.43,29751.0,pas_de_proximite_100km,0,0,0,2026-03-06T11:12:50,https://www.gbif.org/occurrence/6178385871
4149,2000-03-26,2000,USA,Florida,"Juno Beach, Palm Beach County",Boogie boarding,Unprovoked,26.8815475,-80.0539253,Carcharhinus leucas,6236036723,0.69,29798.0,proximite_forte,5,11,2,2026-03-27T15:00,https://www.gbif.org/occurrence/6236036723
4149,2000-03-26,2000,USA,Florida,"Juno Beach, Palm Beach County",Boogie boarding,Unprovoked,26.8815475,-80.0539253,Carcharodon carcharias,6441095820,655.91,257.0,pas_de_proximite_100km,0,0,0,2026-03-27T20:47:37,https://www.gbif.org/occurrence/6441095820
4149,2000-03-26,2000,USA,Florida,"Juno Beach, Palm Beach County",Boogie boarding,Unprovoked,26.8815475,-80.0539253,Galeocerdo cuvier,6235030691,10.35,29798.0,proximite_forte,1,2,0,2026-04-25T11:55,https://www.gbif.org/occurrence/6235030691
4149,2000-03-26,2000,USA,Florida,"Juno Beach, Palm Beach County",Boogie boarding,Unprovoked,26.8815475,-80.0539253,Rhincodon typus,6253026970,334.38,30069.0,pas_de_proximite_100km,0,0,0,2026-04-27T07:00,https://www.gbif.org/occurrence/6253026970
4153,2000-06-13,2000,USA,Florida,"Pensacola Bay, Escambia County",Sailing,Watercraft,30.388064,-87.1876779,Carcharhinus leucas,6470427141,22.49,29382.0,proximite_forte,1,4,1,2026-07-05T17:40:05,https://www.gbif.org/occurrence/6470427141
4153,2000-06-13,2000,USA,Florida,"Pensacola Bay, Escambia County",Sailing,Watercraft,30.388064,-87.1876779,Carcharodon carcharias,6400039718,31.11,49.0,proximite_regionale,0,1,1,2026-02-25T14:55,https://www.gbif.org/occurrence/6400039718
4153,2000-06-13,2000,USA,Florida,"Pensacola Bay, Escambia County",Sailing,Watercraft,30.388064,-87.1876779,Galeocerdo cuvier,6399625675,63.37,29382.0,proximite_regionale,0,2,1,2026-05-18T11:02:32,https://www.gbif.org/occurrence/6399625675
4153,2000-06-13,2000,USA,Florida,"Pensacola Bay, Escambia County",Sailing,Watercraft,30.388064,-87.1876779,Rhincodon typus,6178385871,444.77,29751.0,pas_de_proximite_100km,0,0,0,2026-03-06T11:12:50,https://www.gbif.org/occurrence/6178385871
4154,2000-07-04,2000,USA,Florida,"Daytona Beach, Volusia County",Wading,Unprovoked,29.2108147,-81.0228331,Carcharhinus leucas,6133570230,19.73,29533.0,proximite_forte,2,2,2,2026-01-28T17:22:37,https://www.gbif.org/occurrence/6133570230
4154,2000-07-04,2000,USA,Florida,"Daytona Beach, Volusia County",Wading,Unprovoked,29.2108147,-81.0228331,Carcharodon carcharias,6441095820,413.1,257.0,pas_de_proximite_100km,0,0,0,2026-03-27T20:47:37,https://www.gbif.org/occurrence/6441095820
4154,2000-07-04,2000,USA,Florida,"Daytona Beach, Volusia County",Wading,Unprovoked,29.2108147,-81.0228331,Galeocerdo cuvier,6399953055,72.96,29433.0,proximite_regionale,0,1,0,2026-06-07T17:14:40,https://www.gbif.org/occurrence/6399953055
4154,2000-07-04,2000,USA,Florida,"Daytona Beach, Volusia County",Wading,Unprovoked,29.2108147,-81.0228331,Rhincodon typus,6253026970,527.37,30069.0,pas_de_proximite_100km,0,0,0,2026-04-27T07:00,https://www.gbif.org/occurrence/6253026970
4167,2001-08-18,2001,USA,Florida,"New Smyrna Beach, Volusia County",Surfing,Unprovoked,29.0258132,-80.9271271,Carcharhinus leucas,6133570230,11.63,29533.0,proximite_forte,2,2,2,2026-01-28T17:22:37,https://www.gbif.org/occurrence/6133570230
4167,2001-08-18,2001,USA,Florida,"New Smyrna Beach, Volusia County",Surfing,Unprovoked,29.0258132,-80.9271271,Carcharodon carcharias,6441095820,430.55,257.0,pas_de_proximite_100km,0,0,0,2026-03-27T20:47:37,https://www.gbif.org/occurrence/6441095820
4167,2001-08-18,2001,USA,Florida,"New Smyrna Beach, Volusia County",Surfing,Unprovoked,29.0258132,-80.9271271,Galeocerdo cuvier,6399953055,95.51,29433.0,proximite_regionale,0,1,0,2026-06-07T17:14:40,https://www.gbif.org/occurrence/6399953055
4167,2001-08-18,2001,USA,Florida,"New Smyrna Beach, Volusia County",Surfing,Unprovoked,29.0258132,-80.9271271,Rhincodon typus,6253026970,509.66,30069.0,pas_de_proximite_100km,0,0,0,2026-04-27T07:00,https://www.gbif.org/occurrence/6253026970
4170,2001-09-18,2001,USA,Florida,"New Smyrna Beach, Volusia County",Surfing,Unprovoked,29.0258132,-80.9271271,Carcharhinus leucas,6133570230,11.63,29533.0,proximite_forte,2,2,2,2026-01-28T17:22:37,https://www.gbif.org/occurrence/6133570230
4170,2001-09-18,2001,USA,Florida,"New Smyrna Beach, Volusia County",Surfing,Unprovoked,29.0258132,-80.9271271,Carcharodon carcharias,6441095820,430.55,257.0,pas_de_proximite_100km,0,0,0,2026-03-27T20:47:37,https://www.gbif.org/occurrence/6441095820
4170,2001-09-18,2001,USA,Florida,"New Smyrna Beach, Volusia County",Surfing,Unprovoked,29.0258132,-80.9271271,Galeocerdo cuvier,6399953055,95.51,29433.0,proximite_regionale,0,1,0,2026-06-07T17:14:40,https://www.gbif.org/occurrence/6399953055
4170,2001-09-18,2001,USA,Florida,"New Smyrna Beach, Volusia County",Surfing,Unprovoked,29.0258132,-80.9271271,Rhincodon typus,6253026970,509.66,30069.0,pas_de_proximite_100km,0,0,0,2026-04-27T07:00,https://www.gbif.org/occurrence/6253026970
4172,2001-04-12,2001,USA,Florida,"New Smyrna Beach, Volusia County",Surfing,Unprovoked,29.0258132,-80.9271271,Carcharhinus leucas,6133570230,11.63,29533.0,proximite_forte,2,2,2,2026-01-28T17:22:37,https://www.gbif.org/occurrence/6133570230
4172,2001-04-12,2001,USA,Florida,"New Smyrna Beach, Volusia County",Surfing,Unprovoked,29.0258132,-80.9271271,Carcharodon carcharias,6441095820,430.55,257.0,pas_de_proximite_100km,0,0,0,2026-03-27T20:47:37,https://www.gbif.org/occurrence/6441095820
4172,2001-04-12,2001,USA,Florida,"New Smyrna Beach, Volusia County",Surfing,Unprovoked,29.0258132,-80.9271271,Galeocerdo cuvier,6399953055,95.51,29433.0,proximite_regionale,0,1,0,2026-06-07T17:14:40,https://www.gbif.org/occurrence/6399953055
4172,2001-04-12,2001,USA,Florida,"New Smyrna Beach, Volusia County",Surfing,Unprovoked,29.0258132,-80.9271271,Rhincodon typus,6253026970,509.66,30069.0,pas_de_proximite_100km,0,0,0,2026-04-27T07:00,https://www.gbif.org/occurrence/6253026970
4173,2001-07-03,2001,USA,South Carolina,"Isle of Palms, Charleston County",Inconnue,Unprovoked,32.7867697,-79.7880359,Carcharhinus leucas,6130999421,419.72,29533.0,pas_de_proximite_100km,0,0,0,2026-01-17T15:30:29,https://www.gbif.org/occurrence/6130999421
4173,2001-07-03,2001,USA,South Carolina,"Isle of Palms, Charleston County",Inconnue,Unprovoked,32.7867697,-79.7880359,Carcharodon carcharias,6441095820,1.98,257.0,proximite_forte,1,2,0,2026-03-27T20:47:37,https://www.gbif.org/occurrence/6441095820
4173,2001-07-03,2001,USA,South Carolina,"Isle of Palms, Charleston County",Inconnue,Unprovoked,32.7867697,-79.7880359,Galeocerdo cuvier,6399752821,165.62,28902.0,pas_de_proximite_100km,0,0,0,2026-06-04T11:19,https://www.gbif.org/occurrence/6399752821
4173,2001-07-03,2001,USA,South Carolina,"Isle of Palms, Charleston County",Inconnue,Unprovoked,32.7867697,-79.7880359,Rhincodon typus,6253026970,941.73,30069.0,pas_de_proximite_100km,0,0,0,2026-04-27T07:00,https://www.gbif.org/occurrence/6253026970
4191,2001-08-19,2001,USA,Florida,"New Smyrna Beach, Volusia County",Surfing,Unprovoked,29.0258132,-80.9271271,Carcharhinus leucas,6133570230,11.63,29533.0,proximite_forte,2,2,2,2026-01-28T17:22:37,https://www.gbif.org/occurrence/6133570230
4191,2001-08-19,2001,USA,Florida,"New Smyrna Beach, Volusia County",Surfing,Unprovoked,29.0258132,-80.9271271,Carcharodon carcharias,6441095820,430.55,257.0,pas_de_proximite_100km,0,0,0,2026-03-27T20:47:37,https://www.gbif.org/occurrence/6441095820
4191,2001-08-19,2001,USA,Florida,"New Smyrna Beach, Volusia County",Surfing,Unprovoked,29.0258132,-80.9271271,Galeocerdo cuvier,6399953055,95.51,29433.0,proximite_regionale,0,1,0,2026-06-07T17:14:40,https://www.gbif.org/occurrence/6399953055
4191,2001-08-19,2001,USA,Florida,"New Smyrna Beach, Volusia County",Surfing,Unprovoked,29.0258132,-80.9271271,Rhincodon typus,6253026970,509.66,30069.0,pas_de_proximite_100km,0,0,0,2026-04-27T07:00,https://www.gbif.org/occurrence/6253026970
4192,2001-04-10,2001,USA,Florida,"New Smyrna Beach, Volusia County",Surfing,Unprovoked,29.0258132,-80.9271271,Carcharhinus leucas,6133570230,11.63,29533.0,proximite_forte,2,2,2,2026-01-28T17:22:37,https://www.gbif.org/occurrence/6133570230
4192,2001-04-10,2001,USA,Florida,"New Smyrna Beach, Volusia County",Surfing,Unprovoked,29.0258132,-80.9271271,Carcharodon carcharias,6441095820,430.55,257.0,pas_de_proximite_100km,0,0,0,2026-03-27T20:47:37,https://www.gbif.org/occurrence/6441095820
4192,2001-04-10,2001,USA,Florida,"New Smyrna Beach, Volusia County",Surfing,Unprovoked,29.0258132,-80.9271271,Galeocerdo cuvier,6399953055,95.51,29433.0,proximite_regionale,0,1,0,2026-06-07T17:14:40,https://www.gbif.org/occurrence/6399953055
4192,2001-04-10,2001,USA,Florida,"New Smyrna Beach, Volusia County",Surfing,Unprovoked,29.0258132,-80.9271271,Rhincodon typus,6253026970,509.66,30069.0,pas_de_proximite_100km,0,0,0,2026-04-27T07:00,https://www.gbif.org/occurrence/6253026970
4204,2001-08-21,2001,USA,Florida,"New Smyrna Beach, Volusia County",Surfing,Unprovoked,29.0258132,-80.9271271,Carcharhinus leucas,6133570230,11.63,29533.0,proximite_forte,2,2,2,2026-01-28T17:22:37,https://www.gbif.org/occurrence/6133570230
4204,2001-08-21,2001,USA,Florida,"New Smyrna Beach, Volusia County",Surfing,Unprovoked,29.0258132,-80.9271271,Carcharodon carcharias,6441095820,430.55,257.0,pas_de_proximite_100km,0,0,0,2026-03-27T20:47:37,https://www.gbif.org/occurrence/6441095820
4204,2001-08-21,2001,USA,Florida,"New Smyrna Beach, Volusia County",Surfing,Unprovoked,29.0258132,-80.9271271,Galeocerdo cuvier,6399953055,95.51,29433.0,proximite_regionale,0,1,0,2026-06-07T17:14:40,https://www.gbif.org/occurrence/6399953055
4204,2001-08-21,2001,USA,Florida,"New Smyrna Beach, Volusia County",Surfing,Unprovoked,29.0258132,-80.9271271,Rhincodon typus,6253026970,509.66,30069.0,pas_de_proximite_100km,0,0,0,2026-04-27T07:00,https://www.gbif.org/occurrence/6253026970
4205,2001-04-12,2001,USA,Florida,"New Smyrna Beach, Volusia County",Body boarding,Unprovoked,29.0258132,-80.9271271,Carcharhinus leucas,6133570230,11.63,29533.0,proximite_forte,2,2,2,2026-01-28T17:22:37,https://www.gbif.org/occurrence/6133570230
4205,2001-04-12,2001,USA,Florida,"New Smyrna Beach, Volusia County",Body boarding,Unprovoked,29.0258132,-80.9271271,Carcharodon carcharias,6441095820,430.55,257.0,pas_de_proximite_100km,0,0,0,2026-03-27T20:47:37,https://www.gbif.org/occurrence/6441095820
4205,2001-04-12,2001,USA,Florida,"New Smyrna Beach, Volusia County",Body boarding,Unprovoked,29.0258132,-80.9271271,Galeocerdo cuvier,6399953055,95.51,29433.0,proximite_regionale,0,1,0,2026-06-07T17:14:40,https://www.gbif.org/occurrence/6399953055
4205,2001-04-12,2001,USA,Florida,"New Smyrna Beach, Volusia County",Body boarding,Unprovoked,29.0258132,-80.9271271,Rhincodon typus,6253026970,509.66,30069.0,pas_de_proximite_100km,0,0,0,2026-04-27T07:00,https://www.gbif.org/occurrence/6253026970
4208,2001-08-18,2001,USA,Florida,"New Smyrna Beach, Volusia County",Surfing,Unprovoked,29.0258132,-80.9271271,Carcharhinus leucas,6133570230,11.63,29533.0,proximite_forte,2,2,2,2026-01-28T17:22:37,https://www.gbif.org/occurrence/6133570230
4208,2001-08-18,2001,USA,Florida,"New Smyrna Beach, Volusia County",Surfing,Unprovoked,29.0258132,-80.9271271,Carcharodon carcharias,6441095820,430.55,257.0,pas_de_proximite_100km,0,0,0,2026-03-27T20:47:37,https://www.gbif.org/occurrence/6441095820
4208,2001-08-18,2001,USA,Florida,"New Smyrna Beach, Volusia County",Surfing,Unprovoked,29.0258132,-80.9271271,Galeocerdo cuvier,6399953055,95.51,29433.0,proximite_regionale,0,1,0,2026-06-07T17:14:40,https://www.gbif.org/occurrence/6399953055
4208,2001-08-18,2001,USA,Florida,"New Smyrna Beach, Volusia County",Surfing,Unprovoked,29.0258132,-80.9271271,Rhincodon typus,6253026970,509.66,30069.0,pas_de_proximite_100km,0,0,0,2026-04-27T07:00,https://www.gbif.org/occurrence/6253026970
4210,2001-09-24,2001,USA,Florida,"Ponce Inlet, Volusia County","Surfing, fell off surfboard & stepped on the shark.",Provoked,29.0963729,-80.9369983,Carcharhinus leucas,6133570230,8.03,29533.0,proximite_forte,2,2,2,2026-01-28T17:22:37,https://www.gbif.org/occurrence/6133570230
4210,2001-09-24,2001,USA,Florida,"Ponce Inlet, Volusia County","Surfing, fell off surfboard & stepped on the shark.",Provoked,29.0963729,-80.9369983,Carcharodon carcharias,6441095820,423.19,257.0,pas_de_proximite_100km,0,0,0,2026-03-27T20:47:37,https://www.gbif.org/occurrence/6441095820
4210,2001-09-24,2001,USA,Florida,"Ponce Inlet, Volusia County","Surfing, fell off surfboard & stepped on the shark.",Provoked,29.0963729,-80.9369983,Galeocerdo cuvier,6399953055,87.9,29433.0,proximite_regionale,0,1,0,2026-06-07T17:14:40,https://www.gbif.org/occurrence/6399953055
4210,2001-09-24,2001,USA,Florida,"Ponce Inlet, Volusia County","Surfing, fell off surfboard & stepped on the shark.",Provoked,29.0963729,-80.9369983,Rhincodon typus,6253026970,517.01,30069.0,pas_de_proximite_100km,0,0,0,2026-04-27T07:00,https://www.gbif.org/occurrence/6253026970
4212,2001-04-12,2001,USA,Florida,"New Smyrna Beach, Volusia County",Surfing,Unprovoked,29.0258132,-80.9271271,Carcharhinus leucas,6133570230,11.63,29533.0,proximite_forte,2,2,2,2026-01-28T17:22:37,https://www.gbif.org/occurrence/6133570230
4212,2001-04-12,2001,USA,Florida,"New Smyrna Beach, Volusia County",Surfing,Unprovoked,29.0258132,-80.9271271,Carcharodon carcharias,6441095820,430.55,257.0,pas_de_proximite_100km,0,0,0,2026-03-27T20:47:37,https://www.gbif.org/occurrence/6441095820
4212,2001-04-12,2001,USA,Florida,"New Smyrna Beach, Volusia County",Surfing,Unprovoked,29.0258132,-80.9271271,Galeocerdo cuvier,6399953055,95.51,29433.0,proximite_regionale,0,1,0,2026-06-07T17:14:40,https://www.gbif.org/occurrence/6399953055
4212,2001-04-12,2001,USA,Florida,"New Smyrna Beach, Volusia County",Surfing,Unprovoked,29.0258132,-80.9271271,Rhincodon typus,6253026970,509.66,30069.0,pas_de_proximite_100km,0,0,0,2026-04-27T07:00,https://www.gbif.org/occurrence/6253026970
4215,2001-08-18,2001,USA,Florida,"New Smyrna Beach, Volusia County",Surfing,Unprovoked,29.0258132,-80.9271271,Carcharhinus leucas,6133570230,11.63,29533.0,proximite_forte,2,2,2,2026-01-28T17:22:37,https://www.gbif.org/occurrence/6133570230
4215,2001-08-18,2001,USA,Florida,"New Smyrna Beach, Volusia County",Surfing,Unprovoked,29.0258132,-80.9271271,Carcharodon carcharias,6441095820,430.55,257.0,pas_de_proximite_100km,0,0,0,2026-03-27T20:47:37,https://www.gbif.org/occurrence/6441095820
4215,2001-08-18,2001,USA,Florida,"New Smyrna Beach, Volusia County",Surfing,Unprovoked,29.0258132,-80.9271271,Galeocerdo cuvier,6399953055,95.51,29433.0,proximite_regionale,0,1,0,2026-06-07T17:14:40,https://www.gbif.org/occurrence/6399953055
4215,2001-08-18,2001,USA,Florida,"New Smyrna Beach, Volusia County",Surfing,Unprovoked,29.0258132,-80.9271271,Rhincodon typus,6253026970,509.66,30069.0,pas_de_proximite_100km,0,0,0,2026-04-27T07:00,https://www.gbif.org/occurrence/6253026970
4218,2001-04-11,2001,USA,Florida,"New Smyrna Beach, Volusia County",Surfing,Unprovoked,29.0258132,-80.9271271,Carcharhinus leucas,6133570230,11.63,29533.0,proximite_forte,2,2,2,2026-01-28T17:22:37,https://www.gbif.org/occurrence/6133570230
4218,2001-04-11,2001,USA,Florida,"New Smyrna Beach, Volusia County",Surfing,Unprovoked,29.0258132,-80.9271271,Carcharodon carcharias,6441095820,430.55,257.0,pas_de_proximite_100km,0,0,0,2026-03-27T20:47:37,https://www.gbif.org/occurrence/6441095820
4218,2001-04-11,2001,USA,Florida,"New Smyrna Beach, Volusia County",Surfing,Unprovoked,29.0258132,-80.9271271,Galeocerdo cuvier,6399953055,95.51,29433.0,proximite_regionale,0,1,0,2026-06-07T17:14:40,https://www.gbif.org/occurrence/6399953055
4218,2001-04-11,2001,USA,Florida,"New Smyrna Beach, Volusia County",Surfing,Unprovoked,29.0258132,-80.9271271,Rhincodon typus,6253026970,509.66,30069.0,pas_de_proximite_100km,0,0,0,2026-04-27T07:00,https://www.gbif.org/occurrence/6253026970
4219,2001-04-13,2001,USA,Florida,"New Smyrna Beach, Volusia County",Surfing,Unprovoked,29.0258132,-80.9271271,Carcharhinus leucas,6133570230,11.63,29533.0,proximite_forte,2,2,2,2026-01-28T17:22:37,https://www.gbif.org/occurrence/6133570230
4219,2001-04-13,2001,USA,Florida,"New Smyrna Beach, Volusia County",Surfing,Unprovoked,29.0258132,-80.9271271,Carcharodon carcharias,6441095820,430.55,257.0,pas_de_proximite_100km,0,0,0,2026-03-27T20:47:37,https://www.gbif.org/occurrence/6441095820
4219,2001-04-13,2001,USA,Florida,"New Smyrna Beach, Volusia County",Surfing,Unprovoked,29.0258132,-80.9271271,Galeocerdo cuvier,6399953055,95.51,29433.0,proximite_regionale,0,1,0,2026-06-07T17:14:40,https://www.gbif.org/occurrence/6399953055
4219,2001-04-13,2001,USA,Florida,"New Smyrna Beach, Volusia County",Surfing,Unprovoked,29.0258132,-80.9271271,Rhincodon typus,6253026970,509.66,30069.0,pas_de_proximite_100km,0,0,0,2026-04-27T07:00,https://www.gbif.org/occurrence/6253026970
4221,2001-08-19,2001,USA,Florida,"New Smyrna Beach, Volusia County",Surfing,Unprovoked,29.0258132,-80.9271271,Carcharhinus leucas,6133570230,11.63,29533.0,proximite_forte,2,2,2,2026-01-28T17:22:37,https://www.gbif.org/occurrence/6133570230
4221,2001-08-19,2001,USA,Florida,"New Smyrna Beach, Volusia County",Surfing,Unprovoked,29.0258132,-80.9271271,Carcharodon carcharias,6441095820,430.55,257.0,pas_de_proximite_100km,0,0,0,2026-03-27T20:47:37,https://www.gbif.org/occurrence/6441095820
4221,2001-08-19,2001,USA,Florida,"New Smyrna Beach, Volusia County",Surfing,Unprovoked,29.0258132,-80.9271271,Galeocerdo cuvier,6399953055,95.51,29433.0,proximite_regionale,0,1,0,2026-06-07T17:14:40,https://www.gbif.org/occurrence/6399953055
4221,2001-08-19,2001,USA,Florida,"New Smyrna Beach, Volusia County",Surfing,Unprovoked,29.0258132,-80.9271271,Rhincodon typus,6253026970,509.66,30069.0,pas_de_proximite_100km,0,0,0,2026-04-27T07:00,https://www.gbif.org/occurrence/6253026970
4223,2001-03-03,2001,BRAZIL,Pernambuco,"Boa Viagem Beach, Recife",Swimming,Unprovoked,-8.1275681,-34.8976638,Carcharhinus leucas,6253288019,4992.19,31451.0,pas_de_proximite_100km,0,0,0,2026-04-26,https://www.gbif.org/occurrence/6253288019
4223,2001-03-03,2001,BRAZIL,Pernambuco,"Boa Viagem Beach, Recife",Swimming,Unprovoked,-8.1275681,-34.8976638,Carcharodon carcharias,6147654727,6332.13,488.0,pas_de_proximite_100km,0,0,0,2026-01-31T19:40,https://www.gbif.org/occurrence/6147654727
4223,2001-03-03,2001,BRAZIL,Pernambuco,"Boa Viagem Beach, Recife",Swimming,Unprovoked,-8.1275681,-34.8976638,Galeocerdo cuvier,5087661144,1763.34,30278.0,pas_de_proximite_100km,0,0,0,2025-03-08T07:14:31,https://www.gbif.org/occurrence/5087661144
4223,2001-03-03,2001,BRAZIL,Pernambuco,"Boa Viagem Beach, Recife",Swimming,Unprovoked,-8.1275681,-34.8976638,Rhincodon typus,6252804893,1807.81,30237.0,pas_de_proximite_100km,0,0,0,2026-04-24T15:08,https://www.gbif.org/occurrence/6252804893
4227,2001-07-26,2001,USA,South Carolina,"Myrtle Beach, Horry County",Inconnue,Unprovoked,33.6956461,-78.8900409,Carcharhinus leucas,6130999421,541.07,29533.0,pas_de_proximite_100km,0,0,0,2026-01-17T15:30:29,https://www.gbif.org/occurrence/6130999421
4227,2001-07-26,2001,USA,South Carolina,"Myrtle Beach, Horry County",Inconnue,Unprovoked,33.6956461,-78.8900409,Carcharodon carcharias,6479594785,36.6,53267.0,proximite_regionale,0,1,0,2026-07-14T07:15:20,https://www.gbif.org/occurrence/6479594785
4227,2001-07-26,2001,USA,South Carolina,"Myrtle Beach, Horry County",Inconnue,Unprovoked,33.6956461,-78.8900409,Galeocerdo cuvier,6399752821,35.29,28902.0,proximite_regionale,0,1,0,2026-06-04T11:19,https://www.gbif.org/occurrence/6399752821
4227,2001-07-26,2001,USA,South Carolina,"Myrtle Beach, Horry County",Inconnue,Unprovoked,33.6956461,-78.8900409,Rhincodon typus,6253026970,1062.68,30069.0,pas_de_proximite_100km,0,0,0,2026-04-27T07:00,https://www.gbif.org/occurrence/6253026970
4233,2001-08-27,2001,USA,Florida,"New Smyrna Beach, Volusia County",Wading,Unprovoked,29.0258132,-80.9271271,Carcharhinus leucas,6133570230,11.63,29533.0,proximite_forte,2,2,2,2026-01-28T17:22:37,https://www.gbif.org/occurrence/6133570230
4233,2001-08-27,2001,USA,Florida,"New Smyrna Beach, Volusia County",Wading,Unprovoked,29.0258132,-80.9271271,Carcharodon carcharias,6441095820,430.55,257.0,pas_de_proximite_100km,0,0,0,2026-03-27T20:47:37,https://www.gbif.org/occurrence/6441095820
4233,2001-08-27,2001,USA,Florida,"New Smyrna Beach, Volusia County",Wading,Unprovoked,29.0258132,-80.9271271,Galeocerdo cuvier,6399953055,95.51,29433.0,proximite_regionale,0,1,0,2026-06-07T17:14:40,https://www.gbif.org/occurrence/6399953055
4233,2001-08-27,2001,USA,Florida,"New Smyrna Beach, Volusia County",Wading,Unprovoked,29.0258132,-80.9271271,Rhincodon typus,6253026970,509.66,30069.0,pas_de_proximite_100km,0,0,0,2026-04-27T07:00,https://www.gbif.org/occurrence/6253026970
4238,2001-04-28,2001,USA,Florida,"New Smyrna Beach, Volusia County",Boogie boarding,Unprovoked,29.0258132,-80.9271271,Carcharhinus leucas,6133570230,11.63,29533.0,proximite_forte,2,2,2,2026-01-28T17:22:37,https://www.gbif.org/occurrence/6133570230
4238,2001-04-28,2001,USA,Florida,"New Smyrna Beach, Volusia County",Boogie boarding,Unprovoked,29.0258132,-80.9271271,Carcharodon carcharias,6441095820,430.55,257.0,pas_de_proximite_100km,0,0,0,2026-03-27T20:47:37,https://www.gbif.org/occurrence/6441095820
4238,2001-04-28,2001,USA,Florida,"New Smyrna Beach, Volusia County",Boogie boarding,Unprovoked,29.0258132,-80.9271271,Galeocerdo cuvier,6399953055,95.51,29433.0,proximite_regionale,0,1,0,2026-06-07T17:14:40,https://www.gbif.org/occurrence/6399953055
4238,2001-04-28,2001,USA,Florida,"New Smyrna Beach, Volusia County",Boogie boarding,Unprovoked,29.0258132,-80.9271271,Rhincodon typus,6253026970,509.66,30069.0,pas_de_proximite_100km,0,0,0,2026-04-27T07:00,https://www.gbif.org/occurrence/6253026970
4240,2001-08-26,2001,USA,Florida,"New Smyrna Beach, Volusia County",Boogie Boarding,Unprovoked,29.0258132,-80.9271271,Carcharhinus leucas,6133570230,11.63,29533.0,proximite_forte,2,2,2,2026-01-28T17:22:37,https://www.gbif.org/occurrence/6133570230
4240,2001-08-26,2001,USA,Florida,"New Smyrna Beach, Volusia County",Boogie Boarding,Unprovoked,29.0258132,-80.9271271,Carcharodon carcharias,6441095820,430.55,257.0,pas_de_proximite_100km,0,0,0,2026-03-27T20:47:37,https://www.gbif.org/occurrence/6441095820
4240,2001-08-26,2001,USA,Florida,"New Smyrna Beach, Volusia County",Boogie Boarding,Unprovoked,29.0258132,-80.9271271,Galeocerdo cuvier,6399953055,95.51,29433.0,proximite_regionale,0,1,0,2026-06-07T17:14:40,https://www.gbif.org/occurrence/6399953055
4240,2001-08-26,2001,USA,Florida,"New Smyrna Beach, Volusia County",Boogie Boarding,Unprovoked,29.0258132,-80.9271271,Rhincodon typus,6253026970,509.66,30069.0,pas_de_proximite_100km,0,0,0,2026-04-27T07:00,https://www.gbif.org/occurrence/6253026970
4243,2001-05-08,2001,SOUTH AFRICA,Eastern Cape Province,East London,Surfing,Unprovoked,-33.0191604,27.8998573,Carcharhinus leucas,6130149287,359.6,29330.0,pas_de_proximite_100km,0,0,0,2026-01-10T07:45:33,https://www.gbif.org/occurrence/6130149287
4243,2001-05-08,2001,SOUTH AFRICA,Eastern Cape Province,East London,Surfing,Unprovoked,-33.0191604,27.8998573,Carcharodon carcharias,6480081628,26.7,29039.0,proximite_regionale,0,2,0,2026-01-19T13:45:33,https://www.gbif.org/occurrence/6480081628
4243,2001-05-08,2001,SOUTH AFRICA,Eastern Cape Province,East London,Surfing,Unprovoked,-33.0191604,27.8998573,Galeocerdo cuvier,5206523433,823.1,29798.0,pas_de_proximite_100km,0,0,0,2025-03-25T01:26:01,https://www.gbif.org/occurrence/5206523433
4243,2001-05-08,2001,SOUTH AFRICA,Eastern Cape Province,East London,Surfing,Unprovoked,-33.0191604,27.8998573,Rhincodon typus,6352311338,1674.04,1358701.0,pas_de_proximite_100km,0,0,0,2026-05-28,https://www.gbif.org/occurrence/6352311338
4245,2001-04-13,2001,USA,Florida,"New Smyrna Beach, Volusia County",Surfing,Unprovoked,29.0258132,-80.9271271,Carcharhinus leucas,6133570230,11.63,29533.0,proximite_forte,2,2,2,2026-01-28T17:22:37,https://www.gbif.org/occurrence/6133570230
4245,2001-04-13,2001,USA,Florida,"New Smyrna Beach, Volusia County",Surfing,Unprovoked,29.0258132,-80.9271271,Carcharodon carcharias,6441095820,430.55,257.0,pas_de_proximite_100km,0,0,0,2026-03-27T20:47:37,https://www.gbif.org/occurrence/6441095820
4245,2001-04-13,2001,USA,Florida,"New Smyrna Beach, Volusia County",Surfing,Unprovoked,29.0258132,-80.9271271,Galeocerdo cuvier,6399953055,95.51,29433.0,proximite_regionale,0,1,0,2026-06-07T17:14:40,https://www.gbif.org/occurrence/6399953055
4245,2001-04-13,2001,USA,Florida,"New Smyrna Beach, Volusia County",Surfing,Unprovoked,29.0258132,-80.9271271,Rhincodon typus,6253026970,509.66,30069.0,pas_de_proximite_100km,0,0,0,2026-04-27T07:00,https://www.gbif.org/occurrence/6253026970
4249,2001-08-25,2001,USA,Florida,"New Smyrna Beach, Volusia County",Boogie Boarding,Unprovoked,29.0258132,-80.9271271,Carcharhinus leucas,6133570230,11.63,29533.0,proximite_forte,2,2,2,2026-01-28T17:22:37,https://www.gbif.org/occurrence/6133570230
4249,2001-08-25,2001,USA,Florida,"New Smyrna Beach, Volusia County",Boogie Boarding,Unprovoked,29.0258132,-80.9271271,Carcharodon carcharias,6441095820,430.55,257.0,pas_de_proximite_100km,0,0,0,2026-03-27T20:47:37,https://www.gbif.org/occurrence/6441095820
4249,2001-08-25,2001,USA,Florida,"New Smyrna Beach, Volusia County",Boogie Boarding,Unprovoked,29.0258132,-80.9271271,Galeocerdo cuvier,6399953055,95.51,29433.0,proximite_regionale,0,1,0,2026-06-07T17:14:40,https://www.gbif.org/occurrence/6399953055
4249,2001-08-25,2001,USA,Florida,"New Smyrna Beach, Volusia County",Boogie Boarding,Unprovoked,29.0258132,-80.9271271,Rhincodon typus,6253026970,509.66,30069.0,pas_de_proximite_100km,0,0,0,2026-04-27T07:00,https://www.gbif.org/occurrence/6253026970
4255,2001-05-03,2001,USA,Florida,"Jacksonville, Duval County",Surfing,Unprovoked,30.3262247,-81.6579179,Carcharhinus leucas,6133570230,155.87,29533.0,pas_de_proximite_100km,0,0,0,2026-01-28T17:22:37,https://www.gbif.org/occurrence/6133570230
4255,2001-05-03,2001,USA,Florida,"Jacksonville, Duval County",Surfing,Unprovoked,30.3262247,-81.6579179,Carcharodon carcharias,6441095820,324.09,257.0,pas_de_proximite_100km,0,0,0,2026-03-27T20:47:37,https://www.gbif.org/occurrence/6441095820
4255,2001-05-03,2001,USA,Florida,"Jacksonville, Duval County",Surfing,Unprovoked,30.3262247,-81.6579179,Galeocerdo cuvier,6399953055,65.96,29433.0,proximite_regionale,0,1,0,2026-06-07T17:14:40,https://www.gbif.org/occurrence/6399953055
4255,2001-05-03,2001,USA,Florida,"Jacksonville, Duval County",Surfing,Unprovoked,30.3262247,-81.6579179,Rhincodon typus,6253026970,640.37,30069.0,pas_de_proximite_100km,0,0,0,2026-04-27T07:00,https://www.gbif.org/occurrence/6253026970
4258,2002-08-14,2002,USA,Florida,"New Smyrna Beach, Volusia County",Surfing,Unprovoked,29.0258132,-80.9271271,Carcharhinus leucas,6133570230,11.63,29533.0,proximite_forte,2,2,2,2026-01-28T17:22:37,https://www.gbif.org/occurrence/6133570230
4258,2002-08-14,2002,USA,Florida,"New Smyrna Beach, Volusia County",Surfing,Unprovoked,29.0258132,-80.9271271,Carcharodon carcharias,6441095820,430.55,257.0,pas_de_proximite_100km,0,0,0,2026-03-27T20:47:37,https://www.gbif.org/occurrence/6441095820
4258,2002-08-14,2002,USA,Florida,"New Smyrna Beach, Volusia County",Surfing,Unprovoked,29.0258132,-80.9271271,Galeocerdo cuvier,6399953055,95.51,29433.0,proximite_regionale,0,1,0,2026-06-07T17:14:40,https://www.gbif.org/occurrence/6399953055
4258,2002-08-14,2002,USA,Florida,"New Smyrna Beach, Volusia County",Surfing,Unprovoked,29.0258132,-80.9271271,Rhincodon typus,6253026970,509.66,30069.0,pas_de_proximite_100km,0,0,0,2026-04-27T07:00,https://www.gbif.org/occurrence/6253026970
4259,2002-03-19,2002,USA,Florida,"Daytona Beach Shores, Volusia County",Swimming /  boogie boarding,Unprovoked,29.1760933,-80.9828323,Carcharhinus leucas,6133570230,14.37,29533.0,proximite_forte,2,2,2,2026-01-28T17:22:37,https://www.gbif.org/occurrence/6133570230
4259,2002-03-19,2002,USA,Florida,"Daytona Beach Shores, Volusia County",Swimming /  boogie boarding,Unprovoked,29.1760933,-80.9828323,Carcharodon carcharias,6441095820,415.77,257.0,pas_de_proximite_100km,0,0,0,2026-03-27T20:47:37,https://www.gbif.org/occurrence/6441095820
4259,2002-03-19,2002,USA,Florida,"Daytona Beach Shores, Volusia County",Swimming /  boogie boarding,Unprovoked,29.1760933,-80.9828323,Galeocerdo cuvier,6399953055,78.0,29433.0,proximite_regionale,0,1,0,2026-06-07T17:14:40,https://www.gbif.org/occurrence/6399953055
4259,2002-03-19,2002,USA,Florida,"Daytona Beach Shores, Volusia County",Swimming /  boogie boarding,Unprovoked,29.1760933,-80.9828323,Rhincodon typus,6253026970,524.52,30069.0,pas_de_proximite_100km,0,0,0,2026-04-27T07:00,https://www.gbif.org/occurrence/6253026970
4265,2002-03-25,2002,USA,Florida,"Cocoa Beach, Brevard County",Wading,Unprovoked,28.3184107,-80.6094959,Carcharhinus leucas,6234759244,43.15,29680.0,proximite_regionale,0,5,5,2026-04-17T20:49,https://www.gbif.org/occurrence/6234759244
4265,2002-03-25,2002,USA,Florida,"Cocoa Beach, Brevard County",Wading,Unprovoked,28.3184107,-80.6094959,Carcharodon carcharias,6441095820,501.64,257.0,pas_de_proximite_100km,0,0,0,2026-03-27T20:47:37,https://www.gbif.org/occurrence/6441095820
4265,2002-03-25,2002,USA,Florida,"Cocoa Beach, Brevard County",Wading,Unprovoked,28.3184107,-80.6094959,Galeocerdo cuvier,6235030691,159.76,29798.0,pas_de_proximite_100km,0,0,0,2026-04-25T11:55,https://www.gbif.org/occurrence/6235030691
4265,2002-03-25,2002,USA,Florida,"Cocoa Beach, Brevard County",Wading,Unprovoked,28.3184107,-80.6094959,Rhincodon typus,6253026970,444.43,30069.0,pas_de_proximite_100km,0,0,0,2026-04-27T07:00,https://www.gbif.org/occurrence/6253026970
4266,2002-06-09,2002,USA,Florida,"Jensen Beach, Martin County",Swimming,Unprovoked,27.2379528,-80.2389899,Carcharhinus leucas,6235914464,33.11,29798.0,proximite_regionale,0,13,4,2026-03-27T15:00,https://www.gbif.org/occurrence/6235914464
4266,2002-06-09,2002,USA,Florida,"Jensen Beach, Martin County",Swimming,Unprovoked,27.2379528,-80.2389899,Carcharodon carcharias,6441095820,617.26,257.0,pas_de_proximite_100km,0,0,0,2026-03-27T20:47:37,https://www.gbif.org/occurrence/6441095820
4266,2002-06-09,2002,USA,Florida,"Jensen Beach, Martin County",Swimming,Unprovoked,27.2379528,-80.2389899,Galeocerdo cuvier,6235030691,34.23,29798.0,proximite_regionale,0,1,0,2026-04-25T11:55,https://www.gbif.org/occurrence/6235030691
4266,2002-06-09,2002,USA,Florida,"Jensen Beach, Martin County",Swimming,Unprovoked,27.2379528,-80.2389899,Rhincodon typus,6253026970,354.67,30069.0,pas_de_proximite_100km,0,0,0,2026-04-27T07:00,https://www.gbif.org/occurrence/6253026970
4277,2002-09-09,2002,USA,Florida,"Ponce Inlet, New Smyrna Beach, Volusia County",Boogie boarding,Unprovoked,29.0645699,-80.915154,Carcharhinus leucas,6133570230,7.65,29533.0,proximite_forte,2,2,2,2026-01-28T17:22:37,https://www.gbif.org/occurrence/6133570230
4277,2002-09-09,2002,USA,Florida,"Ponce Inlet, New Smyrna Beach, Volusia County",Boogie boarding,Unprovoked,29.0645699,-80.915154,Carcharodon carcharias,6441095820,426.09,257.0,pas_de_proximite_100km,0,0,0,2026-03-27T20:47:37,https://www.gbif.org/occurrence/6441095820
4277,2002-09-09,2002,USA,Florida,"Ponce Inlet, New Smyrna Beach, Volusia County",Boogie boarding,Unprovoked,29.0645699,-80.915154,Galeocerdo cuvier,6399953055,91.99,29433.0,proximite_regionale,0,1,0,2026-06-07T17:14:40,https://www.gbif.org/occurrence/6399953055
4277,2002-09-09,2002,USA,Florida,"Ponce Inlet, New Smyrna Beach, Volusia County",Boogie boarding,Unprovoked,29.0645699,-80.915154,Rhincodon typus,6253026970,514.12,30069.0,pas_de_proximite_100km,0,0,0,2026-04-27T07:00,https://www.gbif.org/occurrence/6253026970
4279,2002-03-24,2002,BRAZIL,Pernambuco,"Boa Viagem Beach, Recife",Swimming,Unprovoked,-8.1275681,-34.8976638,Carcharhinus leucas,6253288019,4992.19,31451.0,pas_de_proximite_100km,0,0,0,2026-04-26,https://www.gbif.org/occurrence/6253288019
4279,2002-03-24,2002,BRAZIL,Pernambuco,"Boa Viagem Beach, Recife",Swimming,Unprovoked,-8.1275681,-34.8976638,Carcharodon carcharias,6147654727,6332.13,488.0,pas_de_proximite_100km,0,0,0,2026-01-31T19:40,https://www.gbif.org/occurrence/6147654727
4279,2002-03-24,2002,BRAZIL,Pernambuco,"Boa Viagem Beach, Recife",Swimming,Unprovoked,-8.1275681,-34.8976638,Galeocerdo cuvier,5087661144,1763.34,30278.0,pas_de_proximite_100km,0,0,0,2025-03-08T07:14:31,https://www.gbif.org/occurrence/5087661144
4279,2002-03-24,2002,BRAZIL,Pernambuco,"Boa Viagem Beach, Recife",Swimming,Unprovoked,-8.1275681,-34.8976638,Rhincodon typus,6252804893,1807.81,30237.0,pas_de_proximite_100km,0,0,0,2026-04-24T15:08,https://www.gbif.org/occurrence/6252804893
4283,2002-10-05,2002,USA,Florida,"New Smyrna Beach, Volusia County",Surfing,Unprovoked,29.0258132,-80.9271271,Carcharhinus leucas,6133570230,11.63,29533.0,proximite_forte,2,2,2,2026-01-28T17:22:37,https://www.gbif.org/occurrence/6133570230
4283,2002-10-05,2002,USA,Florida,"New Smyrna Beach, Volusia County",Surfing,Unprovoked,29.0258132,-80.9271271,Carcharodon carcharias,6441095820,430.55,257.0,pas_de_proximite_100km,0,0,0,2026-03-27T20:47:37,https://www.gbif.org/occurrence/6441095820
4283,2002-10-05,2002,USA,Florida,"New Smyrna Beach, Volusia County",Surfing,Unprovoked,29.0258132,-80.9271271,Galeocerdo cuvier,6399953055,95.51,29433.0,proximite_regionale,0,1,0,2026-06-07T17:14:40,https://www.gbif.org/occurrence/6399953055
4283,2002-10-05,2002,USA,Florida,"New Smyrna Beach, Volusia County",Surfing,Unprovoked,29.0258132,-80.9271271,Rhincodon typus,6253026970,509.66,30069.0,pas_de_proximite_100km,0,0,0,2026-04-27T07:00,https://www.gbif.org/occurrence/6253026970
4284,2002-10-05,2002,USA,Florida,"New Smyrna Beach, Volusia County",Surfing,Unprovoked,29.0258132,-80.9271271,Carcharhinus leucas,6133570230,11.63,29533.0,proximite_forte,2,2,2,2026-01-28T17:22:37,https://www.gbif.org/occurrence/6133570230
4284,2002-10-05,2002,USA,Florida,"New Smyrna Beach, Volusia County",Surfing,Unprovoked,29.0258132,-80.9271271,Carcharodon carcharias,6441095820,430.55,257.0,pas_de_proximite_100km,0,0,0,2026-03-27T20:47:37,https://www.gbif.org/occurrence/6441095820
4284,2002-10-05,2002,USA,Florida,"New Smyrna Beach, Volusia County",Surfing,Unprovoked,29.0258132,-80.9271271,Galeocerdo cuvier,6399953055,95.51,29433.0,proximite_regionale,0,1,0,2026-06-07T17:14:40,https://www.gbif.org/occurrence/6399953055
4284,2002-10-05,2002,USA,Florida,"New Smyrna Beach, Volusia County",Surfing,Unprovoked,29.0258132,-80.9271271,Rhincodon typus,6253026970,509.66,30069.0,pas_de_proximite_100km,0,0,0,2026-04-27T07:00,https://www.gbif.org/occurrence/6253026970
4287,2002-11-11,2002,USA,Florida,"Ponce Inlet, New Smyrna Beach, Volusia County",Surfing,Unprovoked,29.0645699,-80.915154,Carcharhinus leucas,6133570230,7.65,29533.0,proximite_forte,2,2,2,2026-01-28T17:22:37,https://www.gbif.org/occurrence/6133570230
4287,2002-11-11,2002,USA,Florida,"Ponce Inlet, New Smyrna Beach, Volusia County",Surfing,Unprovoked,29.0645699,-80.915154,Carcharodon carcharias,6441095820,426.09,257.0,pas_de_proximite_100km,0,0,0,2026-03-27T20:47:37,https://www.gbif.org/occurrence/6441095820
4287,2002-11-11,2002,USA,Florida,"Ponce Inlet, New Smyrna Beach, Volusia County",Surfing,Unprovoked,29.0645699,-80.915154,Galeocerdo cuvier,6399953055,91.99,29433.0,proximite_regionale,0,1,0,2026-06-07T17:14:40,https://www.gbif.org/occurrence/6399953055
4287,2002-11-11,2002,USA,Florida,"Ponce Inlet, New Smyrna Beach, Volusia County",Surfing,Unprovoked,29.0645699,-80.915154,Rhincodon typus,6253026970,514.12,30069.0,pas_de_proximite_100km,0,0,0,2026-04-27T07:00,https://www.gbif.org/occurrence/6253026970
4288,2002-03-15,2002,USA,Florida,"New Smyrna Beach, Volusia County",Surfing,Unprovoked,29.0258132,-80.9271271,Carcharhinus leucas,6133570230,11.63,29533.0,proximite_forte,2,2,2,2026-01-28T17:22:37,https://www.gbif.org/occurrence/6133570230
4288,2002-03-15,2002,USA,Florida,"New Smyrna Beach, Volusia County",Surfing,Unprovoked,29.0258132,-80.9271271,Carcharodon carcharias,6441095820,430.55,257.0,pas_de_proximite_100km,0,0,0,2026-03-27T20:47:37,https://www.gbif.org/occurrence/6441095820
4288,2002-03-15,2002,USA,Florida,"New Smyrna Beach, Volusia County",Surfing,Unprovoked,29.0258132,-80.9271271,Galeocerdo cuvier,6399953055,95.51,29433.0,proximite_regionale,0,1,0,2026-06-07T17:14:40,https://www.gbif.org/occurrence/6399953055
4288,2002-03-15,2002,USA,Florida,"New Smyrna Beach, Volusia County",Surfing,Unprovoked,29.0258132,-80.9271271,Rhincodon typus,6253026970,509.66,30069.0,pas_de_proximite_100km,0,0,0,2026-04-27T07:00,https://www.gbif.org/occurrence/6253026970
4290,2002-06-20,2002,USA,Florida,"New Smyrna Beach, Volusia County",Swimming,Unprovoked,29.0258132,-80.9271271,Carcharhinus leucas,6133570230,11.63,29533.0,proximite_forte,2,2,2,2026-01-28T17:22:37,https://www.gbif.org/occurrence/6133570230
4290,2002-06-20,2002,USA,Florida,"New Smyrna Beach, Volusia County",Swimming,Unprovoked,29.0258132,-80.9271271,Carcharodon carcharias,6441095820,430.55,257.0,pas_de_proximite_100km,0,0,0,2026-03-27T20:47:37,https://www.gbif.org/occurrence/6441095820
4290,2002-06-20,2002,USA,Florida,"New Smyrna Beach, Volusia County",Swimming,Unprovoked,29.0258132,-80.9271271,Galeocerdo cuvier,6399953055,95.51,29433.0,proximite_regionale,0,1,0,2026-06-07T17:14:40,https://www.gbif.org/occurrence/6399953055
4290,2002-06-20,2002,USA,Florida,"New Smyrna Beach, Volusia County",Swimming,Unprovoked,29.0258132,-80.9271271,Rhincodon typus,6253026970,509.66,30069.0,pas_de_proximite_100km,0,0,0,2026-04-27T07:00,https://www.gbif.org/occurrence/6253026970
4299,2002-12-01,2002,BRAZIL,Pernambuco,"Boa Viagem Beach, Recife",Surfing,Unprovoked,-8.1275681,-34.8976638,Carcharhinus leucas,6253288019,4992.19,31451.0,pas_de_proximite_100km,0,0,0,2026-04-26,https://www.gbif.org/occurrence/6253288019
4299,2002-12-01,2002,BRAZIL,Pernambuco,"Boa Viagem Beach, Recife",Surfing,Unprovoked,-8.1275681,-34.8976638,Carcharodon carcharias,6147654727,6332.13,488.0,pas_de_proximite_100km,0,0,0,2026-01-31T19:40,https://www.gbif.org/occurrence/6147654727
4299,2002-12-01,2002,BRAZIL,Pernambuco,"Boa Viagem Beach, Recife",Surfing,Unprovoked,-8.1275681,-34.8976638,Galeocerdo cuvier,5087661144,1763.34,30278.0,pas_de_proximite_100km,0,0,0,2025-03-08T07:14:31,https://www.gbif.org/occurrence/5087661144
4299,2002-12-01,2002,BRAZIL,Pernambuco,"Boa Viagem Beach, Recife",Surfing,Unprovoked,-8.1275681,-34.8976638,Rhincodon typus,6252804893,1807.81,30237.0,pas_de_proximite_100km,0,0,0,2026-04-24T15:08,https://www.gbif.org/occurrence/6252804893
4300,2002-08-11,2002,USA,Florida,"Vero Beach, Indian River County",Surfing,Unprovoked,27.6387163,-80.3975399,Carcharhinus leucas,6499859773,13.03,29704.0,proximite_forte,2,8,4,2026-07-14T11:25:55,https://www.gbif.org/occurrence/6499859773
4300,2002-08-11,2002,USA,Florida,"Vero Beach, Indian River County",Surfing,Unprovoked,27.6387163,-80.3975399,Carcharodon carcharias,6441095820,574.11,257.0,pas_de_proximite_100km,0,0,0,2026-03-27T20:47:37,https://www.gbif.org/occurrence/6441095820
4300,2002-08-11,2002,USA,Florida,"Vero Beach, Indian River County",Surfing,Unprovoked,27.6387163,-80.3975399,Galeocerdo cuvier,6235030691,81.45,29798.0,proximite_regionale,0,1,0,2026-04-25T11:55,https://www.gbif.org/occurrence/6235030691
4300,2002-08-11,2002,USA,Florida,"Vero Beach, Indian River County",Surfing,Unprovoked,27.6387163,-80.3975399,Rhincodon typus,6253026970,384.59,30069.0,pas_de_proximite_100km,0,0,0,2026-04-27T07:00,https://www.gbif.org/occurrence/6253026970
4301,2002-07-26,2002,USA,South Carolina,"Myrtle Beach, Horry County",Surfing,Unprovoked,33.6956461,-78.8900409,Carcharhinus leucas,6130999421,541.07,29533.0,pas_de_proximite_100km,0,0,0,2026-01-17T15:30:29,https://www.gbif.org/occurrence/6130999421
4301,2002-07-26,2002,USA,South Carolina,"Myrtle Beach, Horry County",Surfing,Unprovoked,33.6956461,-78.8900409,Carcharodon carcharias,6479594785,36.6,53267.0,proximite_regionale,0,1,0,2026-07-14T07:15:20,https://www.gbif.org/occurrence/6479594785
4301,2002-07-26,2002,USA,South Carolina,"Myrtle Beach, Horry County",Surfing,Unprovoked,33.6956461,-78.8900409,Galeocerdo cuvier,6399752821,35.29,28902.0,proximite_regionale,0,1,0,2026-06-04T11:19,https://www.gbif.org/occurrence/6399752821
4301,2002-07-26,2002,USA,South Carolina,"Myrtle Beach, Horry County",Surfing,Unprovoked,33.6956461,-78.8900409,Rhincodon typus,6253026970,1062.68,30069.0,pas_de_proximite_100km,0,0,0,2026-04-27T07:00,https://www.gbif.org/occurrence/6253026970
4313,2002-11-02,2002,USA,Florida,"New Smyrna Beach, Volusia County",Boogie boarding,Unprovoked,29.0258132,-80.9271271,Carcharhinus leucas,6133570230,11.63,29533.0,proximite_forte,2,2,2,2026-01-28T17:22:37,https://www.gbif.org/occurrence/6133570230
4313,2002-11-02,2002,USA,Florida,"New Smyrna Beach, Volusia County",Boogie boarding,Unprovoked,29.0258132,-80.9271271,Carcharodon carcharias,6441095820,430.55,257.0,pas_de_proximite_100km,0,0,0,2026-03-27T20:47:37,https://www.gbif.org/occurrence/6441095820
4313,2002-11-02,2002,USA,Florida,"New Smyrna Beach, Volusia County",Boogie boarding,Unprovoked,29.0258132,-80.9271271,Galeocerdo cuvier,6399953055,95.51,29433.0,proximite_regionale,0,1,0,2026-06-07T17:14:40,https://www.gbif.org/occurrence/6399953055
4313,2002-11-02,2002,USA,Florida,"New Smyrna Beach, Volusia County",Boogie boarding,Unprovoked,29.0258132,-80.9271271,Rhincodon typus,6253026970,509.66,30069.0,pas_de_proximite_100km,0,0,0,2026-04-27T07:00,https://www.gbif.org/occurrence/6253026970
4315,2002-04-18,2002,USA,Florida,"New Smyrna Beach, Volusia County",Surfing,Unprovoked,29.0258132,-80.9271271,Carcharhinus leucas,6133570230,11.63,29533.0,proximite_forte,2,2,2,2026-01-28T17:22:37,https://www.gbif.org/occurrence/6133570230
4315,2002-04-18,2002,USA,Florida,"New Smyrna Beach, Volusia County",Surfing,Unprovoked,29.0258132,-80.9271271,Carcharodon carcharias,6441095820,430.55,257.0,pas_de_proximite_100km,0,0,0,2026-03-27T20:47:37,https://www.gbif.org/occurrence/6441095820
4315,2002-04-18,2002,USA,Florida,"New Smyrna Beach, Volusia County",Surfing,Unprovoked,29.0258132,-80.9271271,Galeocerdo cuvier,6399953055,95.51,29433.0,proximite_regionale,0,1,0,2026-06-07T17:14:40,https://www.gbif.org/occurrence/6399953055
4315,2002-04-18,2002,USA,Florida,"New Smyrna Beach, Volusia County",Surfing,Unprovoked,29.0258132,-80.9271271,Rhincodon typus,6253026970,509.66,30069.0,pas_de_proximite_100km,0,0,0,2026-04-27T07:00,https://www.gbif.org/occurrence/6253026970
4316,2002-07-10,2002,USA,Florida,"Ponce Inlet, New Smyrna Beach, Volusia County",Surfing,Provoked,29.0645699,-80.915154,Carcharhinus leucas,6133570230,7.65,29533.0,proximite_forte,2,2,2,2026-01-28T17:22:37,https://www.gbif.org/occurrence/6133570230
4316,2002-07-10,2002,USA,Florida,"Ponce Inlet, New Smyrna Beach, Volusia County",Surfing,Provoked,29.0645699,-80.915154,Carcharodon carcharias,6441095820,426.09,257.0,pas_de_proximite_100km,0,0,0,2026-03-27T20:47:37,https://www.gbif.org/occurrence/6441095820
4316,2002-07-10,2002,USA,Florida,"Ponce Inlet, New Smyrna Beach, Volusia County",Surfing,Provoked,29.0645699,-80.915154,Galeocerdo cuvier,6399953055,91.99,29433.0,proximite_regionale,0,1,0,2026-06-07T17:14:40,https://www.gbif.org/occurrence/6399953055
4316,2002-07-10,2002,USA,Florida,"Ponce Inlet, New Smyrna Beach, Volusia County",Surfing,Provoked,29.0645699,-80.915154,Rhincodon typus,6253026970,514.12,30069.0,pas_de_proximite_100km,0,0,0,2026-04-27T07:00,https://www.gbif.org/occurrence/6253026970
4319,2002-09-30,2002,USA,Florida,"Ormond Beach, Volusia County",Surfing,Unprovoked,29.2854132,-81.0557921,Carcharhinus leucas,6133570230,27.53,29533.0,proximite_regionale,0,2,2,2026-01-28T17:22:37,https://www.gbif.org/occurrence/6133570230
4319,2002-09-30,2002,USA,Florida,"Ormond Beach, Volusia County",Surfing,Unprovoked,29.2854132,-81.0557921,Carcharodon carcharias,6441095820,406.04,257.0,pas_de_proximite_100km,0,0,0,2026-03-27T20:47:37,https://www.gbif.org/occurrence/6441095820
4319,2002-09-30,2002,USA,Florida,"Ormond Beach, Volusia County",Surfing,Unprovoked,29.2854132,-81.0557921,Galeocerdo cuvier,6399953055,64.07,29433.0,proximite_regionale,0,1,0,2026-06-07T17:14:40,https://www.gbif.org/occurrence/6399953055
4319,2002-09-30,2002,USA,Florida,"Ormond Beach, Volusia County",Surfing,Unprovoked,29.2854132,-81.0557921,Rhincodon typus,6253026970,534.74,30069.0,pas_de_proximite_100km,0,0,0,2026-04-27T07:00,https://www.gbif.org/occurrence/6253026970
4321,2002-09-05,2002,USA,Florida,"Daytona Beach Shores, Volusia County","Wading, when he stepped on the shark",Provoked,29.1760933,-80.9828323,Carcharhinus leucas,6133570230,14.37,29533.0,proximite_forte,2,2,2,2026-01-28T17:22:37,https://www.gbif.org/occurrence/6133570230
4321,2002-09-05,2002,USA,Florida,"Daytona Beach Shores, Volusia County","Wading, when he stepped on the shark",Provoked,29.1760933,-80.9828323,Carcharodon carcharias,6441095820,415.77,257.0,pas_de_proximite_100km,0,0,0,2026-03-27T20:47:37,https://www.gbif.org/occurrence/6441095820
4321,2002-09-05,2002,USA,Florida,"Daytona Beach Shores, Volusia County","Wading, when he stepped on the shark",Provoked,29.1760933,-80.9828323,Galeocerdo cuvier,6399953055,78.0,29433.0,proximite_regionale,0,1,0,2026-06-07T17:14:40,https://www.gbif.org/occurrence/6399953055
4321,2002-09-05,2002,USA,Florida,"Daytona Beach Shores, Volusia County","Wading, when he stepped on the shark",Provoked,29.1760933,-80.9828323,Rhincodon typus,6253026970,524.52,30069.0,pas_de_proximite_100km,0,0,0,2026-04-27T07:00,https://www.gbif.org/occurrence/6253026970
4324,2002-04-02,2002,USA,Florida,"New Smyrna Beach, Volusia County",Wading,Unprovoked,29.0258132,-80.9271271,Carcharhinus leucas,6133570230,11.63,29533.0,proximite_forte,2,2,2,2026-01-28T17:22:37,https://www.gbif.org/occurrence/6133570230
4324,2002-04-02,2002,USA,Florida,"New Smyrna Beach, Volusia County",Wading,Unprovoked,29.0258132,-80.9271271,Carcharodon carcharias,6441095820,430.55,257.0,pas_de_proximite_100km,0,0,0,2026-03-27T20:47:37,https://www.gbif.org/occurrence/6441095820
4324,2002-04-02,2002,USA,Florida,"New Smyrna Beach, Volusia County",Wading,Unprovoked,29.0258132,-80.9271271,Galeocerdo cuvier,6399953055,95.51,29433.0,proximite_regionale,0,1,0,2026-06-07T17:14:40,https://www.gbif.org/occurrence/6399953055
4324,2002-04-02,2002,USA,Florida,"New Smyrna Beach, Volusia County",Wading,Unprovoked,29.0258132,-80.9271271,Rhincodon typus,6253026970,509.66,30069.0,pas_de_proximite_100km,0,0,0,2026-04-27T07:00,https://www.gbif.org/occurrence/6253026970
4334,2002-10-03,2002,USA,Florida,"New Smyrna Beach, Volusia County",Surfing,Unprovoked,29.0258132,-80.9271271,Carcharhinus leucas,6133570230,11.63,29533.0,proximite_forte,2,2,2,2026-01-28T17:22:37,https://www.gbif.org/occurrence/6133570230
4334,2002-10-03,2002,USA,Florida,"New Smyrna Beach, Volusia County",Surfing,Unprovoked,29.0258132,-80.9271271,Carcharodon carcharias,6441095820,430.55,257.0,pas_de_proximite_100km,0,0,0,2026-03-27T20:47:37,https://www.gbif.org/occurrence/6441095820
4334,2002-10-03,2002,USA,Florida,"New Smyrna Beach, Volusia County",Surfing,Unprovoked,29.0258132,-80.9271271,Galeocerdo cuvier,6399953055,95.51,29433.0,proximite_regionale,0,1,0,2026-06-07T17:14:40,https://www.gbif.org/occurrence/6399953055
4334,2002-10-03,2002,USA,Florida,"New Smyrna Beach, Volusia County",Surfing,Unprovoked,29.0258132,-80.9271271,Rhincodon typus,6253026970,509.66,30069.0,pas_de_proximite_100km,0,0,0,2026-04-27T07:00,https://www.gbif.org/occurrence/6253026970
4346,2003-09-13,2003,USA,South Carolina,"Isle of Palms, Charleston County","Standing, stepped on shark",Unprovoked,32.7867697,-79.7880359,Carcharhinus leucas,6130999421,419.72,29533.0,pas_de_proximite_100km,0,0,0,2026-01-17T15:30:29,https://www.gbif.org/occurrence/6130999421
4346,2003-09-13,2003,USA,South Carolina,"Isle of Palms, Charleston County","Standing, stepped on shark",Unprovoked,32.7867697,-79.7880359,Carcharodon carcharias,6441095820,1.98,257.0,proximite_forte,1,2,0,2026-03-27T20:47:37,https://www.gbif.org/occurrence/6441095820
4346,2003-09-13,2003,USA,South Carolina,"Isle of Palms, Charleston County","Standing, stepped on shark",Unprovoked,32.7867697,-79.7880359,Galeocerdo cuvier,6399752821,165.62,28902.0,pas_de_proximite_100km,0,0,0,2026-06-04T11:19,https://www.gbif.org/occurrence/6399752821
4346,2003-09-13,2003,USA,South Carolina,"Isle of Palms, Charleston County","Standing, stepped on shark",Unprovoked,32.7867697,-79.7880359,Rhincodon typus,6253026970,941.73,30069.0,pas_de_proximite_100km,0,0,0,2026-04-27T07:00,https://www.gbif.org/occurrence/6253026970
4348,2003-04-09,2003,USA,Florida,"Melbourne Beach, Brevard County",Surfing,Unprovoked,28.0684067,-80.5607951,Carcharhinus leucas,6234759244,16.58,29680.0,proximite_forte,1,3,3,2026-04-17T20:49,https://www.gbif.org/occurrence/6234759244
4348,2003-04-09,2003,USA,Florida,"Melbourne Beach, Brevard County",Surfing,Unprovoked,28.0684067,-80.5607951,Carcharodon carcharias,6441095820,528.49,257.0,pas_de_proximite_100km,0,0,0,2026-03-27T20:47:37,https://www.gbif.org/occurrence/6441095820
4348,2003-04-09,2003,USA,Florida,"Melbourne Beach, Brevard County",Surfing,Unprovoked,28.0684067,-80.5607951,Galeocerdo cuvier,6235030691,131.86,29798.0,pas_de_proximite_100km,0,0,0,2026-04-25T11:55,https://www.gbif.org/occurrence/6235030691
4348,2003-04-09,2003,USA,Florida,"Melbourne Beach, Brevard County",Surfing,Unprovoked,28.0684067,-80.5607951,Rhincodon typus,6253026970,420.55,30069.0,pas_de_proximite_100km,0,0,0,2026-04-27T07:00,https://www.gbif.org/occurrence/6253026970
4350,2003-05-07,2003,USA,Florida,"New Smyrna Beach, Volusia County",Surfing,Provoked,29.0258132,-80.9271271,Carcharhinus leucas,6133570230,11.63,29533.0,proximite_forte,2,2,2,2026-01-28T17:22:37,https://www.gbif.org/occurrence/6133570230
4350,2003-05-07,2003,USA,Florida,"New Smyrna Beach, Volusia County",Surfing,Provoked,29.0258132,-80.9271271,Carcharodon carcharias,6441095820,430.55,257.0,pas_de_proximite_100km,0,0,0,2026-03-27T20:47:37,https://www.gbif.org/occurrence/6441095820
4350,2003-05-07,2003,USA,Florida,"New Smyrna Beach, Volusia County",Surfing,Provoked,29.0258132,-80.9271271,Galeocerdo cuvier,6399953055,95.51,29433.0,proximite_regionale,0,1,0,2026-06-07T17:14:40,https://www.gbif.org/occurrence/6399953055
4350,2003-05-07,2003,USA,Florida,"New Smyrna Beach, Volusia County",Surfing,Provoked,29.0258132,-80.9271271,Rhincodon typus,6253026970,509.66,30069.0,pas_de_proximite_100km,0,0,0,2026-04-27T07:00,https://www.gbif.org/occurrence/6253026970
4354,2003-06-24,2003,USA,Florida,"Cocoa Beach, Brevard County",Standing,Unprovoked,28.3184107,-80.6094959,Carcharhinus leucas,6234759244,43.15,29680.0,proximite_regionale,0,5,5,2026-04-17T20:49,https://www.gbif.org/occurrence/6234759244
4354,2003-06-24,2003,USA,Florida,"Cocoa Beach, Brevard County",Standing,Unprovoked,28.3184107,-80.6094959,Carcharodon carcharias,6441095820,501.64,257.0,pas_de_proximite_100km,0,0,0,2026-03-27T20:47:37,https://www.gbif.org/occurrence/6441095820
4354,2003-06-24,2003,USA,Florida,"Cocoa Beach, Brevard County",Standing,Unprovoked,28.3184107,-80.6094959,Galeocerdo cuvier,6235030691,159.76,29798.0,pas_de_proximite_100km,0,0,0,2026-04-25T11:55,https://www.gbif.org/occurrence/6235030691
4354,2003-06-24,2003,USA,Florida,"Cocoa Beach, Brevard County",Standing,Unprovoked,28.3184107,-80.6094959,Rhincodon typus,6253026970,444.43,30069.0,pas_de_proximite_100km,0,0,0,2026-04-27T07:00,https://www.gbif.org/occurrence/6253026970
4355,2003-04-20,2003,USA,Florida,"Playalinda Beach, Brevard County",Surfing,Unprovoked,28.6773237,-80.6472179,Carcharhinus leucas,6130999421,52.09,29533.0,proximite_regionale,0,3,3,2026-01-17T15:30:29,https://www.gbif.org/occurrence/6130999421
4355,2003-04-20,2003,USA,Florida,"Playalinda Beach, Brevard County",Surfing,Unprovoked,28.6773237,-80.6472179,Carcharodon carcharias,6441095820,462.84,257.0,pas_de_proximite_100km,0,0,0,2026-03-27T20:47:37,https://www.gbif.org/occurrence/6441095820
4355,2003-04-20,2003,USA,Florida,"Playalinda Beach, Brevard County",Surfing,Unprovoked,28.6773237,-80.6472179,Galeocerdo cuvier,6399953055,142.04,29433.0,pas_de_proximite_100km,0,0,0,2026-06-07T17:14:40,https://www.gbif.org/occurrence/6399953055
4355,2003-04-20,2003,USA,Florida,"Playalinda Beach, Brevard County",Surfing,Unprovoked,28.6773237,-80.6472179,Rhincodon typus,6253026970,480.57,30069.0,pas_de_proximite_100km,0,0,0,2026-04-27T07:00,https://www.gbif.org/occurrence/6253026970
4356,2003-06-08,2003,USA,Florida,"Ponce Inlet, Volusia County",Surfing,Unprovoked,29.0963729,-80.9369983,Carcharhinus leucas,6133570230,8.03,29533.0,proximite_forte,2,2,2,2026-01-28T17:22:37,https://www.gbif.org/occurrence/6133570230
4356,2003-06-08,2003,USA,Florida,"Ponce Inlet, Volusia County",Surfing,Unprovoked,29.0963729,-80.9369983,Carcharodon carcharias,6441095820,423.19,257.0,pas_de_proximite_100km,0,0,0,2026-03-27T20:47:37,https://www.gbif.org/occurrence/6441095820
4356,2003-06-08,2003,USA,Florida,"Ponce Inlet, Volusia County",Surfing,Unprovoked,29.0963729,-80.9369983,Galeocerdo cuvier,6399953055,87.9,29433.0,proximite_regionale,0,1,0,2026-06-07T17:14:40,https://www.gbif.org/occurrence/6399953055
4356,2003-06-08,2003,USA,Florida,"Ponce Inlet, Volusia County",Surfing,Unprovoked,29.0963729,-80.9369983,Rhincodon typus,6253026970,517.01,30069.0,pas_de_proximite_100km,0,0,0,2026-04-27T07:00,https://www.gbif.org/occurrence/6253026970
4359,2003-12-13,2003,USA,Florida,"Melbourne Beach, Brevard County",Swimming,Unprovoked,28.0684067,-80.5607951,Carcharhinus leucas,6234759244,16.58,29680.0,proximite_forte,1,3,3,2026-04-17T20:49,https://www.gbif.org/occurrence/6234759244
4359,2003-12-13,2003,USA,Florida,"Melbourne Beach, Brevard County",Swimming,Unprovoked,28.0684067,-80.5607951,Carcharodon carcharias,6441095820,528.49,257.0,pas_de_proximite_100km,0,0,0,2026-03-27T20:47:37,https://www.gbif.org/occurrence/6441095820
4359,2003-12-13,2003,USA,Florida,"Melbourne Beach, Brevard County",Swimming,Unprovoked,28.0684067,-80.5607951,Galeocerdo cuvier,6235030691,131.86,29798.0,pas_de_proximite_100km,0,0,0,2026-04-25T11:55,https://www.gbif.org/occurrence/6235030691
4359,2003-12-13,2003,USA,Florida,"Melbourne Beach, Brevard County",Swimming,Unprovoked,28.0684067,-80.5607951,Rhincodon typus,6253026970,420.55,30069.0,pas_de_proximite_100km,0,0,0,2026-04-27T07:00,https://www.gbif.org/occurrence/6253026970
4364,2003-09-21,2003,USA,Florida,"Ponce Inlet, New Smyrna Beach, Volusia County",Surfing,Unprovoked,29.0645699,-80.915154,Carcharhinus leucas,6133570230,7.65,29533.0,proximite_forte,2,2,2,2026-01-28T17:22:37,https://www.gbif.org/occurrence/6133570230
4364,2003-09-21,2003,USA,Florida,"Ponce Inlet, New Smyrna Beach, Volusia County",Surfing,Unprovoked,29.0645699,-80.915154,Carcharodon carcharias,6441095820,426.09,257.0,pas_de_proximite_100km,0,0,0,2026-03-27T20:47:37,https://www.gbif.org/occurrence/6441095820
4364,2003-09-21,2003,USA,Florida,"Ponce Inlet, New Smyrna Beach, Volusia County",Surfing,Unprovoked,29.0645699,-80.915154,Galeocerdo cuvier,6399953055,91.99,29433.0,proximite_regionale,0,1,0,2026-06-07T17:14:40,https://www.gbif.org/occurrence/6399953055
4364,2003-09-21,2003,USA,Florida,"Ponce Inlet, New Smyrna Beach, Volusia County",Surfing,Unprovoked,29.0645699,-80.915154,Rhincodon typus,6253026970,514.12,30069.0,pas_de_proximite_100km,0,0,0,2026-04-27T07:00,https://www.gbif.org/occurrence/6253026970
4368,2003-04-20,2003,USA,Florida,"New Smyrna Beach, Volusia County",Surfing,Unprovoked,29.0258132,-80.9271271,Carcharhinus leucas,6133570230,11.63,29533.0,proximite_forte,2,2,2,2026-01-28T17:22:37,https://www.gbif.org/occurrence/6133570230
4368,2003-04-20,2003,USA,Florida,"New Smyrna Beach, Volusia County",Surfing,Unprovoked,29.0258132,-80.9271271,Carcharodon carcharias,6441095820,430.55,257.0,pas_de_proximite_100km,0,0,0,2026-03-27T20:47:37,https://www.gbif.org/occurrence/6441095820
4368,2003-04-20,2003,USA,Florida,"New Smyrna Beach, Volusia County",Surfing,Unprovoked,29.0258132,-80.9271271,Galeocerdo cuvier,6399953055,95.51,29433.0,proximite_regionale,0,1,0,2026-06-07T17:14:40,https://www.gbif.org/occurrence/6399953055
4368,2003-04-20,2003,USA,Florida,"New Smyrna Beach, Volusia County",Surfing,Unprovoked,29.0258132,-80.9271271,Rhincodon typus,6253026970,509.66,30069.0,pas_de_proximite_100km,0,0,0,2026-04-27T07:00,https://www.gbif.org/occurrence/6253026970
4369,2003-10-27,2003,USA,Florida,"New Smyrna Beach, Volusia County",Surfing,Unprovoked,29.0258132,-80.9271271,Carcharhinus leucas,6133570230,11.63,29533.0,proximite_forte,2,2,2,2026-01-28T17:22:37,https://www.gbif.org/occurrence/6133570230
4369,2003-10-27,2003,USA,Florida,"New Smyrna Beach, Volusia County",Surfing,Unprovoked,29.0258132,-80.9271271,Carcharodon carcharias,6441095820,430.55,257.0,pas_de_proximite_100km,0,0,0,2026-03-27T20:47:37,https://www.gbif.org/occurrence/6441095820
4369,2003-10-27,2003,USA,Florida,"New Smyrna Beach, Volusia County",Surfing,Unprovoked,29.0258132,-80.9271271,Galeocerdo cuvier,6399953055,95.51,29433.0,proximite_regionale,0,1,0,2026-06-07T17:14:40,https://www.gbif.org/occurrence/6399953055
4369,2003-10-27,2003,USA,Florida,"New Smyrna Beach, Volusia County",Surfing,Unprovoked,29.0258132,-80.9271271,Rhincodon typus,6253026970,509.66,30069.0,pas_de_proximite_100km,0,0,0,2026-04-27T07:00,https://www.gbif.org/occurrence/6253026970
4377,2003-05-03,2003,USA,Florida,"Daytona Beach Shores, Volusia County",Walking,Unprovoked,29.1760933,-80.9828323,Carcharhinus leucas,6133570230,14.37,29533.0,proximite_forte,2,2,2,2026-01-28T17:22:37,https://www.gbif.org/occurrence/6133570230
4377,2003-05-03,2003,USA,Florida,"Daytona Beach Shores, Volusia County",Walking,Unprovoked,29.1760933,-80.9828323,Carcharodon carcharias,6441095820,415.77,257.0,pas_de_proximite_100km,0,0,0,2026-03-27T20:47:37,https://www.gbif.org/occurrence/6441095820
4377,2003-05-03,2003,USA,Florida,"Daytona Beach Shores, Volusia County",Walking,Unprovoked,29.1760933,-80.9828323,Galeocerdo cuvier,6399953055,78.0,29433.0,proximite_regionale,0,1,0,2026-06-07T17:14:40,https://www.gbif.org/occurrence/6399953055
4377,2003-05-03,2003,USA,Florida,"Daytona Beach Shores, Volusia County",Walking,Unprovoked,29.1760933,-80.9828323,Rhincodon typus,6253026970,524.52,30069.0,pas_de_proximite_100km,0,0,0,2026-04-27T07:00,https://www.gbif.org/occurrence/6253026970
4379,2003-07-01,2003,USA,Florida,"Fort Lauderdale, Broward County",Spearfishing,Unprovoked,26.1223084,-80.1433786,Carcharhinus leucas,6273825352,44.7,29845.0,proximite_regionale,0,10,1,2026-04-22T11:39:24,https://www.gbif.org/occurrence/6273825352
4379,2003-07-01,2003,USA,Florida,"Fort Lauderdale, Broward County",Spearfishing,Unprovoked,26.1223084,-80.1433786,Carcharodon carcharias,6441095820,740.62,257.0,pas_de_proximite_100km,0,0,0,2026-03-27T20:47:37,https://www.gbif.org/occurrence/6441095820
4379,2003-07-01,2003,USA,Florida,"Fort Lauderdale, Broward County",Spearfishing,Unprovoked,26.1223084,-80.1433786,Galeocerdo cuvier,6235030691,91.61,29798.0,proximite_regionale,0,1,0,2026-04-25T11:55,https://www.gbif.org/occurrence/6235030691
4379,2003-07-01,2003,USA,Florida,"Fort Lauderdale, Broward County",Spearfishing,Unprovoked,26.1223084,-80.1433786,Rhincodon typus,6253026970,269.01,30069.0,pas_de_proximite_100km,0,0,0,2026-04-27T07:00,https://www.gbif.org/occurrence/6253026970
4382,2003-09-19,2003,USA,Florida,"Ponce Inlet, New Smyrna Beach, Volusia County",Surfing,Unprovoked,29.0645699,-80.915154,Carcharhinus leucas,6133570230,7.65,29533.0,proximite_forte,2,2,2,2026-01-28T17:22:37,https://www.gbif.org/occurrence/6133570230
4382,2003-09-19,2003,USA,Florida,"Ponce Inlet, New Smyrna Beach, Volusia County",Surfing,Unprovoked,29.0645699,-80.915154,Carcharodon carcharias,6441095820,426.09,257.0,pas_de_proximite_100km,0,0,0,2026-03-27T20:47:37,https://www.gbif.org/occurrence/6441095820
4382,2003-09-19,2003,USA,Florida,"Ponce Inlet, New Smyrna Beach, Volusia County",Surfing,Unprovoked,29.0645699,-80.915154,Galeocerdo cuvier,6399953055,91.99,29433.0,proximite_regionale,0,1,0,2026-06-07T17:14:40,https://www.gbif.org/occurrence/6399953055
4382,2003-09-19,2003,USA,Florida,"Ponce Inlet, New Smyrna Beach, Volusia County",Surfing,Unprovoked,29.0645699,-80.915154,Rhincodon typus,6253026970,514.12,30069.0,pas_de_proximite_100km,0,0,0,2026-04-27T07:00,https://www.gbif.org/occurrence/6253026970
4390,2003-04-21,2003,USA,Florida,"Melbourne Beach, Brevard County",Surfing,Unprovoked,28.0684067,-80.5607951,Carcharhinus leucas,6234759244,16.58,29680.0,proximite_forte,1,3,3,2026-04-17T20:49,https://www.gbif.org/occurrence/6234759244
4390,2003-04-21,2003,USA,Florida,"Melbourne Beach, Brevard County",Surfing,Unprovoked,28.0684067,-80.5607951,Carcharodon carcharias,6441095820,528.49,257.0,pas_de_proximite_100km,0,0,0,2026-03-27T20:47:37,https://www.gbif.org/occurrence/6441095820
4390,2003-04-21,2003,USA,Florida,"Melbourne Beach, Brevard County",Surfing,Unprovoked,28.0684067,-80.5607951,Galeocerdo cuvier,6235030691,131.86,29798.0,pas_de_proximite_100km,0,0,0,2026-04-25T11:55,https://www.gbif.org/occurrence/6235030691
4390,2003-04-21,2003,USA,Florida,"Melbourne Beach, Brevard County",Surfing,Unprovoked,28.0684067,-80.5607951,Rhincodon typus,6253026970,420.55,30069.0,pas_de_proximite_100km,0,0,0,2026-04-27T07:00,https://www.gbif.org/occurrence/6253026970
4399,2003-11-22,2003,USA,Florida,"Daytona Beach, Volusia County",Surfing,Unprovoked,29.2108147,-81.0228331,Carcharhinus leucas,6133570230,19.73,29533.0,proximite_forte,2,2,2,2026-01-28T17:22:37,https://www.gbif.org/occurrence/6133570230
4399,2003-11-22,2003,USA,Florida,"Daytona Beach, Volusia County",Surfing,Unprovoked,29.2108147,-81.0228331,Carcharodon carcharias,6441095820,413.1,257.0,pas_de_proximite_100km,0,0,0,2026-03-27T20:47:37,https://www.gbif.org/occurrence/6441095820
4399,2003-11-22,2003,USA,Florida,"Daytona Beach, Volusia County",Surfing,Unprovoked,29.2108147,-81.0228331,Galeocerdo cuvier,6399953055,72.96,29433.0,proximite_regionale,0,1,0,2026-06-07T17:14:40,https://www.gbif.org/occurrence/6399953055
4399,2003-11-22,2003,USA,Florida,"Daytona Beach, Volusia County",Surfing,Unprovoked,29.2108147,-81.0228331,Rhincodon typus,6253026970,527.37,30069.0,pas_de_proximite_100km,0,0,0,2026-04-27T07:00,https://www.gbif.org/occurrence/6253026970
4408,2003-04-15,2003,USA,Florida,"Cocoa Beach, Brevard County",Swimming (using a float),Unprovoked,28.3184107,-80.6094959,Carcharhinus leucas,6234759244,43.15,29680.0,proximite_regionale,0,5,5,2026-04-17T20:49,https://www.gbif.org/occurrence/6234759244
4408,2003-04-15,2003,USA,Florida,"Cocoa Beach, Brevard County",Swimming (using a float),Unprovoked,28.3184107,-80.6094959,Carcharodon carcharias,6441095820,501.64,257.0,pas_de_proximite_100km,0,0,0,2026-03-27T20:47:37,https://www.gbif.org/occurrence/6441095820
4408,2003-04-15,2003,USA,Florida,"Cocoa Beach, Brevard County",Swimming (using a float),Unprovoked,28.3184107,-80.6094959,Galeocerdo cuvier,6235030691,159.76,29798.0,pas_de_proximite_100km,0,0,0,2026-04-25T11:55,https://www.gbif.org/occurrence/6235030691
4408,2003-04-15,2003,USA,Florida,"Cocoa Beach, Brevard County",Swimming (using a float),Unprovoked,28.3184107,-80.6094959,Rhincodon typus,6253026970,444.43,30069.0,pas_de_proximite_100km,0,0,0,2026-04-27T07:00,https://www.gbif.org/occurrence/6253026970
4409,2003-02-15,2003,USA,Florida,"Jupiter, Palm Beach County",Swimming,Unprovoked,26.9342246,-80.0942087,Carcharhinus leucas,6422739318,3.09,29798.0,proximite_forte,5,12,3,2026-06-23T08:59:58,https://www.gbif.org/occurrence/6422739318
4409,2003-02-15,2003,USA,Florida,"Jupiter, Palm Beach County",Swimming,Unprovoked,26.9342246,-80.0942087,Carcharodon carcharias,6441095820,650.21,257.0,pas_de_proximite_100km,0,0,0,2026-03-27T20:47:37,https://www.gbif.org/occurrence/6441095820
4409,2003-02-15,2003,USA,Florida,"Jupiter, Palm Beach County",Swimming,Unprovoked,26.9342246,-80.0942087,Galeocerdo cuvier,6235030691,3.71,29798.0,proximite_forte,1,2,0,2026-04-25T11:55,https://www.gbif.org/occurrence/6235030691
4409,2003-02-15,2003,USA,Florida,"Jupiter, Palm Beach County",Swimming,Unprovoked,26.9342246,-80.0942087,Rhincodon typus,6253026970,336.27,30069.0,pas_de_proximite_100km,0,0,0,2026-04-27T07:00,https://www.gbif.org/occurrence/6253026970
4410,2003-07-15,2003,USA,Florida,"Daytona Beach, Volusia County",Wading,Unprovoked,29.2108147,-81.0228331,Carcharhinus leucas,6133570230,19.73,29533.0,proximite_forte,2,2,2,2026-01-28T17:22:37,https://www.gbif.org/occurrence/6133570230
4410,2003-07-15,2003,USA,Florida,"Daytona Beach, Volusia County",Wading,Unprovoked,29.2108147,-81.0228331,Carcharodon carcharias,6441095820,413.1,257.0,pas_de_proximite_100km,0,0,0,2026-03-27T20:47:37,https://www.gbif.org/occurrence/6441095820
4410,2003-07-15,2003,USA,Florida,"Daytona Beach, Volusia County",Wading,Unprovoked,29.2108147,-81.0228331,Galeocerdo cuvier,6399953055,72.96,29433.0,proximite_regionale,0,1,0,2026-06-07T17:14:40,https://www.gbif.org/occurrence/6399953055
4410,2003-07-15,2003,USA,Florida,"Daytona Beach, Volusia County",Wading,Unprovoked,29.2108147,-81.0228331,Rhincodon typus,6253026970,527.37,30069.0,pas_de_proximite_100km,0,0,0,2026-04-27T07:00,https://www.gbif.org/occurrence/6253026970
4415,2003-07-20,2003,USA,Florida,"Ponce Inlet, New Smyrna Beach, Volusia County",Surfing,Unprovoked,29.0645699,-80.915154,Carcharhinus leucas,6133570230,7.65,29533.0,proximite_forte,2,2,2,2026-01-28T17:22:37,https://www.gbif.org/occurrence/6133570230
4415,2003-07-20,2003,USA,Florida,"Ponce Inlet, New Smyrna Beach, Volusia County",Surfing,Unprovoked,29.0645699,-80.915154,Carcharodon carcharias,6441095820,426.09,257.0,pas_de_proximite_100km,0,0,0,2026-03-27T20:47:37,https://www.gbif.org/occurrence/6441095820
4415,2003-07-20,2003,USA,Florida,"Ponce Inlet, New Smyrna Beach, Volusia County",Surfing,Unprovoked,29.0645699,-80.915154,Galeocerdo cuvier,6399953055,91.99,29433.0,proximite_regionale,0,1,0,2026-06-07T17:14:40,https://www.gbif.org/occurrence/6399953055
4415,2003-07-20,2003,USA,Florida,"Ponce Inlet, New Smyrna Beach, Volusia County",Surfing,Unprovoked,29.0645699,-80.915154,Rhincodon typus,6253026970,514.12,30069.0,pas_de_proximite_100km,0,0,0,2026-04-27T07:00,https://www.gbif.org/occurrence/6253026970
4416,2003-05-14,2003,USA,Florida,"Ponce de Leon Inlet, Volusia County",Wading,Unprovoked,29.0768191,-80.9176166,Carcharhinus leucas,6133570230,7.04,29533.0,proximite_forte,2,2,2,2026-01-28T17:22:37,https://www.gbif.org/occurrence/6133570230
4416,2003-05-14,2003,USA,Florida,"Ponce de Leon Inlet, Volusia County",Wading,Unprovoked,29.0768191,-80.9176166,Carcharodon carcharias,6441095820,424.83,257.0,pas_de_proximite_100km,0,0,0,2026-03-27T20:47:37,https://www.gbif.org/occurrence/6441095820
4416,2003-05-14,2003,USA,Florida,"Ponce de Leon Inlet, Volusia County",Wading,Unprovoked,29.0768191,-80.9176166,Galeocerdo cuvier,6399953055,90.64,29433.0,proximite_regionale,0,1,0,2026-06-07T17:14:40,https://www.gbif.org/occurrence/6399953055
4416,2003-05-14,2003,USA,Florida,"Ponce de Leon Inlet, Volusia County",Wading,Unprovoked,29.0768191,-80.9176166,Rhincodon typus,6253026970,515.38,30069.0,pas_de_proximite_100km,0,0,0,2026-04-27T07:00,https://www.gbif.org/occurrence/6253026970
4419,2003-06-30,2003,USA,Florida,"New Smyrna Beach, Volusia County",Surfing,Unprovoked,29.0258132,-80.9271271,Carcharhinus leucas,6133570230,11.63,29533.0,proximite_forte,2,2,2,2026-01-28T17:22:37,https://www.gbif.org/occurrence/6133570230
4419,2003-06-30,2003,USA,Florida,"New Smyrna Beach, Volusia County",Surfing,Unprovoked,29.0258132,-80.9271271,Carcharodon carcharias,6441095820,430.55,257.0,pas_de_proximite_100km,0,0,0,2026-03-27T20:47:37,https://www.gbif.org/occurrence/6441095820
4419,2003-06-30,2003,USA,Florida,"New Smyrna Beach, Volusia County",Surfing,Unprovoked,29.0258132,-80.9271271,Galeocerdo cuvier,6399953055,95.51,29433.0,proximite_regionale,0,1,0,2026-06-07T17:14:40,https://www.gbif.org/occurrence/6399953055
4419,2003-06-30,2003,USA,Florida,"New Smyrna Beach, Volusia County",Surfing,Unprovoked,29.0258132,-80.9271271,Rhincodon typus,6253026970,509.66,30069.0,pas_de_proximite_100km,0,0,0,2026-04-27T07:00,https://www.gbif.org/occurrence/6253026970
4420,2003-09-17,2003,USA,Florida,"New Smyrna Beach, Volusia County",Surfing,Unprovoked,29.0258132,-80.9271271,Carcharhinus leucas,6133570230,11.63,29533.0,proximite_forte,2,2,2,2026-01-28T17:22:37,https://www.gbif.org/occurrence/6133570230
4420,2003-09-17,2003,USA,Florida,"New Smyrna Beach, Volusia County",Surfing,Unprovoked,29.0258132,-80.9271271,Carcharodon carcharias,6441095820,430.55,257.0,pas_de_proximite_100km,0,0,0,2026-03-27T20:47:37,https://www.gbif.org/occurrence/6441095820
4420,2003-09-17,2003,USA,Florida,"New Smyrna Beach, Volusia County",Surfing,Unprovoked,29.0258132,-80.9271271,Galeocerdo cuvier,6399953055,95.51,29433.0,proximite_regionale,0,1,0,2026-06-07T17:14:40,https://www.gbif.org/occurrence/6399953055
4420,2003-09-17,2003,USA,Florida,"New Smyrna Beach, Volusia County",Surfing,Unprovoked,29.0258132,-80.9271271,Rhincodon typus,6253026970,509.66,30069.0,pas_de_proximite_100km,0,0,0,2026-04-27T07:00,https://www.gbif.org/occurrence/6253026970
4423,2003-09-14,2003,USA,Florida,"New Smyrna Beach, Volusia County",Surfing,Unprovoked,29.0258132,-80.9271271,Carcharhinus leucas,6133570230,11.63,29533.0,proximite_forte,2,2,2,2026-01-28T17:22:37,https://www.gbif.org/occurrence/6133570230
4423,2003-09-14,2003,USA,Florida,"New Smyrna Beach, Volusia County",Surfing,Unprovoked,29.0258132,-80.9271271,Carcharodon carcharias,6441095820,430.55,257.0,pas_de_proximite_100km,0,0,0,2026-03-27T20:47:37,https://www.gbif.org/occurrence/6441095820
4423,2003-09-14,2003,USA,Florida,"New Smyrna Beach, Volusia County",Surfing,Unprovoked,29.0258132,-80.9271271,Galeocerdo cuvier,6399953055,95.51,29433.0,proximite_regionale,0,1,0,2026-06-07T17:14:40,https://www.gbif.org/occurrence/6399953055
4423,2003-09-14,2003,USA,Florida,"New Smyrna Beach, Volusia County",Surfing,Unprovoked,29.0258132,-80.9271271,Rhincodon typus,6253026970,509.66,30069.0,pas_de_proximite_100km,0,0,0,2026-04-27T07:00,https://www.gbif.org/occurrence/6253026970
4426,2003-04-04,2003,USA,Florida,"New Smyrna Beach, Volusia County",Surfing,Unprovoked,29.0258132,-80.9271271,Carcharhinus leucas,6133570230,11.63,29533.0,proximite_forte,2,2,2,2026-01-28T17:22:37,https://www.gbif.org/occurrence/6133570230
4426,2003-04-04,2003,USA,Florida,"New Smyrna Beach, Volusia County",Surfing,Unprovoked,29.0258132,-80.9271271,Carcharodon carcharias,6441095820,430.55,257.0,pas_de_proximite_100km,0,0,0,2026-03-27T20:47:37,https://www.gbif.org/occurrence/6441095820
4426,2003-04-04,2003,USA,Florida,"New Smyrna Beach, Volusia County",Surfing,Unprovoked,29.0258132,-80.9271271,Galeocerdo cuvier,6399953055,95.51,29433.0,proximite_regionale,0,1,0,2026-06-07T17:14:40,https://www.gbif.org/occurrence/6399953055
4426,2003-04-04,2003,USA,Florida,"New Smyrna Beach, Volusia County",Surfing,Unprovoked,29.0258132,-80.9271271,Rhincodon typus,6253026970,509.66,30069.0,pas_de_proximite_100km,0,0,0,2026-04-27T07:00,https://www.gbif.org/occurrence/6253026970
4431,2003-09-13,2003,USA,Florida,"Daytona Beach, Volusia County",Body boarding,Unprovoked,29.2108147,-81.0228331,Carcharhinus leucas,6133570230,19.73,29533.0,proximite_forte,2,2,2,2026-01-28T17:22:37,https://www.gbif.org/occurrence/6133570230
4431,2003-09-13,2003,USA,Florida,"Daytona Beach, Volusia County",Body boarding,Unprovoked,29.2108147,-81.0228331,Carcharodon carcharias,6441095820,413.1,257.0,pas_de_proximite_100km,0,0,0,2026-03-27T20:47:37,https://www.gbif.org/occurrence/6441095820
4431,2003-09-13,2003,USA,Florida,"Daytona Beach, Volusia County",Body boarding,Unprovoked,29.2108147,-81.0228331,Galeocerdo cuvier,6399953055,72.96,29433.0,proximite_regionale,0,1,0,2026-06-07T17:14:40,https://www.gbif.org/occurrence/6399953055
4431,2003-09-13,2003,USA,Florida,"Daytona Beach, Volusia County",Body boarding,Unprovoked,29.2108147,-81.0228331,Rhincodon typus,6253026970,527.37,30069.0,pas_de_proximite_100km,0,0,0,2026-04-27T07:00,https://www.gbif.org/occurrence/6253026970
4432,2003-04-19,2003,USA,Florida,"New Smyrna Beach, Volusia County",Jumping,Unprovoked,29.0258132,-80.9271271,Carcharhinus leucas,6133570230,11.63,29533.0,proximite_forte,2,2,2,2026-01-28T17:22:37,https://www.gbif.org/occurrence/6133570230
4432,2003-04-19,2003,USA,Florida,"New Smyrna Beach, Volusia County",Jumping,Unprovoked,29.0258132,-80.9271271,Carcharodon carcharias,6441095820,430.55,257.0,pas_de_proximite_100km,0,0,0,2026-03-27T20:47:37,https://www.gbif.org/occurrence/6441095820
4432,2003-04-19,2003,USA,Florida,"New Smyrna Beach, Volusia County",Jumping,Unprovoked,29.0258132,-80.9271271,Galeocerdo cuvier,6399953055,95.51,29433.0,proximite_regionale,0,1,0,2026-06-07T17:14:40,https://www.gbif.org/occurrence/6399953055
4432,2003-04-19,2003,USA,Florida,"New Smyrna Beach, Volusia County",Jumping,Unprovoked,29.0258132,-80.9271271,Rhincodon typus,6253026970,509.66,30069.0,pas_de_proximite_100km,0,0,0,2026-04-27T07:00,https://www.gbif.org/occurrence/6253026970
4451,2004-06-10,2004,AUSTRALIA,Western Australia,Bunbury,Body boarding,Unprovoked,-33.3267797,115.636698,Carcharhinus leucas,6185213952,12.22,6264.0,proximite_forte,1,1,0,2026-03-07T16:35,https://www.gbif.org/occurrence/6185213952
4451,2004-06-10,2004,AUSTRALIA,Western Australia,Bunbury,Body boarding,Unprovoked,-33.3267797,115.636698,Carcharodon carcharias,6131342125,1884.81,7535.0,pas_de_proximite_100km,0,0,0,2026-01-07T08:00:21,https://www.gbif.org/occurrence/6131342125
4451,2004-06-10,2004,AUSTRALIA,Western Australia,Bunbury,Body boarding,Unprovoked,-33.3267797,115.636698,Galeocerdo cuvier,6520390560,1146.57,8.0,pas_de_proximite_100km,0,0,0,2026-08-31T14:06,https://www.gbif.org/occurrence/6520390560
4451,2004-06-10,2004,AUSTRALIA,Western Australia,Bunbury,Body boarding,Unprovoked,-33.3267797,115.636698,Rhincodon typus,6235956991,1226.66,30278.0,pas_de_proximite_100km,0,0,0,2026-04-22T13:33:02,https://www.gbif.org/occurrence/6235956991
4459,2004-05-01,2004,BRAZIL,Pernambuco,Piedade,Swimming,Unprovoked,-8.1756855,-34.9187594,Carcharhinus leucas,6236098602,4993.37,31271.0,pas_de_proximite_100km,0,0,0,2026-04-26T14:30,https://www.gbif.org/occurrence/6236098602
4459,2004-05-01,2004,BRAZIL,Pernambuco,Piedade,Swimming,Unprovoked,-8.1756855,-34.9187594,Carcharodon carcharias,6147654727,6330.83,488.0,pas_de_proximite_100km,0,0,0,2026-01-31T19:40,https://www.gbif.org/occurrence/6147654727
4459,2004-05-01,2004,BRAZIL,Pernambuco,Piedade,Swimming,Unprovoked,-8.1756855,-34.9187594,Galeocerdo cuvier,5087661144,1757.51,30278.0,pas_de_proximite_100km,0,0,0,2025-03-08T07:14:31,https://www.gbif.org/occurrence/5087661144
4459,2004-05-01,2004,BRAZIL,Pernambuco,Piedade,Swimming,Unprovoked,-8.1756855,-34.9187594,Rhincodon typus,6252804893,1801.97,30237.0,pas_de_proximite_100km,0,0,0,2026-04-24T15:08,https://www.gbif.org/occurrence/6252804893
4463,2004-05-22,2004,USA,Florida,"Jacksonville Beach, Duval County",Inconnue,Unprovoked,30.2946859,-81.3931396,Carcharhinus leucas,6133570230,141.6,29533.0,pas_de_proximite_100km,0,0,0,2026-01-28T17:22:37,https://www.gbif.org/occurrence/6133570230
4463,2004-05-22,2004,USA,Florida,"Jacksonville Beach, Duval County",Inconnue,Unprovoked,30.2946859,-81.3931396,Carcharodon carcharias,6441095820,314.31,257.0,pas_de_proximite_100km,0,0,0,2026-03-27T20:47:37,https://www.gbif.org/occurrence/6441095820
4463,2004-05-22,2004,USA,Florida,"Jacksonville Beach, Duval County",Inconnue,Unprovoked,30.2946859,-81.3931396,Galeocerdo cuvier,6399953055,53.35,29433.0,proximite_regionale,0,1,0,2026-06-07T17:14:40,https://www.gbif.org/occurrence/6399953055
4463,2004-05-22,2004,USA,Florida,"Jacksonville Beach, Duval County",Inconnue,Unprovoked,30.2946859,-81.3931396,Rhincodon typus,6253026970,639.65,30069.0,pas_de_proximite_100km,0,0,0,2026-04-27T07:00,https://www.gbif.org/occurrence/6253026970
4481,2004-11-27,2004,SOUTH AFRICA,Eastern Cape Province,"Nahoon, East London",Surfing,Unprovoked,-32.9729225,27.9244827,Carcharhinus leucas,6130149287,354.37,29330.0,pas_de_proximite_100km,0,0,0,2026-01-10T07:45:33,https://www.gbif.org/occurrence/6130149287
4481,2004-11-27,2004,SOUTH AFRICA,Eastern Cape Province,"Nahoon, East London",Surfing,Unprovoked,-32.9729225,27.9244827,Carcharodon carcharias,6480081628,24.5,29039.0,proximite_forte,1,2,0,2026-01-19T13:45:33,https://www.gbif.org/occurrence/6480081628
4481,2004-11-27,2004,SOUTH AFRICA,Eastern Cape Province,"Nahoon, East London",Surfing,Unprovoked,-32.9729225,27.9244827,Galeocerdo cuvier,5206523433,817.6,29798.0,pas_de_proximite_100km,0,0,0,2025-03-25T01:26:01,https://www.gbif.org/occurrence/5206523433
4481,2004-11-27,2004,SOUTH AFRICA,Eastern Cape Province,"Nahoon, East London",Surfing,Unprovoked,-32.9729225,27.9244827,Rhincodon typus,6352311338,1668.43,1358701.0,pas_de_proximite_100km,0,0,0,2026-05-28,https://www.gbif.org/occurrence/6352311338
4482,2004-08-21,2004,BRAZIL,Pernambuco,"Boa Viagem Beach, Recife",Bathing,Unprovoked,-8.1275681,-34.8976638,Carcharhinus leucas,6253288019,4992.19,31451.0,pas_de_proximite_100km,0,0,0,2026-04-26,https://www.gbif.org/occurrence/6253288019
4482,2004-08-21,2004,BRAZIL,Pernambuco,"Boa Viagem Beach, Recife",Bathing,Unprovoked,-8.1275681,-34.8976638,Carcharodon carcharias,6147654727,6332.13,488.0,pas_de_proximite_100km,0,0,0,2026-01-31T19:40,https://www.gbif.org/occurrence/6147654727
4482,2004-08-21,2004,BRAZIL,Pernambuco,"Boa Viagem Beach, Recife",Bathing,Unprovoked,-8.1275681,-34.8976638,Galeocerdo cuvier,5087661144,1763.34,30278.0,pas_de_proximite_100km,0,0,0,2025-03-08T07:14:31,https://www.gbif.org/occurrence/5087661144
4482,2004-08-21,2004,BRAZIL,Pernambuco,"Boa Viagem Beach, Recife",Bathing,Unprovoked,-8.1275681,-34.8976638,Rhincodon typus,6252804893,1807.81,30237.0,pas_de_proximite_100km,0,0,0,2026-04-24T15:08,https://www.gbif.org/occurrence/6252804893
4495,2004-08-03,2004,AUSTRALIA,New South Wales,Byron Bay,Spearfishing,Unprovoked,-28.6483333,153.6177778,Carcharhinus leucas,6159543580,139.48,122.0,pas_de_proximite_100km,0,0,0,2026-02-14T19:35:12,https://www.gbif.org/occurrence/6159543580
4495,2004-08-03,2004,AUSTRALIA,New South Wales,Byron Bay,Spearfishing,Unprovoked,-28.6483333,153.6177778,Carcharodon carcharias,6162878281,167.55,7.0,pas_de_proximite_100km,0,0,0,2026-02-22T09:03:13,https://www.gbif.org/occurrence/6162878281
4495,2004-08-03,2004,AUSTRALIA,New South Wales,Byron Bay,Spearfishing,Unprovoked,-28.6483333,153.6177778,Galeocerdo cuvier,6133086834,43.46,5.0,proximite_regionale,0,1,1,2026-02-02T13:14:46,https://www.gbif.org/occurrence/6133086834
4495,2004-08-03,2004,AUSTRALIA,New South Wales,Byron Bay,Spearfishing,Unprovoked,-28.6483333,153.6177778,Rhincodon typus,5938466615,1611.06,30841.0,pas_de_proximite_100km,0,0,0,2026-01-03T11:33,https://www.gbif.org/occurrence/5938466615
4514,2004-03-27,2004,USA,Florida,"Sanibel Island, Lee County",Swimming,Unprovoked,26.440359,-82.1137049,Carcharhinus leucas,6470516778,22.5,29845.0,proximite_forte,1,6,1,2026-07-06T17:33:06,https://www.gbif.org/occurrence/6470516778
4514,2004-03-27,2004,USA,Florida,"Sanibel Island, Lee County",Swimming,Unprovoked,26.440359,-82.1137049,Carcharodon carcharias,6400039718,638.25,49.0,pas_de_proximite_100km,0,0,0,2026-02-25T14:55,https://www.gbif.org/occurrence/6400039718
4514,2004-03-27,2004,USA,Florida,"Sanibel Island, Lee County",Swimming,Unprovoked,26.440359,-82.1137049,Galeocerdo cuvier,5133758058,200.51,30025.0,pas_de_proximite_100km,0,0,0,2025-03-01T13:40,https://www.gbif.org/occurrence/5133758058
4514,2004-03-27,2004,USA,Florida,"Sanibel Island, Lee County",Swimming,Unprovoked,26.440359,-82.1137049,Rhincodon typus,6253026970,206.17,30069.0,pas_de_proximite_100km,0,0,0,2026-04-27T07:00,https://www.gbif.org/occurrence/6253026970
4520,2004-06-10,2004,USA,Florida,"Daytona Beach Shores, Volusia County",Swimming,Unprovoked,29.1760933,-80.9828323,Carcharhinus leucas,6133570230,14.37,29533.0,proximite_forte,2,2,2,2026-01-28T17:22:37,https://www.gbif.org/occurrence/6133570230
4520,2004-06-10,2004,USA,Florida,"Daytona Beach Shores, Volusia County",Swimming,Unprovoked,29.1760933,-80.9828323,Carcharodon carcharias,6441095820,415.77,257.0,pas_de_proximite_100km,0,0,0,2026-03-27T20:47:37,https://www.gbif.org/occurrence/6441095820
4520,2004-06-10,2004,USA,Florida,"Daytona Beach Shores, Volusia County",Swimming,Unprovoked,29.1760933,-80.9828323,Galeocerdo cuvier,6399953055,78.0,29433.0,proximite_regionale,0,1,0,2026-06-07T17:14:40,https://www.gbif.org/occurrence/6399953055
4520,2004-06-10,2004,USA,Florida,"Daytona Beach Shores, Volusia County",Swimming,Unprovoked,29.1760933,-80.9828323,Rhincodon typus,6253026970,524.52,30069.0,pas_de_proximite_100km,0,0,0,2026-04-27T07:00,https://www.gbif.org/occurrence/6253026970
4548,2005-08-06,2005,USA,South Carolina,"Isle of Palms, Charleston County",Swimming,Unprovoked,32.7867697,-79.7880359,Carcharhinus leucas,6130999421,419.72,29533.0,pas_de_proximite_100km,0,0,0,2026-01-17T15:30:29,https://www.gbif.org/occurrence/6130999421
4548,2005-08-06,2005,USA,South Carolina,"Isle of Palms, Charleston County",Swimming,Unprovoked,32.7867697,-79.7880359,Carcharodon carcharias,6441095820,1.98,257.0,proximite_forte,1,2,0,2026-03-27T20:47:37,https://www.gbif.org/occurrence/6441095820
4548,2005-08-06,2005,USA,South Carolina,"Isle of Palms, Charleston County",Swimming,Unprovoked,32.7867697,-79.7880359,Galeocerdo cuvier,6399752821,165.62,28902.0,pas_de_proximite_100km,0,0,0,2026-06-04T11:19,https://www.gbif.org/occurrence/6399752821
4548,2005-08-06,2005,USA,South Carolina,"Isle of Palms, Charleston County",Swimming,Unprovoked,32.7867697,-79.7880359,Rhincodon typus,6253026970,941.73,30069.0,pas_de_proximite_100km,0,0,0,2026-04-27T07:00,https://www.gbif.org/occurrence/6253026970
4549,2005-07-15,2005,AUSTRALIA,,,Inconnue,Invalid,-24.7761086,134.755,Carcharhinus leucas,6431650862,901.89,21.0,pas_de_proximite_100km,0,0,0,2026-05-18T08:21:34,https://www.gbif.org/occurrence/6431650862
4549,2005-07-15,2005,AUSTRALIA,,,Inconnue,Invalid,-24.7761086,134.755,Carcharodon carcharias,6431152356,1104.64,5811.0,pas_de_proximite_100km,0,0,0,2026-05-28T10:40,https://www.gbif.org/occurrence/6431152356
4549,2005-07-15,2005,AUSTRALIA,,,Inconnue,Invalid,-24.7761086,134.755,Galeocerdo cuvier,6353074074,1445.08,30810.0,pas_de_proximite_100km,0,0,0,2026-05-25T07:12,https://www.gbif.org/occurrence/6353074074
4549,2005-07-15,2005,AUSTRALIA,,,Inconnue,Invalid,-24.7761086,134.755,Rhincodon typus,5938466615,1503.85,30841.0,pas_de_proximite_100km,0,0,0,2026-01-03T11:33,https://www.gbif.org/occurrence/5938466615
4552,2005-10-29,2005,USA,Florida,"Ponce de Leon Inlet, Volusia County",Wading,Unprovoked,29.0768191,-80.9176166,Carcharhinus leucas,6133570230,7.04,29533.0,proximite_forte,2,2,2,2026-01-28T17:22:37,https://www.gbif.org/occurrence/6133570230
4552,2005-10-29,2005,USA,Florida,"Ponce de Leon Inlet, Volusia County",Wading,Unprovoked,29.0768191,-80.9176166,Carcharodon carcharias,6441095820,424.83,257.0,pas_de_proximite_100km,0,0,0,2026-03-27T20:47:37,https://www.gbif.org/occurrence/6441095820
4552,2005-10-29,2005,USA,Florida,"Ponce de Leon Inlet, Volusia County",Wading,Unprovoked,29.0768191,-80.9176166,Galeocerdo cuvier,6399953055,90.64,29433.0,proximite_regionale,0,1,0,2026-06-07T17:14:40,https://www.gbif.org/occurrence/6399953055
4552,2005-10-29,2005,USA,Florida,"Ponce de Leon Inlet, Volusia County",Wading,Unprovoked,29.0768191,-80.9176166,Rhincodon typus,6253026970,515.38,30069.0,pas_de_proximite_100km,0,0,0,2026-04-27T07:00,https://www.gbif.org/occurrence/6253026970
4558,2005-03-27,2005,AUSTRALIA,New South Wales,,Surfing,Unprovoked,-32.1629594,147.0320469,Carcharhinus leucas,6481240461,418.85,17.0,pas_de_proximite_100km,0,0,0,2026-01-22T00:00,https://www.gbif.org/occurrence/6481240461
4558,2005-03-27,2005,AUSTRALIA,New South Wales,,Surfing,Unprovoked,-32.1629594,147.0320469,Carcharodon carcharias,6159298926,509.4,,pas_de_proximite_100km,0,0,0,2026-02-03T04:38:07,https://www.gbif.org/occurrence/6159298926
4558,2005-03-27,2005,AUSTRALIA,New South Wales,,Surfing,Unprovoked,-32.1629594,147.0320469,Galeocerdo cuvier,6133086834,764.62,5.0,pas_de_proximite_100km,0,0,0,2026-02-02T13:14:46,https://www.gbif.org/occurrence/6133086834
4558,2005-03-27,2005,AUSTRALIA,New South Wales,,Surfing,Unprovoked,-32.1629594,147.0320469,Rhincodon typus,5938466615,1793.58,30841.0,pas_de_proximite_100km,0,0,0,2026-01-03T11:33,https://www.gbif.org/occurrence/5938466615
4564,2005-04-06,2005,USA,Florida,"Jacksonville Beach, Duval County",Inconnue,Unprovoked,30.2946859,-81.3931396,Carcharhinus leucas,6133570230,141.6,29533.0,pas_de_proximite_100km,0,0,0,2026-01-28T17:22:37,https://www.gbif.org/occurrence/6133570230
4564,2005-04-06,2005,USA,Florida,"Jacksonville Beach, Duval County",Inconnue,Unprovoked,30.2946859,-81.3931396,Carcharodon carcharias,6441095820,314.31,257.0,pas_de_proximite_100km,0,0,0,2026-03-27T20:47:37,https://www.gbif.org/occurrence/6441095820
4564,2005-04-06,2005,USA,Florida,"Jacksonville Beach, Duval County",Inconnue,Unprovoked,30.2946859,-81.3931396,Galeocerdo cuvier,6399953055,53.35,29433.0,proximite_regionale,0,1,0,2026-06-07T17:14:40,https://www.gbif.org/occurrence/6399953055
4564,2005-04-06,2005,USA,Florida,"Jacksonville Beach, Duval County",Inconnue,Unprovoked,30.2946859,-81.3931396,Rhincodon typus,6253026970,639.65,30069.0,pas_de_proximite_100km,0,0,0,2026-04-27T07:00,https://www.gbif.org/occurrence/6253026970
4584,2005-11-21,2005,USA,Florida,"Jensen Beach, Martin County",Surfing,Unprovoked,27.2379528,-80.2389899,Carcharhinus leucas,6235914464,33.11,29798.0,proximite_regionale,0,13,4,2026-03-27T15:00,https://www.gbif.org/occurrence/6235914464
4584,2005-11-21,2005,USA,Florida,"Jensen Beach, Martin County",Surfing,Unprovoked,27.2379528,-80.2389899,Carcharodon carcharias,6441095820,617.26,257.0,pas_de_proximite_100km,0,0,0,2026-03-27T20:47:37,https://www.gbif.org/occurrence/6441095820
4584,2005-11-21,2005,USA,Florida,"Jensen Beach, Martin County",Surfing,Unprovoked,27.2379528,-80.2389899,Galeocerdo cuvier,6235030691,34.23,29798.0,proximite_regionale,0,1,0,2026-04-25T11:55,https://www.gbif.org/occurrence/6235030691
4584,2005-11-21,2005,USA,Florida,"Jensen Beach, Martin County",Surfing,Unprovoked,27.2379528,-80.2389899,Rhincodon typus,6253026970,354.67,30069.0,pas_de_proximite_100km,0,0,0,2026-04-27T07:00,https://www.gbif.org/occurrence/6253026970
4586,2005-09-20,2005,USA,South Carolina,"Myrtle Beach, Horry County",Body surfing,Unprovoked,33.6956461,-78.8900409,Carcharhinus leucas,6130999421,541.07,29533.0,pas_de_proximite_100km,0,0,0,2026-01-17T15:30:29,https://www.gbif.org/occurrence/6130999421
4586,2005-09-20,2005,USA,South Carolina,"Myrtle Beach, Horry County",Body surfing,Unprovoked,33.6956461,-78.8900409,Carcharodon carcharias,6479594785,36.6,53267.0,proximite_regionale,0,1,0,2026-07-14T07:15:20,https://www.gbif.org/occurrence/6479594785
4586,2005-09-20,2005,USA,South Carolina,"Myrtle Beach, Horry County",Body surfing,Unprovoked,33.6956461,-78.8900409,Galeocerdo cuvier,6399752821,35.29,28902.0,proximite_regionale,0,1,0,2026-06-04T11:19,https://www.gbif.org/occurrence/6399752821
4586,2005-09-20,2005,USA,South Carolina,"Myrtle Beach, Horry County",Body surfing,Unprovoked,33.6956461,-78.8900409,Rhincodon typus,6253026970,1062.68,30069.0,pas_de_proximite_100km,0,0,0,2026-04-27T07:00,https://www.gbif.org/occurrence/6253026970
4588,2005-10-06,2005,USA,Florida,"Ponce Inlet, Volusia County",Treading water/ Surfing,Unprovoked,29.0963729,-80.9369983,Carcharhinus leucas,6133570230,8.03,29533.0,proximite_forte,2,2,2,2026-01-28T17:22:37,https://www.gbif.org/occurrence/6133570230
4588,2005-10-06,2005,USA,Florida,"Ponce Inlet, Volusia County",Treading water/ Surfing,Unprovoked,29.0963729,-80.9369983,Carcharodon carcharias,6441095820,423.19,257.0,pas_de_proximite_100km,0,0,0,2026-03-27T20:47:37,https://www.gbif.org/occurrence/6441095820
4588,2005-10-06,2005,USA,Florida,"Ponce Inlet, Volusia County",Treading water/ Surfing,Unprovoked,29.0963729,-80.9369983,Galeocerdo cuvier,6399953055,87.9,29433.0,proximite_regionale,0,1,0,2026-06-07T17:14:40,https://www.gbif.org/occurrence/6399953055
4588,2005-10-06,2005,USA,Florida,"Ponce Inlet, Volusia County",Treading water/ Surfing,Unprovoked,29.0963729,-80.9369983,Rhincodon typus,6253026970,517.01,30069.0,pas_de_proximite_100km,0,0,0,2026-04-27T07:00,https://www.gbif.org/occurrence/6253026970
4589,2005-09-02,2005,USA,Florida,"Ponce Inlet, Volusia County",Standing / Surfing,Unprovoked,29.0963729,-80.9369983,Carcharhinus leucas,6133570230,8.03,29533.0,proximite_forte,2,2,2,2026-01-28T17:22:37,https://www.gbif.org/occurrence/6133570230
4589,2005-09-02,2005,USA,Florida,"Ponce Inlet, Volusia County",Standing / Surfing,Unprovoked,29.0963729,-80.9369983,Carcharodon carcharias,6441095820,423.19,257.0,pas_de_proximite_100km,0,0,0,2026-03-27T20:47:37,https://www.gbif.org/occurrence/6441095820
4589,2005-09-02,2005,USA,Florida,"Ponce Inlet, Volusia County",Standing / Surfing,Unprovoked,29.0963729,-80.9369983,Galeocerdo cuvier,6399953055,87.9,29433.0,proximite_regionale,0,1,0,2026-06-07T17:14:40,https://www.gbif.org/occurrence/6399953055
4589,2005-09-02,2005,USA,Florida,"Ponce Inlet, Volusia County",Standing / Surfing,Unprovoked,29.0963729,-80.9369983,Rhincodon typus,6253026970,517.01,30069.0,pas_de_proximite_100km,0,0,0,2026-04-27T07:00,https://www.gbif.org/occurrence/6253026970
4605,2005-11-27,2005,USA,Florida,"Ponce Inlet, New Smyrna Beach, Volusia County",Surfing,Unprovoked,29.0645699,-80.915154,Carcharhinus leucas,6133570230,7.65,29533.0,proximite_forte,2,2,2,2026-01-28T17:22:37,https://www.gbif.org/occurrence/6133570230
4605,2005-11-27,2005,USA,Florida,"Ponce Inlet, New Smyrna Beach, Volusia County",Surfing,Unprovoked,29.0645699,-80.915154,Carcharodon carcharias,6441095820,426.09,257.0,pas_de_proximite_100km,0,0,0,2026-03-27T20:47:37,https://www.gbif.org/occurrence/6441095820
4605,2005-11-27,2005,USA,Florida,"Ponce Inlet, New Smyrna Beach, Volusia County",Surfing,Unprovoked,29.0645699,-80.915154,Galeocerdo cuvier,6399953055,91.99,29433.0,proximite_regionale,0,1,0,2026-06-07T17:14:40,https://www.gbif.org/occurrence/6399953055
4605,2005-11-27,2005,USA,Florida,"Ponce Inlet, New Smyrna Beach, Volusia County",Surfing,Unprovoked,29.0645699,-80.915154,Rhincodon typus,6253026970,514.12,30069.0,pas_de_proximite_100km,0,0,0,2026-04-27T07:00,https://www.gbif.org/occurrence/6253026970
4609,2005-07-23,2005,USA,Florida,"Ormond Beach, Volusia County",Surfing,Unprovoked,29.2854132,-81.0557921,Carcharhinus leucas,6133570230,27.53,29533.0,proximite_regionale,0,2,2,2026-01-28T17:22:37,https://www.gbif.org/occurrence/6133570230
4609,2005-07-23,2005,USA,Florida,"Ormond Beach, Volusia County",Surfing,Unprovoked,29.2854132,-81.0557921,Carcharodon carcharias,6441095820,406.04,257.0,pas_de_proximite_100km,0,0,0,2026-03-27T20:47:37,https://www.gbif.org/occurrence/6441095820
4609,2005-07-23,2005,USA,Florida,"Ormond Beach, Volusia County",Surfing,Unprovoked,29.2854132,-81.0557921,Galeocerdo cuvier,6399953055,64.07,29433.0,proximite_regionale,0,1,0,2026-06-07T17:14:40,https://www.gbif.org/occurrence/6399953055
4609,2005-07-23,2005,USA,Florida,"Ormond Beach, Volusia County",Surfing,Unprovoked,29.2854132,-81.0557921,Rhincodon typus,6253026970,534.74,30069.0,pas_de_proximite_100km,0,0,0,2026-04-27T07:00,https://www.gbif.org/occurrence/6253026970
4613,2005-11-25,2005,SOUTH AFRICA,Eastern Cape Province,"Nahoon, East London",Surfing,Unprovoked,-32.9729225,27.9244827,Carcharhinus leucas,6130149287,354.37,29330.0,pas_de_proximite_100km,0,0,0,2026-01-10T07:45:33,https://www.gbif.org/occurrence/6130149287
4613,2005-11-25,2005,SOUTH AFRICA,Eastern Cape Province,"Nahoon, East London",Surfing,Unprovoked,-32.9729225,27.9244827,Carcharodon carcharias,6480081628,24.5,29039.0,proximite_forte,1,2,0,2026-01-19T13:45:33,https://www.gbif.org/occurrence/6480081628
4613,2005-11-25,2005,SOUTH AFRICA,Eastern Cape Province,"Nahoon, East London",Surfing,Unprovoked,-32.9729225,27.9244827,Galeocerdo cuvier,5206523433,817.6,29798.0,pas_de_proximite_100km,0,0,0,2025-03-25T01:26:01,https://www.gbif.org/occurrence/5206523433
4613,2005-11-25,2005,SOUTH AFRICA,Eastern Cape Province,"Nahoon, East London",Surfing,Unprovoked,-32.9729225,27.9244827,Rhincodon typus,6352311338,1668.43,1358701.0,pas_de_proximite_100km,0,0,0,2026-05-28,https://www.gbif.org/occurrence/6352311338
4614,2005-11-16,2005,NEW CALEDONIA,,,Inconnue,Watercraft,-20.6378427,161.2117626,Carcharhinus leucas,6131674219,322.63,30527.0,pas_de_proximite_100km,0,0,0,2026-01-04T09:51,https://www.gbif.org/occurrence/6131674219
4614,2005-11-16,2005,NEW CALEDONIA,,,Inconnue,Watercraft,-20.6378427,161.2117626,Carcharodon carcharias,6162878281,1324.19,7.0,pas_de_proximite_100km,0,0,0,2026-02-22T09:03:13,https://www.gbif.org/occurrence/6162878281
4614,2005-11-16,2005,NEW CALEDONIA,,,Inconnue,Watercraft,-20.6378427,161.2117626,Galeocerdo cuvier,6185544658,955.1,637.0,pas_de_proximite_100km,0,0,0,2026-01-05T05:30,https://www.gbif.org/occurrence/6185544658
4614,2005-11-16,2005,NEW CALEDONIA,,,Inconnue,Watercraft,-20.6378427,161.2117626,Rhincodon typus,5938466615,1701.28,30841.0,pas_de_proximite_100km,0,0,0,2026-01-03T11:33,https://www.gbif.org/occurrence/5938466615
4619,2005-02-26,2005,AUSTRALIA,Queensland,Brisbane River,Swimming,Unprovoked,-27.1609698,152.5361974,Carcharhinus leucas,6252593084,45.47,202.0,proximite_regionale,0,7,5,2026-05-01T00:00,https://www.gbif.org/occurrence/6252593084
4619,2005-02-26,2005,AUSTRALIA,Queensland,Brisbane River,Swimming,Unprovoked,-27.1609698,152.5361974,Carcharodon carcharias,6162878281,334.77,7.0,pas_de_proximite_100km,0,0,0,2026-02-22T09:03:13,https://www.gbif.org/occurrence/6162878281
4619,2005-02-26,2005,AUSTRALIA,Queensland,Brisbane River,Swimming,Unprovoked,-27.1609698,152.5361974,Galeocerdo cuvier,6133086834,159.89,5.0,pas_de_proximite_100km,0,0,0,2026-02-02T13:14:46,https://www.gbif.org/occurrence/6133086834
4619,2005-02-26,2005,AUSTRALIA,Queensland,Brisbane River,Swimming,Unprovoked,-27.1609698,152.5361974,Rhincodon typus,5938466615,1414.56,30841.0,pas_de_proximite_100km,0,0,0,2026-01-03T11:33,https://www.gbif.org/occurrence/5938466615
4620,2005-06-18,2005,USA,Hawaii,Maui,Swimming,Invalid,20.8029568,-156.3106833,Carcharhinus leucas,6334261088,4800.06,30175.0,pas_de_proximite_100km,0,0,0,2026-05-21T11:26,https://www.gbif.org/occurrence/6334261088
4620,2005-06-18,2005,USA,Hawaii,Maui,Swimming,Invalid,20.8029568,-156.3106833,Carcharodon carcharias,6480838932,1253.22,1584228.0,pas_de_proximite_100km,0,0,0,2026-06-24T10:02:07,https://www.gbif.org/occurrence/6480838932
4620,2005-06-18,2005,USA,Hawaii,Maui,Swimming,Invalid,20.8029568,-156.3106833,Galeocerdo cuvier,6252097407,7.26,44888.0,proximite_forte,1,1,0,2026-05-02T21:04,https://www.gbif.org/occurrence/6252097407
4620,2005-06-18,2005,USA,Hawaii,Maui,Swimming,Invalid,20.8029568,-156.3106833,Rhincodon typus,6194532302,134.15,111319.49,pas_de_proximite_100km,0,0,0,2026-01-22,https://www.gbif.org/occurrence/6194532302
4630,2005-10-15,2005,USA,Florida,"Ponce Inlet, Volusia County",Wading,Provoked,29.0963729,-80.9369983,Carcharhinus leucas,6133570230,8.03,29533.0,proximite_forte,2,2,2,2026-01-28T17:22:37,https://www.gbif.org/occurrence/6133570230
4630,2005-10-15,2005,USA,Florida,"Ponce Inlet, Volusia County",Wading,Provoked,29.0963729,-80.9369983,Carcharodon carcharias,6441095820,423.19,257.0,pas_de_proximite_100km,0,0,0,2026-03-27T20:47:37,https://www.gbif.org/occurrence/6441095820
4630,2005-10-15,2005,USA,Florida,"Ponce Inlet, Volusia County",Wading,Provoked,29.0963729,-80.9369983,Galeocerdo cuvier,6399953055,87.9,29433.0,proximite_regionale,0,1,0,2026-06-07T17:14:40,https://www.gbif.org/occurrence/6399953055
4630,2005-10-15,2005,USA,Florida,"Ponce Inlet, Volusia County",Wading,Provoked,29.0963729,-80.9369983,Rhincodon typus,6253026970,517.01,30069.0,pas_de_proximite_100km,0,0,0,2026-04-27T07:00,https://www.gbif.org/occurrence/6253026970
4633,2006-04-19,2006,USA,Florida,"Daytona Beach, Volusia County",Standing,Unprovoked,29.2108147,-81.0228331,Carcharhinus leucas,6133570230,19.73,29533.0,proximite_forte,2,2,2,2026-01-28T17:22:37,https://www.gbif.org/occurrence/6133570230
4633,2006-04-19,2006,USA,Florida,"Daytona Beach, Volusia County",Standing,Unprovoked,29.2108147,-81.0228331,Carcharodon carcharias,6441095820,413.1,257.0,pas_de_proximite_100km,0,0,0,2026-03-27T20:47:37,https://www.gbif.org/occurrence/6441095820
4633,2006-04-19,2006,USA,Florida,"Daytona Beach, Volusia County",Standing,Unprovoked,29.2108147,-81.0228331,Galeocerdo cuvier,6399953055,72.96,29433.0,proximite_regionale,0,1,0,2026-06-07T17:14:40,https://www.gbif.org/occurrence/6399953055
4633,2006-04-19,2006,USA,Florida,"Daytona Beach, Volusia County",Standing,Unprovoked,29.2108147,-81.0228331,Rhincodon typus,6253026970,527.37,30069.0,pas_de_proximite_100km,0,0,0,2026-04-27T07:00,https://www.gbif.org/occurrence/6253026970
4647,2006-09-29,2006,USA,Florida,"New Smyrna Beach, Volusia County",Surfing,Unprovoked,29.0258132,-80.9271271,Carcharhinus leucas,6133570230,11.63,29533.0,proximite_forte,2,2,2,2026-01-28T17:22:37,https://www.gbif.org/occurrence/6133570230
4647,2006-09-29,2006,USA,Florida,"New Smyrna Beach, Volusia County",Surfing,Unprovoked,29.0258132,-80.9271271,Carcharodon carcharias,6441095820,430.55,257.0,pas_de_proximite_100km,0,0,0,2026-03-27T20:47:37,https://www.gbif.org/occurrence/6441095820
4647,2006-09-29,2006,USA,Florida,"New Smyrna Beach, Volusia County",Surfing,Unprovoked,29.0258132,-80.9271271,Galeocerdo cuvier,6399953055,95.51,29433.0,proximite_regionale,0,1,0,2026-06-07T17:14:40,https://www.gbif.org/occurrence/6399953055
4647,2006-09-29,2006,USA,Florida,"New Smyrna Beach, Volusia County",Surfing,Unprovoked,29.0258132,-80.9271271,Rhincodon typus,6253026970,509.66,30069.0,pas_de_proximite_100km,0,0,0,2026-04-27T07:00,https://www.gbif.org/occurrence/6253026970
4649,2006-09-04,2006,AUSTRALIA,Queensland,Great Barrier Reef,Diving,Invalid,-20.358137,148.9521302,Carcharhinus leucas,6171257530,350.74,4.0,pas_de_proximite_100km,0,0,0,2026-02-15T15:03:06,https://www.gbif.org/occurrence/6171257530
4649,2006-09-04,2006,AUSTRALIA,Queensland,Great Barrier Reef,Diving,Invalid,-20.358137,148.9521302,Carcharodon carcharias,6162878281,1165.87,7.0,pas_de_proximite_100km,0,0,0,2026-02-22T09:03:13,https://www.gbif.org/occurrence/6162878281
4649,2006-09-04,2006,AUSTRALIA,Queensland,Great Barrier Reef,Diving,Invalid,-20.358137,148.9521302,Galeocerdo cuvier,5069831221,476.84,2.0,pas_de_proximite_100km,0,0,0,2025-02-13T21:56,https://www.gbif.org/occurrence/5069831221
4649,2006-09-04,2006,AUSTRALIA,Queensland,Great Barrier Reef,Diving,Invalid,-20.358137,148.9521302,Rhincodon typus,5938466615,580.43,30841.0,pas_de_proximite_100km,0,0,0,2026-01-03T11:33,https://www.gbif.org/occurrence/5938466615
4656,2006-09-03,2006,USA,Florida,"New Smyrna Beach, Volusia County",Standing,Unprovoked,29.0258132,-80.9271271,Carcharhinus leucas,6133570230,11.63,29533.0,proximite_forte,2,2,2,2026-01-28T17:22:37,https://www.gbif.org/occurrence/6133570230
4656,2006-09-03,2006,USA,Florida,"New Smyrna Beach, Volusia County",Standing,Unprovoked,29.0258132,-80.9271271,Carcharodon carcharias,6441095820,430.55,257.0,pas_de_proximite_100km,0,0,0,2026-03-27T20:47:37,https://www.gbif.org/occurrence/6441095820
4656,2006-09-03,2006,USA,Florida,"New Smyrna Beach, Volusia County",Standing,Unprovoked,29.0258132,-80.9271271,Galeocerdo cuvier,6399953055,95.51,29433.0,proximite_regionale,0,1,0,2026-06-07T17:14:40,https://www.gbif.org/occurrence/6399953055
4656,2006-09-03,2006,USA,Florida,"New Smyrna Beach, Volusia County",Standing,Unprovoked,29.0258132,-80.9271271,Rhincodon typus,6253026970,509.66,30069.0,pas_de_proximite_100km,0,0,0,2026-04-27T07:00,https://www.gbif.org/occurrence/6253026970
4661,2006-02-08,2006,SOUTH AFRICA,Eastern Cape Province,"Nahoon, East London",Surfing,Unprovoked,-32.9729225,27.9244827,Carcharhinus leucas,6130149287,354.37,29330.0,pas_de_proximite_100km,0,0,0,2026-01-10T07:45:33,https://www.gbif.org/occurrence/6130149287
4661,2006-02-08,2006,SOUTH AFRICA,Eastern Cape Province,"Nahoon, East London",Surfing,Unprovoked,-32.9729225,27.9244827,Carcharodon carcharias,6480081628,24.5,29039.0,proximite_forte,1,2,0,2026-01-19T13:45:33,https://www.gbif.org/occurrence/6480081628
4661,2006-02-08,2006,SOUTH AFRICA,Eastern Cape Province,"Nahoon, East London",Surfing,Unprovoked,-32.9729225,27.9244827,Galeocerdo cuvier,5206523433,817.6,29798.0,pas_de_proximite_100km,0,0,0,2025-03-25T01:26:01,https://www.gbif.org/occurrence/5206523433
4661,2006-02-08,2006,SOUTH AFRICA,Eastern Cape Province,"Nahoon, East London",Surfing,Unprovoked,-32.9729225,27.9244827,Rhincodon typus,6352311338,1668.43,1358701.0,pas_de_proximite_100km,0,0,0,2026-05-28,https://www.gbif.org/occurrence/6352311338
4664,2006-05-21,2006,BRAZIL,Pernambuco,"Boa Viagem Beach, Recife",Surfing,Unprovoked,-8.1275681,-34.8976638,Carcharhinus leucas,6253288019,4992.19,31451.0,pas_de_proximite_100km,0,0,0,2026-04-26,https://www.gbif.org/occurrence/6253288019
4664,2006-05-21,2006,BRAZIL,Pernambuco,"Boa Viagem Beach, Recife",Surfing,Unprovoked,-8.1275681,-34.8976638,Carcharodon carcharias,6147654727,6332.13,488.0,pas_de_proximite_100km,0,0,0,2026-01-31T19:40,https://www.gbif.org/occurrence/6147654727
4664,2006-05-21,2006,BRAZIL,Pernambuco,"Boa Viagem Beach, Recife",Surfing,Unprovoked,-8.1275681,-34.8976638,Galeocerdo cuvier,5087661144,1763.34,30278.0,pas_de_proximite_100km,0,0,0,2025-03-08T07:14:31,https://www.gbif.org/occurrence/5087661144
4664,2006-05-21,2006,BRAZIL,Pernambuco,"Boa Viagem Beach, Recife",Surfing,Unprovoked,-8.1275681,-34.8976638,Rhincodon typus,6252804893,1807.81,30237.0,pas_de_proximite_100km,0,0,0,2026-04-24T15:08,https://www.gbif.org/occurrence/6252804893
4665,2006-03-22,2006,SOUTH AFRICA,Eastern Cape Province,Port Alfred,Swimming,Invalid,-33.5981844,26.8914772,Carcharhinus leucas,6130149287,472.09,29330.0,pas_de_proximite_100km,0,0,0,2026-01-10T07:45:33,https://www.gbif.org/occurrence/6130149287
4665,2006-03-22,2006,SOUTH AFRICA,Eastern Cape Province,Port Alfred,Swimming,Invalid,-33.5981844,26.8914772,Carcharodon carcharias,6480081628,137.43,29039.0,pas_de_proximite_100km,0,0,0,2026-01-19T13:45:33,https://www.gbif.org/occurrence/6480081628
4665,2006-03-22,2006,SOUTH AFRICA,Eastern Cape Province,Port Alfred,Swimming,Invalid,-33.5981844,26.8914772,Galeocerdo cuvier,5206523433,931.58,29798.0,pas_de_proximite_100km,0,0,0,2025-03-25T01:26:01,https://www.gbif.org/occurrence/5206523433
4665,2006-03-22,2006,SOUTH AFRICA,Eastern Cape Province,Port Alfred,Swimming,Invalid,-33.5981844,26.8914772,Rhincodon typus,6352311338,1776.67,1358701.0,pas_de_proximite_100km,0,0,0,2026-05-28,https://www.gbif.org/occurrence/6352311338
4667,2006-07-01,2006,USA,Florida,"Florida Keys, Monroe County",Spearfishing,Unprovoked,24.6736205,-81.4981792,Carcharhinus leucas,6273845090,7.22,30047.0,proximite_forte,2,5,3,2026-04-24T11:59,https://www.gbif.org/occurrence/6273845090
4667,2006-07-01,2006,USA,Florida,"Florida Keys, Monroe County",Spearfishing,Unprovoked,24.6736205,-81.4981792,Carcharodon carcharias,6400039718,825.73,49.0,pas_de_proximite_100km,0,0,0,2026-02-25T14:55,https://www.gbif.org/occurrence/6400039718
4667,2006-07-01,2006,USA,Florida,"Florida Keys, Monroe County",Spearfishing,Unprovoked,24.6736205,-81.4981792,Galeocerdo cuvier,5133758058,53.51,30025.0,proximite_regionale,0,1,0,2025-03-01T13:40,https://www.gbif.org/occurrence/5133758058
4667,2006-07-01,2006,USA,Florida,"Florida Keys, Monroe County",Spearfishing,Unprovoked,24.6736205,-81.4981792,Rhincodon typus,6253026970,72.94,30069.0,proximite_regionale,0,1,0,2026-04-27T07:00,https://www.gbif.org/occurrence/6253026970
4672,2006-10-10,2006,USA,Florida,"Daytona Beach, Volusia County",Surfing,Unprovoked,29.2108147,-81.0228331,Carcharhinus leucas,6133570230,19.73,29533.0,proximite_forte,2,2,2,2026-01-28T17:22:37,https://www.gbif.org/occurrence/6133570230
4672,2006-10-10,2006,USA,Florida,"Daytona Beach, Volusia County",Surfing,Unprovoked,29.2108147,-81.0228331,Carcharodon carcharias,6441095820,413.1,257.0,pas_de_proximite_100km,0,0,0,2026-03-27T20:47:37,https://www.gbif.org/occurrence/6441095820
4672,2006-10-10,2006,USA,Florida,"Daytona Beach, Volusia County",Surfing,Unprovoked,29.2108147,-81.0228331,Galeocerdo cuvier,6399953055,72.96,29433.0,proximite_regionale,0,1,0,2026-06-07T17:14:40,https://www.gbif.org/occurrence/6399953055
4672,2006-10-10,2006,USA,Florida,"Daytona Beach, Volusia County",Surfing,Unprovoked,29.2108147,-81.0228331,Rhincodon typus,6253026970,527.37,30069.0,pas_de_proximite_100km,0,0,0,2026-04-27T07:00,https://www.gbif.org/occurrence/6253026970
4676,2006-07-25,2006,USA,Florida,"New Smyrna Beach, Volusia County",Surfing,Unprovoked,29.0258132,-80.9271271,Carcharhinus leucas,6133570230,11.63,29533.0,proximite_forte,2,2,2,2026-01-28T17:22:37,https://www.gbif.org/occurrence/6133570230
4676,2006-07-25,2006,USA,Florida,"New Smyrna Beach, Volusia County",Surfing,Unprovoked,29.0258132,-80.9271271,Carcharodon carcharias,6441095820,430.55,257.0,pas_de_proximite_100km,0,0,0,2026-03-27T20:47:37,https://www.gbif.org/occurrence/6441095820
4676,2006-07-25,2006,USA,Florida,"New Smyrna Beach, Volusia County",Surfing,Unprovoked,29.0258132,-80.9271271,Galeocerdo cuvier,6399953055,95.51,29433.0,proximite_regionale,0,1,0,2026-06-07T17:14:40,https://www.gbif.org/occurrence/6399953055
4676,2006-07-25,2006,USA,Florida,"New Smyrna Beach, Volusia County",Surfing,Unprovoked,29.0258132,-80.9271271,Rhincodon typus,6253026970,509.66,30069.0,pas_de_proximite_100km,0,0,0,2026-04-27T07:00,https://www.gbif.org/occurrence/6253026970
4682,2006-10-05,2006,USA,Florida,"New Smyrna Beach, Volusia County",Playing soccer in the water,Unprovoked,29.0258132,-80.9271271,Carcharhinus leucas,6133570230,11.63,29533.0,proximite_forte,2,2,2,2026-01-28T17:22:37,https://www.gbif.org/occurrence/6133570230
4682,2006-10-05,2006,USA,Florida,"New Smyrna Beach, Volusia County",Playing soccer in the water,Unprovoked,29.0258132,-80.9271271,Carcharodon carcharias,6441095820,430.55,257.0,pas_de_proximite_100km,0,0,0,2026-03-27T20:47:37,https://www.gbif.org/occurrence/6441095820
4682,2006-10-05,2006,USA,Florida,"New Smyrna Beach, Volusia County",Playing soccer in the water,Unprovoked,29.0258132,-80.9271271,Galeocerdo cuvier,6399953055,95.51,29433.0,proximite_regionale,0,1,0,2026-06-07T17:14:40,https://www.gbif.org/occurrence/6399953055
4682,2006-10-05,2006,USA,Florida,"New Smyrna Beach, Volusia County",Playing soccer in the water,Unprovoked,29.0258132,-80.9271271,Rhincodon typus,6253026970,509.66,30069.0,pas_de_proximite_100km,0,0,0,2026-04-27T07:00,https://www.gbif.org/occurrence/6253026970
4692,2006-09-02,2006,USA,Florida,"New Smyrna Beach, Volusia County",Swimming,Unprovoked,29.0258132,-80.9271271,Carcharhinus leucas,6133570230,11.63,29533.0,proximite_forte,2,2,2,2026-01-28T17:22:37,https://www.gbif.org/occurrence/6133570230
4692,2006-09-02,2006,USA,Florida,"New Smyrna Beach, Volusia County",Swimming,Unprovoked,29.0258132,-80.9271271,Carcharodon carcharias,6441095820,430.55,257.0,pas_de_proximite_100km,0,0,0,2026-03-27T20:47:37,https://www.gbif.org/occurrence/6441095820
4692,2006-09-02,2006,USA,Florida,"New Smyrna Beach, Volusia County",Swimming,Unprovoked,29.0258132,-80.9271271,Galeocerdo cuvier,6399953055,95.51,29433.0,proximite_regionale,0,1,0,2026-06-07T17:14:40,https://www.gbif.org/occurrence/6399953055
4692,2006-09-02,2006,USA,Florida,"New Smyrna Beach, Volusia County",Swimming,Unprovoked,29.0258132,-80.9271271,Rhincodon typus,6253026970,509.66,30069.0,pas_de_proximite_100km,0,0,0,2026-04-27T07:00,https://www.gbif.org/occurrence/6253026970
4698,2006-07-09,2006,USA,Florida,"New Smyrna Beach, Volusia County",Wading,Unprovoked,29.0258132,-80.9271271,Carcharhinus leucas,6133570230,11.63,29533.0,proximite_forte,2,2,2,2026-01-28T17:22:37,https://www.gbif.org/occurrence/6133570230
4698,2006-07-09,2006,USA,Florida,"New Smyrna Beach, Volusia County",Wading,Unprovoked,29.0258132,-80.9271271,Carcharodon carcharias,6441095820,430.55,257.0,pas_de_proximite_100km,0,0,0,2026-03-27T20:47:37,https://www.gbif.org/occurrence/6441095820
4698,2006-07-09,2006,USA,Florida,"New Smyrna Beach, Volusia County",Wading,Unprovoked,29.0258132,-80.9271271,Galeocerdo cuvier,6399953055,95.51,29433.0,proximite_regionale,0,1,0,2026-06-07T17:14:40,https://www.gbif.org/occurrence/6399953055
4698,2006-07-09,2006,USA,Florida,"New Smyrna Beach, Volusia County",Wading,Unprovoked,29.0258132,-80.9271271,Rhincodon typus,6253026970,509.66,30069.0,pas_de_proximite_100km,0,0,0,2026-04-27T07:00,https://www.gbif.org/occurrence/6253026970
4701,2006-11-09,2006,SOUTH AFRICA,Eastern Cape Province,"Nahoon, East London",Canoeing,Provoked,-32.9729225,27.9244827,Carcharhinus leucas,6130149287,354.37,29330.0,pas_de_proximite_100km,0,0,0,2026-01-10T07:45:33,https://www.gbif.org/occurrence/6130149287
4701,2006-11-09,2006,SOUTH AFRICA,Eastern Cape Province,"Nahoon, East London",Canoeing,Provoked,-32.9729225,27.9244827,Carcharodon carcharias,6480081628,24.5,29039.0,proximite_forte,1,2,0,2026-01-19T13:45:33,https://www.gbif.org/occurrence/6480081628
4701,2006-11-09,2006,SOUTH AFRICA,Eastern Cape Province,"Nahoon, East London",Canoeing,Provoked,-32.9729225,27.9244827,Galeocerdo cuvier,5206523433,817.6,29798.0,pas_de_proximite_100km,0,0,0,2025-03-25T01:26:01,https://www.gbif.org/occurrence/5206523433
4701,2006-11-09,2006,SOUTH AFRICA,Eastern Cape Province,"Nahoon, East London",Canoeing,Provoked,-32.9729225,27.9244827,Rhincodon typus,6352311338,1668.43,1358701.0,pas_de_proximite_100km,0,0,0,2026-05-28,https://www.gbif.org/occurrence/6352311338
4703,2006-06-20,2006,USA,Florida,"New Smyrna Beach, Volusia County",Surfing,Unprovoked,29.0258132,-80.9271271,Carcharhinus leucas,6133570230,11.63,29533.0,proximite_forte,2,2,2,2026-01-28T17:22:37,https://www.gbif.org/occurrence/6133570230
4703,2006-06-20,2006,USA,Florida,"New Smyrna Beach, Volusia County",Surfing,Unprovoked,29.0258132,-80.9271271,Carcharodon carcharias,6441095820,430.55,257.0,pas_de_proximite_100km,0,0,0,2026-03-27T20:47:37,https://www.gbif.org/occurrence/6441095820
4703,2006-06-20,2006,USA,Florida,"New Smyrna Beach, Volusia County",Surfing,Unprovoked,29.0258132,-80.9271271,Galeocerdo cuvier,6399953055,95.51,29433.0,proximite_regionale,0,1,0,2026-06-07T17:14:40,https://www.gbif.org/occurrence/6399953055
4703,2006-06-20,2006,USA,Florida,"New Smyrna Beach, Volusia County",Surfing,Unprovoked,29.0258132,-80.9271271,Rhincodon typus,6253026970,509.66,30069.0,pas_de_proximite_100km,0,0,0,2026-04-27T07:00,https://www.gbif.org/occurrence/6253026970
4706,2006-09-11,2006,USA,Florida,"New Smyrna Beach, Volusia County",Surfing,Unprovoked,29.0258132,-80.9271271,Carcharhinus leucas,6133570230,11.63,29533.0,proximite_forte,2,2,2,2026-01-28T17:22:37,https://www.gbif.org/occurrence/6133570230
4706,2006-09-11,2006,USA,Florida,"New Smyrna Beach, Volusia County",Surfing,Unprovoked,29.0258132,-80.9271271,Carcharodon carcharias,6441095820,430.55,257.0,pas_de_proximite_100km,0,0,0,2026-03-27T20:47:37,https://www.gbif.org/occurrence/6441095820
4706,2006-09-11,2006,USA,Florida,"New Smyrna Beach, Volusia County",Surfing,Unprovoked,29.0258132,-80.9271271,Galeocerdo cuvier,6399953055,95.51,29433.0,proximite_regionale,0,1,0,2026-06-07T17:14:40,https://www.gbif.org/occurrence/6399953055
4706,2006-09-11,2006,USA,Florida,"New Smyrna Beach, Volusia County",Surfing,Unprovoked,29.0258132,-80.9271271,Rhincodon typus,6253026970,509.66,30069.0,pas_de_proximite_100km,0,0,0,2026-04-27T07:00,https://www.gbif.org/occurrence/6253026970
4710,2006-04-09,2006,BRAZIL,Pernambuco,Piedade,Swimming,Unprovoked,-8.1756855,-34.9187594,Carcharhinus leucas,6236098602,4993.37,31271.0,pas_de_proximite_100km,0,0,0,2026-04-26T14:30,https://www.gbif.org/occurrence/6236098602
4710,2006-04-09,2006,BRAZIL,Pernambuco,Piedade,Swimming,Unprovoked,-8.1756855,-34.9187594,Carcharodon carcharias,6147654727,6330.83,488.0,pas_de_proximite_100km,0,0,0,2026-01-31T19:40,https://www.gbif.org/occurrence/6147654727
4710,2006-04-09,2006,BRAZIL,Pernambuco,Piedade,Swimming,Unprovoked,-8.1756855,-34.9187594,Galeocerdo cuvier,5087661144,1757.51,30278.0,pas_de_proximite_100km,0,0,0,2025-03-08T07:14:31,https://www.gbif.org/occurrence/5087661144
4710,2006-04-09,2006,BRAZIL,Pernambuco,Piedade,Swimming,Unprovoked,-8.1756855,-34.9187594,Rhincodon typus,6252804893,1801.97,30237.0,pas_de_proximite_100km,0,0,0,2026-04-24T15:08,https://www.gbif.org/occurrence/6252804893
4715,2006-06-15,2006,USA,Florida,"New Smyrna Beach, Volusia County",Surfing,Unprovoked,29.0258132,-80.9271271,Carcharhinus leucas,6133570230,11.63,29533.0,proximite_forte,2,2,2,2026-01-28T17:22:37,https://www.gbif.org/occurrence/6133570230
4715,2006-06-15,2006,USA,Florida,"New Smyrna Beach, Volusia County",Surfing,Unprovoked,29.0258132,-80.9271271,Carcharodon carcharias,6441095820,430.55,257.0,pas_de_proximite_100km,0,0,0,2026-03-27T20:47:37,https://www.gbif.org/occurrence/6441095820
4715,2006-06-15,2006,USA,Florida,"New Smyrna Beach, Volusia County",Surfing,Unprovoked,29.0258132,-80.9271271,Galeocerdo cuvier,6399953055,95.51,29433.0,proximite_regionale,0,1,0,2026-06-07T17:14:40,https://www.gbif.org/occurrence/6399953055
4715,2006-06-15,2006,USA,Florida,"New Smyrna Beach, Volusia County",Surfing,Unprovoked,29.0258132,-80.9271271,Rhincodon typus,6253026970,509.66,30069.0,pas_de_proximite_100km,0,0,0,2026-04-27T07:00,https://www.gbif.org/occurrence/6253026970
4724,2006-05-05,2006,USA,Florida,"Cocoa Beach, Brevard  County",Inconnue,Unprovoked,28.3184107,-80.6094959,Carcharhinus leucas,6234759244,43.15,29680.0,proximite_regionale,0,5,5,2026-04-17T20:49,https://www.gbif.org/occurrence/6234759244
4724,2006-05-05,2006,USA,Florida,"Cocoa Beach, Brevard  County",Inconnue,Unprovoked,28.3184107,-80.6094959,Carcharodon carcharias,6441095820,501.64,257.0,pas_de_proximite_100km,0,0,0,2026-03-27T20:47:37,https://www.gbif.org/occurrence/6441095820
4724,2006-05-05,2006,USA,Florida,"Cocoa Beach, Brevard  County",Inconnue,Unprovoked,28.3184107,-80.6094959,Galeocerdo cuvier,6235030691,159.76,29798.0,pas_de_proximite_100km,0,0,0,2026-04-25T11:55,https://www.gbif.org/occurrence/6235030691
4724,2006-05-05,2006,USA,Florida,"Cocoa Beach, Brevard  County",Inconnue,Unprovoked,28.3184107,-80.6094959,Rhincodon typus,6253026970,444.43,30069.0,pas_de_proximite_100km,0,0,0,2026-04-27T07:00,https://www.gbif.org/occurrence/6253026970
4725,2006-07-01,2006,USA,Florida,"Florida Keys, Monroe County",Spearfishing,Unprovoked,24.6736205,-81.4981792,Carcharhinus leucas,6273845090,7.22,30047.0,proximite_forte,2,5,3,2026-04-24T11:59,https://www.gbif.org/occurrence/6273845090
4725,2006-07-01,2006,USA,Florida,"Florida Keys, Monroe County",Spearfishing,Unprovoked,24.6736205,-81.4981792,Carcharodon carcharias,6400039718,825.73,49.0,pas_de_proximite_100km,0,0,0,2026-02-25T14:55,https://www.gbif.org/occurrence/6400039718
4725,2006-07-01,2006,USA,Florida,"Florida Keys, Monroe County",Spearfishing,Unprovoked,24.6736205,-81.4981792,Galeocerdo cuvier,5133758058,53.51,30025.0,proximite_regionale,0,1,0,2025-03-01T13:40,https://www.gbif.org/occurrence/5133758058
4725,2006-07-01,2006,USA,Florida,"Florida Keys, Monroe County",Spearfishing,Unprovoked,24.6736205,-81.4981792,Rhincodon typus,6253026970,72.94,30069.0,proximite_regionale,0,1,0,2026-04-27T07:00,https://www.gbif.org/occurrence/6253026970
4734,2007-04-01,2007,USA,Florida,"New Smyrna Beach, Volusia County",Playing on a sandbar,Unprovoked,29.0258132,-80.9271271,Carcharhinus leucas,6133570230,11.63,29533.0,proximite_forte,2,2,2,2026-01-28T17:22:37,https://www.gbif.org/occurrence/6133570230
4734,2007-04-01,2007,USA,Florida,"New Smyrna Beach, Volusia County",Playing on a sandbar,Unprovoked,29.0258132,-80.9271271,Carcharodon carcharias,6441095820,430.55,257.0,pas_de_proximite_100km,0,0,0,2026-03-27T20:47:37,https://www.gbif.org/occurrence/6441095820
4734,2007-04-01,2007,USA,Florida,"New Smyrna Beach, Volusia County",Playing on a sandbar,Unprovoked,29.0258132,-80.9271271,Galeocerdo cuvier,6399953055,95.51,29433.0,proximite_regionale,0,1,0,2026-06-07T17:14:40,https://www.gbif.org/occurrence/6399953055
4734,2007-04-01,2007,USA,Florida,"New Smyrna Beach, Volusia County",Playing on a sandbar,Unprovoked,29.0258132,-80.9271271,Rhincodon typus,6253026970,509.66,30069.0,pas_de_proximite_100km,0,0,0,2026-04-27T07:00,https://www.gbif.org/occurrence/6253026970
4735,2007-07-05,2007,USA,Florida,"Ponce Inlet, Volusia County",Surfing,Unprovoked,29.0963729,-80.9369983,Carcharhinus leucas,6133570230,8.03,29533.0,proximite_forte,2,2,2,2026-01-28T17:22:37,https://www.gbif.org/occurrence/6133570230
4735,2007-07-05,2007,USA,Florida,"Ponce Inlet, Volusia County",Surfing,Unprovoked,29.0963729,-80.9369983,Carcharodon carcharias,6441095820,423.19,257.0,pas_de_proximite_100km,0,0,0,2026-03-27T20:47:37,https://www.gbif.org/occurrence/6441095820
4735,2007-07-05,2007,USA,Florida,"Ponce Inlet, Volusia County",Surfing,Unprovoked,29.0963729,-80.9369983,Galeocerdo cuvier,6399953055,87.9,29433.0,proximite_regionale,0,1,0,2026-06-07T17:14:40,https://www.gbif.org/occurrence/6399953055
4735,2007-07-05,2007,USA,Florida,"Ponce Inlet, Volusia County",Surfing,Unprovoked,29.0963729,-80.9369983,Rhincodon typus,6253026970,517.01,30069.0,pas_de_proximite_100km,0,0,0,2026-04-27T07:00,https://www.gbif.org/occurrence/6253026970
4738,2007-11-06,2007,USA,Florida,"New Smyrna Beach, Volusia County",Surfing,Unprovoked,29.0258132,-80.9271271,Carcharhinus leucas,6133570230,11.63,29533.0,proximite_forte,2,2,2,2026-01-28T17:22:37,https://www.gbif.org/occurrence/6133570230
4738,2007-11-06,2007,USA,Florida,"New Smyrna Beach, Volusia County",Surfing,Unprovoked,29.0258132,-80.9271271,Carcharodon carcharias,6441095820,430.55,257.0,pas_de_proximite_100km,0,0,0,2026-03-27T20:47:37,https://www.gbif.org/occurrence/6441095820
4738,2007-11-06,2007,USA,Florida,"New Smyrna Beach, Volusia County",Surfing,Unprovoked,29.0258132,-80.9271271,Galeocerdo cuvier,6399953055,95.51,29433.0,proximite_regionale,0,1,0,2026-06-07T17:14:40,https://www.gbif.org/occurrence/6399953055
4738,2007-11-06,2007,USA,Florida,"New Smyrna Beach, Volusia County",Surfing,Unprovoked,29.0258132,-80.9271271,Rhincodon typus,6253026970,509.66,30069.0,pas_de_proximite_100km,0,0,0,2026-04-27T07:00,https://www.gbif.org/occurrence/6253026970
4753,2007-08-09,2007,USA,South Carolina,"Isle of Palms, Charleston County",Swimming,Unprovoked,32.7867697,-79.7880359,Carcharhinus leucas,6130999421,419.72,29533.0,pas_de_proximite_100km,0,0,0,2026-01-17T15:30:29,https://www.gbif.org/occurrence/6130999421
4753,2007-08-09,2007,USA,South Carolina,"Isle of Palms, Charleston County",Swimming,Unprovoked,32.7867697,-79.7880359,Carcharodon carcharias,6441095820,1.98,257.0,proximite_forte,1,2,0,2026-03-27T20:47:37,https://www.gbif.org/occurrence/6441095820
4753,2007-08-09,2007,USA,South Carolina,"Isle of Palms, Charleston County",Swimming,Unprovoked,32.7867697,-79.7880359,Galeocerdo cuvier,6399752821,165.62,28902.0,pas_de_proximite_100km,0,0,0,2026-06-04T11:19,https://www.gbif.org/occurrence/6399752821
4753,2007-08-09,2007,USA,South Carolina,"Isle of Palms, Charleston County",Swimming,Unprovoked,32.7867697,-79.7880359,Rhincodon typus,6253026970,941.73,30069.0,pas_de_proximite_100km,0,0,0,2026-04-27T07:00,https://www.gbif.org/occurrence/6253026970
4754,2007-08-09,2007,USA,South Carolina,"Isle of Palms, Charleston County",Boogie Boarding,Unprovoked,32.7867697,-79.7880359,Carcharhinus leucas,6130999421,419.72,29533.0,pas_de_proximite_100km,0,0,0,2026-01-17T15:30:29,https://www.gbif.org/occurrence/6130999421
4754,2007-08-09,2007,USA,South Carolina,"Isle of Palms, Charleston County",Boogie Boarding,Unprovoked,32.7867697,-79.7880359,Carcharodon carcharias,6441095820,1.98,257.0,proximite_forte,1,2,0,2026-03-27T20:47:37,https://www.gbif.org/occurrence/6441095820
4754,2007-08-09,2007,USA,South Carolina,"Isle of Palms, Charleston County",Boogie Boarding,Unprovoked,32.7867697,-79.7880359,Galeocerdo cuvier,6399752821,165.62,28902.0,pas_de_proximite_100km,0,0,0,2026-06-04T11:19,https://www.gbif.org/occurrence/6399752821
4754,2007-08-09,2007,USA,South Carolina,"Isle of Palms, Charleston County",Boogie Boarding,Unprovoked,32.7867697,-79.7880359,Rhincodon typus,6253026970,941.73,30069.0,pas_de_proximite_100km,0,0,0,2026-04-27T07:00,https://www.gbif.org/occurrence/6253026970
4760,2007-06-25,2007,USA,Florida,"New Smyrna Beach, Volusia County",Surfing,Unprovoked,29.0258132,-80.9271271,Carcharhinus leucas,6133570230,11.63,29533.0,proximite_forte,2,2,2,2026-01-28T17:22:37,https://www.gbif.org/occurrence/6133570230
4760,2007-06-25,2007,USA,Florida,"New Smyrna Beach, Volusia County",Surfing,Unprovoked,29.0258132,-80.9271271,Carcharodon carcharias,6441095820,430.55,257.0,pas_de_proximite_100km,0,0,0,2026-03-27T20:47:37,https://www.gbif.org/occurrence/6441095820
4760,2007-06-25,2007,USA,Florida,"New Smyrna Beach, Volusia County",Surfing,Unprovoked,29.0258132,-80.9271271,Galeocerdo cuvier,6399953055,95.51,29433.0,proximite_regionale,0,1,0,2026-06-07T17:14:40,https://www.gbif.org/occurrence/6399953055
4760,2007-06-25,2007,USA,Florida,"New Smyrna Beach, Volusia County",Surfing,Unprovoked,29.0258132,-80.9271271,Rhincodon typus,6253026970,509.66,30069.0,pas_de_proximite_100km,0,0,0,2026-04-27T07:00,https://www.gbif.org/occurrence/6253026970
4768,2007-09-05,2007,USA,Florida,"Daytona Beach, Volusia County",Wading,Unprovoked,29.2108147,-81.0228331,Carcharhinus leucas,6133570230,19.73,29533.0,proximite_forte,2,2,2,2026-01-28T17:22:37,https://www.gbif.org/occurrence/6133570230
4768,2007-09-05,2007,USA,Florida,"Daytona Beach, Volusia County",Wading,Unprovoked,29.2108147,-81.0228331,Carcharodon carcharias,6441095820,413.1,257.0,pas_de_proximite_100km,0,0,0,2026-03-27T20:47:37,https://www.gbif.org/occurrence/6441095820
4768,2007-09-05,2007,USA,Florida,"Daytona Beach, Volusia County",Wading,Unprovoked,29.2108147,-81.0228331,Galeocerdo cuvier,6399953055,72.96,29433.0,proximite_regionale,0,1,0,2026-06-07T17:14:40,https://www.gbif.org/occurrence/6399953055
4768,2007-09-05,2007,USA,Florida,"Daytona Beach, Volusia County",Wading,Unprovoked,29.2108147,-81.0228331,Rhincodon typus,6253026970,527.37,30069.0,pas_de_proximite_100km,0,0,0,2026-04-27T07:00,https://www.gbif.org/occurrence/6253026970
4771,2007-09-03,2007,USA,Florida,"Fort Lauderdale, Broward County",Swimming,Unprovoked,26.1223084,-80.1433786,Carcharhinus leucas,6273825352,44.7,29845.0,proximite_regionale,0,10,1,2026-04-22T11:39:24,https://www.gbif.org/occurrence/6273825352
4771,2007-09-03,2007,USA,Florida,"Fort Lauderdale, Broward County",Swimming,Unprovoked,26.1223084,-80.1433786,Carcharodon carcharias,6441095820,740.62,257.0,pas_de_proximite_100km,0,0,0,2026-03-27T20:47:37,https://www.gbif.org/occurrence/6441095820
4771,2007-09-03,2007,USA,Florida,"Fort Lauderdale, Broward County",Swimming,Unprovoked,26.1223084,-80.1433786,Galeocerdo cuvier,6235030691,91.61,29798.0,proximite_regionale,0,1,0,2026-04-25T11:55,https://www.gbif.org/occurrence/6235030691
4771,2007-09-03,2007,USA,Florida,"Fort Lauderdale, Broward County",Swimming,Unprovoked,26.1223084,-80.1433786,Rhincodon typus,6253026970,269.01,30069.0,pas_de_proximite_100km,0,0,0,2026-04-27T07:00,https://www.gbif.org/occurrence/6253026970
4774,2007-09-20,2007,USA,Florida,"New Smyrna Beach, Volusia County",Surfing,Unprovoked,29.0258132,-80.9271271,Carcharhinus leucas,6133570230,11.63,29533.0,proximite_forte,2,2,2,2026-01-28T17:22:37,https://www.gbif.org/occurrence/6133570230
4774,2007-09-20,2007,USA,Florida,"New Smyrna Beach, Volusia County",Surfing,Unprovoked,29.0258132,-80.9271271,Carcharodon carcharias,6441095820,430.55,257.0,pas_de_proximite_100km,0,0,0,2026-03-27T20:47:37,https://www.gbif.org/occurrence/6441095820
4774,2007-09-20,2007,USA,Florida,"New Smyrna Beach, Volusia County",Surfing,Unprovoked,29.0258132,-80.9271271,Galeocerdo cuvier,6399953055,95.51,29433.0,proximite_regionale,0,1,0,2026-06-07T17:14:40,https://www.gbif.org/occurrence/6399953055
4774,2007-09-20,2007,USA,Florida,"New Smyrna Beach, Volusia County",Surfing,Unprovoked,29.0258132,-80.9271271,Rhincodon typus,6253026970,509.66,30069.0,pas_de_proximite_100km,0,0,0,2026-04-27T07:00,https://www.gbif.org/occurrence/6253026970
4778,2007-08-25,2007,USA,Florida,"New Smyrna Beach, Volusia County",Surfing,Unprovoked,29.0258132,-80.9271271,Carcharhinus leucas,6133570230,11.63,29533.0,proximite_forte,2,2,2,2026-01-28T17:22:37,https://www.gbif.org/occurrence/6133570230
4778,2007-08-25,2007,USA,Florida,"New Smyrna Beach, Volusia County",Surfing,Unprovoked,29.0258132,-80.9271271,Carcharodon carcharias,6441095820,430.55,257.0,pas_de_proximite_100km,0,0,0,2026-03-27T20:47:37,https://www.gbif.org/occurrence/6441095820
4778,2007-08-25,2007,USA,Florida,"New Smyrna Beach, Volusia County",Surfing,Unprovoked,29.0258132,-80.9271271,Galeocerdo cuvier,6399953055,95.51,29433.0,proximite_regionale,0,1,0,2026-06-07T17:14:40,https://www.gbif.org/occurrence/6399953055
4778,2007-08-25,2007,USA,Florida,"New Smyrna Beach, Volusia County",Surfing,Unprovoked,29.0258132,-80.9271271,Rhincodon typus,6253026970,509.66,30069.0,pas_de_proximite_100km,0,0,0,2026-04-27T07:00,https://www.gbif.org/occurrence/6253026970
4781,2007-10-15,2007,AUSTRALIA,New South Wales,Byron Bay,Surf-skiing,Unprovoked,-28.6483333,153.6177778,Carcharhinus leucas,6159543580,139.48,122.0,pas_de_proximite_100km,0,0,0,2026-02-14T19:35:12,https://www.gbif.org/occurrence/6159543580
4781,2007-10-15,2007,AUSTRALIA,New South Wales,Byron Bay,Surf-skiing,Unprovoked,-28.6483333,153.6177778,Carcharodon carcharias,6162878281,167.55,7.0,pas_de_proximite_100km,0,0,0,2026-02-22T09:03:13,https://www.gbif.org/occurrence/6162878281
4781,2007-10-15,2007,AUSTRALIA,New South Wales,Byron Bay,Surf-skiing,Unprovoked,-28.6483333,153.6177778,Galeocerdo cuvier,6133086834,43.46,5.0,proximite_regionale,0,1,1,2026-02-02T13:14:46,https://www.gbif.org/occurrence/6133086834
4781,2007-10-15,2007,AUSTRALIA,New South Wales,Byron Bay,Surf-skiing,Unprovoked,-28.6483333,153.6177778,Rhincodon typus,5938466615,1611.06,30841.0,pas_de_proximite_100km,0,0,0,2026-01-03T11:33,https://www.gbif.org/occurrence/5938466615
4796,2007-08-26,2007,USA,Florida,"New Smyrna Beach, Volusia County",Surfing,Unprovoked,29.0258132,-80.9271271,Carcharhinus leucas,6133570230,11.63,29533.0,proximite_forte,2,2,2,2026-01-28T17:22:37,https://www.gbif.org/occurrence/6133570230
4796,2007-08-26,2007,USA,Florida,"New Smyrna Beach, Volusia County",Surfing,Unprovoked,29.0258132,-80.9271271,Carcharodon carcharias,6441095820,430.55,257.0,pas_de_proximite_100km,0,0,0,2026-03-27T20:47:37,https://www.gbif.org/occurrence/6441095820
4796,2007-08-26,2007,USA,Florida,"New Smyrna Beach, Volusia County",Surfing,Unprovoked,29.0258132,-80.9271271,Galeocerdo cuvier,6399953055,95.51,29433.0,proximite_regionale,0,1,0,2026-06-07T17:14:40,https://www.gbif.org/occurrence/6399953055
4796,2007-08-26,2007,USA,Florida,"New Smyrna Beach, Volusia County",Surfing,Unprovoked,29.0258132,-80.9271271,Rhincodon typus,6253026970,509.66,30069.0,pas_de_proximite_100km,0,0,0,2026-04-27T07:00,https://www.gbif.org/occurrence/6253026970
4803,2007-05-10,2007,USA,Florida,"New Smyrna Beach, Volusia County",Surfing,Unprovoked,29.0258132,-80.9271271,Carcharhinus leucas,6133570230,11.63,29533.0,proximite_forte,2,2,2,2026-01-28T17:22:37,https://www.gbif.org/occurrence/6133570230
4803,2007-05-10,2007,USA,Florida,"New Smyrna Beach, Volusia County",Surfing,Unprovoked,29.0258132,-80.9271271,Carcharodon carcharias,6441095820,430.55,257.0,pas_de_proximite_100km,0,0,0,2026-03-27T20:47:37,https://www.gbif.org/occurrence/6441095820
4803,2007-05-10,2007,USA,Florida,"New Smyrna Beach, Volusia County",Surfing,Unprovoked,29.0258132,-80.9271271,Galeocerdo cuvier,6399953055,95.51,29433.0,proximite_regionale,0,1,0,2026-06-07T17:14:40,https://www.gbif.org/occurrence/6399953055
4803,2007-05-10,2007,USA,Florida,"New Smyrna Beach, Volusia County",Surfing,Unprovoked,29.0258132,-80.9271271,Rhincodon typus,6253026970,509.66,30069.0,pas_de_proximite_100km,0,0,0,2026-04-27T07:00,https://www.gbif.org/occurrence/6253026970
4804,2007-12-14,2007,AUSTRALIA,New South Wales,Bondi,Swimming,Invalid,-33.8930556,151.2633333,Carcharhinus leucas,6481240461,19.99,17.0,proximite_forte,1,1,0,2026-01-22T00:00,https://www.gbif.org/occurrence/6481240461
4804,2007-12-14,2007,AUSTRALIA,New South Wales,Bondi,Swimming,Invalid,-33.8930556,151.2633333,Carcharodon carcharias,6159298926,249.22,,pas_de_proximite_100km,0,0,0,2026-02-03T04:38:07,https://www.gbif.org/occurrence/6159298926
4804,2007-12-14,2007,AUSTRALIA,New South Wales,Bondi,Swimming,Invalid,-33.8930556,151.2633333,Galeocerdo cuvier,6133086834,664.36,5.0,pas_de_proximite_100km,0,0,0,2026-02-02T13:14:46,https://www.gbif.org/occurrence/6133086834
4804,2007-12-14,2007,AUSTRALIA,New South Wales,Bondi,Swimming,Invalid,-33.8930556,151.2633333,Rhincodon typus,6235620031,2044.31,28818.0,pas_de_proximite_100km,0,0,0,2026-02-19T12:26,https://www.gbif.org/occurrence/6235620031
4807,2007-07-29,2007,USA,Florida,"Ponce Inlet, Volusia County",Surfing,Unprovoked,29.0963729,-80.9369983,Carcharhinus leucas,6133570230,8.03,29533.0,proximite_forte,2,2,2,2026-01-28T17:22:37,https://www.gbif.org/occurrence/6133570230
4807,2007-07-29,2007,USA,Florida,"Ponce Inlet, Volusia County",Surfing,Unprovoked,29.0963729,-80.9369983,Carcharodon carcharias,6441095820,423.19,257.0,pas_de_proximite_100km,0,0,0,2026-03-27T20:47:37,https://www.gbif.org/occurrence/6441095820
4807,2007-07-29,2007,USA,Florida,"Ponce Inlet, Volusia County",Surfing,Unprovoked,29.0963729,-80.9369983,Galeocerdo cuvier,6399953055,87.9,29433.0,proximite_regionale,0,1,0,2026-06-07T17:14:40,https://www.gbif.org/occurrence/6399953055
4807,2007-07-29,2007,USA,Florida,"Ponce Inlet, Volusia County",Surfing,Unprovoked,29.0963729,-80.9369983,Rhincodon typus,6253026970,517.01,30069.0,pas_de_proximite_100km,0,0,0,2026-04-27T07:00,https://www.gbif.org/occurrence/6253026970
4814,2007-09-03,2007,USA,Florida,"Daytona Beach, Volusia County",Jumping,Unprovoked,29.2108147,-81.0228331,Carcharhinus leucas,6133570230,19.73,29533.0,proximite_forte,2,2,2,2026-01-28T17:22:37,https://www.gbif.org/occurrence/6133570230
4814,2007-09-03,2007,USA,Florida,"Daytona Beach, Volusia County",Jumping,Unprovoked,29.2108147,-81.0228331,Carcharodon carcharias,6441095820,413.1,257.0,pas_de_proximite_100km,0,0,0,2026-03-27T20:47:37,https://www.gbif.org/occurrence/6441095820
4814,2007-09-03,2007,USA,Florida,"Daytona Beach, Volusia County",Jumping,Unprovoked,29.2108147,-81.0228331,Galeocerdo cuvier,6399953055,72.96,29433.0,proximite_regionale,0,1,0,2026-06-07T17:14:40,https://www.gbif.org/occurrence/6399953055
4814,2007-09-03,2007,USA,Florida,"Daytona Beach, Volusia County",Jumping,Unprovoked,29.2108147,-81.0228331,Rhincodon typus,6253026970,527.37,30069.0,pas_de_proximite_100km,0,0,0,2026-04-27T07:00,https://www.gbif.org/occurrence/6253026970
4820,2007-09-16,2007,USA,Florida,"New Smyrna Beach, Volusia County",Wading?,Unprovoked,29.0258132,-80.9271271,Carcharhinus leucas,6133570230,11.63,29533.0,proximite_forte,2,2,2,2026-01-28T17:22:37,https://www.gbif.org/occurrence/6133570230
4820,2007-09-16,2007,USA,Florida,"New Smyrna Beach, Volusia County",Wading?,Unprovoked,29.0258132,-80.9271271,Carcharodon carcharias,6441095820,430.55,257.0,pas_de_proximite_100km,0,0,0,2026-03-27T20:47:37,https://www.gbif.org/occurrence/6441095820
4820,2007-09-16,2007,USA,Florida,"New Smyrna Beach, Volusia County",Wading?,Unprovoked,29.0258132,-80.9271271,Galeocerdo cuvier,6399953055,95.51,29433.0,proximite_regionale,0,1,0,2026-06-07T17:14:40,https://www.gbif.org/occurrence/6399953055
4820,2007-09-16,2007,USA,Florida,"New Smyrna Beach, Volusia County",Wading?,Unprovoked,29.0258132,-80.9271271,Rhincodon typus,6253026970,509.66,30069.0,pas_de_proximite_100km,0,0,0,2026-04-27T07:00,https://www.gbif.org/occurrence/6253026970
4827,2007-04-13,2007,USA,Florida,"Florida Keys, Monroe County",Fishing,Watercraft,24.6736205,-81.4981792,Carcharhinus leucas,6273845090,7.22,30047.0,proximite_forte,2,5,3,2026-04-24T11:59,https://www.gbif.org/occurrence/6273845090
4827,2007-04-13,2007,USA,Florida,"Florida Keys, Monroe County",Fishing,Watercraft,24.6736205,-81.4981792,Carcharodon carcharias,6400039718,825.73,49.0,pas_de_proximite_100km,0,0,0,2026-02-25T14:55,https://www.gbif.org/occurrence/6400039718
4827,2007-04-13,2007,USA,Florida,"Florida Keys, Monroe County",Fishing,Watercraft,24.6736205,-81.4981792,Galeocerdo cuvier,5133758058,53.51,30025.0,proximite_regionale,0,1,0,2025-03-01T13:40,https://www.gbif.org/occurrence/5133758058
4827,2007-04-13,2007,USA,Florida,"Florida Keys, Monroe County",Fishing,Watercraft,24.6736205,-81.4981792,Rhincodon typus,6253026970,72.94,30069.0,proximite_regionale,0,1,0,2026-04-27T07:00,https://www.gbif.org/occurrence/6253026970
4836,2007-09-16,2007,USA,Florida,"Flagler Beach, Flagler County",Surfing,Unprovoked,29.4749927,-81.1269982,Carcharhinus leucas,6133570230,48.38,29533.0,proximite_regionale,0,2,2,2026-01-28T17:22:37,https://www.gbif.org/occurrence/6133570230
4836,2007-09-16,2007,USA,Florida,"Flagler Beach, Flagler County",Surfing,Unprovoked,29.4749927,-81.1269982,Carcharodon carcharias,6441095820,388.05,257.0,pas_de_proximite_100km,0,0,0,2026-03-27T20:47:37,https://www.gbif.org/occurrence/6441095820
4836,2007-09-16,2007,USA,Florida,"Flagler Beach, Flagler County",Surfing,Unprovoked,29.4749927,-81.1269982,Galeocerdo cuvier,6399953055,41.94,29433.0,proximite_regionale,0,1,0,2026-06-07T17:14:40,https://www.gbif.org/occurrence/6399953055
4836,2007-09-16,2007,USA,Florida,"Flagler Beach, Flagler County",Surfing,Unprovoked,29.4749927,-81.1269982,Rhincodon typus,6253026970,553.91,30069.0,pas_de_proximite_100km,0,0,0,2026-04-27T07:00,https://www.gbif.org/occurrence/6253026970
4841,2007-08-19,2007,USA,Florida,"New Smyrna Beach, Volusia County",Surfing,Unprovoked,29.0258132,-80.9271271,Carcharhinus leucas,6133570230,11.63,29533.0,proximite_forte,2,2,2,2026-01-28T17:22:37,https://www.gbif.org/occurrence/6133570230
4841,2007-08-19,2007,USA,Florida,"New Smyrna Beach, Volusia County",Surfing,Unprovoked,29.0258132,-80.9271271,Carcharodon carcharias,6441095820,430.55,257.0,pas_de_proximite_100km,0,0,0,2026-03-27T20:47:37,https://www.gbif.org/occurrence/6441095820
4841,2007-08-19,2007,USA,Florida,"New Smyrna Beach, Volusia County",Surfing,Unprovoked,29.0258132,-80.9271271,Galeocerdo cuvier,6399953055,95.51,29433.0,proximite_regionale,0,1,0,2026-06-07T17:14:40,https://www.gbif.org/occurrence/6399953055
4841,2007-08-19,2007,USA,Florida,"New Smyrna Beach, Volusia County",Surfing,Unprovoked,29.0258132,-80.9271271,Rhincodon typus,6253026970,509.66,30069.0,pas_de_proximite_100km,0,0,0,2026-04-27T07:00,https://www.gbif.org/occurrence/6253026970
4842,2007-08-12,2007,USA,Florida,"New Smyrna Beach, Volusia County",Swimming,Unprovoked,29.0258132,-80.9271271,Carcharhinus leucas,6133570230,11.63,29533.0,proximite_forte,2,2,2,2026-01-28T17:22:37,https://www.gbif.org/occurrence/6133570230
4842,2007-08-12,2007,USA,Florida,"New Smyrna Beach, Volusia County",Swimming,Unprovoked,29.0258132,-80.9271271,Carcharodon carcharias,6441095820,430.55,257.0,pas_de_proximite_100km,0,0,0,2026-03-27T20:47:37,https://www.gbif.org/occurrence/6441095820
4842,2007-08-12,2007,USA,Florida,"New Smyrna Beach, Volusia County",Swimming,Unprovoked,29.0258132,-80.9271271,Galeocerdo cuvier,6399953055,95.51,29433.0,proximite_regionale,0,1,0,2026-06-07T17:14:40,https://www.gbif.org/occurrence/6399953055
4842,2007-08-12,2007,USA,Florida,"New Smyrna Beach, Volusia County",Swimming,Unprovoked,29.0258132,-80.9271271,Rhincodon typus,6253026970,509.66,30069.0,pas_de_proximite_100km,0,0,0,2026-04-27T07:00,https://www.gbif.org/occurrence/6253026970
4844,2007-04-20,2007,USA,Florida,"New Smyrna Beach, Volusia County",Surfing,Unprovoked,29.0258132,-80.9271271,Carcharhinus leucas,6133570230,11.63,29533.0,proximite_forte,2,2,2,2026-01-28T17:22:37,https://www.gbif.org/occurrence/6133570230
4844,2007-04-20,2007,USA,Florida,"New Smyrna Beach, Volusia County",Surfing,Unprovoked,29.0258132,-80.9271271,Carcharodon carcharias,6441095820,430.55,257.0,pas_de_proximite_100km,0,0,0,2026-03-27T20:47:37,https://www.gbif.org/occurrence/6441095820
4844,2007-04-20,2007,USA,Florida,"New Smyrna Beach, Volusia County",Surfing,Unprovoked,29.0258132,-80.9271271,Galeocerdo cuvier,6399953055,95.51,29433.0,proximite_regionale,0,1,0,2026-06-07T17:14:40,https://www.gbif.org/occurrence/6399953055
4844,2007-04-20,2007,USA,Florida,"New Smyrna Beach, Volusia County",Surfing,Unprovoked,29.0258132,-80.9271271,Rhincodon typus,6253026970,509.66,30069.0,pas_de_proximite_100km,0,0,0,2026-04-27T07:00,https://www.gbif.org/occurrence/6253026970
4848,2008-02-15,2008,USA,Florida,"Ponce Inlet, Volusia County",Surfing,Unprovoked,29.0963729,-80.9369983,Carcharhinus leucas,6133570230,8.03,29533.0,proximite_forte,2,2,2,2026-01-28T17:22:37,https://www.gbif.org/occurrence/6133570230
4848,2008-02-15,2008,USA,Florida,"Ponce Inlet, Volusia County",Surfing,Unprovoked,29.0963729,-80.9369983,Carcharodon carcharias,6441095820,423.19,257.0,pas_de_proximite_100km,0,0,0,2026-03-27T20:47:37,https://www.gbif.org/occurrence/6441095820
4848,2008-02-15,2008,USA,Florida,"Ponce Inlet, Volusia County",Surfing,Unprovoked,29.0963729,-80.9369983,Galeocerdo cuvier,6399953055,87.9,29433.0,proximite_regionale,0,1,0,2026-06-07T17:14:40,https://www.gbif.org/occurrence/6399953055
4848,2008-02-15,2008,USA,Florida,"Ponce Inlet, Volusia County",Surfing,Unprovoked,29.0963729,-80.9369983,Rhincodon typus,6253026970,517.01,30069.0,pas_de_proximite_100km,0,0,0,2026-04-27T07:00,https://www.gbif.org/occurrence/6253026970
4856,2008-07-11,2008,USA,South Carolina,"Isle of Palms, Charleston County",Surfing,Unprovoked,32.7867697,-79.7880359,Carcharhinus leucas,6130999421,419.72,29533.0,pas_de_proximite_100km,0,0,0,2026-01-17T15:30:29,https://www.gbif.org/occurrence/6130999421
4856,2008-07-11,2008,USA,South Carolina,"Isle of Palms, Charleston County",Surfing,Unprovoked,32.7867697,-79.7880359,Carcharodon carcharias,6441095820,1.98,257.0,proximite_forte,1,2,0,2026-03-27T20:47:37,https://www.gbif.org/occurrence/6441095820
4856,2008-07-11,2008,USA,South Carolina,"Isle of Palms, Charleston County",Surfing,Unprovoked,32.7867697,-79.7880359,Galeocerdo cuvier,6399752821,165.62,28902.0,pas_de_proximite_100km,0,0,0,2026-06-04T11:19,https://www.gbif.org/occurrence/6399752821
4856,2008-07-11,2008,USA,South Carolina,"Isle of Palms, Charleston County",Surfing,Unprovoked,32.7867697,-79.7880359,Rhincodon typus,6253026970,941.73,30069.0,pas_de_proximite_100km,0,0,0,2026-04-27T07:00,https://www.gbif.org/occurrence/6253026970
4862,2008-06-26,2008,USA,South Carolina,"Isle of Palms, Charleston County",Swimming,Unprovoked,32.7867697,-79.7880359,Carcharhinus leucas,6130999421,419.72,29533.0,pas_de_proximite_100km,0,0,0,2026-01-17T15:30:29,https://www.gbif.org/occurrence/6130999421
4862,2008-06-26,2008,USA,South Carolina,"Isle of Palms, Charleston County",Swimming,Unprovoked,32.7867697,-79.7880359,Carcharodon carcharias,6441095820,1.98,257.0,proximite_forte,1,2,0,2026-03-27T20:47:37,https://www.gbif.org/occurrence/6441095820
4862,2008-06-26,2008,USA,South Carolina,"Isle of Palms, Charleston County",Swimming,Unprovoked,32.7867697,-79.7880359,Galeocerdo cuvier,6399752821,165.62,28902.0,pas_de_proximite_100km,0,0,0,2026-06-04T11:19,https://www.gbif.org/occurrence/6399752821
4862,2008-06-26,2008,USA,South Carolina,"Isle of Palms, Charleston County",Swimming,Unprovoked,32.7867697,-79.7880359,Rhincodon typus,6253026970,941.73,30069.0,pas_de_proximite_100km,0,0,0,2026-04-27T07:00,https://www.gbif.org/occurrence/6253026970
4865,2008-05-10,2008,AUSTRALIA,Western Australia,Albany,Swimming,Unprovoked,-35.0247822,117.883608,Carcharhinus leucas,6185213952,283.36,6264.0,pas_de_proximite_100km,0,0,0,2026-03-07T16:35,https://www.gbif.org/occurrence/6185213952
4865,2008-05-10,2008,AUSTRALIA,Western Australia,Albany,Swimming,Unprovoked,-35.0247822,117.883608,Carcharodon carcharias,6131342125,1650.7,7535.0,pas_de_proximite_100km,0,0,0,2026-01-07T08:00:21,https://www.gbif.org/occurrence/6131342125
4865,2008-05-10,2008,AUSTRALIA,Western Australia,Albany,Swimming,Unprovoked,-35.0247822,117.883608,Galeocerdo cuvier,6520390560,1379.73,8.0,pas_de_proximite_100km,0,0,0,2026-08-31T14:06,https://www.gbif.org/occurrence/6520390560
4865,2008-05-10,2008,AUSTRALIA,Western Australia,Albany,Swimming,Unprovoked,-35.0247822,117.883608,Rhincodon typus,6235956991,1457.35,30278.0,pas_de_proximite_100km,0,0,0,2026-04-22T13:33:02,https://www.gbif.org/occurrence/6235956991
4872,2008-04-28,2008,USA,Florida,"New Smyrna Beach, Volusia County",Surfing,Unprovoked,29.0258132,-80.9271271,Carcharhinus leucas,6133570230,11.63,29533.0,proximite_forte,2,2,2,2026-01-28T17:22:37,https://www.gbif.org/occurrence/6133570230
4872,2008-04-28,2008,USA,Florida,"New Smyrna Beach, Volusia County",Surfing,Unprovoked,29.0258132,-80.9271271,Carcharodon carcharias,6441095820,430.55,257.0,pas_de_proximite_100km,0,0,0,2026-03-27T20:47:37,https://www.gbif.org/occurrence/6441095820
4872,2008-04-28,2008,USA,Florida,"New Smyrna Beach, Volusia County",Surfing,Unprovoked,29.0258132,-80.9271271,Galeocerdo cuvier,6399953055,95.51,29433.0,proximite_regionale,0,1,0,2026-06-07T17:14:40,https://www.gbif.org/occurrence/6399953055
4872,2008-04-28,2008,USA,Florida,"New Smyrna Beach, Volusia County",Surfing,Unprovoked,29.0258132,-80.9271271,Rhincodon typus,6253026970,509.66,30069.0,pas_de_proximite_100km,0,0,0,2026-04-27T07:00,https://www.gbif.org/occurrence/6253026970
4873,2008-06-07,2008,USA,Florida,"Cocoa Beach, Brevard  County",Body surfing,Unprovoked,28.3184107,-80.6094959,Carcharhinus leucas,6234759244,43.15,29680.0,proximite_regionale,0,5,5,2026-04-17T20:49,https://www.gbif.org/occurrence/6234759244
4873,2008-06-07,2008,USA,Florida,"Cocoa Beach, Brevard  County",Body surfing,Unprovoked,28.3184107,-80.6094959,Carcharodon carcharias,6441095820,501.64,257.0,pas_de_proximite_100km,0,0,0,2026-03-27T20:47:37,https://www.gbif.org/occurrence/6441095820
4873,2008-06-07,2008,USA,Florida,"Cocoa Beach, Brevard  County",Body surfing,Unprovoked,28.3184107,-80.6094959,Galeocerdo cuvier,6235030691,159.76,29798.0,pas_de_proximite_100km,0,0,0,2026-04-25T11:55,https://www.gbif.org/occurrence/6235030691
4873,2008-06-07,2008,USA,Florida,"Cocoa Beach, Brevard  County",Body surfing,Unprovoked,28.3184107,-80.6094959,Rhincodon typus,6253026970,444.43,30069.0,pas_de_proximite_100km,0,0,0,2026-04-27T07:00,https://www.gbif.org/occurrence/6253026970
4876,2008-03-07,2008,USA,California,"Huntington Beach, Orange County",Surfing,Unprovoked,33.6783336,-118.000016,Carcharhinus leucas,6334261088,1391.73,30175.0,pas_de_proximite_100km,0,0,0,2026-05-21T11:26,https://www.gbif.org/occurrence/6334261088
4876,2008-03-07,2008,USA,California,"Huntington Beach, Orange County",Surfing,Unprovoked,33.6783336,-118.000016,Carcharodon carcharias,6333847816,45.35,6.0,proximite_regionale,0,3,1,2026-05-25T09:35:36,https://www.gbif.org/occurrence/6333847816
4876,2008-03-07,2008,USA,California,"Huntington Beach, Orange County",Surfing,Unprovoked,33.6783336,-118.000016,Galeocerdo cuvier,6400211599,1757.15,30580.0,pas_de_proximite_100km,0,0,0,2026-05-28T10:51:24,https://www.gbif.org/occurrence/6400211599
4876,2008-03-07,2008,USA,California,"Huntington Beach, Orange County",Surfing,Unprovoked,33.6783336,-118.000016,Rhincodon typus,6130536863,1255.22,5588.0,pas_de_proximite_100km,0,0,0,2026-01-05T15:29:36,https://www.gbif.org/occurrence/6130536863
4879,2008-06-26,2008,USA,Florida,"New Smyrna Beach, Volusia County",Surfing,Unprovoked,29.0258132,-80.9271271,Carcharhinus leucas,6133570230,11.63,29533.0,proximite_forte,2,2,2,2026-01-28T17:22:37,https://www.gbif.org/occurrence/6133570230
4879,2008-06-26,2008,USA,Florida,"New Smyrna Beach, Volusia County",Surfing,Unprovoked,29.0258132,-80.9271271,Carcharodon carcharias,6441095820,430.55,257.0,pas_de_proximite_100km,0,0,0,2026-03-27T20:47:37,https://www.gbif.org/occurrence/6441095820
4879,2008-06-26,2008,USA,Florida,"New Smyrna Beach, Volusia County",Surfing,Unprovoked,29.0258132,-80.9271271,Galeocerdo cuvier,6399953055,95.51,29433.0,proximite_regionale,0,1,0,2026-06-07T17:14:40,https://www.gbif.org/occurrence/6399953055
4879,2008-06-26,2008,USA,Florida,"New Smyrna Beach, Volusia County",Surfing,Unprovoked,29.0258132,-80.9271271,Rhincodon typus,6253026970,509.66,30069.0,pas_de_proximite_100km,0,0,0,2026-04-27T07:00,https://www.gbif.org/occurrence/6253026970
4886,2008-07-19,2008,USA,Florida,"New Smyrna Beach, Volusia County",Wading,Unprovoked,29.0258132,-80.9271271,Carcharhinus leucas,6133570230,11.63,29533.0,proximite_forte,2,2,2,2026-01-28T17:22:37,https://www.gbif.org/occurrence/6133570230
4886,2008-07-19,2008,USA,Florida,"New Smyrna Beach, Volusia County",Wading,Unprovoked,29.0258132,-80.9271271,Carcharodon carcharias,6441095820,430.55,257.0,pas_de_proximite_100km,0,0,0,2026-03-27T20:47:37,https://www.gbif.org/occurrence/6441095820
4886,2008-07-19,2008,USA,Florida,"New Smyrna Beach, Volusia County",Wading,Unprovoked,29.0258132,-80.9271271,Galeocerdo cuvier,6399953055,95.51,29433.0,proximite_regionale,0,1,0,2026-06-07T17:14:40,https://www.gbif.org/occurrence/6399953055
4886,2008-07-19,2008,USA,Florida,"New Smyrna Beach, Volusia County",Wading,Unprovoked,29.0258132,-80.9271271,Rhincodon typus,6253026970,509.66,30069.0,pas_de_proximite_100km,0,0,0,2026-04-27T07:00,https://www.gbif.org/occurrence/6253026970
4890,2008-07-23,2008,USA,Florida,"New Smyrna Beach, Volusia County",Surfing,Provoked,29.0258132,-80.9271271,Carcharhinus leucas,6133570230,11.63,29533.0,proximite_forte,2,2,2,2026-01-28T17:22:37,https://www.gbif.org/occurrence/6133570230
4890,2008-07-23,2008,USA,Florida,"New Smyrna Beach, Volusia County",Surfing,Provoked,29.0258132,-80.9271271,Carcharodon carcharias,6441095820,430.55,257.0,pas_de_proximite_100km,0,0,0,2026-03-27T20:47:37,https://www.gbif.org/occurrence/6441095820
4890,2008-07-23,2008,USA,Florida,"New Smyrna Beach, Volusia County",Surfing,Provoked,29.0258132,-80.9271271,Galeocerdo cuvier,6399953055,95.51,29433.0,proximite_regionale,0,1,0,2026-06-07T17:14:40,https://www.gbif.org/occurrence/6399953055
4890,2008-07-23,2008,USA,Florida,"New Smyrna Beach, Volusia County",Surfing,Provoked,29.0258132,-80.9271271,Rhincodon typus,6253026970,509.66,30069.0,pas_de_proximite_100km,0,0,0,2026-04-27T07:00,https://www.gbif.org/occurrence/6253026970
4898,2008-08-27,2008,USA,Florida,"New Smyrna Beach, Volusia County",Surfing,Unprovoked,29.0258132,-80.9271271,Carcharhinus leucas,6133570230,11.63,29533.0,proximite_forte,2,2,2,2026-01-28T17:22:37,https://www.gbif.org/occurrence/6133570230
4898,2008-08-27,2008,USA,Florida,"New Smyrna Beach, Volusia County",Surfing,Unprovoked,29.0258132,-80.9271271,Carcharodon carcharias,6441095820,430.55,257.0,pas_de_proximite_100km,0,0,0,2026-03-27T20:47:37,https://www.gbif.org/occurrence/6441095820
4898,2008-08-27,2008,USA,Florida,"New Smyrna Beach, Volusia County",Surfing,Unprovoked,29.0258132,-80.9271271,Galeocerdo cuvier,6399953055,95.51,29433.0,proximite_regionale,0,1,0,2026-06-07T17:14:40,https://www.gbif.org/occurrence/6399953055
4898,2008-08-27,2008,USA,Florida,"New Smyrna Beach, Volusia County",Surfing,Unprovoked,29.0258132,-80.9271271,Rhincodon typus,6253026970,509.66,30069.0,pas_de_proximite_100km,0,0,0,2026-04-27T07:00,https://www.gbif.org/occurrence/6253026970
4900,2008-10-21,2008,NEW CALEDONIA,,,Spearfishing,Unprovoked,-20.6378427,161.2117626,Carcharhinus leucas,6131674219,322.63,30527.0,pas_de_proximite_100km,0,0,0,2026-01-04T09:51,https://www.gbif.org/occurrence/6131674219
4900,2008-10-21,2008,NEW CALEDONIA,,,Spearfishing,Unprovoked,-20.6378427,161.2117626,Carcharodon carcharias,6162878281,1324.19,7.0,pas_de_proximite_100km,0,0,0,2026-02-22T09:03:13,https://www.gbif.org/occurrence/6162878281
4900,2008-10-21,2008,NEW CALEDONIA,,,Spearfishing,Unprovoked,-20.6378427,161.2117626,Galeocerdo cuvier,6185544658,955.1,637.0,pas_de_proximite_100km,0,0,0,2026-01-05T05:30,https://www.gbif.org/occurrence/6185544658
4900,2008-10-21,2008,NEW CALEDONIA,,,Spearfishing,Unprovoked,-20.6378427,161.2117626,Rhincodon typus,5938466615,1701.28,30841.0,pas_de_proximite_100km,0,0,0,2026-01-03T11:33,https://www.gbif.org/occurrence/5938466615
4902,2008-09-28,2008,USA,Florida,"New Smyrna Beach, Volusia County",Surfing,Unprovoked,29.0258132,-80.9271271,Carcharhinus leucas,6133570230,11.63,29533.0,proximite_forte,2,2,2,2026-01-28T17:22:37,https://www.gbif.org/occurrence/6133570230
4902,2008-09-28,2008,USA,Florida,"New Smyrna Beach, Volusia County",Surfing,Unprovoked,29.0258132,-80.9271271,Carcharodon carcharias,6441095820,430.55,257.0,pas_de_proximite_100km,0,0,0,2026-03-27T20:47:37,https://www.gbif.org/occurrence/6441095820
4902,2008-09-28,2008,USA,Florida,"New Smyrna Beach, Volusia County",Surfing,Unprovoked,29.0258132,-80.9271271,Galeocerdo cuvier,6399953055,95.51,29433.0,proximite_regionale,0,1,0,2026-06-07T17:14:40,https://www.gbif.org/occurrence/6399953055
4902,2008-09-28,2008,USA,Florida,"New Smyrna Beach, Volusia County",Surfing,Unprovoked,29.0258132,-80.9271271,Rhincodon typus,6253026970,509.66,30069.0,pas_de_proximite_100km,0,0,0,2026-04-27T07:00,https://www.gbif.org/occurrence/6253026970
4905,2008-06-28,2008,SOUTH AFRICA,Western Cape Province,Mossel Bay,Surf skiing,Unprovoked,-34.1832022,22.1536248,Carcharhinus leucas,6130149287,879.35,29330.0,pas_de_proximite_100km,0,0,0,2026-01-10T07:45:33,https://www.gbif.org/occurrence/6130149287
4905,2008-06-28,2008,SOUTH AFRICA,Western Cape Province,Mossel Bay,Surf skiing,Unprovoked,-34.1832022,22.1536248,Carcharodon carcharias,6413744653,5.84,880.0,proximite_forte,4,4,0,2026-06-16,https://www.gbif.org/occurrence/6413744653
4905,2008-06-28,2008,SOUTH AFRICA,Western Cape Province,Mossel Bay,Surf skiing,Unprovoked,-34.1832022,22.1536248,Galeocerdo cuvier,5206523433,1298.64,29798.0,pas_de_proximite_100km,0,0,0,2025-03-25T01:26:01,https://www.gbif.org/occurrence/5206523433
4905,2008-06-28,2008,SOUTH AFRICA,Western Cape Province,Mossel Bay,Surf skiing,Unprovoked,-34.1832022,22.1536248,Rhincodon typus,6352311338,2092.05,1358701.0,pas_de_proximite_100km,0,0,0,2026-05-28,https://www.gbif.org/occurrence/6352311338
4907,2008-08-28,2008,USA,Florida,"New Smyrna Beach, Volusia County",Surfing,Unprovoked,29.0258132,-80.9271271,Carcharhinus leucas,6133570230,11.63,29533.0,proximite_forte,2,2,2,2026-01-28T17:22:37,https://www.gbif.org/occurrence/6133570230
4907,2008-08-28,2008,USA,Florida,"New Smyrna Beach, Volusia County",Surfing,Unprovoked,29.0258132,-80.9271271,Carcharodon carcharias,6441095820,430.55,257.0,pas_de_proximite_100km,0,0,0,2026-03-27T20:47:37,https://www.gbif.org/occurrence/6441095820
4907,2008-08-28,2008,USA,Florida,"New Smyrna Beach, Volusia County",Surfing,Unprovoked,29.0258132,-80.9271271,Galeocerdo cuvier,6399953055,95.51,29433.0,proximite_regionale,0,1,0,2026-06-07T17:14:40,https://www.gbif.org/occurrence/6399953055
4907,2008-08-28,2008,USA,Florida,"New Smyrna Beach, Volusia County",Surfing,Unprovoked,29.0258132,-80.9271271,Rhincodon typus,6253026970,509.66,30069.0,pas_de_proximite_100km,0,0,0,2026-04-27T07:00,https://www.gbif.org/occurrence/6253026970
4910,2008-08-24,2008,USA,Florida,"New Smyrna Beach, Volusia County","Swimming, towing surfboard",Unprovoked,29.0258132,-80.9271271,Carcharhinus leucas,6133570230,11.63,29533.0,proximite_forte,2,2,2,2026-01-28T17:22:37,https://www.gbif.org/occurrence/6133570230
4910,2008-08-24,2008,USA,Florida,"New Smyrna Beach, Volusia County","Swimming, towing surfboard",Unprovoked,29.0258132,-80.9271271,Carcharodon carcharias,6441095820,430.55,257.0,pas_de_proximite_100km,0,0,0,2026-03-27T20:47:37,https://www.gbif.org/occurrence/6441095820
4910,2008-08-24,2008,USA,Florida,"New Smyrna Beach, Volusia County","Swimming, towing surfboard",Unprovoked,29.0258132,-80.9271271,Galeocerdo cuvier,6399953055,95.51,29433.0,proximite_regionale,0,1,0,2026-06-07T17:14:40,https://www.gbif.org/occurrence/6399953055
4910,2008-08-24,2008,USA,Florida,"New Smyrna Beach, Volusia County","Swimming, towing surfboard",Unprovoked,29.0258132,-80.9271271,Rhincodon typus,6253026970,509.66,30069.0,pas_de_proximite_100km,0,0,0,2026-04-27T07:00,https://www.gbif.org/occurrence/6253026970
4911,2008-08-12,2008,USA,Florida,"New Smyrna Beach, Volusia County",Wading,Unprovoked,29.0258132,-80.9271271,Carcharhinus leucas,6133570230,11.63,29533.0,proximite_forte,2,2,2,2026-01-28T17:22:37,https://www.gbif.org/occurrence/6133570230
4911,2008-08-12,2008,USA,Florida,"New Smyrna Beach, Volusia County",Wading,Unprovoked,29.0258132,-80.9271271,Carcharodon carcharias,6441095820,430.55,257.0,pas_de_proximite_100km,0,0,0,2026-03-27T20:47:37,https://www.gbif.org/occurrence/6441095820
4911,2008-08-12,2008,USA,Florida,"New Smyrna Beach, Volusia County",Wading,Unprovoked,29.0258132,-80.9271271,Galeocerdo cuvier,6399953055,95.51,29433.0,proximite_regionale,0,1,0,2026-06-07T17:14:40,https://www.gbif.org/occurrence/6399953055
4911,2008-08-12,2008,USA,Florida,"New Smyrna Beach, Volusia County",Wading,Unprovoked,29.0258132,-80.9271271,Rhincodon typus,6253026970,509.66,30069.0,pas_de_proximite_100km,0,0,0,2026-04-27T07:00,https://www.gbif.org/occurrence/6253026970
4918,2008-12-10,2008,SOUTH AFRICA,Western Cape Province,Plettenberg Bay,Fishing,Provoked,-34.052778,23.369444,Carcharhinus leucas,6130149287,771.82,29330.0,pas_de_proximite_100km,0,0,0,2026-01-10T07:45:33,https://www.gbif.org/occurrence/6130149287
4918,2008-12-10,2008,SOUTH AFRICA,Western Cape Province,Plettenberg Bay,Fishing,Provoked,-34.052778,23.369444,Carcharodon carcharias,6131056188,105.25,4.0,pas_de_proximite_100km,0,0,0,2026-01-14T15:23:51,https://www.gbif.org/occurrence/6131056188
4918,2008-12-10,2008,SOUTH AFRICA,Western Cape Province,Plettenberg Bay,Fishing,Provoked,-34.052778,23.369444,Galeocerdo cuvier,5206523433,1200.28,29798.0,pas_de_proximite_100km,0,0,0,2025-03-25T01:26:01,https://www.gbif.org/occurrence/5206523433
4918,2008-12-10,2008,SOUTH AFRICA,Western Cape Province,Plettenberg Bay,Fishing,Provoked,-34.052778,23.369444,Rhincodon typus,6352311338,2007.26,1358701.0,pas_de_proximite_100km,0,0,0,2026-05-28,https://www.gbif.org/occurrence/6352311338
4921,2008-09-06,2008,USA,Florida,"Ponce Inlet, New Smyrna Beach, Volusia County",Surfing,Unprovoked,29.0645699,-80.915154,Carcharhinus leucas,6133570230,7.65,29533.0,proximite_forte,2,2,2,2026-01-28T17:22:37,https://www.gbif.org/occurrence/6133570230
4921,2008-09-06,2008,USA,Florida,"Ponce Inlet, New Smyrna Beach, Volusia County",Surfing,Unprovoked,29.0645699,-80.915154,Carcharodon carcharias,6441095820,426.09,257.0,pas_de_proximite_100km,0,0,0,2026-03-27T20:47:37,https://www.gbif.org/occurrence/6441095820
4921,2008-09-06,2008,USA,Florida,"Ponce Inlet, New Smyrna Beach, Volusia County",Surfing,Unprovoked,29.0645699,-80.915154,Galeocerdo cuvier,6399953055,91.99,29433.0,proximite_regionale,0,1,0,2026-06-07T17:14:40,https://www.gbif.org/occurrence/6399953055
4921,2008-09-06,2008,USA,Florida,"Ponce Inlet, New Smyrna Beach, Volusia County",Surfing,Unprovoked,29.0645699,-80.915154,Rhincodon typus,6253026970,514.12,30069.0,pas_de_proximite_100km,0,0,0,2026-04-27T07:00,https://www.gbif.org/occurrence/6253026970
4924,2008-05-07,2008,USA,Florida,"New Smyrna Beach, Volusia County",Wading,Unprovoked,29.0258132,-80.9271271,Carcharhinus leucas,6133570230,11.63,29533.0,proximite_forte,2,2,2,2026-01-28T17:22:37,https://www.gbif.org/occurrence/6133570230
4924,2008-05-07,2008,USA,Florida,"New Smyrna Beach, Volusia County",Wading,Unprovoked,29.0258132,-80.9271271,Carcharodon carcharias,6441095820,430.55,257.0,pas_de_proximite_100km,0,0,0,2026-03-27T20:47:37,https://www.gbif.org/occurrence/6441095820
4924,2008-05-07,2008,USA,Florida,"New Smyrna Beach, Volusia County",Wading,Unprovoked,29.0258132,-80.9271271,Galeocerdo cuvier,6399953055,95.51,29433.0,proximite_regionale,0,1,0,2026-06-07T17:14:40,https://www.gbif.org/occurrence/6399953055
4924,2008-05-07,2008,USA,Florida,"New Smyrna Beach, Volusia County",Wading,Unprovoked,29.0258132,-80.9271271,Rhincodon typus,6253026970,509.66,30069.0,pas_de_proximite_100km,0,0,0,2026-04-27T07:00,https://www.gbif.org/occurrence/6253026970
4925,2008-04-27,2008,USA,Florida,"New Smyrna Beach, Volusia County",Surfing,Unprovoked,29.0258132,-80.9271271,Carcharhinus leucas,6133570230,11.63,29533.0,proximite_forte,2,2,2,2026-01-28T17:22:37,https://www.gbif.org/occurrence/6133570230
4925,2008-04-27,2008,USA,Florida,"New Smyrna Beach, Volusia County",Surfing,Unprovoked,29.0258132,-80.9271271,Carcharodon carcharias,6441095820,430.55,257.0,pas_de_proximite_100km,0,0,0,2026-03-27T20:47:37,https://www.gbif.org/occurrence/6441095820
4925,2008-04-27,2008,USA,Florida,"New Smyrna Beach, Volusia County",Surfing,Unprovoked,29.0258132,-80.9271271,Galeocerdo cuvier,6399953055,95.51,29433.0,proximite_regionale,0,1,0,2026-06-07T17:14:40,https://www.gbif.org/occurrence/6399953055
4925,2008-04-27,2008,USA,Florida,"New Smyrna Beach, Volusia County",Surfing,Unprovoked,29.0258132,-80.9271271,Rhincodon typus,6253026970,509.66,30069.0,pas_de_proximite_100km,0,0,0,2026-04-27T07:00,https://www.gbif.org/occurrence/6253026970
4943,2008-04-20,2008,USA,Florida,"New Smyrna Beach, Volusia County",Surfing,Unprovoked,29.0258132,-80.9271271,Carcharhinus leucas,6133570230,11.63,29533.0,proximite_forte,2,2,2,2026-01-28T17:22:37,https://www.gbif.org/occurrence/6133570230
4943,2008-04-20,2008,USA,Florida,"New Smyrna Beach, Volusia County",Surfing,Unprovoked,29.0258132,-80.9271271,Carcharodon carcharias,6441095820,430.55,257.0,pas_de_proximite_100km,0,0,0,2026-03-27T20:47:37,https://www.gbif.org/occurrence/6441095820
4943,2008-04-20,2008,USA,Florida,"New Smyrna Beach, Volusia County",Surfing,Unprovoked,29.0258132,-80.9271271,Galeocerdo cuvier,6399953055,95.51,29433.0,proximite_regionale,0,1,0,2026-06-07T17:14:40,https://www.gbif.org/occurrence/6399953055
4943,2008-04-20,2008,USA,Florida,"New Smyrna Beach, Volusia County",Surfing,Unprovoked,29.0258132,-80.9271271,Rhincodon typus,6253026970,509.66,30069.0,pas_de_proximite_100km,0,0,0,2026-04-27T07:00,https://www.gbif.org/occurrence/6253026970
4944,2008-07-25,2008,USA,Florida,"New Smyrna Beach, Volusia County",Surfing,Unprovoked,29.0258132,-80.9271271,Carcharhinus leucas,6133570230,11.63,29533.0,proximite_forte,2,2,2,2026-01-28T17:22:37,https://www.gbif.org/occurrence/6133570230
4944,2008-07-25,2008,USA,Florida,"New Smyrna Beach, Volusia County",Surfing,Unprovoked,29.0258132,-80.9271271,Carcharodon carcharias,6441095820,430.55,257.0,pas_de_proximite_100km,0,0,0,2026-03-27T20:47:37,https://www.gbif.org/occurrence/6441095820
4944,2008-07-25,2008,USA,Florida,"New Smyrna Beach, Volusia County",Surfing,Unprovoked,29.0258132,-80.9271271,Galeocerdo cuvier,6399953055,95.51,29433.0,proximite_regionale,0,1,0,2026-06-07T17:14:40,https://www.gbif.org/occurrence/6399953055
4944,2008-07-25,2008,USA,Florida,"New Smyrna Beach, Volusia County",Surfing,Unprovoked,29.0258132,-80.9271271,Rhincodon typus,6253026970,509.66,30069.0,pas_de_proximite_100km,0,0,0,2026-04-27T07:00,https://www.gbif.org/occurrence/6253026970
4951,2008-04-09,2008,FIJI,,,Spearfishing,Unprovoked,-18.1239696,179.0122737,Carcharhinus leucas,6499963492,91.72,30666.0,proximite_regionale,0,2,0,2026-07-03T09:15,https://www.gbif.org/occurrence/6499963492
4951,2008-04-09,2008,FIJI,,,Spearfishing,Unprovoked,-18.1239696,179.0122737,Carcharodon carcharias,6162878281,2928.13,7.0,pas_de_proximite_100km,0,0,0,2026-02-22T09:03:13,https://www.gbif.org/occurrence/6162878281
4951,2008-04-09,2008,FIJI,,,Spearfishing,Unprovoked,-18.1239696,179.0122737,Galeocerdo cuvier,5231441990,88.31,30666.0,proximite_regionale,0,13,0,2025-07-11T09:34,https://www.gbif.org/occurrence/5231441990
4951,2008-04-09,2008,FIJI,,,Spearfishing,Unprovoked,-18.1239696,179.0122737,Rhincodon typus,6235620031,1904.62,28818.0,pas_de_proximite_100km,0,0,0,2026-02-19T12:26,https://www.gbif.org/occurrence/6235620031
4952,2008-04-26,2008,USA,Florida,"New Smyrna Beach, Volusia County",Surfing,Provoked,29.0258132,-80.9271271,Carcharhinus leucas,6133570230,11.63,29533.0,proximite_forte,2,2,2,2026-01-28T17:22:37,https://www.gbif.org/occurrence/6133570230
4952,2008-04-26,2008,USA,Florida,"New Smyrna Beach, Volusia County",Surfing,Provoked,29.0258132,-80.9271271,Carcharodon carcharias,6441095820,430.55,257.0,pas_de_proximite_100km,0,0,0,2026-03-27T20:47:37,https://www.gbif.org/occurrence/6441095820
4952,2008-04-26,2008,USA,Florida,"New Smyrna Beach, Volusia County",Surfing,Provoked,29.0258132,-80.9271271,Galeocerdo cuvier,6399953055,95.51,29433.0,proximite_regionale,0,1,0,2026-06-07T17:14:40,https://www.gbif.org/occurrence/6399953055
4952,2008-04-26,2008,USA,Florida,"New Smyrna Beach, Volusia County",Surfing,Provoked,29.0258132,-80.9271271,Rhincodon typus,6253026970,509.66,30069.0,pas_de_proximite_100km,0,0,0,2026-04-27T07:00,https://www.gbif.org/occurrence/6253026970
4954,2008-09-06,2008,USA,Florida,"Ponce Inlet, New Smyrna Beach, Volusia County",Surfing,Unprovoked,29.0645699,-80.915154,Carcharhinus leucas,6133570230,7.65,29533.0,proximite_forte,2,2,2,2026-01-28T17:22:37,https://www.gbif.org/occurrence/6133570230
4954,2008-09-06,2008,USA,Florida,"Ponce Inlet, New Smyrna Beach, Volusia County",Surfing,Unprovoked,29.0645699,-80.915154,Carcharodon carcharias,6441095820,426.09,257.0,pas_de_proximite_100km,0,0,0,2026-03-27T20:47:37,https://www.gbif.org/occurrence/6441095820
4954,2008-09-06,2008,USA,Florida,"Ponce Inlet, New Smyrna Beach, Volusia County",Surfing,Unprovoked,29.0645699,-80.915154,Galeocerdo cuvier,6399953055,91.99,29433.0,proximite_regionale,0,1,0,2026-06-07T17:14:40,https://www.gbif.org/occurrence/6399953055
4954,2008-09-06,2008,USA,Florida,"Ponce Inlet, New Smyrna Beach, Volusia County",Surfing,Unprovoked,29.0645699,-80.915154,Rhincodon typus,6253026970,514.12,30069.0,pas_de_proximite_100km,0,0,0,2026-04-27T07:00,https://www.gbif.org/occurrence/6253026970
4957,2008-08-20,2008,USA,Florida,"Sanibel Island, Lee County",Swimming,Unprovoked,26.440359,-82.1137049,Carcharhinus leucas,6470516778,22.5,29845.0,proximite_forte,1,6,1,2026-07-06T17:33:06,https://www.gbif.org/occurrence/6470516778
4957,2008-08-20,2008,USA,Florida,"Sanibel Island, Lee County",Swimming,Unprovoked,26.440359,-82.1137049,Carcharodon carcharias,6400039718,638.25,49.0,pas_de_proximite_100km,0,0,0,2026-02-25T14:55,https://www.gbif.org/occurrence/6400039718
4957,2008-08-20,2008,USA,Florida,"Sanibel Island, Lee County",Swimming,Unprovoked,26.440359,-82.1137049,Galeocerdo cuvier,5133758058,200.51,30025.0,pas_de_proximite_100km,0,0,0,2025-03-01T13:40,https://www.gbif.org/occurrence/5133758058
4957,2008-08-20,2008,USA,Florida,"Sanibel Island, Lee County",Swimming,Unprovoked,26.440359,-82.1137049,Rhincodon typus,6253026970,206.17,30069.0,pas_de_proximite_100km,0,0,0,2026-04-27T07:00,https://www.gbif.org/occurrence/6253026970
4964,2008-09-01,2008,USA,Florida,"New Smyrna Beach, Volusia County",Surfing,Unprovoked,29.0258132,-80.9271271,Carcharhinus leucas,6133570230,11.63,29533.0,proximite_forte,2,2,2,2026-01-28T17:22:37,https://www.gbif.org/occurrence/6133570230
4964,2008-09-01,2008,USA,Florida,"New Smyrna Beach, Volusia County",Surfing,Unprovoked,29.0258132,-80.9271271,Carcharodon carcharias,6441095820,430.55,257.0,pas_de_proximite_100km,0,0,0,2026-03-27T20:47:37,https://www.gbif.org/occurrence/6441095820
4964,2008-09-01,2008,USA,Florida,"New Smyrna Beach, Volusia County",Surfing,Unprovoked,29.0258132,-80.9271271,Galeocerdo cuvier,6399953055,95.51,29433.0,proximite_regionale,0,1,0,2026-06-07T17:14:40,https://www.gbif.org/occurrence/6399953055
4964,2008-09-01,2008,USA,Florida,"New Smyrna Beach, Volusia County",Surfing,Unprovoked,29.0258132,-80.9271271,Rhincodon typus,6253026970,509.66,30069.0,pas_de_proximite_100km,0,0,0,2026-04-27T07:00,https://www.gbif.org/occurrence/6253026970
4980,2009-05-16,2009,USA,Florida,"New Smyrna Beach, Volusia County",Surfing,Unprovoked,29.0258132,-80.9271271,Carcharhinus leucas,6133570230,11.63,29533.0,proximite_forte,2,2,2,2026-01-28T17:22:37,https://www.gbif.org/occurrence/6133570230
4980,2009-05-16,2009,USA,Florida,"New Smyrna Beach, Volusia County",Surfing,Unprovoked,29.0258132,-80.9271271,Carcharodon carcharias,6441095820,430.55,257.0,pas_de_proximite_100km,0,0,0,2026-03-27T20:47:37,https://www.gbif.org/occurrence/6441095820
4980,2009-05-16,2009,USA,Florida,"New Smyrna Beach, Volusia County",Surfing,Unprovoked,29.0258132,-80.9271271,Galeocerdo cuvier,6399953055,95.51,29433.0,proximite_regionale,0,1,0,2026-06-07T17:14:40,https://www.gbif.org/occurrence/6399953055
4980,2009-05-16,2009,USA,Florida,"New Smyrna Beach, Volusia County",Surfing,Unprovoked,29.0258132,-80.9271271,Rhincodon typus,6253026970,509.66,30069.0,pas_de_proximite_100km,0,0,0,2026-04-27T07:00,https://www.gbif.org/occurrence/6253026970
4986,2009-07-29,2009,VIETNAM,Binh Dinh Province,Quy Nhon,Swimming,Unprovoked,13.9027758,109.0305415,Carcharhinus leucas,6399160119,749.49,31069.0,pas_de_proximite_100km,0,0,0,2026-06-08T06:48:06,https://www.gbif.org/occurrence/6399160119
4986,2009-07-29,2009,VIETNAM,Binh Dinh Province,Quy Nhon,Swimming,Unprovoked,13.9027758,109.0305415,Carcharodon carcharias,6147658662,2268.2,318538.0,pas_de_proximite_100km,0,0,0,2026-02-06T23:35,https://www.gbif.org/occurrence/6147658662
4986,2009-07-29,2009,VIETNAM,Binh Dinh Province,Quy Nhon,Swimming,Unprovoked,13.9027758,109.0305415,Galeocerdo cuvier,5069968123,1652.4,31148.0,pas_de_proximite_100km,0,0,0,2025-02-15T08:30,https://www.gbif.org/occurrence/5069968123
4986,2009-07-29,2009,VIETNAM,Binh Dinh Province,Quy Nhon,Swimming,Unprovoked,13.9027758,109.0305415,Rhincodon typus,6163111026,1072.24,31208.0,pas_de_proximite_100km,0,0,0,2026-01-26T16:27:54,https://www.gbif.org/occurrence/6163111026
4987,2009-05-16,2009,USA,Florida,"New Smyrna Beach, Volusia County",Surfing,Unprovoked,29.0258132,-80.9271271,Carcharhinus leucas,6133570230,11.63,29533.0,proximite_forte,2,2,2,2026-01-28T17:22:37,https://www.gbif.org/occurrence/6133570230
4987,2009-05-16,2009,USA,Florida,"New Smyrna Beach, Volusia County",Surfing,Unprovoked,29.0258132,-80.9271271,Carcharodon carcharias,6441095820,430.55,257.0,pas_de_proximite_100km,0,0,0,2026-03-27T20:47:37,https://www.gbif.org/occurrence/6441095820
4987,2009-05-16,2009,USA,Florida,"New Smyrna Beach, Volusia County",Surfing,Unprovoked,29.0258132,-80.9271271,Galeocerdo cuvier,6399953055,95.51,29433.0,proximite_regionale,0,1,0,2026-06-07T17:14:40,https://www.gbif.org/occurrence/6399953055
4987,2009-05-16,2009,USA,Florida,"New Smyrna Beach, Volusia County",Surfing,Unprovoked,29.0258132,-80.9271271,Rhincodon typus,6253026970,509.66,30069.0,pas_de_proximite_100km,0,0,0,2026-04-27T07:00,https://www.gbif.org/occurrence/6253026970
5006,2009-03-18,2009,USA,Florida,"Ponce Inlet, Volusia County",Surfing,Unprovoked,29.0963729,-80.9369983,Carcharhinus leucas,6133570230,8.03,29533.0,proximite_forte,2,2,2,2026-01-28T17:22:37,https://www.gbif.org/occurrence/6133570230
5006,2009-03-18,2009,USA,Florida,"Ponce Inlet, Volusia County",Surfing,Unprovoked,29.0963729,-80.9369983,Carcharodon carcharias,6441095820,423.19,257.0,pas_de_proximite_100km,0,0,0,2026-03-27T20:47:37,https://www.gbif.org/occurrence/6441095820
5006,2009-03-18,2009,USA,Florida,"Ponce Inlet, Volusia County",Surfing,Unprovoked,29.0963729,-80.9369983,Galeocerdo cuvier,6399953055,87.9,29433.0,proximite_regionale,0,1,0,2026-06-07T17:14:40,https://www.gbif.org/occurrence/6399953055
5006,2009-03-18,2009,USA,Florida,"Ponce Inlet, Volusia County",Surfing,Unprovoked,29.0963729,-80.9369983,Rhincodon typus,6253026970,517.01,30069.0,pas_de_proximite_100km,0,0,0,2026-04-27T07:00,https://www.gbif.org/occurrence/6253026970
5018,2009-12-18,2009,SOUTH AFRICA,KwaZulu-Natal,"North Beach, Durban",Surfing,Invalid,-29.8467091,31.035303,Carcharhinus leucas,6185033442,64.9,29382.0,proximite_regionale,0,1,0,2026-03-28T17:16:06,https://www.gbif.org/occurrence/6185033442
5018,2009-12-18,2009,SOUTH AFRICA,KwaZulu-Natal,"North Beach, Durban",Surfing,Invalid,-29.8467091,31.035303,Carcharodon carcharias,5938331810,416.47,,pas_de_proximite_100km,0,0,0,2026-01-03T05:09:36,https://www.gbif.org/occurrence/5938331810
5018,2009-12-18,2009,SOUTH AFRICA,KwaZulu-Natal,"North Beach, Durban",Surfing,Invalid,-29.8467091,31.035303,Galeocerdo cuvier,5206523433,364.62,29798.0,pas_de_proximite_100km,0,0,0,2025-03-25T01:26:01,https://www.gbif.org/occurrence/5206523433
5018,2009-12-18,2009,SOUTH AFRICA,KwaZulu-Natal,"North Beach, Durban",Surfing,Invalid,-29.8467091,31.035303,Rhincodon typus,6352311338,1226.48,1358701.0,pas_de_proximite_100km,0,0,0,2026-05-28,https://www.gbif.org/occurrence/6352311338
5025,2009-07-05,2009,USA,Florida,"Daytona Beach, Volusia County",Boogie Boarding,Unprovoked,29.2108147,-81.0228331,Carcharhinus leucas,6133570230,19.73,29533.0,proximite_forte,2,2,2,2026-01-28T17:22:37,https://www.gbif.org/occurrence/6133570230
5025,2009-07-05,2009,USA,Florida,"Daytona Beach, Volusia County",Boogie Boarding,Unprovoked,29.2108147,-81.0228331,Carcharodon carcharias,6441095820,413.1,257.0,pas_de_proximite_100km,0,0,0,2026-03-27T20:47:37,https://www.gbif.org/occurrence/6441095820
5025,2009-07-05,2009,USA,Florida,"Daytona Beach, Volusia County",Boogie Boarding,Unprovoked,29.2108147,-81.0228331,Galeocerdo cuvier,6399953055,72.96,29433.0,proximite_regionale,0,1,0,2026-06-07T17:14:40,https://www.gbif.org/occurrence/6399953055
5025,2009-07-05,2009,USA,Florida,"Daytona Beach, Volusia County",Boogie Boarding,Unprovoked,29.2108147,-81.0228331,Rhincodon typus,6253026970,527.37,30069.0,pas_de_proximite_100km,0,0,0,2026-04-27T07:00,https://www.gbif.org/occurrence/6253026970
5033,2009-07-11,2009,BAHAMAS,,,Spearfishing,Provoked,24.7736546,-78.0000547,Carcharhinus leucas,6334488030,158.99,29936.0,pas_de_proximite_100km,0,0,0,2026-05-18T15:01:50,https://www.gbif.org/occurrence/6334488030
5033,2009-07-11,2009,BAHAMAS,,,Spearfishing,Provoked,24.7736546,-78.0000547,Carcharodon carcharias,6441095820,907.03,257.0,pas_de_proximite_100km,0,0,0,2026-03-27T20:47:37,https://www.gbif.org/occurrence/6441095820
5033,2009-07-11,2009,BAHAMAS,,,Spearfishing,Provoked,24.7736546,-78.0000547,Galeocerdo cuvier,6131322721,84.29,120467.0,proximite_regionale,0,2,0,2026-01-13,https://www.gbif.org/occurrence/6131322721
5033,2009-07-11,2009,BAHAMAS,,,Spearfishing,Provoked,24.7736546,-78.0000547,Rhincodon typus,6253026970,426.21,30069.0,pas_de_proximite_100km,0,0,0,2026-04-27T07:00,https://www.gbif.org/occurrence/6253026970
5035,2009-04-21,2009,USA,Florida,"New Smyrna Beach, Volusia County",Surfing,Unprovoked,29.0258132,-80.9271271,Carcharhinus leucas,6133570230,11.63,29533.0,proximite_forte,2,2,2,2026-01-28T17:22:37,https://www.gbif.org/occurrence/6133570230
5035,2009-04-21,2009,USA,Florida,"New Smyrna Beach, Volusia County",Surfing,Unprovoked,29.0258132,-80.9271271,Carcharodon carcharias,6441095820,430.55,257.0,pas_de_proximite_100km,0,0,0,2026-03-27T20:47:37,https://www.gbif.org/occurrence/6441095820
5035,2009-04-21,2009,USA,Florida,"New Smyrna Beach, Volusia County",Surfing,Unprovoked,29.0258132,-80.9271271,Galeocerdo cuvier,6399953055,95.51,29433.0,proximite_regionale,0,1,0,2026-06-07T17:14:40,https://www.gbif.org/occurrence/6399953055
5035,2009-04-21,2009,USA,Florida,"New Smyrna Beach, Volusia County",Surfing,Unprovoked,29.0258132,-80.9271271,Rhincodon typus,6253026970,509.66,30069.0,pas_de_proximite_100km,0,0,0,2026-04-27T07:00,https://www.gbif.org/occurrence/6253026970
5036,2009-11-16,2009,USA,Florida,"Jupiter, Palm Beach County",Surfing,Unprovoked,26.9342246,-80.0942087,Carcharhinus leucas,6422739318,3.09,29798.0,proximite_forte,5,12,3,2026-06-23T08:59:58,https://www.gbif.org/occurrence/6422739318
5036,2009-11-16,2009,USA,Florida,"Jupiter, Palm Beach County",Surfing,Unprovoked,26.9342246,-80.0942087,Carcharodon carcharias,6441095820,650.21,257.0,pas_de_proximite_100km,0,0,0,2026-03-27T20:47:37,https://www.gbif.org/occurrence/6441095820
5036,2009-11-16,2009,USA,Florida,"Jupiter, Palm Beach County",Surfing,Unprovoked,26.9342246,-80.0942087,Galeocerdo cuvier,6235030691,3.71,29798.0,proximite_forte,1,2,0,2026-04-25T11:55,https://www.gbif.org/occurrence/6235030691
5036,2009-11-16,2009,USA,Florida,"Jupiter, Palm Beach County",Surfing,Unprovoked,26.9342246,-80.0942087,Rhincodon typus,6253026970,336.27,30069.0,pas_de_proximite_100km,0,0,0,2026-04-27T07:00,https://www.gbif.org/occurrence/6253026970
5038,2009-07-11,2009,USA,California,"San Onofre, San Diego County",Paddle-surfing,Unprovoked,33.3803575,-117.5736037,Carcharhinus leucas,6334261088,1341.31,30175.0,pas_de_proximite_100km,0,0,0,2026-05-21T11:26,https://www.gbif.org/occurrence/6334261088
5038,2009-07-11,2009,USA,California,"San Onofre, San Diego County",Paddle-surfing,Unprovoked,33.3803575,-117.5736037,Carcharodon carcharias,6352632646,6.23,,proximite_forte,2,4,1,2026-05-25T09:35:37,https://www.gbif.org/occurrence/6352632646
5038,2009-07-11,2009,USA,California,"San Onofre, San Diego County",Paddle-surfing,Unprovoked,33.3803575,-117.5736037,Galeocerdo cuvier,6400211599,1710.35,30580.0,pas_de_proximite_100km,0,0,0,2026-05-28T10:51:24,https://www.gbif.org/occurrence/6400211599
5038,2009-07-11,2009,USA,California,"San Onofre, San Diego County",Paddle-surfing,Unprovoked,33.3803575,-117.5736037,Rhincodon typus,6130536863,1205.18,5588.0,pas_de_proximite_100km,0,0,0,2026-01-05T15:29:36,https://www.gbif.org/occurrence/6130536863
5039,2009-11-25,2009,USA,California,"Huntington Beach, Orange County",Surfing,Invalid,33.6783336,-118.000016,Carcharhinus leucas,6334261088,1391.73,30175.0,pas_de_proximite_100km,0,0,0,2026-05-21T11:26,https://www.gbif.org/occurrence/6334261088
5039,2009-11-25,2009,USA,California,"Huntington Beach, Orange County",Surfing,Invalid,33.6783336,-118.000016,Carcharodon carcharias,6333847816,45.35,6.0,proximite_regionale,0,3,1,2026-05-25T09:35:36,https://www.gbif.org/occurrence/6333847816
5039,2009-11-25,2009,USA,California,"Huntington Beach, Orange County",Surfing,Invalid,33.6783336,-118.000016,Galeocerdo cuvier,6400211599,1757.15,30580.0,pas_de_proximite_100km,0,0,0,2026-05-28T10:51:24,https://www.gbif.org/occurrence/6400211599
5039,2009-11-25,2009,USA,California,"Huntington Beach, Orange County",Surfing,Invalid,33.6783336,-118.000016,Rhincodon typus,6130536863,1255.22,5588.0,pas_de_proximite_100km,0,0,0,2026-01-05T15:29:36,https://www.gbif.org/occurrence/6130536863
5041,2009-05-17,2009,USA,Florida,"New Smyrna Beach, Volusia County",Surfing,Unprovoked,29.0258132,-80.9271271,Carcharhinus leucas,6133570230,11.63,29533.0,proximite_forte,2,2,2,2026-01-28T17:22:37,https://www.gbif.org/occurrence/6133570230
5041,2009-05-17,2009,USA,Florida,"New Smyrna Beach, Volusia County",Surfing,Unprovoked,29.0258132,-80.9271271,Carcharodon carcharias,6441095820,430.55,257.0,pas_de_proximite_100km,0,0,0,2026-03-27T20:47:37,https://www.gbif.org/occurrence/6441095820
5041,2009-05-17,2009,USA,Florida,"New Smyrna Beach, Volusia County",Surfing,Unprovoked,29.0258132,-80.9271271,Galeocerdo cuvier,6399953055,95.51,29433.0,proximite_regionale,0,1,0,2026-06-07T17:14:40,https://www.gbif.org/occurrence/6399953055
5041,2009-05-17,2009,USA,Florida,"New Smyrna Beach, Volusia County",Surfing,Unprovoked,29.0258132,-80.9271271,Rhincodon typus,6253026970,509.66,30069.0,pas_de_proximite_100km,0,0,0,2026-04-27T07:00,https://www.gbif.org/occurrence/6253026970
5045,2009-08-30,2009,USA,California,"Huntington Beach, Orange County",Surfing,Unprovoked,33.6783336,-118.000016,Carcharhinus leucas,6334261088,1391.73,30175.0,pas_de_proximite_100km,0,0,0,2026-05-21T11:26,https://www.gbif.org/occurrence/6334261088
5045,2009-08-30,2009,USA,California,"Huntington Beach, Orange County",Surfing,Unprovoked,33.6783336,-118.000016,Carcharodon carcharias,6333847816,45.35,6.0,proximite_regionale,0,3,1,2026-05-25T09:35:36,https://www.gbif.org/occurrence/6333847816
5045,2009-08-30,2009,USA,California,"Huntington Beach, Orange County",Surfing,Unprovoked,33.6783336,-118.000016,Galeocerdo cuvier,6400211599,1757.15,30580.0,pas_de_proximite_100km,0,0,0,2026-05-28T10:51:24,https://www.gbif.org/occurrence/6400211599
5045,2009-08-30,2009,USA,California,"Huntington Beach, Orange County",Surfing,Unprovoked,33.6783336,-118.000016,Rhincodon typus,6130536863,1255.22,5588.0,pas_de_proximite_100km,0,0,0,2026-01-05T15:29:36,https://www.gbif.org/occurrence/6130536863
5047,2009-07-18,2009,VIETNAM,Binh Dinh Province,Quy Nhon,Swimming,Unprovoked,13.9027758,109.0305415,Carcharhinus leucas,6399160119,749.49,31069.0,pas_de_proximite_100km,0,0,0,2026-06-08T06:48:06,https://www.gbif.org/occurrence/6399160119
5047,2009-07-18,2009,VIETNAM,Binh Dinh Province,Quy Nhon,Swimming,Unprovoked,13.9027758,109.0305415,Carcharodon carcharias,6147658662,2268.2,318538.0,pas_de_proximite_100km,0,0,0,2026-02-06T23:35,https://www.gbif.org/occurrence/6147658662
5047,2009-07-18,2009,VIETNAM,Binh Dinh Province,Quy Nhon,Swimming,Unprovoked,13.9027758,109.0305415,Galeocerdo cuvier,5069968123,1652.4,31148.0,pas_de_proximite_100km,0,0,0,2025-02-15T08:30,https://www.gbif.org/occurrence/5069968123
5047,2009-07-18,2009,VIETNAM,Binh Dinh Province,Quy Nhon,Swimming,Unprovoked,13.9027758,109.0305415,Rhincodon typus,6163111026,1072.24,31208.0,pas_de_proximite_100km,0,0,0,2026-01-26T16:27:54,https://www.gbif.org/occurrence/6163111026
5056,2009-11-13,2009,USA,Florida,"Jupiter, Palm Beach County",Surfing,Unprovoked,26.9342246,-80.0942087,Carcharhinus leucas,6422739318,3.09,29798.0,proximite_forte,5,12,3,2026-06-23T08:59:58,https://www.gbif.org/occurrence/6422739318
5056,2009-11-13,2009,USA,Florida,"Jupiter, Palm Beach County",Surfing,Unprovoked,26.9342246,-80.0942087,Carcharodon carcharias,6441095820,650.21,257.0,pas_de_proximite_100km,0,0,0,2026-03-27T20:47:37,https://www.gbif.org/occurrence/6441095820
5056,2009-11-13,2009,USA,Florida,"Jupiter, Palm Beach County",Surfing,Unprovoked,26.9342246,-80.0942087,Galeocerdo cuvier,6235030691,3.71,29798.0,proximite_forte,1,2,0,2026-04-25T11:55,https://www.gbif.org/occurrence/6235030691
5056,2009-11-13,2009,USA,Florida,"Jupiter, Palm Beach County",Surfing,Unprovoked,26.9342246,-80.0942087,Rhincodon typus,6253026970,336.27,30069.0,pas_de_proximite_100km,0,0,0,2026-04-27T07:00,https://www.gbif.org/occurrence/6253026970
5064,2009-04-03,2009,USA,Florida,"Sanibel Island, Lee County",Wading,Unprovoked,26.440359,-82.1137049,Carcharhinus leucas,6470516778,22.5,29845.0,proximite_forte,1,6,1,2026-07-06T17:33:06,https://www.gbif.org/occurrence/6470516778
5064,2009-04-03,2009,USA,Florida,"Sanibel Island, Lee County",Wading,Unprovoked,26.440359,-82.1137049,Carcharodon carcharias,6400039718,638.25,49.0,pas_de_proximite_100km,0,0,0,2026-02-25T14:55,https://www.gbif.org/occurrence/6400039718
5064,2009-04-03,2009,USA,Florida,"Sanibel Island, Lee County",Wading,Unprovoked,26.440359,-82.1137049,Galeocerdo cuvier,5133758058,200.51,30025.0,pas_de_proximite_100km,0,0,0,2025-03-01T13:40,https://www.gbif.org/occurrence/5133758058
5064,2009-04-03,2009,USA,Florida,"Sanibel Island, Lee County",Wading,Unprovoked,26.440359,-82.1137049,Rhincodon typus,6253026970,206.17,30069.0,pas_de_proximite_100km,0,0,0,2026-04-27T07:00,https://www.gbif.org/occurrence/6253026970
5066,2009-11-11,2009,USA,Florida,"New Smyrna Beach, Volusia County",Surfing,Unprovoked,29.0258132,-80.9271271,Carcharhinus leucas,6133570230,11.63,29533.0,proximite_forte,2,2,2,2026-01-28T17:22:37,https://www.gbif.org/occurrence/6133570230
5066,2009-11-11,2009,USA,Florida,"New Smyrna Beach, Volusia County",Surfing,Unprovoked,29.0258132,-80.9271271,Carcharodon carcharias,6441095820,430.55,257.0,pas_de_proximite_100km,0,0,0,2026-03-27T20:47:37,https://www.gbif.org/occurrence/6441095820
5066,2009-11-11,2009,USA,Florida,"New Smyrna Beach, Volusia County",Surfing,Unprovoked,29.0258132,-80.9271271,Galeocerdo cuvier,6399953055,95.51,29433.0,proximite_regionale,0,1,0,2026-06-07T17:14:40,https://www.gbif.org/occurrence/6399953055
5066,2009-11-11,2009,USA,Florida,"New Smyrna Beach, Volusia County",Surfing,Unprovoked,29.0258132,-80.9271271,Rhincodon typus,6253026970,509.66,30069.0,pas_de_proximite_100km,0,0,0,2026-04-27T07:00,https://www.gbif.org/occurrence/6253026970
5077,2009-06-16,2009,USA,Florida,"Melbourne Beach, Brevard County",Crawling,Invalid,28.0684067,-80.5607951,Carcharhinus leucas,6234759244,16.58,29680.0,proximite_forte,1,3,3,2026-04-17T20:49,https://www.gbif.org/occurrence/6234759244
5077,2009-06-16,2009,USA,Florida,"Melbourne Beach, Brevard County",Crawling,Invalid,28.0684067,-80.5607951,Carcharodon carcharias,6441095820,528.49,257.0,pas_de_proximite_100km,0,0,0,2026-03-27T20:47:37,https://www.gbif.org/occurrence/6441095820
5077,2009-06-16,2009,USA,Florida,"Melbourne Beach, Brevard County",Crawling,Invalid,28.0684067,-80.5607951,Galeocerdo cuvier,6235030691,131.86,29798.0,pas_de_proximite_100km,0,0,0,2026-04-25T11:55,https://www.gbif.org/occurrence/6235030691
5077,2009-06-16,2009,USA,Florida,"Melbourne Beach, Brevard County",Crawling,Invalid,28.0684067,-80.5607951,Rhincodon typus,6253026970,420.55,30069.0,pas_de_proximite_100km,0,0,0,2026-04-27T07:00,https://www.gbif.org/occurrence/6253026970
5079,2009-10-24,2009,USA,California,"San Onofre, San Diego County",Surfing,Unprovoked,33.3803575,-117.5736037,Carcharhinus leucas,6334261088,1341.31,30175.0,pas_de_proximite_100km,0,0,0,2026-05-21T11:26,https://www.gbif.org/occurrence/6334261088
5079,2009-10-24,2009,USA,California,"San Onofre, San Diego County",Surfing,Unprovoked,33.3803575,-117.5736037,Carcharodon carcharias,6352632646,6.23,,proximite_forte,2,4,1,2026-05-25T09:35:37,https://www.gbif.org/occurrence/6352632646
5079,2009-10-24,2009,USA,California,"San Onofre, San Diego County",Surfing,Unprovoked,33.3803575,-117.5736037,Galeocerdo cuvier,6400211599,1710.35,30580.0,pas_de_proximite_100km,0,0,0,2026-05-28T10:51:24,https://www.gbif.org/occurrence/6400211599
5079,2009-10-24,2009,USA,California,"San Onofre, San Diego County",Surfing,Unprovoked,33.3803575,-117.5736037,Rhincodon typus,6130536863,1205.18,5588.0,pas_de_proximite_100km,0,0,0,2026-01-05T15:29:36,https://www.gbif.org/occurrence/6130536863
5090,2010-08-05,2010,USA,Florida,"Bethune Beach, Volusia County",Swimming,Invalid,28.9491539,-80.83783,Carcharhinus leucas,6133570230,17.95,29533.0,proximite_forte,2,2,2,2026-01-28T17:22:37,https://www.gbif.org/occurrence/6133570230
5090,2010-08-05,2010,USA,Florida,"Bethune Beach, Volusia County",Swimming,Invalid,28.9491539,-80.83783,Carcharodon carcharias,6441095820,436.82,257.0,pas_de_proximite_100km,0,0,0,2026-03-27T20:47:37,https://www.gbif.org/occurrence/6441095820
5090,2010-08-05,2010,USA,Florida,"Bethune Beach, Volusia County",Swimming,Invalid,28.9491539,-80.83783,Galeocerdo cuvier,6399953055,106.77,29433.0,pas_de_proximite_100km,0,0,0,2026-06-07T17:14:40,https://www.gbif.org/occurrence/6399953055
5090,2010-08-05,2010,USA,Florida,"Bethune Beach, Volusia County",Swimming,Invalid,28.9491539,-80.83783,Rhincodon typus,6253026970,503.75,30069.0,pas_de_proximite_100km,0,0,0,2026-04-27T07:00,https://www.gbif.org/occurrence/6253026970
5092,2010-07-16,2010,USA,Texas,Galveston,Fishing,Unprovoked,29.3872254,-94.992736,Carcharhinus leucas,6188346293,181.44,29582.0,pas_de_proximite_100km,0,0,0,2026-04-05T19:42,https://www.gbif.org/occurrence/6188346293
5092,2010-07-16,2010,USA,Texas,Galveston,Fishing,Unprovoked,29.3872254,-94.992736,Carcharodon carcharias,6400039718,791.27,49.0,pas_de_proximite_100km,0,0,0,2026-02-25T14:55,https://www.gbif.org/occurrence/6400039718
5092,2010-07-16,2010,USA,Texas,Galveston,Fishing,Unprovoked,29.3872254,-94.992736,Galeocerdo cuvier,6479866652,286.77,29704.0,pas_de_proximite_100km,0,0,0,2026-08-03T16:05,https://www.gbif.org/occurrence/6479866652
5092,2010-07-16,2010,USA,Texas,Galveston,Fishing,Unprovoked,29.3872254,-94.992736,Rhincodon typus,6178385871,527.22,29751.0,pas_de_proximite_100km,0,0,0,2026-03-06T11:12:50,https://www.gbif.org/occurrence/6178385871
5113,2010-01-09,2010,VIETNAM,Binh Dinh Province,Quy Nhon,Inconnue,Unprovoked,13.9027758,109.0305415,Carcharhinus leucas,6399160119,749.49,31069.0,pas_de_proximite_100km,0,0,0,2026-06-08T06:48:06,https://www.gbif.org/occurrence/6399160119
5113,2010-01-09,2010,VIETNAM,Binh Dinh Province,Quy Nhon,Inconnue,Unprovoked,13.9027758,109.0305415,Carcharodon carcharias,6147658662,2268.2,318538.0,pas_de_proximite_100km,0,0,0,2026-02-06T23:35,https://www.gbif.org/occurrence/6147658662
5113,2010-01-09,2010,VIETNAM,Binh Dinh Province,Quy Nhon,Inconnue,Unprovoked,13.9027758,109.0305415,Galeocerdo cuvier,5069968123,1652.4,31148.0,pas_de_proximite_100km,0,0,0,2025-02-15T08:30,https://www.gbif.org/occurrence/5069968123
5113,2010-01-09,2010,VIETNAM,Binh Dinh Province,Quy Nhon,Inconnue,Unprovoked,13.9027758,109.0305415,Rhincodon typus,6163111026,1072.24,31208.0,pas_de_proximite_100km,0,0,0,2026-01-26T16:27:54,https://www.gbif.org/occurrence/6163111026
5114,2010-05-18,2010,VIETNAM,Binh Dinh Province,Quy Nhon,Rescuing,Unprovoked,13.9027758,109.0305415,Carcharhinus leucas,6399160119,749.49,31069.0,pas_de_proximite_100km,0,0,0,2026-06-08T06:48:06,https://www.gbif.org/occurrence/6399160119
5114,2010-05-18,2010,VIETNAM,Binh Dinh Province,Quy Nhon,Rescuing,Unprovoked,13.9027758,109.0305415,Carcharodon carcharias,6147658662,2268.2,318538.0,pas_de_proximite_100km,0,0,0,2026-02-06T23:35,https://www.gbif.org/occurrence/6147658662
5114,2010-05-18,2010,VIETNAM,Binh Dinh Province,Quy Nhon,Rescuing,Unprovoked,13.9027758,109.0305415,Galeocerdo cuvier,5069968123,1652.4,31148.0,pas_de_proximite_100km,0,0,0,2025-02-15T08:30,https://www.gbif.org/occurrence/5069968123
5114,2010-05-18,2010,VIETNAM,Binh Dinh Province,Quy Nhon,Rescuing,Unprovoked,13.9027758,109.0305415,Rhincodon typus,6163111026,1072.24,31208.0,pas_de_proximite_100km,0,0,0,2026-01-26T16:27:54,https://www.gbif.org/occurrence/6163111026
5120,2010-07-23,2010,USA,Florida,"Jacksonville Beach, Duval County",Surfing,Unprovoked,30.2946859,-81.3931396,Carcharhinus leucas,6133570230,141.6,29533.0,pas_de_proximite_100km,0,0,0,2026-01-28T17:22:37,https://www.gbif.org/occurrence/6133570230
5120,2010-07-23,2010,USA,Florida,"Jacksonville Beach, Duval County",Surfing,Unprovoked,30.2946859,-81.3931396,Carcharodon carcharias,6441095820,314.31,257.0,pas_de_proximite_100km,0,0,0,2026-03-27T20:47:37,https://www.gbif.org/occurrence/6441095820
5120,2010-07-23,2010,USA,Florida,"Jacksonville Beach, Duval County",Surfing,Unprovoked,30.2946859,-81.3931396,Galeocerdo cuvier,6399953055,53.35,29433.0,proximite_regionale,0,1,0,2026-06-07T17:14:40,https://www.gbif.org/occurrence/6399953055
5120,2010-07-23,2010,USA,Florida,"Jacksonville Beach, Duval County",Surfing,Unprovoked,30.2946859,-81.3931396,Rhincodon typus,6253026970,639.65,30069.0,pas_de_proximite_100km,0,0,0,2026-04-27T07:00,https://www.gbif.org/occurrence/6253026970
5123,2010-05-01,2010,USA,Florida,New Smyrna Beach,Wading,Unprovoked,29.0258132,-80.9271271,Carcharhinus leucas,6133570230,11.63,29533.0,proximite_forte,2,2,2,2026-01-28T17:22:37,https://www.gbif.org/occurrence/6133570230
5123,2010-05-01,2010,USA,Florida,New Smyrna Beach,Wading,Unprovoked,29.0258132,-80.9271271,Carcharodon carcharias,6441095820,430.55,257.0,pas_de_proximite_100km,0,0,0,2026-03-27T20:47:37,https://www.gbif.org/occurrence/6441095820
5123,2010-05-01,2010,USA,Florida,New Smyrna Beach,Wading,Unprovoked,29.0258132,-80.9271271,Galeocerdo cuvier,6399953055,95.51,29433.0,proximite_regionale,0,1,0,2026-06-07T17:14:40,https://www.gbif.org/occurrence/6399953055
5123,2010-05-01,2010,USA,Florida,New Smyrna Beach,Wading,Unprovoked,29.0258132,-80.9271271,Rhincodon typus,6253026970,509.66,30069.0,pas_de_proximite_100km,0,0,0,2026-04-27T07:00,https://www.gbif.org/occurrence/6253026970
5128,2010-09-03,2010,USA,Florida,"New Smyrna Beach, Volusia County",Surfing,Unprovoked,29.0258132,-80.9271271,Carcharhinus leucas,6133570230,11.63,29533.0,proximite_forte,2,2,2,2026-01-28T17:22:37,https://www.gbif.org/occurrence/6133570230
5128,2010-09-03,2010,USA,Florida,"New Smyrna Beach, Volusia County",Surfing,Unprovoked,29.0258132,-80.9271271,Carcharodon carcharias,6441095820,430.55,257.0,pas_de_proximite_100km,0,0,0,2026-03-27T20:47:37,https://www.gbif.org/occurrence/6441095820
5128,2010-09-03,2010,USA,Florida,"New Smyrna Beach, Volusia County",Surfing,Unprovoked,29.0258132,-80.9271271,Galeocerdo cuvier,6399953055,95.51,29433.0,proximite_regionale,0,1,0,2026-06-07T17:14:40,https://www.gbif.org/occurrence/6399953055
5128,2010-09-03,2010,USA,Florida,"New Smyrna Beach, Volusia County",Surfing,Unprovoked,29.0258132,-80.9271271,Rhincodon typus,6253026970,509.66,30069.0,pas_de_proximite_100km,0,0,0,2026-04-27T07:00,https://www.gbif.org/occurrence/6253026970
5152,2010-07-25,2010,USA,South Carolina,"Isle of Palms, Charleston County",Standing,Unprovoked,32.7867697,-79.7880359,Carcharhinus leucas,6130999421,419.72,29533.0,pas_de_proximite_100km,0,0,0,2026-01-17T15:30:29,https://www.gbif.org/occurrence/6130999421
5152,2010-07-25,2010,USA,South Carolina,"Isle of Palms, Charleston County",Standing,Unprovoked,32.7867697,-79.7880359,Carcharodon carcharias,6441095820,1.98,257.0,proximite_forte,1,2,0,2026-03-27T20:47:37,https://www.gbif.org/occurrence/6441095820
5152,2010-07-25,2010,USA,South Carolina,"Isle of Palms, Charleston County",Standing,Unprovoked,32.7867697,-79.7880359,Galeocerdo cuvier,6399752821,165.62,28902.0,pas_de_proximite_100km,0,0,0,2026-06-04T11:19,https://www.gbif.org/occurrence/6399752821
5152,2010-07-25,2010,USA,South Carolina,"Isle of Palms, Charleston County",Standing,Unprovoked,32.7867697,-79.7880359,Rhincodon typus,6253026970,941.73,30069.0,pas_de_proximite_100km,0,0,0,2026-04-27T07:00,https://www.gbif.org/occurrence/6253026970
5153,2010-05-18,2010,VIETNAM,Binh Dinh Province,Quy Nhon,Swimming,Unprovoked,13.9027758,109.0305415,Carcharhinus leucas,6399160119,749.49,31069.0,pas_de_proximite_100km,0,0,0,2026-06-08T06:48:06,https://www.gbif.org/occurrence/6399160119
5153,2010-05-18,2010,VIETNAM,Binh Dinh Province,Quy Nhon,Swimming,Unprovoked,13.9027758,109.0305415,Carcharodon carcharias,6147658662,2268.2,318538.0,pas_de_proximite_100km,0,0,0,2026-02-06T23:35,https://www.gbif.org/occurrence/6147658662
5153,2010-05-18,2010,VIETNAM,Binh Dinh Province,Quy Nhon,Swimming,Unprovoked,13.9027758,109.0305415,Galeocerdo cuvier,5069968123,1652.4,31148.0,pas_de_proximite_100km,0,0,0,2025-02-15T08:30,https://www.gbif.org/occurrence/5069968123
5153,2010-05-18,2010,VIETNAM,Binh Dinh Province,Quy Nhon,Swimming,Unprovoked,13.9027758,109.0305415,Rhincodon typus,6163111026,1072.24,31208.0,pas_de_proximite_100km,0,0,0,2026-01-26T16:27:54,https://www.gbif.org/occurrence/6163111026
5165,2010-01-09,2010,VIETNAM,Binh Dinh Province,Quy Nhon,Inconnue,Unprovoked,13.9027758,109.0305415,Carcharhinus leucas,6399160119,749.49,31069.0,pas_de_proximite_100km,0,0,0,2026-06-08T06:48:06,https://www.gbif.org/occurrence/6399160119
5165,2010-01-09,2010,VIETNAM,Binh Dinh Province,Quy Nhon,Inconnue,Unprovoked,13.9027758,109.0305415,Carcharodon carcharias,6147658662,2268.2,318538.0,pas_de_proximite_100km,0,0,0,2026-02-06T23:35,https://www.gbif.org/occurrence/6147658662
5165,2010-01-09,2010,VIETNAM,Binh Dinh Province,Quy Nhon,Inconnue,Unprovoked,13.9027758,109.0305415,Galeocerdo cuvier,5069968123,1652.4,31148.0,pas_de_proximite_100km,0,0,0,2025-02-15T08:30,https://www.gbif.org/occurrence/5069968123
5165,2010-01-09,2010,VIETNAM,Binh Dinh Province,Quy Nhon,Inconnue,Unprovoked,13.9027758,109.0305415,Rhincodon typus,6163111026,1072.24,31208.0,pas_de_proximite_100km,0,0,0,2026-01-26T16:27:54,https://www.gbif.org/occurrence/6163111026
5167,2010-09-03,2010,USA,Florida,"New Smyrna Beach, Volusia County",Surfing,Unprovoked,29.0258132,-80.9271271,Carcharhinus leucas,6133570230,11.63,29533.0,proximite_forte,2,2,2,2026-01-28T17:22:37,https://www.gbif.org/occurrence/6133570230
5167,2010-09-03,2010,USA,Florida,"New Smyrna Beach, Volusia County",Surfing,Unprovoked,29.0258132,-80.9271271,Carcharodon carcharias,6441095820,430.55,257.0,pas_de_proximite_100km,0,0,0,2026-03-27T20:47:37,https://www.gbif.org/occurrence/6441095820
5167,2010-09-03,2010,USA,Florida,"New Smyrna Beach, Volusia County",Surfing,Unprovoked,29.0258132,-80.9271271,Galeocerdo cuvier,6399953055,95.51,29433.0,proximite_regionale,0,1,0,2026-06-07T17:14:40,https://www.gbif.org/occurrence/6399953055
5167,2010-09-03,2010,USA,Florida,"New Smyrna Beach, Volusia County",Surfing,Unprovoked,29.0258132,-80.9271271,Rhincodon typus,6253026970,509.66,30069.0,pas_de_proximite_100km,0,0,0,2026-04-27T07:00,https://www.gbif.org/occurrence/6253026970
5170,2010-06-15,2010,VIETNAM,Binh Dinh Province,Quy Nhon,Swimming,Unprovoked,13.9027758,109.0305415,Carcharhinus leucas,6399160119,749.49,31069.0,pas_de_proximite_100km,0,0,0,2026-06-08T06:48:06,https://www.gbif.org/occurrence/6399160119
5170,2010-06-15,2010,VIETNAM,Binh Dinh Province,Quy Nhon,Swimming,Unprovoked,13.9027758,109.0305415,Carcharodon carcharias,6147658662,2268.2,318538.0,pas_de_proximite_100km,0,0,0,2026-02-06T23:35,https://www.gbif.org/occurrence/6147658662
5170,2010-06-15,2010,VIETNAM,Binh Dinh Province,Quy Nhon,Swimming,Unprovoked,13.9027758,109.0305415,Galeocerdo cuvier,5069968123,1652.4,31148.0,pas_de_proximite_100km,0,0,0,2025-02-15T08:30,https://www.gbif.org/occurrence/5069968123
5170,2010-06-15,2010,VIETNAM,Binh Dinh Province,Quy Nhon,Swimming,Unprovoked,13.9027758,109.0305415,Rhincodon typus,6163111026,1072.24,31208.0,pas_de_proximite_100km,0,0,0,2026-01-26T16:27:54,https://www.gbif.org/occurrence/6163111026
5173,2010-07-17,2010,USA,Florida,New Smyrna Beach,Surfing,Unprovoked,29.0258132,-80.9271271,Carcharhinus leucas,6133570230,11.63,29533.0,proximite_forte,2,2,2,2026-01-28T17:22:37,https://www.gbif.org/occurrence/6133570230
5173,2010-07-17,2010,USA,Florida,New Smyrna Beach,Surfing,Unprovoked,29.0258132,-80.9271271,Carcharodon carcharias,6441095820,430.55,257.0,pas_de_proximite_100km,0,0,0,2026-03-27T20:47:37,https://www.gbif.org/occurrence/6441095820
5173,2010-07-17,2010,USA,Florida,New Smyrna Beach,Surfing,Unprovoked,29.0258132,-80.9271271,Galeocerdo cuvier,6399953055,95.51,29433.0,proximite_regionale,0,1,0,2026-06-07T17:14:40,https://www.gbif.org/occurrence/6399953055
5173,2010-07-17,2010,USA,Florida,New Smyrna Beach,Surfing,Unprovoked,29.0258132,-80.9271271,Rhincodon typus,6253026970,509.66,30069.0,pas_de_proximite_100km,0,0,0,2026-04-27T07:00,https://www.gbif.org/occurrence/6253026970
5179,2010-01-09,2010,VIETNAM,Binh Dinh Province,Quy Nhon,Bathing,Unprovoked,13.9027758,109.0305415,Carcharhinus leucas,6399160119,749.49,31069.0,pas_de_proximite_100km,0,0,0,2026-06-08T06:48:06,https://www.gbif.org/occurrence/6399160119
5179,2010-01-09,2010,VIETNAM,Binh Dinh Province,Quy Nhon,Bathing,Unprovoked,13.9027758,109.0305415,Carcharodon carcharias,6147658662,2268.2,318538.0,pas_de_proximite_100km,0,0,0,2026-02-06T23:35,https://www.gbif.org/occurrence/6147658662
5179,2010-01-09,2010,VIETNAM,Binh Dinh Province,Quy Nhon,Bathing,Unprovoked,13.9027758,109.0305415,Galeocerdo cuvier,5069968123,1652.4,31148.0,pas_de_proximite_100km,0,0,0,2025-02-15T08:30,https://www.gbif.org/occurrence/5069968123
5179,2010-01-09,2010,VIETNAM,Binh Dinh Province,Quy Nhon,Bathing,Unprovoked,13.9027758,109.0305415,Rhincodon typus,6163111026,1072.24,31208.0,pas_de_proximite_100km,0,0,0,2026-01-26T16:27:54,https://www.gbif.org/occurrence/6163111026
5188,2010-09-04,2010,USA,Florida,"New Smyrna Beach, Volusia County",Surfing,Unprovoked,29.0258132,-80.9271271,Carcharhinus leucas,6133570230,11.63,29533.0,proximite_forte,2,2,2,2026-01-28T17:22:37,https://www.gbif.org/occurrence/6133570230
5188,2010-09-04,2010,USA,Florida,"New Smyrna Beach, Volusia County",Surfing,Unprovoked,29.0258132,-80.9271271,Carcharodon carcharias,6441095820,430.55,257.0,pas_de_proximite_100km,0,0,0,2026-03-27T20:47:37,https://www.gbif.org/occurrence/6441095820
5188,2010-09-04,2010,USA,Florida,"New Smyrna Beach, Volusia County",Surfing,Unprovoked,29.0258132,-80.9271271,Galeocerdo cuvier,6399953055,95.51,29433.0,proximite_regionale,0,1,0,2026-06-07T17:14:40,https://www.gbif.org/occurrence/6399953055
5188,2010-09-04,2010,USA,Florida,"New Smyrna Beach, Volusia County",Surfing,Unprovoked,29.0258132,-80.9271271,Rhincodon typus,6253026970,509.66,30069.0,pas_de_proximite_100km,0,0,0,2026-04-27T07:00,https://www.gbif.org/occurrence/6253026970
5200,2011-10-01,2011,USA,Alabama,"Gulf Shores, Baldwin County",Inconnue,Unprovoked,30.2711224,-87.6893826,Carcharhinus leucas,6441992985,33.59,29382.0,proximite_regionale,0,4,1,2026-07-01T19:21:05,https://www.gbif.org/occurrence/6441992985
5200,2011-10-01,2011,USA,Alabama,"Gulf Shores, Baldwin County",Inconnue,Unprovoked,30.2711224,-87.6893826,Carcharodon carcharias,6400039718,80.15,49.0,proximite_regionale,0,1,1,2026-02-25T14:55,https://www.gbif.org/occurrence/6400039718
5200,2011-10-01,2011,USA,Alabama,"Gulf Shores, Baldwin County",Inconnue,Unprovoked,30.2711224,-87.6893826,Galeocerdo cuvier,6399625675,110.2,29382.0,pas_de_proximite_100km,0,0,0,2026-05-18T11:02:32,https://www.gbif.org/occurrence/6399625675
5200,2011-10-01,2011,USA,Alabama,"Gulf Shores, Baldwin County",Inconnue,Unprovoked,30.2711224,-87.6893826,Rhincodon typus,6178385871,404.43,29751.0,pas_de_proximite_100km,0,0,0,2026-03-06T11:12:50,https://www.gbif.org/occurrence/6178385871
5223,2011-09-02,2011,USA,Florida,"New Smyrna Beach, Volusia County",Surfing,Unprovoked,29.0258132,-80.9271271,Carcharhinus leucas,6133570230,11.63,29533.0,proximite_forte,2,2,2,2026-01-28T17:22:37,https://www.gbif.org/occurrence/6133570230
5223,2011-09-02,2011,USA,Florida,"New Smyrna Beach, Volusia County",Surfing,Unprovoked,29.0258132,-80.9271271,Carcharodon carcharias,6441095820,430.55,257.0,pas_de_proximite_100km,0,0,0,2026-03-27T20:47:37,https://www.gbif.org/occurrence/6441095820
5223,2011-09-02,2011,USA,Florida,"New Smyrna Beach, Volusia County",Surfing,Unprovoked,29.0258132,-80.9271271,Galeocerdo cuvier,6399953055,95.51,29433.0,proximite_regionale,0,1,0,2026-06-07T17:14:40,https://www.gbif.org/occurrence/6399953055
5223,2011-09-02,2011,USA,Florida,"New Smyrna Beach, Volusia County",Surfing,Unprovoked,29.0258132,-80.9271271,Rhincodon typus,6253026970,509.66,30069.0,pas_de_proximite_100km,0,0,0,2026-04-27T07:00,https://www.gbif.org/occurrence/6253026970
5239,2011-04-26,2011,USA,Florida,"Riviera Beach, Palm Beach County",Spearfishing,Unprovoked,26.784343,-80.0650293,Carcharhinus leucas,6236219201,10.16,29822.0,proximite_forte,7,10,1,2026-03-16T11:54:07,https://www.gbif.org/occurrence/6236219201
5239,2011-04-26,2011,USA,Florida,"Riviera Beach, Palm Beach County",Spearfishing,Unprovoked,26.784343,-80.0650293,Carcharodon carcharias,6441095820,666.75,257.0,pas_de_proximite_100km,0,0,0,2026-03-27T20:47:37,https://www.gbif.org/occurrence/6441095820
5239,2011-04-26,2011,USA,Florida,"Riviera Beach, Palm Beach County",Spearfishing,Unprovoked,26.784343,-80.0650293,Galeocerdo cuvier,6235030691,19.08,29798.0,proximite_forte,1,2,0,2026-04-25T11:55,https://www.gbif.org/occurrence/6235030691
5239,2011-04-26,2011,USA,Florida,"Riviera Beach, Palm Beach County",Spearfishing,Unprovoked,26.784343,-80.0650293,Rhincodon typus,6253026970,325.53,30069.0,pas_de_proximite_100km,0,0,0,2026-04-27T07:00,https://www.gbif.org/occurrence/6253026970
5251,2011-06-06,2011,USA,Florida,"New Smyrna Beach, Volusia County",Wading,Unprovoked,29.0258132,-80.9271271,Carcharhinus leucas,6133570230,11.63,29533.0,proximite_forte,2,2,2,2026-01-28T17:22:37,https://www.gbif.org/occurrence/6133570230
5251,2011-06-06,2011,USA,Florida,"New Smyrna Beach, Volusia County",Wading,Unprovoked,29.0258132,-80.9271271,Carcharodon carcharias,6441095820,430.55,257.0,pas_de_proximite_100km,0,0,0,2026-03-27T20:47:37,https://www.gbif.org/occurrence/6441095820
5251,2011-06-06,2011,USA,Florida,"New Smyrna Beach, Volusia County",Wading,Unprovoked,29.0258132,-80.9271271,Galeocerdo cuvier,6399953055,95.51,29433.0,proximite_regionale,0,1,0,2026-06-07T17:14:40,https://www.gbif.org/occurrence/6399953055
5251,2011-06-06,2011,USA,Florida,"New Smyrna Beach, Volusia County",Wading,Unprovoked,29.0258132,-80.9271271,Rhincodon typus,6253026970,509.66,30069.0,pas_de_proximite_100km,0,0,0,2026-04-27T07:00,https://www.gbif.org/occurrence/6253026970
5255,2011-12-23,2011,USA,Florida,New Smyrna Beach,Surfing,Unprovoked,29.0258132,-80.9271271,Carcharhinus leucas,6133570230,11.63,29533.0,proximite_forte,2,2,2,2026-01-28T17:22:37,https://www.gbif.org/occurrence/6133570230
5255,2011-12-23,2011,USA,Florida,New Smyrna Beach,Surfing,Unprovoked,29.0258132,-80.9271271,Carcharodon carcharias,6441095820,430.55,257.0,pas_de_proximite_100km,0,0,0,2026-03-27T20:47:37,https://www.gbif.org/occurrence/6441095820
5255,2011-12-23,2011,USA,Florida,New Smyrna Beach,Surfing,Unprovoked,29.0258132,-80.9271271,Galeocerdo cuvier,6399953055,95.51,29433.0,proximite_regionale,0,1,0,2026-06-07T17:14:40,https://www.gbif.org/occurrence/6399953055
5255,2011-12-23,2011,USA,Florida,New Smyrna Beach,Surfing,Unprovoked,29.0258132,-80.9271271,Rhincodon typus,6253026970,509.66,30069.0,pas_de_proximite_100km,0,0,0,2026-04-27T07:00,https://www.gbif.org/occurrence/6253026970
5285,2011-08-15,2011,USA,South Carolina,"Myrtle Beach, Horry County",Playing in the surf,Invalid,33.6956461,-78.8900409,Carcharhinus leucas,6130999421,541.07,29533.0,pas_de_proximite_100km,0,0,0,2026-01-17T15:30:29,https://www.gbif.org/occurrence/6130999421
5285,2011-08-15,2011,USA,South Carolina,"Myrtle Beach, Horry County",Playing in the surf,Invalid,33.6956461,-78.8900409,Carcharodon carcharias,6479594785,36.6,53267.0,proximite_regionale,0,1,0,2026-07-14T07:15:20,https://www.gbif.org/occurrence/6479594785
5285,2011-08-15,2011,USA,South Carolina,"Myrtle Beach, Horry County",Playing in the surf,Invalid,33.6956461,-78.8900409,Galeocerdo cuvier,6399752821,35.29,28902.0,proximite_regionale,0,1,0,2026-06-04T11:19,https://www.gbif.org/occurrence/6399752821
5285,2011-08-15,2011,USA,South Carolina,"Myrtle Beach, Horry County",Playing in the surf,Invalid,33.6956461,-78.8900409,Rhincodon typus,6253026970,1062.68,30069.0,pas_de_proximite_100km,0,0,0,2026-04-27T07:00,https://www.gbif.org/occurrence/6253026970
5294,2011-09-16,2011,USA,Florida,New Smyrna Beach,Surfing,Unprovoked,29.0258132,-80.9271271,Carcharhinus leucas,6133570230,11.63,29533.0,proximite_forte,2,2,2,2026-01-28T17:22:37,https://www.gbif.org/occurrence/6133570230
5294,2011-09-16,2011,USA,Florida,New Smyrna Beach,Surfing,Unprovoked,29.0258132,-80.9271271,Carcharodon carcharias,6441095820,430.55,257.0,pas_de_proximite_100km,0,0,0,2026-03-27T20:47:37,https://www.gbif.org/occurrence/6441095820
5294,2011-09-16,2011,USA,Florida,New Smyrna Beach,Surfing,Unprovoked,29.0258132,-80.9271271,Galeocerdo cuvier,6399953055,95.51,29433.0,proximite_regionale,0,1,0,2026-06-07T17:14:40,https://www.gbif.org/occurrence/6399953055
5294,2011-09-16,2011,USA,Florida,New Smyrna Beach,Surfing,Unprovoked,29.0258132,-80.9271271,Rhincodon typus,6253026970,509.66,30069.0,pas_de_proximite_100km,0,0,0,2026-04-27T07:00,https://www.gbif.org/occurrence/6253026970
5295,2011-05-13,2011,USA,Florida,"Ormond Beach, Volusia County",Surfing,Unprovoked,29.2854132,-81.0557921,Carcharhinus leucas,6133570230,27.53,29533.0,proximite_regionale,0,2,2,2026-01-28T17:22:37,https://www.gbif.org/occurrence/6133570230
5295,2011-05-13,2011,USA,Florida,"Ormond Beach, Volusia County",Surfing,Unprovoked,29.2854132,-81.0557921,Carcharodon carcharias,6441095820,406.04,257.0,pas_de_proximite_100km,0,0,0,2026-03-27T20:47:37,https://www.gbif.org/occurrence/6441095820
5295,2011-05-13,2011,USA,Florida,"Ormond Beach, Volusia County",Surfing,Unprovoked,29.2854132,-81.0557921,Galeocerdo cuvier,6399953055,64.07,29433.0,proximite_regionale,0,1,0,2026-06-07T17:14:40,https://www.gbif.org/occurrence/6399953055
5295,2011-05-13,2011,USA,Florida,"Ormond Beach, Volusia County",Surfing,Unprovoked,29.2854132,-81.0557921,Rhincodon typus,6253026970,534.74,30069.0,pas_de_proximite_100km,0,0,0,2026-04-27T07:00,https://www.gbif.org/occurrence/6253026970
5304,2011-04-22,2011,USA,Florida,"New Smyrna Beach, Volusia County",Surfing,Unprovoked,29.0258132,-80.9271271,Carcharhinus leucas,6133570230,11.63,29533.0,proximite_forte,2,2,2,2026-01-28T17:22:37,https://www.gbif.org/occurrence/6133570230
5304,2011-04-22,2011,USA,Florida,"New Smyrna Beach, Volusia County",Surfing,Unprovoked,29.0258132,-80.9271271,Carcharodon carcharias,6441095820,430.55,257.0,pas_de_proximite_100km,0,0,0,2026-03-27T20:47:37,https://www.gbif.org/occurrence/6441095820
5304,2011-04-22,2011,USA,Florida,"New Smyrna Beach, Volusia County",Surfing,Unprovoked,29.0258132,-80.9271271,Galeocerdo cuvier,6399953055,95.51,29433.0,proximite_regionale,0,1,0,2026-06-07T17:14:40,https://www.gbif.org/occurrence/6399953055
5304,2011-04-22,2011,USA,Florida,"New Smyrna Beach, Volusia County",Surfing,Unprovoked,29.0258132,-80.9271271,Rhincodon typus,6253026970,509.66,30069.0,pas_de_proximite_100km,0,0,0,2026-04-27T07:00,https://www.gbif.org/occurrence/6253026970
5307,2011-10-22,2011,AUSTRALIA,Western Australia,Rottnest Island,Diving,Unprovoked,-32.0070095,115.5205271,Carcharhinus leucas,6185213952,136.98,6264.0,pas_de_proximite_100km,0,0,0,2026-03-07T16:35,https://www.gbif.org/occurrence/6185213952
5307,2011-10-22,2011,AUSTRALIA,Western Australia,Rottnest Island,Diving,Unprovoked,-32.0070095,115.5205271,Carcharodon carcharias,6431130723,1926.92,4634.0,pas_de_proximite_100km,0,0,0,2026-04-22T09:31,https://www.gbif.org/occurrence/6431130723
5307,2011-10-22,2011,AUSTRALIA,Western Australia,Rottnest Island,Diving,Unprovoked,-32.0070095,115.5205271,Galeocerdo cuvier,6520390560,1000.17,8.0,pas_de_proximite_100km,0,0,0,2026-08-31T14:06,https://www.gbif.org/occurrence/6520390560
5307,2011-10-22,2011,AUSTRALIA,Western Australia,Rottnest Island,Diving,Unprovoked,-32.0070095,115.5205271,Rhincodon typus,6235956991,1080.07,30278.0,pas_de_proximite_100km,0,0,0,2026-04-22T13:33:02,https://www.gbif.org/occurrence/6235956991
5308,2011-12-31,2011,USA,Florida,"Jupiter, Palm Beach County",Inconnue,Unprovoked,26.9342246,-80.0942087,Carcharhinus leucas,6422739318,3.09,29798.0,proximite_forte,5,12,3,2026-06-23T08:59:58,https://www.gbif.org/occurrence/6422739318
5308,2011-12-31,2011,USA,Florida,"Jupiter, Palm Beach County",Inconnue,Unprovoked,26.9342246,-80.0942087,Carcharodon carcharias,6441095820,650.21,257.0,pas_de_proximite_100km,0,0,0,2026-03-27T20:47:37,https://www.gbif.org/occurrence/6441095820
5308,2011-12-31,2011,USA,Florida,"Jupiter, Palm Beach County",Inconnue,Unprovoked,26.9342246,-80.0942087,Galeocerdo cuvier,6235030691,3.71,29798.0,proximite_forte,1,2,0,2026-04-25T11:55,https://www.gbif.org/occurrence/6235030691
5308,2011-12-31,2011,USA,Florida,"Jupiter, Palm Beach County",Inconnue,Unprovoked,26.9342246,-80.0942087,Rhincodon typus,6253026970,336.27,30069.0,pas_de_proximite_100km,0,0,0,2026-04-27T07:00,https://www.gbif.org/occurrence/6253026970
5319,2013-04-01,2012,USA,Florida,"Sanibel Island, Lee County",Inconnue,Unprovoked,26.440359,-82.1137049,Carcharhinus leucas,6470516778,22.5,29845.0,proximite_forte,1,6,1,2026-07-06T17:33:06,https://www.gbif.org/occurrence/6470516778
5319,2013-04-01,2012,USA,Florida,"Sanibel Island, Lee County",Inconnue,Unprovoked,26.440359,-82.1137049,Carcharodon carcharias,6400039718,638.25,49.0,pas_de_proximite_100km,0,0,0,2026-02-25T14:55,https://www.gbif.org/occurrence/6400039718
5319,2013-04-01,2012,USA,Florida,"Sanibel Island, Lee County",Inconnue,Unprovoked,26.440359,-82.1137049,Galeocerdo cuvier,5133758058,200.51,30025.0,pas_de_proximite_100km,0,0,0,2025-03-01T13:40,https://www.gbif.org/occurrence/5133758058
5319,2013-04-01,2012,USA,Florida,"Sanibel Island, Lee County",Inconnue,Unprovoked,26.440359,-82.1137049,Rhincodon typus,6253026970,206.17,30069.0,pas_de_proximite_100km,0,0,0,2026-04-27T07:00,https://www.gbif.org/occurrence/6253026970
5320,2012-03-24,2012,USA,Florida,"New Smyrna Beach, Volusia County",Surfing,Unprovoked,29.0258132,-80.9271271,Carcharhinus leucas,6133570230,11.63,29533.0,proximite_forte,2,2,2,2026-01-28T17:22:37,https://www.gbif.org/occurrence/6133570230
5320,2012-03-24,2012,USA,Florida,"New Smyrna Beach, Volusia County",Surfing,Unprovoked,29.0258132,-80.9271271,Carcharodon carcharias,6441095820,430.55,257.0,pas_de_proximite_100km,0,0,0,2026-03-27T20:47:37,https://www.gbif.org/occurrence/6441095820
5320,2012-03-24,2012,USA,Florida,"New Smyrna Beach, Volusia County",Surfing,Unprovoked,29.0258132,-80.9271271,Galeocerdo cuvier,6399953055,95.51,29433.0,proximite_regionale,0,1,0,2026-06-07T17:14:40,https://www.gbif.org/occurrence/6399953055
5320,2012-03-24,2012,USA,Florida,"New Smyrna Beach, Volusia County",Surfing,Unprovoked,29.0258132,-80.9271271,Rhincodon typus,6253026970,509.66,30069.0,pas_de_proximite_100km,0,0,0,2026-04-27T07:00,https://www.gbif.org/occurrence/6253026970
5324,2012-06-26,2012,USA,Florida,"Juno Beach, Palm Beach County",Swimming,Unprovoked,26.8815475,-80.0539253,Carcharhinus leucas,6236036723,0.69,29798.0,proximite_forte,5,11,2,2026-03-27T15:00,https://www.gbif.org/occurrence/6236036723
5324,2012-06-26,2012,USA,Florida,"Juno Beach, Palm Beach County",Swimming,Unprovoked,26.8815475,-80.0539253,Carcharodon carcharias,6441095820,655.91,257.0,pas_de_proximite_100km,0,0,0,2026-03-27T20:47:37,https://www.gbif.org/occurrence/6441095820
5324,2012-06-26,2012,USA,Florida,"Juno Beach, Palm Beach County",Swimming,Unprovoked,26.8815475,-80.0539253,Galeocerdo cuvier,6235030691,10.35,29798.0,proximite_forte,1,2,0,2026-04-25T11:55,https://www.gbif.org/occurrence/6235030691
5324,2012-06-26,2012,USA,Florida,"Juno Beach, Palm Beach County",Swimming,Unprovoked,26.8815475,-80.0539253,Rhincodon typus,6253026970,334.38,30069.0,pas_de_proximite_100km,0,0,0,2026-04-27T07:00,https://www.gbif.org/occurrence/6253026970
5325,2012-03-04,2012,USA,Florida,"Playalinda Beach, Brevard County",Kite Surfing,Unprovoked,28.6773237,-80.6472179,Carcharhinus leucas,6130999421,52.09,29533.0,proximite_regionale,0,3,3,2026-01-17T15:30:29,https://www.gbif.org/occurrence/6130999421
5325,2012-03-04,2012,USA,Florida,"Playalinda Beach, Brevard County",Kite Surfing,Unprovoked,28.6773237,-80.6472179,Carcharodon carcharias,6441095820,462.84,257.0,pas_de_proximite_100km,0,0,0,2026-03-27T20:47:37,https://www.gbif.org/occurrence/6441095820
5325,2012-03-04,2012,USA,Florida,"Playalinda Beach, Brevard County",Kite Surfing,Unprovoked,28.6773237,-80.6472179,Galeocerdo cuvier,6399953055,142.04,29433.0,pas_de_proximite_100km,0,0,0,2026-06-07T17:14:40,https://www.gbif.org/occurrence/6399953055
5325,2012-03-04,2012,USA,Florida,"Playalinda Beach, Brevard County",Kite Surfing,Unprovoked,28.6773237,-80.6472179,Rhincodon typus,6253026970,480.57,30069.0,pas_de_proximite_100km,0,0,0,2026-04-27T07:00,https://www.gbif.org/occurrence/6253026970
5334,2012-09-09,2012,USA,Florida,"New Smyrna Beach, Volusia County",Surfing,Unprovoked,29.0258132,-80.9271271,Carcharhinus leucas,6133570230,11.63,29533.0,proximite_forte,2,2,2,2026-01-28T17:22:37,https://www.gbif.org/occurrence/6133570230
5334,2012-09-09,2012,USA,Florida,"New Smyrna Beach, Volusia County",Surfing,Unprovoked,29.0258132,-80.9271271,Carcharodon carcharias,6441095820,430.55,257.0,pas_de_proximite_100km,0,0,0,2026-03-27T20:47:37,https://www.gbif.org/occurrence/6441095820
5334,2012-09-09,2012,USA,Florida,"New Smyrna Beach, Volusia County",Surfing,Unprovoked,29.0258132,-80.9271271,Galeocerdo cuvier,6399953055,95.51,29433.0,proximite_regionale,0,1,0,2026-06-07T17:14:40,https://www.gbif.org/occurrence/6399953055
5334,2012-09-09,2012,USA,Florida,"New Smyrna Beach, Volusia County",Surfing,Unprovoked,29.0258132,-80.9271271,Rhincodon typus,6253026970,509.66,30069.0,pas_de_proximite_100km,0,0,0,2026-04-27T07:00,https://www.gbif.org/occurrence/6253026970
5341,2012-09-02,2012,USA,Florida,"New Smyrna Beach, Volusia County",Swimming or boogie boarding,Unprovoked,29.0258132,-80.9271271,Carcharhinus leucas,6133570230,11.63,29533.0,proximite_forte,2,2,2,2026-01-28T17:22:37,https://www.gbif.org/occurrence/6133570230
5341,2012-09-02,2012,USA,Florida,"New Smyrna Beach, Volusia County",Swimming or boogie boarding,Unprovoked,29.0258132,-80.9271271,Carcharodon carcharias,6441095820,430.55,257.0,pas_de_proximite_100km,0,0,0,2026-03-27T20:47:37,https://www.gbif.org/occurrence/6441095820
5341,2012-09-02,2012,USA,Florida,"New Smyrna Beach, Volusia County",Swimming or boogie boarding,Unprovoked,29.0258132,-80.9271271,Galeocerdo cuvier,6399953055,95.51,29433.0,proximite_regionale,0,1,0,2026-06-07T17:14:40,https://www.gbif.org/occurrence/6399953055
5341,2012-09-02,2012,USA,Florida,"New Smyrna Beach, Volusia County",Swimming or boogie boarding,Unprovoked,29.0258132,-80.9271271,Rhincodon typus,6253026970,509.66,30069.0,pas_de_proximite_100km,0,0,0,2026-04-27T07:00,https://www.gbif.org/occurrence/6253026970
5345,2012-06-02,2012,USA,South Carolina,"Myrtle Beach, Horry County",Boogie Boarding,Unprovoked,33.6956461,-78.8900409,Carcharhinus leucas,6130999421,541.07,29533.0,pas_de_proximite_100km,0,0,0,2026-01-17T15:30:29,https://www.gbif.org/occurrence/6130999421
5345,2012-06-02,2012,USA,South Carolina,"Myrtle Beach, Horry County",Boogie Boarding,Unprovoked,33.6956461,-78.8900409,Carcharodon carcharias,6479594785,36.6,53267.0,proximite_regionale,0,1,0,2026-07-14T07:15:20,https://www.gbif.org/occurrence/6479594785
5345,2012-06-02,2012,USA,South Carolina,"Myrtle Beach, Horry County",Boogie Boarding,Unprovoked,33.6956461,-78.8900409,Galeocerdo cuvier,6399752821,35.29,28902.0,proximite_regionale,0,1,0,2026-06-04T11:19,https://www.gbif.org/occurrence/6399752821
5345,2012-06-02,2012,USA,South Carolina,"Myrtle Beach, Horry County",Boogie Boarding,Unprovoked,33.6956461,-78.8900409,Rhincodon typus,6253026970,1062.68,30069.0,pas_de_proximite_100km,0,0,0,2026-04-27T07:00,https://www.gbif.org/occurrence/6253026970
5348,2012-10-18,2012,USA,Florida,"Ponce Inlet, Volusia County",Surfing,Unprovoked,29.0963729,-80.9369983,Carcharhinus leucas,6133570230,8.03,29533.0,proximite_forte,2,2,2,2026-01-28T17:22:37,https://www.gbif.org/occurrence/6133570230
5348,2012-10-18,2012,USA,Florida,"Ponce Inlet, Volusia County",Surfing,Unprovoked,29.0963729,-80.9369983,Carcharodon carcharias,6441095820,423.19,257.0,pas_de_proximite_100km,0,0,0,2026-03-27T20:47:37,https://www.gbif.org/occurrence/6441095820
5348,2012-10-18,2012,USA,Florida,"Ponce Inlet, Volusia County",Surfing,Unprovoked,29.0963729,-80.9369983,Galeocerdo cuvier,6399953055,87.9,29433.0,proximite_regionale,0,1,0,2026-06-07T17:14:40,https://www.gbif.org/occurrence/6399953055
5348,2012-10-18,2012,USA,Florida,"Ponce Inlet, Volusia County",Surfing,Unprovoked,29.0963729,-80.9369983,Rhincodon typus,6253026970,517.01,30069.0,pas_de_proximite_100km,0,0,0,2026-04-27T07:00,https://www.gbif.org/occurrence/6253026970
5351,2012-09-04,2012,USA,Florida,"Melbourne Beach, Brevard County",Surfing,Unprovoked,28.0684067,-80.5607951,Carcharhinus leucas,6234759244,16.58,29680.0,proximite_forte,1,3,3,2026-04-17T20:49,https://www.gbif.org/occurrence/6234759244
5351,2012-09-04,2012,USA,Florida,"Melbourne Beach, Brevard County",Surfing,Unprovoked,28.0684067,-80.5607951,Carcharodon carcharias,6441095820,528.49,257.0,pas_de_proximite_100km,0,0,0,2026-03-27T20:47:37,https://www.gbif.org/occurrence/6441095820
5351,2012-09-04,2012,USA,Florida,"Melbourne Beach, Brevard County",Surfing,Unprovoked,28.0684067,-80.5607951,Galeocerdo cuvier,6235030691,131.86,29798.0,pas_de_proximite_100km,0,0,0,2026-04-25T11:55,https://www.gbif.org/occurrence/6235030691
5351,2012-09-04,2012,USA,Florida,"Melbourne Beach, Brevard County",Surfing,Unprovoked,28.0684067,-80.5607951,Rhincodon typus,6253026970,420.55,30069.0,pas_de_proximite_100km,0,0,0,2026-04-27T07:00,https://www.gbif.org/occurrence/6253026970
5352,2012-06-02,2012,USA,Florida,"Bethune Beach, Volusia County",Surfing,Unprovoked,28.9491539,-80.83783,Carcharhinus leucas,6133570230,17.95,29533.0,proximite_forte,2,2,2,2026-01-28T17:22:37,https://www.gbif.org/occurrence/6133570230
5352,2012-06-02,2012,USA,Florida,"Bethune Beach, Volusia County",Surfing,Unprovoked,28.9491539,-80.83783,Carcharodon carcharias,6441095820,436.82,257.0,pas_de_proximite_100km,0,0,0,2026-03-27T20:47:37,https://www.gbif.org/occurrence/6441095820
5352,2012-06-02,2012,USA,Florida,"Bethune Beach, Volusia County",Surfing,Unprovoked,28.9491539,-80.83783,Galeocerdo cuvier,6399953055,106.77,29433.0,pas_de_proximite_100km,0,0,0,2026-06-07T17:14:40,https://www.gbif.org/occurrence/6399953055
5352,2012-06-02,2012,USA,Florida,"Bethune Beach, Volusia County",Surfing,Unprovoked,28.9491539,-80.83783,Rhincodon typus,6253026970,503.75,30069.0,pas_de_proximite_100km,0,0,0,2026-04-27T07:00,https://www.gbif.org/occurrence/6253026970
5354,2012-06-14,2012,USA,South Carolina,"Myrtle Beach, Horry County",Swimming,Unprovoked,33.6956461,-78.8900409,Carcharhinus leucas,6130999421,541.07,29533.0,pas_de_proximite_100km,0,0,0,2026-01-17T15:30:29,https://www.gbif.org/occurrence/6130999421
5354,2012-06-14,2012,USA,South Carolina,"Myrtle Beach, Horry County",Swimming,Unprovoked,33.6956461,-78.8900409,Carcharodon carcharias,6479594785,36.6,53267.0,proximite_regionale,0,1,0,2026-07-14T07:15:20,https://www.gbif.org/occurrence/6479594785
5354,2012-06-14,2012,USA,South Carolina,"Myrtle Beach, Horry County",Swimming,Unprovoked,33.6956461,-78.8900409,Galeocerdo cuvier,6399752821,35.29,28902.0,proximite_regionale,0,1,0,2026-06-04T11:19,https://www.gbif.org/occurrence/6399752821
5354,2012-06-14,2012,USA,South Carolina,"Myrtle Beach, Horry County",Swimming,Unprovoked,33.6956461,-78.8900409,Rhincodon typus,6253026970,1062.68,30069.0,pas_de_proximite_100km,0,0,0,2026-04-27T07:00,https://www.gbif.org/occurrence/6253026970
5357,2012-03-15,2012,USA,Florida,"Jensen Beach, Martin County",Surfing,Unprovoked,27.2379528,-80.2389899,Carcharhinus leucas,6235914464,33.11,29798.0,proximite_regionale,0,13,4,2026-03-27T15:00,https://www.gbif.org/occurrence/6235914464
5357,2012-03-15,2012,USA,Florida,"Jensen Beach, Martin County",Surfing,Unprovoked,27.2379528,-80.2389899,Carcharodon carcharias,6441095820,617.26,257.0,pas_de_proximite_100km,0,0,0,2026-03-27T20:47:37,https://www.gbif.org/occurrence/6441095820
5357,2012-03-15,2012,USA,Florida,"Jensen Beach, Martin County",Surfing,Unprovoked,27.2379528,-80.2389899,Galeocerdo cuvier,6235030691,34.23,29798.0,proximite_regionale,0,1,0,2026-04-25T11:55,https://www.gbif.org/occurrence/6235030691
5357,2012-03-15,2012,USA,Florida,"Jensen Beach, Martin County",Surfing,Unprovoked,27.2379528,-80.2389899,Rhincodon typus,6253026970,354.67,30069.0,pas_de_proximite_100km,0,0,0,2026-04-27T07:00,https://www.gbif.org/occurrence/6253026970
5358,2012-06-14,2012,USA,South Carolina,"Myrtle Beach, Horry County",Swimming,Unprovoked,33.6956461,-78.8900409,Carcharhinus leucas,6130999421,541.07,29533.0,pas_de_proximite_100km,0,0,0,2026-01-17T15:30:29,https://www.gbif.org/occurrence/6130999421
5358,2012-06-14,2012,USA,South Carolina,"Myrtle Beach, Horry County",Swimming,Unprovoked,33.6956461,-78.8900409,Carcharodon carcharias,6479594785,36.6,53267.0,proximite_regionale,0,1,0,2026-07-14T07:15:20,https://www.gbif.org/occurrence/6479594785
5358,2012-06-14,2012,USA,South Carolina,"Myrtle Beach, Horry County",Swimming,Unprovoked,33.6956461,-78.8900409,Galeocerdo cuvier,6399752821,35.29,28902.0,proximite_regionale,0,1,0,2026-06-04T11:19,https://www.gbif.org/occurrence/6399752821
5358,2012-06-14,2012,USA,South Carolina,"Myrtle Beach, Horry County",Swimming,Unprovoked,33.6956461,-78.8900409,Rhincodon typus,6253026970,1062.68,30069.0,pas_de_proximite_100km,0,0,0,2026-04-27T07:00,https://www.gbif.org/occurrence/6253026970
5359,2012-09-16,2012,USA,Florida,"Cocoa Beach, Brevard  County",Surfing,Unprovoked,28.3184107,-80.6094959,Carcharhinus leucas,6234759244,43.15,29680.0,proximite_regionale,0,5,5,2026-04-17T20:49,https://www.gbif.org/occurrence/6234759244
5359,2012-09-16,2012,USA,Florida,"Cocoa Beach, Brevard  County",Surfing,Unprovoked,28.3184107,-80.6094959,Carcharodon carcharias,6441095820,501.64,257.0,pas_de_proximite_100km,0,0,0,2026-03-27T20:47:37,https://www.gbif.org/occurrence/6441095820
5359,2012-09-16,2012,USA,Florida,"Cocoa Beach, Brevard  County",Surfing,Unprovoked,28.3184107,-80.6094959,Galeocerdo cuvier,6235030691,159.76,29798.0,pas_de_proximite_100km,0,0,0,2026-04-25T11:55,https://www.gbif.org/occurrence/6235030691
5359,2012-09-16,2012,USA,Florida,"Cocoa Beach, Brevard  County",Surfing,Unprovoked,28.3184107,-80.6094959,Rhincodon typus,6253026970,444.43,30069.0,pas_de_proximite_100km,0,0,0,2026-04-27T07:00,https://www.gbif.org/occurrence/6253026970
5361,2012-12-31,2012,USA,Florida,"Jensen Beach, Martin County",Swimming,Unprovoked,27.2379528,-80.2389899,Carcharhinus leucas,6235914464,33.11,29798.0,proximite_regionale,0,13,4,2026-03-27T15:00,https://www.gbif.org/occurrence/6235914464
5361,2012-12-31,2012,USA,Florida,"Jensen Beach, Martin County",Swimming,Unprovoked,27.2379528,-80.2389899,Carcharodon carcharias,6441095820,617.26,257.0,pas_de_proximite_100km,0,0,0,2026-03-27T20:47:37,https://www.gbif.org/occurrence/6441095820
5361,2012-12-31,2012,USA,Florida,"Jensen Beach, Martin County",Swimming,Unprovoked,27.2379528,-80.2389899,Galeocerdo cuvier,6235030691,34.23,29798.0,proximite_regionale,0,1,0,2026-04-25T11:55,https://www.gbif.org/occurrence/6235030691
5361,2012-12-31,2012,USA,Florida,"Jensen Beach, Martin County",Swimming,Unprovoked,27.2379528,-80.2389899,Rhincodon typus,6253026970,354.67,30069.0,pas_de_proximite_100km,0,0,0,2026-04-27T07:00,https://www.gbif.org/occurrence/6253026970
5364,2012-05-09,2012,USA,Florida,"Vero Beach, Indian River County",Swimming,Unprovoked,27.6387163,-80.3975399,Carcharhinus leucas,6499859773,13.03,29704.0,proximite_forte,2,8,4,2026-07-14T11:25:55,https://www.gbif.org/occurrence/6499859773
5364,2012-05-09,2012,USA,Florida,"Vero Beach, Indian River County",Swimming,Unprovoked,27.6387163,-80.3975399,Carcharodon carcharias,6441095820,574.11,257.0,pas_de_proximite_100km,0,0,0,2026-03-27T20:47:37,https://www.gbif.org/occurrence/6441095820
5364,2012-05-09,2012,USA,Florida,"Vero Beach, Indian River County",Swimming,Unprovoked,27.6387163,-80.3975399,Galeocerdo cuvier,6235030691,81.45,29798.0,proximite_regionale,0,1,0,2026-04-25T11:55,https://www.gbif.org/occurrence/6235030691
5364,2012-05-09,2012,USA,Florida,"Vero Beach, Indian River County",Swimming,Unprovoked,27.6387163,-80.3975399,Rhincodon typus,6253026970,384.59,30069.0,pas_de_proximite_100km,0,0,0,2026-04-27T07:00,https://www.gbif.org/occurrence/6253026970
5382,2012-03-14,2012,USA,Florida,"New Smyrna Beach, Volusia County",Surfing,Unprovoked,29.0258132,-80.9271271,Carcharhinus leucas,6133570230,11.63,29533.0,proximite_forte,2,2,2,2026-01-28T17:22:37,https://www.gbif.org/occurrence/6133570230
5382,2012-03-14,2012,USA,Florida,"New Smyrna Beach, Volusia County",Surfing,Unprovoked,29.0258132,-80.9271271,Carcharodon carcharias,6441095820,430.55,257.0,pas_de_proximite_100km,0,0,0,2026-03-27T20:47:37,https://www.gbif.org/occurrence/6441095820
5382,2012-03-14,2012,USA,Florida,"New Smyrna Beach, Volusia County",Surfing,Unprovoked,29.0258132,-80.9271271,Galeocerdo cuvier,6399953055,95.51,29433.0,proximite_regionale,0,1,0,2026-06-07T17:14:40,https://www.gbif.org/occurrence/6399953055
5382,2012-03-14,2012,USA,Florida,"New Smyrna Beach, Volusia County",Surfing,Unprovoked,29.0258132,-80.9271271,Rhincodon typus,6253026970,509.66,30069.0,pas_de_proximite_100km,0,0,0,2026-04-27T07:00,https://www.gbif.org/occurrence/6253026970
5387,2012-03-14,2012,USA,Florida,"New Smyrna Beach, Volusia County",Surfing,Unprovoked,29.0258132,-80.9271271,Carcharhinus leucas,6133570230,11.63,29533.0,proximite_forte,2,2,2,2026-01-28T17:22:37,https://www.gbif.org/occurrence/6133570230
5387,2012-03-14,2012,USA,Florida,"New Smyrna Beach, Volusia County",Surfing,Unprovoked,29.0258132,-80.9271271,Carcharodon carcharias,6441095820,430.55,257.0,pas_de_proximite_100km,0,0,0,2026-03-27T20:47:37,https://www.gbif.org/occurrence/6441095820
5387,2012-03-14,2012,USA,Florida,"New Smyrna Beach, Volusia County",Surfing,Unprovoked,29.0258132,-80.9271271,Galeocerdo cuvier,6399953055,95.51,29433.0,proximite_regionale,0,1,0,2026-06-07T17:14:40,https://www.gbif.org/occurrence/6399953055
5387,2012-03-14,2012,USA,Florida,"New Smyrna Beach, Volusia County",Surfing,Unprovoked,29.0258132,-80.9271271,Rhincodon typus,6253026970,509.66,30069.0,pas_de_proximite_100km,0,0,0,2026-04-27T07:00,https://www.gbif.org/occurrence/6253026970
5400,2012-09-02,2012,USA,Florida,"New Smyrna Beach, Volusia County",Boogie boarding,Unprovoked,29.0258132,-80.9271271,Carcharhinus leucas,6133570230,11.63,29533.0,proximite_forte,2,2,2,2026-01-28T17:22:37,https://www.gbif.org/occurrence/6133570230
5400,2012-09-02,2012,USA,Florida,"New Smyrna Beach, Volusia County",Boogie boarding,Unprovoked,29.0258132,-80.9271271,Carcharodon carcharias,6441095820,430.55,257.0,pas_de_proximite_100km,0,0,0,2026-03-27T20:47:37,https://www.gbif.org/occurrence/6441095820
5400,2012-09-02,2012,USA,Florida,"New Smyrna Beach, Volusia County",Boogie boarding,Unprovoked,29.0258132,-80.9271271,Galeocerdo cuvier,6399953055,95.51,29433.0,proximite_regionale,0,1,0,2026-06-07T17:14:40,https://www.gbif.org/occurrence/6399953055
5400,2012-09-02,2012,USA,Florida,"New Smyrna Beach, Volusia County",Boogie boarding,Unprovoked,29.0258132,-80.9271271,Rhincodon typus,6253026970,509.66,30069.0,pas_de_proximite_100km,0,0,0,2026-04-27T07:00,https://www.gbif.org/occurrence/6253026970
5401,2012-11-19,2012,USA,Florida,"Melbourne Beach, Brevard County",Surfing,Unprovoked,28.0684067,-80.5607951,Carcharhinus leucas,6234759244,16.58,29680.0,proximite_forte,1,3,3,2026-04-17T20:49,https://www.gbif.org/occurrence/6234759244
5401,2012-11-19,2012,USA,Florida,"Melbourne Beach, Brevard County",Surfing,Unprovoked,28.0684067,-80.5607951,Carcharodon carcharias,6441095820,528.49,257.0,pas_de_proximite_100km,0,0,0,2026-03-27T20:47:37,https://www.gbif.org/occurrence/6441095820
5401,2012-11-19,2012,USA,Florida,"Melbourne Beach, Brevard County",Surfing,Unprovoked,28.0684067,-80.5607951,Galeocerdo cuvier,6235030691,131.86,29798.0,pas_de_proximite_100km,0,0,0,2026-04-25T11:55,https://www.gbif.org/occurrence/6235030691
5401,2012-11-19,2012,USA,Florida,"Melbourne Beach, Brevard County",Surfing,Unprovoked,28.0684067,-80.5607951,Rhincodon typus,6253026970,420.55,30069.0,pas_de_proximite_100km,0,0,0,2026-04-27T07:00,https://www.gbif.org/occurrence/6253026970
5408,2012-06-19,2012,USA,South Carolina,"Myrtle Beach, Horry County",Standing,Invalid,33.6956461,-78.8900409,Carcharhinus leucas,6130999421,541.07,29533.0,pas_de_proximite_100km,0,0,0,2026-01-17T15:30:29,https://www.gbif.org/occurrence/6130999421
5408,2012-06-19,2012,USA,South Carolina,"Myrtle Beach, Horry County",Standing,Invalid,33.6956461,-78.8900409,Carcharodon carcharias,6479594785,36.6,53267.0,proximite_regionale,0,1,0,2026-07-14T07:15:20,https://www.gbif.org/occurrence/6479594785
5408,2012-06-19,2012,USA,South Carolina,"Myrtle Beach, Horry County",Standing,Invalid,33.6956461,-78.8900409,Galeocerdo cuvier,6399752821,35.29,28902.0,proximite_regionale,0,1,0,2026-06-04T11:19,https://www.gbif.org/occurrence/6399752821
5408,2012-06-19,2012,USA,South Carolina,"Myrtle Beach, Horry County",Standing,Invalid,33.6956461,-78.8900409,Rhincodon typus,6253026970,1062.68,30069.0,pas_de_proximite_100km,0,0,0,2026-04-27T07:00,https://www.gbif.org/occurrence/6253026970
5409,2012-06-14,2012,USA,South Carolina,"Myrtle Beach, Horry County",Swimming,Unprovoked,33.6956461,-78.8900409,Carcharhinus leucas,6130999421,541.07,29533.0,pas_de_proximite_100km,0,0,0,2026-01-17T15:30:29,https://www.gbif.org/occurrence/6130999421
5409,2012-06-14,2012,USA,South Carolina,"Myrtle Beach, Horry County",Swimming,Unprovoked,33.6956461,-78.8900409,Carcharodon carcharias,6479594785,36.6,53267.0,proximite_regionale,0,1,0,2026-07-14T07:15:20,https://www.gbif.org/occurrence/6479594785
5409,2012-06-14,2012,USA,South Carolina,"Myrtle Beach, Horry County",Swimming,Unprovoked,33.6956461,-78.8900409,Galeocerdo cuvier,6399752821,35.29,28902.0,proximite_regionale,0,1,0,2026-06-04T11:19,https://www.gbif.org/occurrence/6399752821
5409,2012-06-14,2012,USA,South Carolina,"Myrtle Beach, Horry County",Swimming,Unprovoked,33.6956461,-78.8900409,Rhincodon typus,6253026970,1062.68,30069.0,pas_de_proximite_100km,0,0,0,2026-04-27T07:00,https://www.gbif.org/occurrence/6253026970
5413,2012-05-23,2012,USA,Florida,"Jacksonville, Duval County",Surfing,Unprovoked,30.3262247,-81.6579179,Carcharhinus leucas,6133570230,155.87,29533.0,pas_de_proximite_100km,0,0,0,2026-01-28T17:22:37,https://www.gbif.org/occurrence/6133570230
5413,2012-05-23,2012,USA,Florida,"Jacksonville, Duval County",Surfing,Unprovoked,30.3262247,-81.6579179,Carcharodon carcharias,6441095820,324.09,257.0,pas_de_proximite_100km,0,0,0,2026-03-27T20:47:37,https://www.gbif.org/occurrence/6441095820
5413,2012-05-23,2012,USA,Florida,"Jacksonville, Duval County",Surfing,Unprovoked,30.3262247,-81.6579179,Galeocerdo cuvier,6399953055,65.96,29433.0,proximite_regionale,0,1,0,2026-06-07T17:14:40,https://www.gbif.org/occurrence/6399953055
5413,2012-05-23,2012,USA,Florida,"Jacksonville, Duval County",Surfing,Unprovoked,30.3262247,-81.6579179,Rhincodon typus,6253026970,640.37,30069.0,pas_de_proximite_100km,0,0,0,2026-04-27T07:00,https://www.gbif.org/occurrence/6253026970
5415,2012-08-15,2012,USA,Alabama,"Gulf Shores, Baldwin County",Wading or swimming,Unprovoked,30.2711224,-87.6893826,Carcharhinus leucas,6441992985,33.59,29382.0,proximite_regionale,0,4,1,2026-07-01T19:21:05,https://www.gbif.org/occurrence/6441992985
5415,2012-08-15,2012,USA,Alabama,"Gulf Shores, Baldwin County",Wading or swimming,Unprovoked,30.2711224,-87.6893826,Carcharodon carcharias,6400039718,80.15,49.0,proximite_regionale,0,1,1,2026-02-25T14:55,https://www.gbif.org/occurrence/6400039718
5415,2012-08-15,2012,USA,Alabama,"Gulf Shores, Baldwin County",Wading or swimming,Unprovoked,30.2711224,-87.6893826,Galeocerdo cuvier,6399625675,110.2,29382.0,pas_de_proximite_100km,0,0,0,2026-05-18T11:02:32,https://www.gbif.org/occurrence/6399625675
5415,2012-08-15,2012,USA,Alabama,"Gulf Shores, Baldwin County",Wading or swimming,Unprovoked,30.2711224,-87.6893826,Rhincodon typus,6178385871,404.43,29751.0,pas_de_proximite_100km,0,0,0,2026-03-06T11:12:50,https://www.gbif.org/occurrence/6178385871
5423,2012-06-26,2012,USA,Florida,"New Smyrna Beach, Volusia County",Surfing,Unprovoked,29.0258132,-80.9271271,Carcharhinus leucas,6133570230,11.63,29533.0,proximite_forte,2,2,2,2026-01-28T17:22:37,https://www.gbif.org/occurrence/6133570230
5423,2012-06-26,2012,USA,Florida,"New Smyrna Beach, Volusia County",Surfing,Unprovoked,29.0258132,-80.9271271,Carcharodon carcharias,6441095820,430.55,257.0,pas_de_proximite_100km,0,0,0,2026-03-27T20:47:37,https://www.gbif.org/occurrence/6441095820
5423,2012-06-26,2012,USA,Florida,"New Smyrna Beach, Volusia County",Surfing,Unprovoked,29.0258132,-80.9271271,Galeocerdo cuvier,6399953055,95.51,29433.0,proximite_regionale,0,1,0,2026-06-07T17:14:40,https://www.gbif.org/occurrence/6399953055
5423,2012-06-26,2012,USA,Florida,"New Smyrna Beach, Volusia County",Surfing,Unprovoked,29.0258132,-80.9271271,Rhincodon typus,6253026970,509.66,30069.0,pas_de_proximite_100km,0,0,0,2026-04-27T07:00,https://www.gbif.org/occurrence/6253026970
5424,2012-07-24,2012,USA,North Carolina,"Ocean Isle, Brunswick County",Inconnue,Invalid,33.8943393,-78.426672,Carcharhinus leucas,6130999421,577.67,29533.0,pas_de_proximite_100km,0,0,0,2026-01-17T15:30:29,https://www.gbif.org/occurrence/6130999421
5424,2012-07-24,2012,USA,North Carolina,"Ocean Isle, Brunswick County",Inconnue,Invalid,33.8943393,-78.426672,Carcharodon carcharias,6479594785,83.31,53267.0,proximite_regionale,0,1,0,2026-07-14T07:15:20,https://www.gbif.org/occurrence/6479594785
5424,2012-07-24,2012,USA,North Carolina,"Ocean Isle, Brunswick County",Inconnue,Invalid,33.8943393,-78.426672,Galeocerdo cuvier,6399752821,14.49,28902.0,proximite_forte,1,2,0,2026-06-04T11:19,https://www.gbif.org/occurrence/6399752821
5424,2012-07-24,2012,USA,North Carolina,"Ocean Isle, Brunswick County",Inconnue,Invalid,33.8943393,-78.426672,Rhincodon typus,6253026970,1097.81,30069.0,pas_de_proximite_100km,0,0,0,2026-04-27T07:00,https://www.gbif.org/occurrence/6253026970
5426,2012-09-25,2012,USA,Florida,"Melbourne Beach, Brevard County",Surfing,Unprovoked,28.0684067,-80.5607951,Carcharhinus leucas,6234759244,16.58,29680.0,proximite_forte,1,3,3,2026-04-17T20:49,https://www.gbif.org/occurrence/6234759244
5426,2012-09-25,2012,USA,Florida,"Melbourne Beach, Brevard County",Surfing,Unprovoked,28.0684067,-80.5607951,Carcharodon carcharias,6441095820,528.49,257.0,pas_de_proximite_100km,0,0,0,2026-03-27T20:47:37,https://www.gbif.org/occurrence/6441095820
5426,2012-09-25,2012,USA,Florida,"Melbourne Beach, Brevard County",Surfing,Unprovoked,28.0684067,-80.5607951,Galeocerdo cuvier,6235030691,131.86,29798.0,pas_de_proximite_100km,0,0,0,2026-04-25T11:55,https://www.gbif.org/occurrence/6235030691
5426,2012-09-25,2012,USA,Florida,"Melbourne Beach, Brevard County",Surfing,Unprovoked,28.0684067,-80.5607951,Rhincodon typus,6253026970,420.55,30069.0,pas_de_proximite_100km,0,0,0,2026-04-27T07:00,https://www.gbif.org/occurrence/6253026970
5433,2012-06-18,2012,USA,North Carolina,"Ocean Isle, Brunswick County",Wading,Unprovoked,33.8943393,-78.426672,Carcharhinus leucas,6130999421,577.67,29533.0,pas_de_proximite_100km,0,0,0,2026-01-17T15:30:29,https://www.gbif.org/occurrence/6130999421
5433,2012-06-18,2012,USA,North Carolina,"Ocean Isle, Brunswick County",Wading,Unprovoked,33.8943393,-78.426672,Carcharodon carcharias,6479594785,83.31,53267.0,proximite_regionale,0,1,0,2026-07-14T07:15:20,https://www.gbif.org/occurrence/6479594785
5433,2012-06-18,2012,USA,North Carolina,"Ocean Isle, Brunswick County",Wading,Unprovoked,33.8943393,-78.426672,Galeocerdo cuvier,6399752821,14.49,28902.0,proximite_forte,1,2,0,2026-06-04T11:19,https://www.gbif.org/occurrence/6399752821
5433,2012-06-18,2012,USA,North Carolina,"Ocean Isle, Brunswick County",Wading,Unprovoked,33.8943393,-78.426672,Rhincodon typus,6253026970,1097.81,30069.0,pas_de_proximite_100km,0,0,0,2026-04-27T07:00,https://www.gbif.org/occurrence/6253026970
5438,2013-09-29,2013,USA,Florida,"Melbourne Beach, Brevard County",Surfing,Unprovoked,28.0684067,-80.5607951,Carcharhinus leucas,6234759244,16.58,29680.0,proximite_forte,1,3,3,2026-04-17T20:49,https://www.gbif.org/occurrence/6234759244
5438,2013-09-29,2013,USA,Florida,"Melbourne Beach, Brevard County",Surfing,Unprovoked,28.0684067,-80.5607951,Carcharodon carcharias,6441095820,528.49,257.0,pas_de_proximite_100km,0,0,0,2026-03-27T20:47:37,https://www.gbif.org/occurrence/6441095820
5438,2013-09-29,2013,USA,Florida,"Melbourne Beach, Brevard County",Surfing,Unprovoked,28.0684067,-80.5607951,Galeocerdo cuvier,6235030691,131.86,29798.0,pas_de_proximite_100km,0,0,0,2026-04-25T11:55,https://www.gbif.org/occurrence/6235030691
5438,2013-09-29,2013,USA,Florida,"Melbourne Beach, Brevard County",Surfing,Unprovoked,28.0684067,-80.5607951,Rhincodon typus,6253026970,420.55,30069.0,pas_de_proximite_100km,0,0,0,2026-04-27T07:00,https://www.gbif.org/occurrence/6253026970
5439,2013-04-14,2013,SOUTH AFRICA,Western Cape Province,False Bay,Free diving,Unprovoked,-34.2270274,18.6554907,Carcharhinus leucas,6130149287,1184.19,29330.0,pas_de_proximite_100km,0,0,0,2026-01-10T07:45:33,https://www.gbif.org/occurrence/6130149287
5439,2013-04-14,2013,SOUTH AFRICA,Western Cape Province,False Bay,Free diving,Unprovoked,-34.2270274,18.6554907,Carcharodon carcharias,6147654727,156.18,488.0,pas_de_proximite_100km,0,0,0,2026-01-31T19:40,https://www.gbif.org/occurrence/6147654727
5439,2013-04-14,2013,SOUTH AFRICA,Western Cape Province,False Bay,Free diving,Unprovoked,-34.2270274,18.6554907,Galeocerdo cuvier,5206523433,1577.26,29798.0,pas_de_proximite_100km,0,0,0,2025-03-25T01:26:01,https://www.gbif.org/occurrence/5206523433
5439,2013-04-14,2013,SOUTH AFRICA,Western Cape Province,False Bay,Free diving,Unprovoked,-34.2270274,18.6554907,Rhincodon typus,6352311338,2328.49,1358701.0,pas_de_proximite_100km,0,0,0,2026-05-28,https://www.gbif.org/occurrence/6352311338
5441,2013-06-14,2013,USA,South Carolina,"Myrtle Beach, Horry County",Boogie Boarding,Unprovoked,33.6956461,-78.8900409,Carcharhinus leucas,6130999421,541.07,29533.0,pas_de_proximite_100km,0,0,0,2026-01-17T15:30:29,https://www.gbif.org/occurrence/6130999421
5441,2013-06-14,2013,USA,South Carolina,"Myrtle Beach, Horry County",Boogie Boarding,Unprovoked,33.6956461,-78.8900409,Carcharodon carcharias,6479594785,36.6,53267.0,proximite_regionale,0,1,0,2026-07-14T07:15:20,https://www.gbif.org/occurrence/6479594785
5441,2013-06-14,2013,USA,South Carolina,"Myrtle Beach, Horry County",Boogie Boarding,Unprovoked,33.6956461,-78.8900409,Galeocerdo cuvier,6399752821,35.29,28902.0,proximite_regionale,0,1,0,2026-06-04T11:19,https://www.gbif.org/occurrence/6399752821
5441,2013-06-14,2013,USA,South Carolina,"Myrtle Beach, Horry County",Boogie Boarding,Unprovoked,33.6956461,-78.8900409,Rhincodon typus,6253026970,1062.68,30069.0,pas_de_proximite_100km,0,0,0,2026-04-27T07:00,https://www.gbif.org/occurrence/6253026970
5451,2013-05-04,2013,USA,Florida,"Melbourne Beach, Brevard County",Surfing,Unprovoked,28.0684067,-80.5607951,Carcharhinus leucas,6234759244,16.58,29680.0,proximite_forte,1,3,3,2026-04-17T20:49,https://www.gbif.org/occurrence/6234759244
5451,2013-05-04,2013,USA,Florida,"Melbourne Beach, Brevard County",Surfing,Unprovoked,28.0684067,-80.5607951,Carcharodon carcharias,6441095820,528.49,257.0,pas_de_proximite_100km,0,0,0,2026-03-27T20:47:37,https://www.gbif.org/occurrence/6441095820
5451,2013-05-04,2013,USA,Florida,"Melbourne Beach, Brevard County",Surfing,Unprovoked,28.0684067,-80.5607951,Galeocerdo cuvier,6235030691,131.86,29798.0,pas_de_proximite_100km,0,0,0,2026-04-25T11:55,https://www.gbif.org/occurrence/6235030691
5451,2013-05-04,2013,USA,Florida,"Melbourne Beach, Brevard County",Surfing,Unprovoked,28.0684067,-80.5607951,Rhincodon typus,6253026970,420.55,30069.0,pas_de_proximite_100km,0,0,0,2026-04-27T07:00,https://www.gbif.org/occurrence/6253026970
5461,2013-04-13,2013,USA,Florida,"New Smyrna Beach, Volusia County",Surfing,Unprovoked,29.0258132,-80.9271271,Carcharhinus leucas,6133570230,11.63,29533.0,proximite_forte,2,2,2,2026-01-28T17:22:37,https://www.gbif.org/occurrence/6133570230
5461,2013-04-13,2013,USA,Florida,"New Smyrna Beach, Volusia County",Surfing,Unprovoked,29.0258132,-80.9271271,Carcharodon carcharias,6441095820,430.55,257.0,pas_de_proximite_100km,0,0,0,2026-03-27T20:47:37,https://www.gbif.org/occurrence/6441095820
5461,2013-04-13,2013,USA,Florida,"New Smyrna Beach, Volusia County",Surfing,Unprovoked,29.0258132,-80.9271271,Galeocerdo cuvier,6399953055,95.51,29433.0,proximite_regionale,0,1,0,2026-06-07T17:14:40,https://www.gbif.org/occurrence/6399953055
5461,2013-04-13,2013,USA,Florida,"New Smyrna Beach, Volusia County",Surfing,Unprovoked,29.0258132,-80.9271271,Rhincodon typus,6253026970,509.66,30069.0,pas_de_proximite_100km,0,0,0,2026-04-27T07:00,https://www.gbif.org/occurrence/6253026970
5463,2013-05-27,2013,USA,Florida,"Ormond Beach, Volusia County",Swimming,Unprovoked,29.2854132,-81.0557921,Carcharhinus leucas,6133570230,27.53,29533.0,proximite_regionale,0,2,2,2026-01-28T17:22:37,https://www.gbif.org/occurrence/6133570230
5463,2013-05-27,2013,USA,Florida,"Ormond Beach, Volusia County",Swimming,Unprovoked,29.2854132,-81.0557921,Carcharodon carcharias,6441095820,406.04,257.0,pas_de_proximite_100km,0,0,0,2026-03-27T20:47:37,https://www.gbif.org/occurrence/6441095820
5463,2013-05-27,2013,USA,Florida,"Ormond Beach, Volusia County",Swimming,Unprovoked,29.2854132,-81.0557921,Galeocerdo cuvier,6399953055,64.07,29433.0,proximite_regionale,0,1,0,2026-06-07T17:14:40,https://www.gbif.org/occurrence/6399953055
5463,2013-05-27,2013,USA,Florida,"Ormond Beach, Volusia County",Swimming,Unprovoked,29.2854132,-81.0557921,Rhincodon typus,6253026970,534.74,30069.0,pas_de_proximite_100km,0,0,0,2026-04-27T07:00,https://www.gbif.org/occurrence/6253026970
5485,2013-09-25,2013,USA,Florida,"Panama City, Bay County",Standing,Unprovoked,30.1586518,-85.6602936,Carcharhinus leucas,6184898250,4.63,29407.0,proximite_forte,1,2,0,2026-03-19T16:18:56,https://www.gbif.org/occurrence/6184898250
5485,2013-09-25,2013,USA,Florida,"Panama City, Bay County",Standing,Unprovoked,30.1586518,-85.6602936,Carcharodon carcharias,6400039718,118.11,49.0,pas_de_proximite_100km,0,0,0,2026-02-25T14:55,https://www.gbif.org/occurrence/6400039718
5485,2013-09-25,2013,USA,Florida,"Panama City, Bay County",Standing,Unprovoked,30.1586518,-85.6602936,Galeocerdo cuvier,6469594676,78.66,29407.0,proximite_regionale,0,2,1,2026-07-24T08:37:28,https://www.gbif.org/occurrence/6469594676
5485,2013-09-25,2013,USA,Florida,"Panama City, Bay County",Standing,Unprovoked,30.1586518,-85.6602936,Rhincodon typus,6178385871,537.62,29751.0,pas_de_proximite_100km,0,0,0,2026-03-06T11:12:50,https://www.gbif.org/occurrence/6178385871
5498,2013-12-10,2013,USA,Florida,"Cocoa Beach, Brevard  County",Surfing,Unprovoked,28.3184107,-80.6094959,Carcharhinus leucas,6234759244,43.15,29680.0,proximite_regionale,0,5,5,2026-04-17T20:49,https://www.gbif.org/occurrence/6234759244
5498,2013-12-10,2013,USA,Florida,"Cocoa Beach, Brevard  County",Surfing,Unprovoked,28.3184107,-80.6094959,Carcharodon carcharias,6441095820,501.64,257.0,pas_de_proximite_100km,0,0,0,2026-03-27T20:47:37,https://www.gbif.org/occurrence/6441095820
5498,2013-12-10,2013,USA,Florida,"Cocoa Beach, Brevard  County",Surfing,Unprovoked,28.3184107,-80.6094959,Galeocerdo cuvier,6235030691,159.76,29798.0,pas_de_proximite_100km,0,0,0,2026-04-25T11:55,https://www.gbif.org/occurrence/6235030691
5498,2013-12-10,2013,USA,Florida,"Cocoa Beach, Brevard  County",Surfing,Unprovoked,28.3184107,-80.6094959,Rhincodon typus,6253026970,444.43,30069.0,pas_de_proximite_100km,0,0,0,2026-04-27T07:00,https://www.gbif.org/occurrence/6253026970
5500,2013-04-04,2013,USA,Florida,"Jensen Beach, Martin County",Swimming,Unprovoked,27.2379528,-80.2389899,Carcharhinus leucas,6235914464,33.11,29798.0,proximite_regionale,0,13,4,2026-03-27T15:00,https://www.gbif.org/occurrence/6235914464
5500,2013-04-04,2013,USA,Florida,"Jensen Beach, Martin County",Swimming,Unprovoked,27.2379528,-80.2389899,Carcharodon carcharias,6441095820,617.26,257.0,pas_de_proximite_100km,0,0,0,2026-03-27T20:47:37,https://www.gbif.org/occurrence/6441095820
5500,2013-04-04,2013,USA,Florida,"Jensen Beach, Martin County",Swimming,Unprovoked,27.2379528,-80.2389899,Galeocerdo cuvier,6235030691,34.23,29798.0,proximite_regionale,0,1,0,2026-04-25T11:55,https://www.gbif.org/occurrence/6235030691
5500,2013-04-04,2013,USA,Florida,"Jensen Beach, Martin County",Swimming,Unprovoked,27.2379528,-80.2389899,Rhincodon typus,6253026970,354.67,30069.0,pas_de_proximite_100km,0,0,0,2026-04-27T07:00,https://www.gbif.org/occurrence/6253026970
5507,2013-07-22,2013,BRAZIL,Pernambuco,"Boa Viagem Beach, Recife",Swimming,Unprovoked,-8.1275681,-34.8976638,Carcharhinus leucas,6253288019,4992.19,31451.0,pas_de_proximite_100km,0,0,0,2026-04-26,https://www.gbif.org/occurrence/6253288019
5507,2013-07-22,2013,BRAZIL,Pernambuco,"Boa Viagem Beach, Recife",Swimming,Unprovoked,-8.1275681,-34.8976638,Carcharodon carcharias,6147654727,6332.13,488.0,pas_de_proximite_100km,0,0,0,2026-01-31T19:40,https://www.gbif.org/occurrence/6147654727
5507,2013-07-22,2013,BRAZIL,Pernambuco,"Boa Viagem Beach, Recife",Swimming,Unprovoked,-8.1275681,-34.8976638,Galeocerdo cuvier,5087661144,1763.34,30278.0,pas_de_proximite_100km,0,0,0,2025-03-08T07:14:31,https://www.gbif.org/occurrence/5087661144
5507,2013-07-22,2013,BRAZIL,Pernambuco,"Boa Viagem Beach, Recife",Swimming,Unprovoked,-8.1275681,-34.8976638,Rhincodon typus,6252804893,1807.81,30237.0,pas_de_proximite_100km,0,0,0,2026-04-24T15:08,https://www.gbif.org/occurrence/6252804893
5516,2013-09-02,2013,USA,Florida,"Ormond Beach, Volusia County",Swimming,Unprovoked,29.2854132,-81.0557921,Carcharhinus leucas,6133570230,27.53,29533.0,proximite_regionale,0,2,2,2026-01-28T17:22:37,https://www.gbif.org/occurrence/6133570230
5516,2013-09-02,2013,USA,Florida,"Ormond Beach, Volusia County",Swimming,Unprovoked,29.2854132,-81.0557921,Carcharodon carcharias,6441095820,406.04,257.0,pas_de_proximite_100km,0,0,0,2026-03-27T20:47:37,https://www.gbif.org/occurrence/6441095820
5516,2013-09-02,2013,USA,Florida,"Ormond Beach, Volusia County",Swimming,Unprovoked,29.2854132,-81.0557921,Galeocerdo cuvier,6399953055,64.07,29433.0,proximite_regionale,0,1,0,2026-06-07T17:14:40,https://www.gbif.org/occurrence/6399953055
5516,2013-09-02,2013,USA,Florida,"Ormond Beach, Volusia County",Swimming,Unprovoked,29.2854132,-81.0557921,Rhincodon typus,6253026970,534.74,30069.0,pas_de_proximite_100km,0,0,0,2026-04-27T07:00,https://www.gbif.org/occurrence/6253026970
5519,2013-07-19,2013,USA,Alabama,"Gulf Shores, Baldwin County",Walking in surf,Unprovoked,30.2711224,-87.6893826,Carcharhinus leucas,6441992985,33.59,29382.0,proximite_regionale,0,4,1,2026-07-01T19:21:05,https://www.gbif.org/occurrence/6441992985
5519,2013-07-19,2013,USA,Alabama,"Gulf Shores, Baldwin County",Walking in surf,Unprovoked,30.2711224,-87.6893826,Carcharodon carcharias,6400039718,80.15,49.0,proximite_regionale,0,1,1,2026-02-25T14:55,https://www.gbif.org/occurrence/6400039718
5519,2013-07-19,2013,USA,Alabama,"Gulf Shores, Baldwin County",Walking in surf,Unprovoked,30.2711224,-87.6893826,Galeocerdo cuvier,6399625675,110.2,29382.0,pas_de_proximite_100km,0,0,0,2026-05-18T11:02:32,https://www.gbif.org/occurrence/6399625675
5519,2013-07-19,2013,USA,Alabama,"Gulf Shores, Baldwin County",Walking in surf,Unprovoked,30.2711224,-87.6893826,Rhincodon typus,6178385871,404.43,29751.0,pas_de_proximite_100km,0,0,0,2026-03-06T11:12:50,https://www.gbif.org/occurrence/6178385871
5522,2013-06-25,2013,USA,Florida,"Jacksonville, Duval County",Swimming,Unprovoked,30.3262247,-81.6579179,Carcharhinus leucas,6133570230,155.87,29533.0,pas_de_proximite_100km,0,0,0,2026-01-28T17:22:37,https://www.gbif.org/occurrence/6133570230
5522,2013-06-25,2013,USA,Florida,"Jacksonville, Duval County",Swimming,Unprovoked,30.3262247,-81.6579179,Carcharodon carcharias,6441095820,324.09,257.0,pas_de_proximite_100km,0,0,0,2026-03-27T20:47:37,https://www.gbif.org/occurrence/6441095820
5522,2013-06-25,2013,USA,Florida,"Jacksonville, Duval County",Swimming,Unprovoked,30.3262247,-81.6579179,Galeocerdo cuvier,6399953055,65.96,29433.0,proximite_regionale,0,1,0,2026-06-07T17:14:40,https://www.gbif.org/occurrence/6399953055
5522,2013-06-25,2013,USA,Florida,"Jacksonville, Duval County",Swimming,Unprovoked,30.3262247,-81.6579179,Rhincodon typus,6253026970,640.37,30069.0,pas_de_proximite_100km,0,0,0,2026-04-27T07:00,https://www.gbif.org/occurrence/6253026970
5527,2013-08-05,2013,USA,Florida,"Sanibel Island, Lee County",Fishing,Unprovoked,26.440359,-82.1137049,Carcharhinus leucas,6470516778,22.5,29845.0,proximite_forte,1,6,1,2026-07-06T17:33:06,https://www.gbif.org/occurrence/6470516778
5527,2013-08-05,2013,USA,Florida,"Sanibel Island, Lee County",Fishing,Unprovoked,26.440359,-82.1137049,Carcharodon carcharias,6400039718,638.25,49.0,pas_de_proximite_100km,0,0,0,2026-02-25T14:55,https://www.gbif.org/occurrence/6400039718
5527,2013-08-05,2013,USA,Florida,"Sanibel Island, Lee County",Fishing,Unprovoked,26.440359,-82.1137049,Galeocerdo cuvier,5133758058,200.51,30025.0,pas_de_proximite_100km,0,0,0,2025-03-01T13:40,https://www.gbif.org/occurrence/5133758058
5527,2013-08-05,2013,USA,Florida,"Sanibel Island, Lee County",Fishing,Unprovoked,26.440359,-82.1137049,Rhincodon typus,6253026970,206.17,30069.0,pas_de_proximite_100km,0,0,0,2026-04-27T07:00,https://www.gbif.org/occurrence/6253026970
5533,2013-09-01,2013,BAHAMAS,,,Inconnue,Unprovoked,24.7736546,-78.0000547,Carcharhinus leucas,6334488030,158.99,29936.0,pas_de_proximite_100km,0,0,0,2026-05-18T15:01:50,https://www.gbif.org/occurrence/6334488030
5533,2013-09-01,2013,BAHAMAS,,,Inconnue,Unprovoked,24.7736546,-78.0000547,Carcharodon carcharias,6441095820,907.03,257.0,pas_de_proximite_100km,0,0,0,2026-03-27T20:47:37,https://www.gbif.org/occurrence/6441095820
5533,2013-09-01,2013,BAHAMAS,,,Inconnue,Unprovoked,24.7736546,-78.0000547,Galeocerdo cuvier,6131322721,84.29,120467.0,proximite_regionale,0,2,0,2026-01-13,https://www.gbif.org/occurrence/6131322721
5533,2013-09-01,2013,BAHAMAS,,,Inconnue,Unprovoked,24.7736546,-78.0000547,Rhincodon typus,6253026970,426.21,30069.0,pas_de_proximite_100km,0,0,0,2026-04-27T07:00,https://www.gbif.org/occurrence/6253026970
5542,2013-09-21,2013,USA,Florida,"Ormond Beach, Volusia County",Swimming,Unprovoked,29.2854132,-81.0557921,Carcharhinus leucas,6133570230,27.53,29533.0,proximite_regionale,0,2,2,2026-01-28T17:22:37,https://www.gbif.org/occurrence/6133570230
5542,2013-09-21,2013,USA,Florida,"Ormond Beach, Volusia County",Swimming,Unprovoked,29.2854132,-81.0557921,Carcharodon carcharias,6441095820,406.04,257.0,pas_de_proximite_100km,0,0,0,2026-03-27T20:47:37,https://www.gbif.org/occurrence/6441095820
5542,2013-09-21,2013,USA,Florida,"Ormond Beach, Volusia County",Swimming,Unprovoked,29.2854132,-81.0557921,Galeocerdo cuvier,6399953055,64.07,29433.0,proximite_regionale,0,1,0,2026-06-07T17:14:40,https://www.gbif.org/occurrence/6399953055
5542,2013-09-21,2013,USA,Florida,"Ormond Beach, Volusia County",Swimming,Unprovoked,29.2854132,-81.0557921,Rhincodon typus,6253026970,534.74,30069.0,pas_de_proximite_100km,0,0,0,2026-04-27T07:00,https://www.gbif.org/occurrence/6253026970
5545,2013-07-30,2013,USA,South Carolina,"Isle of Palms, Charleston County",Swimming,Unprovoked,32.7867697,-79.7880359,Carcharhinus leucas,6130999421,419.72,29533.0,pas_de_proximite_100km,0,0,0,2026-01-17T15:30:29,https://www.gbif.org/occurrence/6130999421
5545,2013-07-30,2013,USA,South Carolina,"Isle of Palms, Charleston County",Swimming,Unprovoked,32.7867697,-79.7880359,Carcharodon carcharias,6441095820,1.98,257.0,proximite_forte,1,2,0,2026-03-27T20:47:37,https://www.gbif.org/occurrence/6441095820
5545,2013-07-30,2013,USA,South Carolina,"Isle of Palms, Charleston County",Swimming,Unprovoked,32.7867697,-79.7880359,Galeocerdo cuvier,6399752821,165.62,28902.0,pas_de_proximite_100km,0,0,0,2026-06-04T11:19,https://www.gbif.org/occurrence/6399752821
5545,2013-07-30,2013,USA,South Carolina,"Isle of Palms, Charleston County",Swimming,Unprovoked,32.7867697,-79.7880359,Rhincodon typus,6253026970,941.73,30069.0,pas_de_proximite_100km,0,0,0,2026-04-27T07:00,https://www.gbif.org/occurrence/6253026970
5559,2014-04-15,2014,USA,Florida,"New Smyrna Beach, Volusia County",Wading,Unprovoked,29.0258132,-80.9271271,Carcharhinus leucas,6133570230,11.63,29533.0,proximite_forte,2,2,2,2026-01-28T17:22:37,https://www.gbif.org/occurrence/6133570230
5559,2014-04-15,2014,USA,Florida,"New Smyrna Beach, Volusia County",Wading,Unprovoked,29.0258132,-80.9271271,Carcharodon carcharias,6441095820,430.55,257.0,pas_de_proximite_100km,0,0,0,2026-03-27T20:47:37,https://www.gbif.org/occurrence/6441095820
5559,2014-04-15,2014,USA,Florida,"New Smyrna Beach, Volusia County",Wading,Unprovoked,29.0258132,-80.9271271,Galeocerdo cuvier,6399953055,95.51,29433.0,proximite_regionale,0,1,0,2026-06-07T17:14:40,https://www.gbif.org/occurrence/6399953055
5559,2014-04-15,2014,USA,Florida,"New Smyrna Beach, Volusia County",Wading,Unprovoked,29.0258132,-80.9271271,Rhincodon typus,6253026970,509.66,30069.0,pas_de_proximite_100km,0,0,0,2026-04-27T07:00,https://www.gbif.org/occurrence/6253026970
5560,2014-12-28,2014,SOUTH AFRICA,KwaZulu-Natal,Durban,Swimming,Invalid,-29.8618145,31.009909,Carcharhinus leucas,6185033442,62.42,29382.0,proximite_regionale,0,1,0,2026-03-28T17:16:06,https://www.gbif.org/occurrence/6185033442
5560,2014-12-28,2014,SOUTH AFRICA,KwaZulu-Natal,Durban,Swimming,Invalid,-29.8618145,31.009909,Carcharodon carcharias,5938331810,413.65,,pas_de_proximite_100km,0,0,0,2026-01-03T05:09:36,https://www.gbif.org/occurrence/5938331810
5560,2014-12-28,2014,SOUTH AFRICA,KwaZulu-Natal,Durban,Swimming,Invalid,-29.8618145,31.009909,Galeocerdo cuvier,5206523433,367.29,29798.0,pas_de_proximite_100km,0,0,0,2025-03-25T01:26:01,https://www.gbif.org/occurrence/5206523433
5560,2014-12-28,2014,SOUTH AFRICA,KwaZulu-Natal,Durban,Swimming,Invalid,-29.8618145,31.009909,Rhincodon typus,6352311338,1228.98,1358701.0,pas_de_proximite_100km,0,0,0,2026-05-28,https://www.gbif.org/occurrence/6352311338
5561,2014-04-12,2014,SOUTH AFRICA,Eastern Cape Province,Port Alfred,Fishing,Provoked,-33.5981844,26.8914772,Carcharhinus leucas,6130149287,472.09,29330.0,pas_de_proximite_100km,0,0,0,2026-01-10T07:45:33,https://www.gbif.org/occurrence/6130149287
5561,2014-04-12,2014,SOUTH AFRICA,Eastern Cape Province,Port Alfred,Fishing,Provoked,-33.5981844,26.8914772,Carcharodon carcharias,6480081628,137.43,29039.0,pas_de_proximite_100km,0,0,0,2026-01-19T13:45:33,https://www.gbif.org/occurrence/6480081628
5561,2014-04-12,2014,SOUTH AFRICA,Eastern Cape Province,Port Alfred,Fishing,Provoked,-33.5981844,26.8914772,Galeocerdo cuvier,5206523433,931.58,29798.0,pas_de_proximite_100km,0,0,0,2025-03-25T01:26:01,https://www.gbif.org/occurrence/5206523433
5561,2014-04-12,2014,SOUTH AFRICA,Eastern Cape Province,Port Alfred,Fishing,Provoked,-33.5981844,26.8914772,Rhincodon typus,6352311338,1776.67,1358701.0,pas_de_proximite_100km,0,0,0,2026-05-28,https://www.gbif.org/occurrence/6352311338
5562,2014-07-09,2014,USA,Florida,"New Smyrna Beach, Volusia County",Surfing,Unprovoked,29.0258132,-80.9271271,Carcharhinus leucas,6133570230,11.63,29533.0,proximite_forte,2,2,2,2026-01-28T17:22:37,https://www.gbif.org/occurrence/6133570230
5562,2014-07-09,2014,USA,Florida,"New Smyrna Beach, Volusia County",Surfing,Unprovoked,29.0258132,-80.9271271,Carcharodon carcharias,6441095820,430.55,257.0,pas_de_proximite_100km,0,0,0,2026-03-27T20:47:37,https://www.gbif.org/occurrence/6441095820
5562,2014-07-09,2014,USA,Florida,"New Smyrna Beach, Volusia County",Surfing,Unprovoked,29.0258132,-80.9271271,Galeocerdo cuvier,6399953055,95.51,29433.0,proximite_regionale,0,1,0,2026-06-07T17:14:40,https://www.gbif.org/occurrence/6399953055
5562,2014-07-09,2014,USA,Florida,"New Smyrna Beach, Volusia County",Surfing,Unprovoked,29.0258132,-80.9271271,Rhincodon typus,6253026970,509.66,30069.0,pas_de_proximite_100km,0,0,0,2026-04-27T07:00,https://www.gbif.org/occurrence/6253026970
5571,2014-10-05,2014,USA,Florida,"New Smyrna Beach, Volusia County",Surfing,Unprovoked,29.0258132,-80.9271271,Carcharhinus leucas,6133570230,11.63,29533.0,proximite_forte,2,2,2,2026-01-28T17:22:37,https://www.gbif.org/occurrence/6133570230
5571,2014-10-05,2014,USA,Florida,"New Smyrna Beach, Volusia County",Surfing,Unprovoked,29.0258132,-80.9271271,Carcharodon carcharias,6441095820,430.55,257.0,pas_de_proximite_100km,0,0,0,2026-03-27T20:47:37,https://www.gbif.org/occurrence/6441095820
5571,2014-10-05,2014,USA,Florida,"New Smyrna Beach, Volusia County",Surfing,Unprovoked,29.0258132,-80.9271271,Galeocerdo cuvier,6399953055,95.51,29433.0,proximite_regionale,0,1,0,2026-06-07T17:14:40,https://www.gbif.org/occurrence/6399953055
5571,2014-10-05,2014,USA,Florida,"New Smyrna Beach, Volusia County",Surfing,Unprovoked,29.0258132,-80.9271271,Rhincodon typus,6253026970,509.66,30069.0,pas_de_proximite_100km,0,0,0,2026-04-27T07:00,https://www.gbif.org/occurrence/6253026970
5593,2014-08-29,2014,USA,Florida,"Ponce Inlet, Volusia County",Surfing,Unprovoked,29.0963729,-80.9369983,Carcharhinus leucas,6133570230,8.03,29533.0,proximite_forte,2,2,2,2026-01-28T17:22:37,https://www.gbif.org/occurrence/6133570230
5593,2014-08-29,2014,USA,Florida,"Ponce Inlet, Volusia County",Surfing,Unprovoked,29.0963729,-80.9369983,Carcharodon carcharias,6441095820,423.19,257.0,pas_de_proximite_100km,0,0,0,2026-03-27T20:47:37,https://www.gbif.org/occurrence/6441095820
5593,2014-08-29,2014,USA,Florida,"Ponce Inlet, Volusia County",Surfing,Unprovoked,29.0963729,-80.9369983,Galeocerdo cuvier,6399953055,87.9,29433.0,proximite_regionale,0,1,0,2026-06-07T17:14:40,https://www.gbif.org/occurrence/6399953055
5593,2014-08-29,2014,USA,Florida,"Ponce Inlet, Volusia County",Surfing,Unprovoked,29.0963729,-80.9369983,Rhincodon typus,6253026970,517.01,30069.0,pas_de_proximite_100km,0,0,0,2026-04-27T07:00,https://www.gbif.org/occurrence/6253026970
5595,2014-05-01,2014,USA,Florida,"New Smyrna Beach, Volusia County",Surfing,Unprovoked,29.0258132,-80.9271271,Carcharhinus leucas,6133570230,11.63,29533.0,proximite_forte,2,2,2,2026-01-28T17:22:37,https://www.gbif.org/occurrence/6133570230
5595,2014-05-01,2014,USA,Florida,"New Smyrna Beach, Volusia County",Surfing,Unprovoked,29.0258132,-80.9271271,Carcharodon carcharias,6441095820,430.55,257.0,pas_de_proximite_100km,0,0,0,2026-03-27T20:47:37,https://www.gbif.org/occurrence/6441095820
5595,2014-05-01,2014,USA,Florida,"New Smyrna Beach, Volusia County",Surfing,Unprovoked,29.0258132,-80.9271271,Galeocerdo cuvier,6399953055,95.51,29433.0,proximite_regionale,0,1,0,2026-06-07T17:14:40,https://www.gbif.org/occurrence/6399953055
5595,2014-05-01,2014,USA,Florida,"New Smyrna Beach, Volusia County",Surfing,Unprovoked,29.0258132,-80.9271271,Rhincodon typus,6253026970,509.66,30069.0,pas_de_proximite_100km,0,0,0,2026-04-27T07:00,https://www.gbif.org/occurrence/6253026970
5598,2014-10-14,2014,USA,South Carolina,"Hilton Head Island, Beaufort County",Standing in inner tube,Unprovoked,32.1618488,-80.7512616,Carcharhinus leucas,6130999421,338.47,29533.0,pas_de_proximite_100km,0,0,0,2026-01-17T15:30:29,https://www.gbif.org/occurrence/6130999421
5598,2014-10-14,2014,USA,South Carolina,"Hilton Head Island, Beaufort County",Standing in inner tube,Unprovoked,32.1618488,-80.7512616,Carcharodon carcharias,6441095820,112.01,257.0,pas_de_proximite_100km,0,0,0,2026-03-27T20:47:37,https://www.gbif.org/occurrence/6441095820
5598,2014-10-14,2014,USA,South Carolina,"Hilton Head Island, Beaufort County",Standing in inner tube,Unprovoked,32.1618488,-80.7512616,Galeocerdo cuvier,6399953055,265.29,29433.0,pas_de_proximite_100km,0,0,0,2026-06-07T17:14:40,https://www.gbif.org/occurrence/6399953055
5598,2014-10-14,2014,USA,South Carolina,"Hilton Head Island, Beaufort County",Standing in inner tube,Unprovoked,32.1618488,-80.7512616,Rhincodon typus,6253026970,854.17,30069.0,pas_de_proximite_100km,0,0,0,2026-04-27T07:00,https://www.gbif.org/occurrence/6253026970
5601,2014-04-22,2014,USA,Florida,"Cocoa Beach, Brevard  County",Swimming,Unprovoked,28.3184107,-80.6094959,Carcharhinus leucas,6234759244,43.15,29680.0,proximite_regionale,0,5,5,2026-04-17T20:49,https://www.gbif.org/occurrence/6234759244
5601,2014-04-22,2014,USA,Florida,"Cocoa Beach, Brevard  County",Swimming,Unprovoked,28.3184107,-80.6094959,Carcharodon carcharias,6441095820,501.64,257.0,pas_de_proximite_100km,0,0,0,2026-03-27T20:47:37,https://www.gbif.org/occurrence/6441095820
5601,2014-04-22,2014,USA,Florida,"Cocoa Beach, Brevard  County",Swimming,Unprovoked,28.3184107,-80.6094959,Galeocerdo cuvier,6235030691,159.76,29798.0,pas_de_proximite_100km,0,0,0,2026-04-25T11:55,https://www.gbif.org/occurrence/6235030691
5601,2014-04-22,2014,USA,Florida,"Cocoa Beach, Brevard  County",Swimming,Unprovoked,28.3184107,-80.6094959,Rhincodon typus,6253026970,444.43,30069.0,pas_de_proximite_100km,0,0,0,2026-04-27T07:00,https://www.gbif.org/occurrence/6253026970
5604,2014-05-13,2014,USA,Florida,"Jacksonville Beach, Duval County",Wading,Unprovoked,30.2946859,-81.3931396,Carcharhinus leucas,6133570230,141.6,29533.0,pas_de_proximite_100km,0,0,0,2026-01-28T17:22:37,https://www.gbif.org/occurrence/6133570230
5604,2014-05-13,2014,USA,Florida,"Jacksonville Beach, Duval County",Wading,Unprovoked,30.2946859,-81.3931396,Carcharodon carcharias,6441095820,314.31,257.0,pas_de_proximite_100km,0,0,0,2026-03-27T20:47:37,https://www.gbif.org/occurrence/6441095820
5604,2014-05-13,2014,USA,Florida,"Jacksonville Beach, Duval County",Wading,Unprovoked,30.2946859,-81.3931396,Galeocerdo cuvier,6399953055,53.35,29433.0,proximite_regionale,0,1,0,2026-06-07T17:14:40,https://www.gbif.org/occurrence/6399953055
5604,2014-05-13,2014,USA,Florida,"Jacksonville Beach, Duval County",Wading,Unprovoked,30.2946859,-81.3931396,Rhincodon typus,6253026970,639.65,30069.0,pas_de_proximite_100km,0,0,0,2026-04-27T07:00,https://www.gbif.org/occurrence/6253026970
5614,2014-03-18,2014,AUSTRALIA,New South Wales,Lennox Head,Inconnue,Invalid,-28.7910334,153.5878047,Carcharhinus leucas,6159543580,151.68,122.0,pas_de_proximite_100km,0,0,0,2026-02-14T19:35:12,https://www.gbif.org/occurrence/6159543580
5614,2014-03-18,2014,AUSTRALIA,New South Wales,Lennox Head,Inconnue,Invalid,-28.7910334,153.5878047,Carcharodon carcharias,6162878281,151.44,7.0,pas_de_proximite_100km,0,0,0,2026-02-22T09:03:13,https://www.gbif.org/occurrence/6162878281
5614,2014-03-18,2014,AUSTRALIA,New South Wales,Lennox Head,Inconnue,Invalid,-28.7910334,153.5878047,Galeocerdo cuvier,6133086834,59.21,5.0,proximite_regionale,0,1,1,2026-02-02T13:14:46,https://www.gbif.org/occurrence/6133086834
5614,2014-03-18,2014,AUSTRALIA,New South Wales,Lennox Head,Inconnue,Invalid,-28.7910334,153.5878047,Rhincodon typus,5938466615,1623.12,30841.0,pas_de_proximite_100km,0,0,0,2026-01-03T11:33,https://www.gbif.org/occurrence/5938466615
5617,2014-08-31,2014,USA,Florida,"New Smyrna Beach, Volusia County",Body surfing,Unprovoked,29.0258132,-80.9271271,Carcharhinus leucas,6133570230,11.63,29533.0,proximite_forte,2,2,2,2026-01-28T17:22:37,https://www.gbif.org/occurrence/6133570230
5617,2014-08-31,2014,USA,Florida,"New Smyrna Beach, Volusia County",Body surfing,Unprovoked,29.0258132,-80.9271271,Carcharodon carcharias,6441095820,430.55,257.0,pas_de_proximite_100km,0,0,0,2026-03-27T20:47:37,https://www.gbif.org/occurrence/6441095820
5617,2014-08-31,2014,USA,Florida,"New Smyrna Beach, Volusia County",Body surfing,Unprovoked,29.0258132,-80.9271271,Galeocerdo cuvier,6399953055,95.51,29433.0,proximite_regionale,0,1,0,2026-06-07T17:14:40,https://www.gbif.org/occurrence/6399953055
5617,2014-08-31,2014,USA,Florida,"New Smyrna Beach, Volusia County",Body surfing,Unprovoked,29.0258132,-80.9271271,Rhincodon typus,6253026970,509.66,30069.0,pas_de_proximite_100km,0,0,0,2026-04-27T07:00,https://www.gbif.org/occurrence/6253026970
5624,2014-08-09,2014,BAHAMAS,,,Spearfishing,Unprovoked,24.7736546,-78.0000547,Carcharhinus leucas,6334488030,158.99,29936.0,pas_de_proximite_100km,0,0,0,2026-05-18T15:01:50,https://www.gbif.org/occurrence/6334488030
5624,2014-08-09,2014,BAHAMAS,,,Spearfishing,Unprovoked,24.7736546,-78.0000547,Carcharodon carcharias,6441095820,907.03,257.0,pas_de_proximite_100km,0,0,0,2026-03-27T20:47:37,https://www.gbif.org/occurrence/6441095820
5624,2014-08-09,2014,BAHAMAS,,,Spearfishing,Unprovoked,24.7736546,-78.0000547,Galeocerdo cuvier,6131322721,84.29,120467.0,proximite_regionale,0,2,0,2026-01-13,https://www.gbif.org/occurrence/6131322721
5624,2014-08-09,2014,BAHAMAS,,,Spearfishing,Unprovoked,24.7736546,-78.0000547,Rhincodon typus,6253026970,426.21,30069.0,pas_de_proximite_100km,0,0,0,2026-04-27T07:00,https://www.gbif.org/occurrence/6253026970
5626,2014-04-04,2014,USA,Florida,"New Smyrna Beach, Volusia County",Surfing,Unprovoked,29.0258132,-80.9271271,Carcharhinus leucas,6133570230,11.63,29533.0,proximite_forte,2,2,2,2026-01-28T17:22:37,https://www.gbif.org/occurrence/6133570230
5626,2014-04-04,2014,USA,Florida,"New Smyrna Beach, Volusia County",Surfing,Unprovoked,29.0258132,-80.9271271,Carcharodon carcharias,6441095820,430.55,257.0,pas_de_proximite_100km,0,0,0,2026-03-27T20:47:37,https://www.gbif.org/occurrence/6441095820
5626,2014-04-04,2014,USA,Florida,"New Smyrna Beach, Volusia County",Surfing,Unprovoked,29.0258132,-80.9271271,Galeocerdo cuvier,6399953055,95.51,29433.0,proximite_regionale,0,1,0,2026-06-07T17:14:40,https://www.gbif.org/occurrence/6399953055
5626,2014-04-04,2014,USA,Florida,"New Smyrna Beach, Volusia County",Surfing,Unprovoked,29.0258132,-80.9271271,Rhincodon typus,6253026970,509.66,30069.0,pas_de_proximite_100km,0,0,0,2026-04-27T07:00,https://www.gbif.org/occurrence/6253026970
5627,2014-08-06,2014,USA,South Carolina,"Folly Beach, Charleston County",Boogie boarding,Unprovoked,32.6554848,-79.9407802,Carcharhinus leucas,6130999421,402.26,29533.0,pas_de_proximite_100km,0,0,0,2026-01-17T15:30:29,https://www.gbif.org/occurrence/6130999421
5627,2014-08-06,2014,USA,South Carolina,"Folly Beach, Charleston County",Boogie boarding,Unprovoked,32.6554848,-79.9407802,Carcharodon carcharias,6441095820,18.48,257.0,proximite_forte,1,1,0,2026-03-27T20:47:37,https://www.gbif.org/occurrence/6441095820
5627,2014-08-06,2014,USA,South Carolina,"Folly Beach, Charleston County",Boogie boarding,Unprovoked,32.6554848,-79.9407802,Galeocerdo cuvier,6399752821,186.03,28902.0,pas_de_proximite_100km,0,0,0,2026-06-04T11:19,https://www.gbif.org/occurrence/6399752821
5627,2014-08-06,2014,USA,South Carolina,"Folly Beach, Charleston County",Boogie boarding,Unprovoked,32.6554848,-79.9407802,Rhincodon typus,6253026970,923.96,30069.0,pas_de_proximite_100km,0,0,0,2026-04-27T07:00,https://www.gbif.org/occurrence/6253026970
5649,2014-10-05,2014,USA,Florida,"New Smyrna Beach, Volusia County",Surfing,Unprovoked,29.0258132,-80.9271271,Carcharhinus leucas,6133570230,11.63,29533.0,proximite_forte,2,2,2,2026-01-28T17:22:37,https://www.gbif.org/occurrence/6133570230
5649,2014-10-05,2014,USA,Florida,"New Smyrna Beach, Volusia County",Surfing,Unprovoked,29.0258132,-80.9271271,Carcharodon carcharias,6441095820,430.55,257.0,pas_de_proximite_100km,0,0,0,2026-03-27T20:47:37,https://www.gbif.org/occurrence/6441095820
5649,2014-10-05,2014,USA,Florida,"New Smyrna Beach, Volusia County",Surfing,Unprovoked,29.0258132,-80.9271271,Galeocerdo cuvier,6399953055,95.51,29433.0,proximite_regionale,0,1,0,2026-06-07T17:14:40,https://www.gbif.org/occurrence/6399953055
5649,2014-10-05,2014,USA,Florida,"New Smyrna Beach, Volusia County",Surfing,Unprovoked,29.0258132,-80.9271271,Rhincodon typus,6253026970,509.66,30069.0,pas_de_proximite_100km,0,0,0,2026-04-27T07:00,https://www.gbif.org/occurrence/6253026970
5650,2014-08-05,2014,USA,Florida,"Cocoa Beach, Brevard  County",Swimming,Unprovoked,28.3184107,-80.6094959,Carcharhinus leucas,6234759244,43.15,29680.0,proximite_regionale,0,5,5,2026-04-17T20:49,https://www.gbif.org/occurrence/6234759244
5650,2014-08-05,2014,USA,Florida,"Cocoa Beach, Brevard  County",Swimming,Unprovoked,28.3184107,-80.6094959,Carcharodon carcharias,6441095820,501.64,257.0,pas_de_proximite_100km,0,0,0,2026-03-27T20:47:37,https://www.gbif.org/occurrence/6441095820
5650,2014-08-05,2014,USA,Florida,"Cocoa Beach, Brevard  County",Swimming,Unprovoked,28.3184107,-80.6094959,Galeocerdo cuvier,6235030691,159.76,29798.0,pas_de_proximite_100km,0,0,0,2026-04-25T11:55,https://www.gbif.org/occurrence/6235030691
5650,2014-08-05,2014,USA,Florida,"Cocoa Beach, Brevard  County",Swimming,Unprovoked,28.3184107,-80.6094959,Rhincodon typus,6253026970,444.43,30069.0,pas_de_proximite_100km,0,0,0,2026-04-27T07:00,https://www.gbif.org/occurrence/6253026970
5664,2014-07-03,2014,USA,South Carolina,"Isle of Palms, Charleston County",Body surfing,Unprovoked,32.7867697,-79.7880359,Carcharhinus leucas,6130999421,419.72,29533.0,pas_de_proximite_100km,0,0,0,2026-01-17T15:30:29,https://www.gbif.org/occurrence/6130999421
5664,2014-07-03,2014,USA,South Carolina,"Isle of Palms, Charleston County",Body surfing,Unprovoked,32.7867697,-79.7880359,Carcharodon carcharias,6441095820,1.98,257.0,proximite_forte,1,2,0,2026-03-27T20:47:37,https://www.gbif.org/occurrence/6441095820
5664,2014-07-03,2014,USA,South Carolina,"Isle of Palms, Charleston County",Body surfing,Unprovoked,32.7867697,-79.7880359,Galeocerdo cuvier,6399752821,165.62,28902.0,pas_de_proximite_100km,0,0,0,2026-06-04T11:19,https://www.gbif.org/occurrence/6399752821
5664,2014-07-03,2014,USA,South Carolina,"Isle of Palms, Charleston County",Body surfing,Unprovoked,32.7867697,-79.7880359,Rhincodon typus,6253026970,941.73,30069.0,pas_de_proximite_100km,0,0,0,2026-04-27T07:00,https://www.gbif.org/occurrence/6253026970
5669,2014-01-01,2014,USA,Hawaii,,Free diving / Photographing pilot whales,Unprovoked,19.5938015,-155.4283701,Carcharhinus leucas,6334261088,4741.35,30175.0,pas_de_proximite_100km,0,0,0,2026-05-21T11:26,https://www.gbif.org/occurrence/6334261088
5669,2014-01-01,2014,USA,Hawaii,,Free diving / Photographing pilot whales,Unprovoked,19.5938015,-155.4283701,Carcharodon carcharias,6480838932,1194.6,1584228.0,pas_de_proximite_100km,0,0,0,2026-06-24T10:02:07,https://www.gbif.org/occurrence/6480838932
5669,2014-01-01,2014,USA,Hawaii,,Free diving / Photographing pilot whales,Unprovoked,19.5938015,-155.4283701,Galeocerdo cuvier,6470061880,65.6,30545.0,proximite_regionale,0,3,0,2026-07-13T09:59,https://www.gbif.org/occurrence/6470061880
5669,2014-01-01,2014,USA,Hawaii,,Free diving / Photographing pilot whales,Unprovoked,19.5938015,-155.4283701,Rhincodon typus,6194532302,61.33,111319.49,proximite_regionale,0,1,0,2026-01-22,https://www.gbif.org/occurrence/6194532302
5671,2014-10-12,2014,USA,Florida,"Melbourne Beach, Brevard County",Body surfing or Boogie boarding,Unprovoked,28.0684067,-80.5607951,Carcharhinus leucas,6234759244,16.58,29680.0,proximite_forte,1,3,3,2026-04-17T20:49,https://www.gbif.org/occurrence/6234759244
5671,2014-10-12,2014,USA,Florida,"Melbourne Beach, Brevard County",Body surfing or Boogie boarding,Unprovoked,28.0684067,-80.5607951,Carcharodon carcharias,6441095820,528.49,257.0,pas_de_proximite_100km,0,0,0,2026-03-27T20:47:37,https://www.gbif.org/occurrence/6441095820
5671,2014-10-12,2014,USA,Florida,"Melbourne Beach, Brevard County",Body surfing or Boogie boarding,Unprovoked,28.0684067,-80.5607951,Galeocerdo cuvier,6235030691,131.86,29798.0,pas_de_proximite_100km,0,0,0,2026-04-25T11:55,https://www.gbif.org/occurrence/6235030691
5671,2014-10-12,2014,USA,Florida,"Melbourne Beach, Brevard County",Body surfing or Boogie boarding,Unprovoked,28.0684067,-80.5607951,Rhincodon typus,6253026970,420.55,30069.0,pas_de_proximite_100km,0,0,0,2026-04-27T07:00,https://www.gbif.org/occurrence/6253026970
5673,2014-09-21,2014,USA,Florida,"New Smyrna Beach, Volusia County",Surfing,Unprovoked,29.0258132,-80.9271271,Carcharhinus leucas,6133570230,11.63,29533.0,proximite_forte,2,2,2,2026-01-28T17:22:37,https://www.gbif.org/occurrence/6133570230
5673,2014-09-21,2014,USA,Florida,"New Smyrna Beach, Volusia County",Surfing,Unprovoked,29.0258132,-80.9271271,Carcharodon carcharias,6441095820,430.55,257.0,pas_de_proximite_100km,0,0,0,2026-03-27T20:47:37,https://www.gbif.org/occurrence/6441095820
5673,2014-09-21,2014,USA,Florida,"New Smyrna Beach, Volusia County",Surfing,Unprovoked,29.0258132,-80.9271271,Galeocerdo cuvier,6399953055,95.51,29433.0,proximite_regionale,0,1,0,2026-06-07T17:14:40,https://www.gbif.org/occurrence/6399953055
5673,2014-09-21,2014,USA,Florida,"New Smyrna Beach, Volusia County",Surfing,Unprovoked,29.0258132,-80.9271271,Rhincodon typus,6253026970,509.66,30069.0,pas_de_proximite_100km,0,0,0,2026-04-27T07:00,https://www.gbif.org/occurrence/6253026970
5682,2015-05-07,2015,USA,Florida,"Cocoa Beach, Brevard  County",Swimming,Unprovoked,28.3184107,-80.6094959,Carcharhinus leucas,6234759244,43.15,29680.0,proximite_regionale,0,5,5,2026-04-17T20:49,https://www.gbif.org/occurrence/6234759244
5682,2015-05-07,2015,USA,Florida,"Cocoa Beach, Brevard  County",Swimming,Unprovoked,28.3184107,-80.6094959,Carcharodon carcharias,6441095820,501.64,257.0,pas_de_proximite_100km,0,0,0,2026-03-27T20:47:37,https://www.gbif.org/occurrence/6441095820
5682,2015-05-07,2015,USA,Florida,"Cocoa Beach, Brevard  County",Swimming,Unprovoked,28.3184107,-80.6094959,Galeocerdo cuvier,6235030691,159.76,29798.0,pas_de_proximite_100km,0,0,0,2026-04-25T11:55,https://www.gbif.org/occurrence/6235030691
5682,2015-05-07,2015,USA,Florida,"Cocoa Beach, Brevard  County",Swimming,Unprovoked,28.3184107,-80.6094959,Rhincodon typus,6253026970,444.43,30069.0,pas_de_proximite_100km,0,0,0,2026-04-27T07:00,https://www.gbif.org/occurrence/6253026970
5685,2015-09-01,2015,FIJI,,,Spearfishing,Unprovoked,-18.1239696,179.0122737,Carcharhinus leucas,6499963492,91.72,30666.0,proximite_regionale,0,2,0,2026-07-03T09:15,https://www.gbif.org/occurrence/6499963492
5685,2015-09-01,2015,FIJI,,,Spearfishing,Unprovoked,-18.1239696,179.0122737,Carcharodon carcharias,6162878281,2928.13,7.0,pas_de_proximite_100km,0,0,0,2026-02-22T09:03:13,https://www.gbif.org/occurrence/6162878281
5685,2015-09-01,2015,FIJI,,,Spearfishing,Unprovoked,-18.1239696,179.0122737,Galeocerdo cuvier,5231441990,88.31,30666.0,proximite_regionale,0,13,0,2025-07-11T09:34,https://www.gbif.org/occurrence/5231441990
5685,2015-09-01,2015,FIJI,,,Spearfishing,Unprovoked,-18.1239696,179.0122737,Rhincodon typus,6235620031,1904.62,28818.0,pas_de_proximite_100km,0,0,0,2026-02-19T12:26,https://www.gbif.org/occurrence/6235620031
5687,2015-09-20,2015,USA,Florida,"New Smyrna Beach, Volusia County",Surfing,Unprovoked,29.0258132,-80.9271271,Carcharhinus leucas,6133570230,11.63,29533.0,proximite_forte,2,2,2,2026-01-28T17:22:37,https://www.gbif.org/occurrence/6133570230
5687,2015-09-20,2015,USA,Florida,"New Smyrna Beach, Volusia County",Surfing,Unprovoked,29.0258132,-80.9271271,Carcharodon carcharias,6441095820,430.55,257.0,pas_de_proximite_100km,0,0,0,2026-03-27T20:47:37,https://www.gbif.org/occurrence/6441095820
5687,2015-09-20,2015,USA,Florida,"New Smyrna Beach, Volusia County",Surfing,Unprovoked,29.0258132,-80.9271271,Galeocerdo cuvier,6399953055,95.51,29433.0,proximite_regionale,0,1,0,2026-06-07T17:14:40,https://www.gbif.org/occurrence/6399953055
5687,2015-09-20,2015,USA,Florida,"New Smyrna Beach, Volusia County",Surfing,Unprovoked,29.0258132,-80.9271271,Rhincodon typus,6253026970,509.66,30069.0,pas_de_proximite_100km,0,0,0,2026-04-27T07:00,https://www.gbif.org/occurrence/6253026970
5691,2015-05-24,2015,USA,Florida,"Cocoa Beach, Brevard  County",Swimming,Unprovoked,28.3184107,-80.6094959,Carcharhinus leucas,6234759244,43.15,29680.0,proximite_regionale,0,5,5,2026-04-17T20:49,https://www.gbif.org/occurrence/6234759244
5691,2015-05-24,2015,USA,Florida,"Cocoa Beach, Brevard  County",Swimming,Unprovoked,28.3184107,-80.6094959,Carcharodon carcharias,6441095820,501.64,257.0,pas_de_proximite_100km,0,0,0,2026-03-27T20:47:37,https://www.gbif.org/occurrence/6441095820
5691,2015-05-24,2015,USA,Florida,"Cocoa Beach, Brevard  County",Swimming,Unprovoked,28.3184107,-80.6094959,Galeocerdo cuvier,6235030691,159.76,29798.0,pas_de_proximite_100km,0,0,0,2026-04-25T11:55,https://www.gbif.org/occurrence/6235030691
5691,2015-05-24,2015,USA,Florida,"Cocoa Beach, Brevard  County",Swimming,Unprovoked,28.3184107,-80.6094959,Rhincodon typus,6253026970,444.43,30069.0,pas_de_proximite_100km,0,0,0,2026-04-27T07:00,https://www.gbif.org/occurrence/6253026970
5695,2015-01-08,2015,USA,Florida,,Swimming after falling overboard,Invalid,27.7567667,-81.4639835,Carcharhinus leucas,6147198580,88.92,29775.0,proximite_regionale,0,3,1,2026-02-03T11:54:56,https://www.gbif.org/occurrence/6147198580
5695,2015-01-08,2015,USA,Florida,,Swimming after falling overboard,Invalid,27.7567667,-81.4639835,Carcharodon carcharias,6441095820,580.41,257.0,pas_de_proximite_100km,0,0,0,2026-03-27T20:47:37,https://www.gbif.org/occurrence/6441095820
5695,2015-01-08,2015,USA,Florida,,Swimming after falling overboard,Invalid,27.7567667,-81.4639835,Galeocerdo cuvier,6235030691,159.7,29798.0,pas_de_proximite_100km,0,0,0,2026-04-25T11:55,https://www.gbif.org/occurrence/6235030691
5695,2015-01-08,2015,USA,Florida,,Swimming after falling overboard,Invalid,27.7567667,-81.4639835,Rhincodon typus,6253026970,360.16,30069.0,pas_de_proximite_100km,0,0,0,2026-04-27T07:00,https://www.gbif.org/occurrence/6253026970
5701,2015-11-15,2015,USA,Florida,"Palm Beach, Palm Beach County",Swimming,Unprovoked,26.7056172,-80.0361517,Carcharhinus leucas,6236555493,8.87,29822.0,proximite_forte,6,10,1,2026-04-22T14:46:47,https://www.gbif.org/occurrence/6236555493
5701,2015-11-15,2015,USA,Florida,"Palm Beach, Palm Beach County",Swimming,Unprovoked,26.7056172,-80.0361517,Carcharodon carcharias,6441095820,675.4,257.0,pas_de_proximite_100km,0,0,0,2026-03-27T20:47:37,https://www.gbif.org/occurrence/6441095820
5701,2015-11-15,2015,USA,Florida,"Palm Beach, Palm Beach County",Swimming,Unprovoked,26.7056172,-80.0361517,Galeocerdo cuvier,6235030691,28.29,29798.0,proximite_regionale,0,2,0,2026-04-25T11:55,https://www.gbif.org/occurrence/6235030691
5701,2015-11-15,2015,USA,Florida,"Palm Beach, Palm Beach County",Swimming,Unprovoked,26.7056172,-80.0361517,Rhincodon typus,6253026970,321.03,30069.0,pas_de_proximite_100km,0,0,0,2026-04-27T07:00,https://www.gbif.org/occurrence/6253026970
5709,2015-06-11,2015,USA,North Carolina,"Ocean Isle, Brunswick County",Boogie boarding,Unprovoked,33.8943393,-78.426672,Carcharhinus leucas,6130999421,577.67,29533.0,pas_de_proximite_100km,0,0,0,2026-01-17T15:30:29,https://www.gbif.org/occurrence/6130999421
5709,2015-06-11,2015,USA,North Carolina,"Ocean Isle, Brunswick County",Boogie boarding,Unprovoked,33.8943393,-78.426672,Carcharodon carcharias,6479594785,83.31,53267.0,proximite_regionale,0,1,0,2026-07-14T07:15:20,https://www.gbif.org/occurrence/6479594785
5709,2015-06-11,2015,USA,North Carolina,"Ocean Isle, Brunswick County",Boogie boarding,Unprovoked,33.8943393,-78.426672,Galeocerdo cuvier,6399752821,14.49,28902.0,proximite_forte,1,2,0,2026-06-04T11:19,https://www.gbif.org/occurrence/6399752821
5709,2015-06-11,2015,USA,North Carolina,"Ocean Isle, Brunswick County",Boogie boarding,Unprovoked,33.8943393,-78.426672,Rhincodon typus,6253026970,1097.81,30069.0,pas_de_proximite_100km,0,0,0,2026-04-27T07:00,https://www.gbif.org/occurrence/6253026970
5721,2015-10-05,2015,USA,Texas,Galveston,Wading,Unprovoked,29.3872254,-94.992736,Carcharhinus leucas,6188346293,181.44,29582.0,pas_de_proximite_100km,0,0,0,2026-04-05T19:42,https://www.gbif.org/occurrence/6188346293
5721,2015-10-05,2015,USA,Texas,Galveston,Wading,Unprovoked,29.3872254,-94.992736,Carcharodon carcharias,6400039718,791.27,49.0,pas_de_proximite_100km,0,0,0,2026-02-25T14:55,https://www.gbif.org/occurrence/6400039718
5721,2015-10-05,2015,USA,Texas,Galveston,Wading,Unprovoked,29.3872254,-94.992736,Galeocerdo cuvier,6479866652,286.77,29704.0,pas_de_proximite_100km,0,0,0,2026-08-03T16:05,https://www.gbif.org/occurrence/6479866652
5721,2015-10-05,2015,USA,Texas,Galveston,Wading,Unprovoked,29.3872254,-94.992736,Rhincodon typus,6178385871,527.22,29751.0,pas_de_proximite_100km,0,0,0,2026-03-06T11:12:50,https://www.gbif.org/occurrence/6178385871
5725,2015-02-15,2015,ATLANTIC OCEAN,,,Transatlantic Rowing,Watercraft,13.581921,-38.320312,Carcharhinus leucas,6178405378,4144.72,70575.0,pas_de_proximite_100km,0,0,0,2026-02-18T16:22,https://www.gbif.org/occurrence/6178405378
5725,2015-02-15,2015,ATLANTIC OCEAN,,,Transatlantic Rowing,Watercraft,13.581921,-38.320312,Carcharodon carcharias,6400181485,4349.71,43.0,pas_de_proximite_100km,0,0,0,2026-06-05T11:25:01,https://www.gbif.org/occurrence/6400181485
5725,2015-02-15,2015,ATLANTIC OCEAN,,,Transatlantic Rowing,Watercraft,13.581921,-38.320312,Galeocerdo cuvier,6188381210,2694.44,30683.0,pas_de_proximite_100km,0,0,0,2026-02-23T09:32,https://www.gbif.org/occurrence/6188381210
5725,2015-02-15,2015,ATLANTIC OCEAN,,,Transatlantic Rowing,Watercraft,13.581921,-38.320312,Rhincodon typus,6133129315,3148.9,31179.0,pas_de_proximite_100km,0,0,0,2026-01-30T11:50:16,https://www.gbif.org/occurrence/6133129315
5726,2015-05-29,2015,USA,Florida,"Cocoa Beach, Brevard  County",Standing,Unprovoked,28.3184107,-80.6094959,Carcharhinus leucas,6234759244,43.15,29680.0,proximite_regionale,0,5,5,2026-04-17T20:49,https://www.gbif.org/occurrence/6234759244
5726,2015-05-29,2015,USA,Florida,"Cocoa Beach, Brevard  County",Standing,Unprovoked,28.3184107,-80.6094959,Carcharodon carcharias,6441095820,501.64,257.0,pas_de_proximite_100km,0,0,0,2026-03-27T20:47:37,https://www.gbif.org/occurrence/6441095820
5726,2015-05-29,2015,USA,Florida,"Cocoa Beach, Brevard  County",Standing,Unprovoked,28.3184107,-80.6094959,Galeocerdo cuvier,6235030691,159.76,29798.0,pas_de_proximite_100km,0,0,0,2026-04-25T11:55,https://www.gbif.org/occurrence/6235030691
5726,2015-05-29,2015,USA,Florida,"Cocoa Beach, Brevard  County",Standing,Unprovoked,28.3184107,-80.6094959,Rhincodon typus,6253026970,444.43,30069.0,pas_de_proximite_100km,0,0,0,2026-04-27T07:00,https://www.gbif.org/occurrence/6253026970
5731,2015-09-17,2015,USA,Florida,"Jacksonville Beach, Duval County",Surfing,Unprovoked,30.2946859,-81.3931396,Carcharhinus leucas,6133570230,141.6,29533.0,pas_de_proximite_100km,0,0,0,2026-01-28T17:22:37,https://www.gbif.org/occurrence/6133570230
5731,2015-09-17,2015,USA,Florida,"Jacksonville Beach, Duval County",Surfing,Unprovoked,30.2946859,-81.3931396,Carcharodon carcharias,6441095820,314.31,257.0,pas_de_proximite_100km,0,0,0,2026-03-27T20:47:37,https://www.gbif.org/occurrence/6441095820
5731,2015-09-17,2015,USA,Florida,"Jacksonville Beach, Duval County",Surfing,Unprovoked,30.2946859,-81.3931396,Galeocerdo cuvier,6399953055,53.35,29433.0,proximite_regionale,0,1,0,2026-06-07T17:14:40,https://www.gbif.org/occurrence/6399953055
5731,2015-09-17,2015,USA,Florida,"Jacksonville Beach, Duval County",Surfing,Unprovoked,30.2946859,-81.3931396,Rhincodon typus,6253026970,639.65,30069.0,pas_de_proximite_100km,0,0,0,2026-04-27T07:00,https://www.gbif.org/occurrence/6253026970
5734,2015-09-03,2015,USA,South Carolina,"Myrtle Beach, Horry County",Inconnue,Unprovoked,33.6956461,-78.8900409,Carcharhinus leucas,6130999421,541.07,29533.0,pas_de_proximite_100km,0,0,0,2026-01-17T15:30:29,https://www.gbif.org/occurrence/6130999421
5734,2015-09-03,2015,USA,South Carolina,"Myrtle Beach, Horry County",Inconnue,Unprovoked,33.6956461,-78.8900409,Carcharodon carcharias,6479594785,36.6,53267.0,proximite_regionale,0,1,0,2026-07-14T07:15:20,https://www.gbif.org/occurrence/6479594785
5734,2015-09-03,2015,USA,South Carolina,"Myrtle Beach, Horry County",Inconnue,Unprovoked,33.6956461,-78.8900409,Galeocerdo cuvier,6399752821,35.29,28902.0,proximite_regionale,0,1,0,2026-06-04T11:19,https://www.gbif.org/occurrence/6399752821
5734,2015-09-03,2015,USA,South Carolina,"Myrtle Beach, Horry County",Inconnue,Unprovoked,33.6956461,-78.8900409,Rhincodon typus,6253026970,1062.68,30069.0,pas_de_proximite_100km,0,0,0,2026-04-27T07:00,https://www.gbif.org/occurrence/6253026970
5744,2015-07-03,2015,AUSTRALIA,New South Wales,Lennox Head,Surfing,Unprovoked,-28.7910334,153.5878047,Carcharhinus leucas,6159543580,151.68,122.0,pas_de_proximite_100km,0,0,0,2026-02-14T19:35:12,https://www.gbif.org/occurrence/6159543580
5744,2015-07-03,2015,AUSTRALIA,New South Wales,Lennox Head,Surfing,Unprovoked,-28.7910334,153.5878047,Carcharodon carcharias,6162878281,151.44,7.0,pas_de_proximite_100km,0,0,0,2026-02-22T09:03:13,https://www.gbif.org/occurrence/6162878281
5744,2015-07-03,2015,AUSTRALIA,New South Wales,Lennox Head,Surfing,Unprovoked,-28.7910334,153.5878047,Galeocerdo cuvier,6133086834,59.21,5.0,proximite_regionale,0,1,1,2026-02-02T13:14:46,https://www.gbif.org/occurrence/6133086834
5744,2015-07-03,2015,AUSTRALIA,New South Wales,Lennox Head,Surfing,Unprovoked,-28.7910334,153.5878047,Rhincodon typus,5938466615,1623.12,30841.0,pas_de_proximite_100km,0,0,0,2026-01-03T11:33,https://www.gbif.org/occurrence/5938466615
5748,2015-11-01,2015,USA,Florida,"Cocoa Beach, Brevard  County",Wading,Unprovoked,28.3184107,-80.6094959,Carcharhinus leucas,6234759244,43.15,29680.0,proximite_regionale,0,5,5,2026-04-17T20:49,https://www.gbif.org/occurrence/6234759244
5748,2015-11-01,2015,USA,Florida,"Cocoa Beach, Brevard  County",Wading,Unprovoked,28.3184107,-80.6094959,Carcharodon carcharias,6441095820,501.64,257.0,pas_de_proximite_100km,0,0,0,2026-03-27T20:47:37,https://www.gbif.org/occurrence/6441095820
5748,2015-11-01,2015,USA,Florida,"Cocoa Beach, Brevard  County",Wading,Unprovoked,28.3184107,-80.6094959,Galeocerdo cuvier,6235030691,159.76,29798.0,pas_de_proximite_100km,0,0,0,2026-04-25T11:55,https://www.gbif.org/occurrence/6235030691
5748,2015-11-01,2015,USA,Florida,"Cocoa Beach, Brevard  County",Wading,Unprovoked,28.3184107,-80.6094959,Rhincodon typus,6253026970,444.43,30069.0,pas_de_proximite_100km,0,0,0,2026-04-27T07:00,https://www.gbif.org/occurrence/6253026970
5750,2015-07-08,2015,USA,California,"Huntington Beach, Orange County",Treading water,Invalid,33.6783336,-118.000016,Carcharhinus leucas,6334261088,1391.73,30175.0,pas_de_proximite_100km,0,0,0,2026-05-21T11:26,https://www.gbif.org/occurrence/6334261088
5750,2015-07-08,2015,USA,California,"Huntington Beach, Orange County",Treading water,Invalid,33.6783336,-118.000016,Carcharodon carcharias,6333847816,45.35,6.0,proximite_regionale,0,3,1,2026-05-25T09:35:36,https://www.gbif.org/occurrence/6333847816
5750,2015-07-08,2015,USA,California,"Huntington Beach, Orange County",Treading water,Invalid,33.6783336,-118.000016,Galeocerdo cuvier,6400211599,1757.15,30580.0,pas_de_proximite_100km,0,0,0,2026-05-28T10:51:24,https://www.gbif.org/occurrence/6400211599
5750,2015-07-08,2015,USA,California,"Huntington Beach, Orange County",Treading water,Invalid,33.6783336,-118.000016,Rhincodon typus,6130536863,1255.22,5588.0,pas_de_proximite_100km,0,0,0,2026-01-05T15:29:36,https://www.gbif.org/occurrence/6130536863
5751,2015-06-25,2015,AUSTRALIA,Western Australia,Rottnest Island,Swimming,Provoked,-32.0070095,115.5205271,Carcharhinus leucas,6185213952,136.98,6264.0,pas_de_proximite_100km,0,0,0,2026-03-07T16:35,https://www.gbif.org/occurrence/6185213952
5751,2015-06-25,2015,AUSTRALIA,Western Australia,Rottnest Island,Swimming,Provoked,-32.0070095,115.5205271,Carcharodon carcharias,6431130723,1926.92,4634.0,pas_de_proximite_100km,0,0,0,2026-04-22T09:31,https://www.gbif.org/occurrence/6431130723
5751,2015-06-25,2015,AUSTRALIA,Western Australia,Rottnest Island,Swimming,Provoked,-32.0070095,115.5205271,Galeocerdo cuvier,6520390560,1000.17,8.0,pas_de_proximite_100km,0,0,0,2026-08-31T14:06,https://www.gbif.org/occurrence/6520390560
5751,2015-06-25,2015,AUSTRALIA,Western Australia,Rottnest Island,Swimming,Provoked,-32.0070095,115.5205271,Rhincodon typus,6235956991,1080.07,30278.0,pas_de_proximite_100km,0,0,0,2026-04-22T13:33:02,https://www.gbif.org/occurrence/6235956991
5755,2015-07-10,2015,USA,California,"Huntington Beach, Orange County",Surfing,Unprovoked,33.6783336,-118.000016,Carcharhinus leucas,6334261088,1391.73,30175.0,pas_de_proximite_100km,0,0,0,2026-05-21T11:26,https://www.gbif.org/occurrence/6334261088
5755,2015-07-10,2015,USA,California,"Huntington Beach, Orange County",Surfing,Unprovoked,33.6783336,-118.000016,Carcharodon carcharias,6333847816,45.35,6.0,proximite_regionale,0,3,1,2026-05-25T09:35:36,https://www.gbif.org/occurrence/6333847816
5755,2015-07-10,2015,USA,California,"Huntington Beach, Orange County",Surfing,Unprovoked,33.6783336,-118.000016,Galeocerdo cuvier,6400211599,1757.15,30580.0,pas_de_proximite_100km,0,0,0,2026-05-28T10:51:24,https://www.gbif.org/occurrence/6400211599
5755,2015-07-10,2015,USA,California,"Huntington Beach, Orange County",Surfing,Unprovoked,33.6783336,-118.000016,Rhincodon typus,6130536863,1255.22,5588.0,pas_de_proximite_100km,0,0,0,2026-01-05T15:29:36,https://www.gbif.org/occurrence/6130536863
5758,2015-07-26,2015,USA,Florida,"Daytona Beach, Volusia County",Surfing,Unprovoked,29.2108147,-81.0228331,Carcharhinus leucas,6133570230,19.73,29533.0,proximite_forte,2,2,2,2026-01-28T17:22:37,https://www.gbif.org/occurrence/6133570230
5758,2015-07-26,2015,USA,Florida,"Daytona Beach, Volusia County",Surfing,Unprovoked,29.2108147,-81.0228331,Carcharodon carcharias,6441095820,413.1,257.0,pas_de_proximite_100km,0,0,0,2026-03-27T20:47:37,https://www.gbif.org/occurrence/6441095820
5758,2015-07-26,2015,USA,Florida,"Daytona Beach, Volusia County",Surfing,Unprovoked,29.2108147,-81.0228331,Galeocerdo cuvier,6399953055,72.96,29433.0,proximite_regionale,0,1,0,2026-06-07T17:14:40,https://www.gbif.org/occurrence/6399953055
5758,2015-07-26,2015,USA,Florida,"Daytona Beach, Volusia County",Surfing,Unprovoked,29.2108147,-81.0228331,Rhincodon typus,6253026970,527.37,30069.0,pas_de_proximite_100km,0,0,0,2026-04-27T07:00,https://www.gbif.org/occurrence/6253026970
5766,2015-05-20,2015,USA,Florida,"New Smyrna Beach, Volusia County",Surfing,Unprovoked,29.0258132,-80.9271271,Carcharhinus leucas,6133570230,11.63,29533.0,proximite_forte,2,2,2,2026-01-28T17:22:37,https://www.gbif.org/occurrence/6133570230
5766,2015-05-20,2015,USA,Florida,"New Smyrna Beach, Volusia County",Surfing,Unprovoked,29.0258132,-80.9271271,Carcharodon carcharias,6441095820,430.55,257.0,pas_de_proximite_100km,0,0,0,2026-03-27T20:47:37,https://www.gbif.org/occurrence/6441095820
5766,2015-05-20,2015,USA,Florida,"New Smyrna Beach, Volusia County",Surfing,Unprovoked,29.0258132,-80.9271271,Galeocerdo cuvier,6399953055,95.51,29433.0,proximite_regionale,0,1,0,2026-06-07T17:14:40,https://www.gbif.org/occurrence/6399953055
5766,2015-05-20,2015,USA,Florida,"New Smyrna Beach, Volusia County",Surfing,Unprovoked,29.0258132,-80.9271271,Rhincodon typus,6253026970,509.66,30069.0,pas_de_proximite_100km,0,0,0,2026-04-27T07:00,https://www.gbif.org/occurrence/6253026970
5771,2015-11-16,2015,USA,Florida,"Playalinda Beach, Brevard County",Surfing,Unprovoked,28.6773237,-80.6472179,Carcharhinus leucas,6130999421,52.09,29533.0,proximite_regionale,0,3,3,2026-01-17T15:30:29,https://www.gbif.org/occurrence/6130999421
5771,2015-11-16,2015,USA,Florida,"Playalinda Beach, Brevard County",Surfing,Unprovoked,28.6773237,-80.6472179,Carcharodon carcharias,6441095820,462.84,257.0,pas_de_proximite_100km,0,0,0,2026-03-27T20:47:37,https://www.gbif.org/occurrence/6441095820
5771,2015-11-16,2015,USA,Florida,"Playalinda Beach, Brevard County",Surfing,Unprovoked,28.6773237,-80.6472179,Galeocerdo cuvier,6399953055,142.04,29433.0,pas_de_proximite_100km,0,0,0,2026-06-07T17:14:40,https://www.gbif.org/occurrence/6399953055
5771,2015-11-16,2015,USA,Florida,"Playalinda Beach, Brevard County",Surfing,Unprovoked,28.6773237,-80.6472179,Rhincodon typus,6253026970,480.57,30069.0,pas_de_proximite_100km,0,0,0,2026-04-27T07:00,https://www.gbif.org/occurrence/6253026970
5774,2015-05-29,2015,USA,Florida,"New Smyrna Beach, Volusia County",Wading,Unprovoked,29.0258132,-80.9271271,Carcharhinus leucas,6133570230,11.63,29533.0,proximite_forte,2,2,2,2026-01-28T17:22:37,https://www.gbif.org/occurrence/6133570230
5774,2015-05-29,2015,USA,Florida,"New Smyrna Beach, Volusia County",Wading,Unprovoked,29.0258132,-80.9271271,Carcharodon carcharias,6441095820,430.55,257.0,pas_de_proximite_100km,0,0,0,2026-03-27T20:47:37,https://www.gbif.org/occurrence/6441095820
5774,2015-05-29,2015,USA,Florida,"New Smyrna Beach, Volusia County",Wading,Unprovoked,29.0258132,-80.9271271,Galeocerdo cuvier,6399953055,95.51,29433.0,proximite_regionale,0,1,0,2026-06-07T17:14:40,https://www.gbif.org/occurrence/6399953055
5774,2015-05-29,2015,USA,Florida,"New Smyrna Beach, Volusia County",Wading,Unprovoked,29.0258132,-80.9271271,Rhincodon typus,6253026970,509.66,30069.0,pas_de_proximite_100km,0,0,0,2026-04-27T07:00,https://www.gbif.org/occurrence/6253026970
5789,2015-10-21,2015,USA,Florida,"Playalinda Beach, Brevard County",Surfing,Unprovoked,28.6773237,-80.6472179,Carcharhinus leucas,6130999421,52.09,29533.0,proximite_regionale,0,3,3,2026-01-17T15:30:29,https://www.gbif.org/occurrence/6130999421
5789,2015-10-21,2015,USA,Florida,"Playalinda Beach, Brevard County",Surfing,Unprovoked,28.6773237,-80.6472179,Carcharodon carcharias,6441095820,462.84,257.0,pas_de_proximite_100km,0,0,0,2026-03-27T20:47:37,https://www.gbif.org/occurrence/6441095820
5789,2015-10-21,2015,USA,Florida,"Playalinda Beach, Brevard County",Surfing,Unprovoked,28.6773237,-80.6472179,Galeocerdo cuvier,6399953055,142.04,29433.0,pas_de_proximite_100km,0,0,0,2026-06-07T17:14:40,https://www.gbif.org/occurrence/6399953055
5789,2015-10-21,2015,USA,Florida,"Playalinda Beach, Brevard County",Surfing,Unprovoked,28.6773237,-80.6472179,Rhincodon typus,6253026970,480.57,30069.0,pas_de_proximite_100km,0,0,0,2026-04-27T07:00,https://www.gbif.org/occurrence/6253026970
5791,2015-10-04,2015,USA,Florida,"New Smyrna Beach, Volusia County",Surfing,Unprovoked,29.0258132,-80.9271271,Carcharhinus leucas,6133570230,11.63,29533.0,proximite_forte,2,2,2,2026-01-28T17:22:37,https://www.gbif.org/occurrence/6133570230
5791,2015-10-04,2015,USA,Florida,"New Smyrna Beach, Volusia County",Surfing,Unprovoked,29.0258132,-80.9271271,Carcharodon carcharias,6441095820,430.55,257.0,pas_de_proximite_100km,0,0,0,2026-03-27T20:47:37,https://www.gbif.org/occurrence/6441095820
5791,2015-10-04,2015,USA,Florida,"New Smyrna Beach, Volusia County",Surfing,Unprovoked,29.0258132,-80.9271271,Galeocerdo cuvier,6399953055,95.51,29433.0,proximite_regionale,0,1,0,2026-06-07T17:14:40,https://www.gbif.org/occurrence/6399953055
5791,2015-10-04,2015,USA,Florida,"New Smyrna Beach, Volusia County",Surfing,Unprovoked,29.0258132,-80.9271271,Rhincodon typus,6253026970,509.66,30069.0,pas_de_proximite_100km,0,0,0,2026-04-27T07:00,https://www.gbif.org/occurrence/6253026970
5792,2015-08-19,2015,USA,Florida,"Jacksonville Beach, Duval County",Walking,Unprovoked,30.2946859,-81.3931396,Carcharhinus leucas,6133570230,141.6,29533.0,pas_de_proximite_100km,0,0,0,2026-01-28T17:22:37,https://www.gbif.org/occurrence/6133570230
5792,2015-08-19,2015,USA,Florida,"Jacksonville Beach, Duval County",Walking,Unprovoked,30.2946859,-81.3931396,Carcharodon carcharias,6441095820,314.31,257.0,pas_de_proximite_100km,0,0,0,2026-03-27T20:47:37,https://www.gbif.org/occurrence/6441095820
5792,2015-08-19,2015,USA,Florida,"Jacksonville Beach, Duval County",Walking,Unprovoked,30.2946859,-81.3931396,Galeocerdo cuvier,6399953055,53.35,29433.0,proximite_regionale,0,1,0,2026-06-07T17:14:40,https://www.gbif.org/occurrence/6399953055
5792,2015-08-19,2015,USA,Florida,"Jacksonville Beach, Duval County",Walking,Unprovoked,30.2946859,-81.3931396,Rhincodon typus,6253026970,639.65,30069.0,pas_de_proximite_100km,0,0,0,2026-04-27T07:00,https://www.gbif.org/occurrence/6253026970
5794,2015-06-26,2015,USA,Florida,"Jacksonville Beach, Duval County",Swimming,Invalid,30.2946859,-81.3931396,Carcharhinus leucas,6133570230,141.6,29533.0,pas_de_proximite_100km,0,0,0,2026-01-28T17:22:37,https://www.gbif.org/occurrence/6133570230
5794,2015-06-26,2015,USA,Florida,"Jacksonville Beach, Duval County",Swimming,Invalid,30.2946859,-81.3931396,Carcharodon carcharias,6441095820,314.31,257.0,pas_de_proximite_100km,0,0,0,2026-03-27T20:47:37,https://www.gbif.org/occurrence/6441095820
5794,2015-06-26,2015,USA,Florida,"Jacksonville Beach, Duval County",Swimming,Invalid,30.2946859,-81.3931396,Galeocerdo cuvier,6399953055,53.35,29433.0,proximite_regionale,0,1,0,2026-06-07T17:14:40,https://www.gbif.org/occurrence/6399953055
5794,2015-06-26,2015,USA,Florida,"Jacksonville Beach, Duval County",Swimming,Invalid,30.2946859,-81.3931396,Rhincodon typus,6253026970,639.65,30069.0,pas_de_proximite_100km,0,0,0,2026-04-27T07:00,https://www.gbif.org/occurrence/6253026970
5812,2015-04-13,2015,USA,Florida,"Florida Keys, Monroe County",Photographing the shark,Unprovoked,24.6736205,-81.4981792,Carcharhinus leucas,6273845090,7.22,30047.0,proximite_forte,2,5,3,2026-04-24T11:59,https://www.gbif.org/occurrence/6273845090
5812,2015-04-13,2015,USA,Florida,"Florida Keys, Monroe County",Photographing the shark,Unprovoked,24.6736205,-81.4981792,Carcharodon carcharias,6400039718,825.73,49.0,pas_de_proximite_100km,0,0,0,2026-02-25T14:55,https://www.gbif.org/occurrence/6400039718
5812,2015-04-13,2015,USA,Florida,"Florida Keys, Monroe County",Photographing the shark,Unprovoked,24.6736205,-81.4981792,Galeocerdo cuvier,5133758058,53.51,30025.0,proximite_regionale,0,1,0,2025-03-01T13:40,https://www.gbif.org/occurrence/5133758058
5812,2015-04-13,2015,USA,Florida,"Florida Keys, Monroe County",Photographing the shark,Unprovoked,24.6736205,-81.4981792,Rhincodon typus,6253026970,72.94,30069.0,proximite_regionale,0,1,0,2026-04-27T07:00,https://www.gbif.org/occurrence/6253026970
5820,2015-08-22,2015,USA,Florida,"Cocoa Beach, Brevard  County",Inconnue,Invalid,28.3184107,-80.6094959,Carcharhinus leucas,6234759244,43.15,29680.0,proximite_regionale,0,5,5,2026-04-17T20:49,https://www.gbif.org/occurrence/6234759244
5820,2015-08-22,2015,USA,Florida,"Cocoa Beach, Brevard  County",Inconnue,Invalid,28.3184107,-80.6094959,Carcharodon carcharias,6441095820,501.64,257.0,pas_de_proximite_100km,0,0,0,2026-03-27T20:47:37,https://www.gbif.org/occurrence/6441095820
5820,2015-08-22,2015,USA,Florida,"Cocoa Beach, Brevard  County",Inconnue,Invalid,28.3184107,-80.6094959,Galeocerdo cuvier,6235030691,159.76,29798.0,pas_de_proximite_100km,0,0,0,2026-04-25T11:55,https://www.gbif.org/occurrence/6235030691
5820,2015-08-22,2015,USA,Florida,"Cocoa Beach, Brevard  County",Inconnue,Invalid,28.3184107,-80.6094959,Rhincodon typus,6253026970,444.43,30069.0,pas_de_proximite_100km,0,0,0,2026-04-27T07:00,https://www.gbif.org/occurrence/6253026970
5827,2016-09-18,2016,USA,Florida,"New Smyrna Beach, Volusia County",Surfing,Unprovoked,29.0258132,-80.9271271,Carcharhinus leucas,6133570230,11.63,29533.0,proximite_forte,2,2,2,2026-01-28T17:22:37,https://www.gbif.org/occurrence/6133570230
5827,2016-09-18,2016,USA,Florida,"New Smyrna Beach, Volusia County",Surfing,Unprovoked,29.0258132,-80.9271271,Carcharodon carcharias,6441095820,430.55,257.0,pas_de_proximite_100km,0,0,0,2026-03-27T20:47:37,https://www.gbif.org/occurrence/6441095820
5827,2016-09-18,2016,USA,Florida,"New Smyrna Beach, Volusia County",Surfing,Unprovoked,29.0258132,-80.9271271,Galeocerdo cuvier,6399953055,95.51,29433.0,proximite_regionale,0,1,0,2026-06-07T17:14:40,https://www.gbif.org/occurrence/6399953055
5827,2016-09-18,2016,USA,Florida,"New Smyrna Beach, Volusia County",Surfing,Unprovoked,29.0258132,-80.9271271,Rhincodon typus,6253026970,509.66,30069.0,pas_de_proximite_100km,0,0,0,2026-04-27T07:00,https://www.gbif.org/occurrence/6253026970
5829,2016-09-18,2016,USA,Florida,"New Smyrna Beach, Volusia County",Surfing,Unprovoked,29.0258132,-80.9271271,Carcharhinus leucas,6133570230,11.63,29533.0,proximite_forte,2,2,2,2026-01-28T17:22:37,https://www.gbif.org/occurrence/6133570230
5829,2016-09-18,2016,USA,Florida,"New Smyrna Beach, Volusia County",Surfing,Unprovoked,29.0258132,-80.9271271,Carcharodon carcharias,6441095820,430.55,257.0,pas_de_proximite_100km,0,0,0,2026-03-27T20:47:37,https://www.gbif.org/occurrence/6441095820
5829,2016-09-18,2016,USA,Florida,"New Smyrna Beach, Volusia County",Surfing,Unprovoked,29.0258132,-80.9271271,Galeocerdo cuvier,6399953055,95.51,29433.0,proximite_regionale,0,1,0,2026-06-07T17:14:40,https://www.gbif.org/occurrence/6399953055
5829,2016-09-18,2016,USA,Florida,"New Smyrna Beach, Volusia County",Surfing,Unprovoked,29.0258132,-80.9271271,Rhincodon typus,6253026970,509.66,30069.0,pas_de_proximite_100km,0,0,0,2026-04-27T07:00,https://www.gbif.org/occurrence/6253026970
5830,2016-08-29,2016,USA,Florida,"New Smyrna Beach, Volusia County",Surfing,Unprovoked,29.0258132,-80.9271271,Carcharhinus leucas,6133570230,11.63,29533.0,proximite_forte,2,2,2,2026-01-28T17:22:37,https://www.gbif.org/occurrence/6133570230
5830,2016-08-29,2016,USA,Florida,"New Smyrna Beach, Volusia County",Surfing,Unprovoked,29.0258132,-80.9271271,Carcharodon carcharias,6441095820,430.55,257.0,pas_de_proximite_100km,0,0,0,2026-03-27T20:47:37,https://www.gbif.org/occurrence/6441095820
5830,2016-08-29,2016,USA,Florida,"New Smyrna Beach, Volusia County",Surfing,Unprovoked,29.0258132,-80.9271271,Galeocerdo cuvier,6399953055,95.51,29433.0,proximite_regionale,0,1,0,2026-06-07T17:14:40,https://www.gbif.org/occurrence/6399953055
5830,2016-08-29,2016,USA,Florida,"New Smyrna Beach, Volusia County",Surfing,Unprovoked,29.0258132,-80.9271271,Rhincodon typus,6253026970,509.66,30069.0,pas_de_proximite_100km,0,0,0,2026-04-27T07:00,https://www.gbif.org/occurrence/6253026970
5831,2016-10-01,2016,USA,Florida,"New Smyrna Beach, Volusia County",Surfng,Unprovoked,29.0258132,-80.9271271,Carcharhinus leucas,6133570230,11.63,29533.0,proximite_forte,2,2,2,2026-01-28T17:22:37,https://www.gbif.org/occurrence/6133570230
5831,2016-10-01,2016,USA,Florida,"New Smyrna Beach, Volusia County",Surfng,Unprovoked,29.0258132,-80.9271271,Carcharodon carcharias,6441095820,430.55,257.0,pas_de_proximite_100km,0,0,0,2026-03-27T20:47:37,https://www.gbif.org/occurrence/6441095820
5831,2016-10-01,2016,USA,Florida,"New Smyrna Beach, Volusia County",Surfng,Unprovoked,29.0258132,-80.9271271,Galeocerdo cuvier,6399953055,95.51,29433.0,proximite_regionale,0,1,0,2026-06-07T17:14:40,https://www.gbif.org/occurrence/6399953055
5831,2016-10-01,2016,USA,Florida,"New Smyrna Beach, Volusia County",Surfng,Unprovoked,29.0258132,-80.9271271,Rhincodon typus,6253026970,509.66,30069.0,pas_de_proximite_100km,0,0,0,2026-04-27T07:00,https://www.gbif.org/occurrence/6253026970
5839,2016-08-29,2016,USA,Florida,"New Smyrna Beach, Volusia County",Surfing,Unprovoked,29.0258132,-80.9271271,Carcharhinus leucas,6133570230,11.63,29533.0,proximite_forte,2,2,2,2026-01-28T17:22:37,https://www.gbif.org/occurrence/6133570230
5839,2016-08-29,2016,USA,Florida,"New Smyrna Beach, Volusia County",Surfing,Unprovoked,29.0258132,-80.9271271,Carcharodon carcharias,6441095820,430.55,257.0,pas_de_proximite_100km,0,0,0,2026-03-27T20:47:37,https://www.gbif.org/occurrence/6441095820
5839,2016-08-29,2016,USA,Florida,"New Smyrna Beach, Volusia County",Surfing,Unprovoked,29.0258132,-80.9271271,Galeocerdo cuvier,6399953055,95.51,29433.0,proximite_regionale,0,1,0,2026-06-07T17:14:40,https://www.gbif.org/occurrence/6399953055
5839,2016-08-29,2016,USA,Florida,"New Smyrna Beach, Volusia County",Surfing,Unprovoked,29.0258132,-80.9271271,Rhincodon typus,6253026970,509.66,30069.0,pas_de_proximite_100km,0,0,0,2026-04-27T07:00,https://www.gbif.org/occurrence/6253026970
5847,2016-09-04,2016,USA,Florida,"New Smyrna Beach, Volusia County",Body boarding,Unprovoked,29.0258132,-80.9271271,Carcharhinus leucas,6133570230,11.63,29533.0,proximite_forte,2,2,2,2026-01-28T17:22:37,https://www.gbif.org/occurrence/6133570230
5847,2016-09-04,2016,USA,Florida,"New Smyrna Beach, Volusia County",Body boarding,Unprovoked,29.0258132,-80.9271271,Carcharodon carcharias,6441095820,430.55,257.0,pas_de_proximite_100km,0,0,0,2026-03-27T20:47:37,https://www.gbif.org/occurrence/6441095820
5847,2016-09-04,2016,USA,Florida,"New Smyrna Beach, Volusia County",Body boarding,Unprovoked,29.0258132,-80.9271271,Galeocerdo cuvier,6399953055,95.51,29433.0,proximite_regionale,0,1,0,2026-06-07T17:14:40,https://www.gbif.org/occurrence/6399953055
5847,2016-09-04,2016,USA,Florida,"New Smyrna Beach, Volusia County",Body boarding,Unprovoked,29.0258132,-80.9271271,Rhincodon typus,6253026970,509.66,30069.0,pas_de_proximite_100km,0,0,0,2026-04-27T07:00,https://www.gbif.org/occurrence/6253026970
5848,2016-07-27,2016,USA,Florida,"Florida Keys, Monroe County",Lobstering,Provoked,24.6736205,-81.4981792,Carcharhinus leucas,6273845090,7.22,30047.0,proximite_forte,2,5,3,2026-04-24T11:59,https://www.gbif.org/occurrence/6273845090
5848,2016-07-27,2016,USA,Florida,"Florida Keys, Monroe County",Lobstering,Provoked,24.6736205,-81.4981792,Carcharodon carcharias,6400039718,825.73,49.0,pas_de_proximite_100km,0,0,0,2026-02-25T14:55,https://www.gbif.org/occurrence/6400039718
5848,2016-07-27,2016,USA,Florida,"Florida Keys, Monroe County",Lobstering,Provoked,24.6736205,-81.4981792,Galeocerdo cuvier,5133758058,53.51,30025.0,proximite_regionale,0,1,0,2025-03-01T13:40,https://www.gbif.org/occurrence/5133758058
5848,2016-07-27,2016,USA,Florida,"Florida Keys, Monroe County",Lobstering,Provoked,24.6736205,-81.4981792,Rhincodon typus,6253026970,72.94,30069.0,proximite_regionale,0,1,0,2026-04-27T07:00,https://www.gbif.org/occurrence/6253026970
5850,2016-09-15,2016,AUSTRALIA,Western Australia,Bunbury,Fishing,Watercraft,-33.3267797,115.636698,Carcharhinus leucas,6185213952,12.22,6264.0,proximite_forte,1,1,0,2026-03-07T16:35,https://www.gbif.org/occurrence/6185213952
5850,2016-09-15,2016,AUSTRALIA,Western Australia,Bunbury,Fishing,Watercraft,-33.3267797,115.636698,Carcharodon carcharias,6131342125,1884.81,7535.0,pas_de_proximite_100km,0,0,0,2026-01-07T08:00:21,https://www.gbif.org/occurrence/6131342125
5850,2016-09-15,2016,AUSTRALIA,Western Australia,Bunbury,Fishing,Watercraft,-33.3267797,115.636698,Galeocerdo cuvier,6520390560,1146.57,8.0,pas_de_proximite_100km,0,0,0,2026-08-31T14:06,https://www.gbif.org/occurrence/6520390560
5850,2016-09-15,2016,AUSTRALIA,Western Australia,Bunbury,Fishing,Watercraft,-33.3267797,115.636698,Rhincodon typus,6235956991,1226.66,30278.0,pas_de_proximite_100km,0,0,0,2026-04-22T13:33:02,https://www.gbif.org/occurrence/6235956991
5867,2016-08-04,2016,USA,Florida,"New Smyrna Beach, Volusia County",Surfing,Unprovoked,29.0258132,-80.9271271,Carcharhinus leucas,6133570230,11.63,29533.0,proximite_forte,2,2,2,2026-01-28T17:22:37,https://www.gbif.org/occurrence/6133570230
5867,2016-08-04,2016,USA,Florida,"New Smyrna Beach, Volusia County",Surfing,Unprovoked,29.0258132,-80.9271271,Carcharodon carcharias,6441095820,430.55,257.0,pas_de_proximite_100km,0,0,0,2026-03-27T20:47:37,https://www.gbif.org/occurrence/6441095820
5867,2016-08-04,2016,USA,Florida,"New Smyrna Beach, Volusia County",Surfing,Unprovoked,29.0258132,-80.9271271,Galeocerdo cuvier,6399953055,95.51,29433.0,proximite_regionale,0,1,0,2026-06-07T17:14:40,https://www.gbif.org/occurrence/6399953055
5867,2016-08-04,2016,USA,Florida,"New Smyrna Beach, Volusia County",Surfing,Unprovoked,29.0258132,-80.9271271,Rhincodon typus,6253026970,509.66,30069.0,pas_de_proximite_100km,0,0,0,2026-04-27T07:00,https://www.gbif.org/occurrence/6253026970
5868,2016-07-16,2016,USA,Florida,"New Smyrna Beach, Volusia County",Inconnue,Unprovoked,29.0258132,-80.9271271,Carcharhinus leucas,6133570230,11.63,29533.0,proximite_forte,2,2,2,2026-01-28T17:22:37,https://www.gbif.org/occurrence/6133570230
5868,2016-07-16,2016,USA,Florida,"New Smyrna Beach, Volusia County",Inconnue,Unprovoked,29.0258132,-80.9271271,Carcharodon carcharias,6441095820,430.55,257.0,pas_de_proximite_100km,0,0,0,2026-03-27T20:47:37,https://www.gbif.org/occurrence/6441095820
5868,2016-07-16,2016,USA,Florida,"New Smyrna Beach, Volusia County",Inconnue,Unprovoked,29.0258132,-80.9271271,Galeocerdo cuvier,6399953055,95.51,29433.0,proximite_regionale,0,1,0,2026-06-07T17:14:40,https://www.gbif.org/occurrence/6399953055
5868,2016-07-16,2016,USA,Florida,"New Smyrna Beach, Volusia County",Inconnue,Unprovoked,29.0258132,-80.9271271,Rhincodon typus,6253026970,509.66,30069.0,pas_de_proximite_100km,0,0,0,2026-04-27T07:00,https://www.gbif.org/occurrence/6253026970
5879,2016-12-11,2016,USA,Florida,"New Smyrna Beach, Volusia County",Surfing,Invalid,29.0258132,-80.9271271,Carcharhinus leucas,6133570230,11.63,29533.0,proximite_forte,2,2,2,2026-01-28T17:22:37,https://www.gbif.org/occurrence/6133570230
5879,2016-12-11,2016,USA,Florida,"New Smyrna Beach, Volusia County",Surfing,Invalid,29.0258132,-80.9271271,Carcharodon carcharias,6441095820,430.55,257.0,pas_de_proximite_100km,0,0,0,2026-03-27T20:47:37,https://www.gbif.org/occurrence/6441095820
5879,2016-12-11,2016,USA,Florida,"New Smyrna Beach, Volusia County",Surfing,Invalid,29.0258132,-80.9271271,Galeocerdo cuvier,6399953055,95.51,29433.0,proximite_regionale,0,1,0,2026-06-07T17:14:40,https://www.gbif.org/occurrence/6399953055
5879,2016-12-11,2016,USA,Florida,"New Smyrna Beach, Volusia County",Surfing,Invalid,29.0258132,-80.9271271,Rhincodon typus,6253026970,509.66,30069.0,pas_de_proximite_100km,0,0,0,2026-04-27T07:00,https://www.gbif.org/occurrence/6253026970
5884,2016-09-18,2016,USA,Florida,"New Smyrna Beach, Volusia County",Surfing,Unprovoked,29.0258132,-80.9271271,Carcharhinus leucas,6133570230,11.63,29533.0,proximite_forte,2,2,2,2026-01-28T17:22:37,https://www.gbif.org/occurrence/6133570230
5884,2016-09-18,2016,USA,Florida,"New Smyrna Beach, Volusia County",Surfing,Unprovoked,29.0258132,-80.9271271,Carcharodon carcharias,6441095820,430.55,257.0,pas_de_proximite_100km,0,0,0,2026-03-27T20:47:37,https://www.gbif.org/occurrence/6441095820
5884,2016-09-18,2016,USA,Florida,"New Smyrna Beach, Volusia County",Surfing,Unprovoked,29.0258132,-80.9271271,Galeocerdo cuvier,6399953055,95.51,29433.0,proximite_regionale,0,1,0,2026-06-07T17:14:40,https://www.gbif.org/occurrence/6399953055
5884,2016-09-18,2016,USA,Florida,"New Smyrna Beach, Volusia County",Surfing,Unprovoked,29.0258132,-80.9271271,Rhincodon typus,6253026970,509.66,30069.0,pas_de_proximite_100km,0,0,0,2026-04-27T07:00,https://www.gbif.org/occurrence/6253026970
5891,2016-03-26,2016,BAHAMAS,,,Inconnue,Provoked,24.7736546,-78.0000547,Carcharhinus leucas,6334488030,158.99,29936.0,pas_de_proximite_100km,0,0,0,2026-05-18T15:01:50,https://www.gbif.org/occurrence/6334488030
5891,2016-03-26,2016,BAHAMAS,,,Inconnue,Provoked,24.7736546,-78.0000547,Carcharodon carcharias,6441095820,907.03,257.0,pas_de_proximite_100km,0,0,0,2026-03-27T20:47:37,https://www.gbif.org/occurrence/6441095820
5891,2016-03-26,2016,BAHAMAS,,,Inconnue,Provoked,24.7736546,-78.0000547,Galeocerdo cuvier,6131322721,84.29,120467.0,proximite_regionale,0,2,0,2026-01-13,https://www.gbif.org/occurrence/6131322721
5891,2016-03-26,2016,BAHAMAS,,,Inconnue,Provoked,24.7736546,-78.0000547,Rhincodon typus,6253026970,426.21,30069.0,pas_de_proximite_100km,0,0,0,2026-04-27T07:00,https://www.gbif.org/occurrence/6253026970
5892,2016-04-07,2016,USA,Florida,"Florida Keys, Monroe County",Fishing,Unprovoked,24.6736205,-81.4981792,Carcharhinus leucas,6273845090,7.22,30047.0,proximite_forte,2,5,3,2026-04-24T11:59,https://www.gbif.org/occurrence/6273845090
5892,2016-04-07,2016,USA,Florida,"Florida Keys, Monroe County",Fishing,Unprovoked,24.6736205,-81.4981792,Carcharodon carcharias,6400039718,825.73,49.0,pas_de_proximite_100km,0,0,0,2026-02-25T14:55,https://www.gbif.org/occurrence/6400039718
5892,2016-04-07,2016,USA,Florida,"Florida Keys, Monroe County",Fishing,Unprovoked,24.6736205,-81.4981792,Galeocerdo cuvier,5133758058,53.51,30025.0,proximite_regionale,0,1,0,2025-03-01T13:40,https://www.gbif.org/occurrence/5133758058
5892,2016-04-07,2016,USA,Florida,"Florida Keys, Monroe County",Fishing,Unprovoked,24.6736205,-81.4981792,Rhincodon typus,6253026970,72.94,30069.0,proximite_regionale,0,1,0,2026-04-27T07:00,https://www.gbif.org/occurrence/6253026970
5905,2016-04-23,2016,USA,Florida,"New Smyrna Beach, Volusia County",Surfing,Unprovoked,29.0258132,-80.9271271,Carcharhinus leucas,6133570230,11.63,29533.0,proximite_forte,2,2,2,2026-01-28T17:22:37,https://www.gbif.org/occurrence/6133570230
5905,2016-04-23,2016,USA,Florida,"New Smyrna Beach, Volusia County",Surfing,Unprovoked,29.0258132,-80.9271271,Carcharodon carcharias,6441095820,430.55,257.0,pas_de_proximite_100km,0,0,0,2026-03-27T20:47:37,https://www.gbif.org/occurrence/6441095820
5905,2016-04-23,2016,USA,Florida,"New Smyrna Beach, Volusia County",Surfing,Unprovoked,29.0258132,-80.9271271,Galeocerdo cuvier,6399953055,95.51,29433.0,proximite_regionale,0,1,0,2026-06-07T17:14:40,https://www.gbif.org/occurrence/6399953055
5905,2016-04-23,2016,USA,Florida,"New Smyrna Beach, Volusia County",Surfing,Unprovoked,29.0258132,-80.9271271,Rhincodon typus,6253026970,509.66,30069.0,pas_de_proximite_100km,0,0,0,2026-04-27T07:00,https://www.gbif.org/occurrence/6253026970
5915,2016-05-22,2016,USA,Florida,"Vero Beach, Indian River County",Swimming,Unprovoked,27.6387163,-80.3975399,Carcharhinus leucas,6499859773,13.03,29704.0,proximite_forte,2,8,4,2026-07-14T11:25:55,https://www.gbif.org/occurrence/6499859773
5915,2016-05-22,2016,USA,Florida,"Vero Beach, Indian River County",Swimming,Unprovoked,27.6387163,-80.3975399,Carcharodon carcharias,6441095820,574.11,257.0,pas_de_proximite_100km,0,0,0,2026-03-27T20:47:37,https://www.gbif.org/occurrence/6441095820
5915,2016-05-22,2016,USA,Florida,"Vero Beach, Indian River County",Swimming,Unprovoked,27.6387163,-80.3975399,Galeocerdo cuvier,6235030691,81.45,29798.0,proximite_regionale,0,1,0,2026-04-25T11:55,https://www.gbif.org/occurrence/6235030691
5915,2016-05-22,2016,USA,Florida,"Vero Beach, Indian River County",Swimming,Unprovoked,27.6387163,-80.3975399,Rhincodon typus,6253026970,384.59,30069.0,pas_de_proximite_100km,0,0,0,2026-04-27T07:00,https://www.gbif.org/occurrence/6253026970
5916,2016-06-07,2016,USA,South Carolina,"Folly Beach, Charleston County",Surfing,Invalid,32.6554848,-79.9407802,Carcharhinus leucas,6130999421,402.26,29533.0,pas_de_proximite_100km,0,0,0,2026-01-17T15:30:29,https://www.gbif.org/occurrence/6130999421
5916,2016-06-07,2016,USA,South Carolina,"Folly Beach, Charleston County",Surfing,Invalid,32.6554848,-79.9407802,Carcharodon carcharias,6441095820,18.48,257.0,proximite_forte,1,1,0,2026-03-27T20:47:37,https://www.gbif.org/occurrence/6441095820
5916,2016-06-07,2016,USA,South Carolina,"Folly Beach, Charleston County",Surfing,Invalid,32.6554848,-79.9407802,Galeocerdo cuvier,6399752821,186.03,28902.0,pas_de_proximite_100km,0,0,0,2026-06-04T11:19,https://www.gbif.org/occurrence/6399752821
5916,2016-06-07,2016,USA,South Carolina,"Folly Beach, Charleston County",Surfing,Invalid,32.6554848,-79.9407802,Rhincodon typus,6253026970,923.96,30069.0,pas_de_proximite_100km,0,0,0,2026-04-27T07:00,https://www.gbif.org/occurrence/6253026970
5919,2016-07-16,2016,USA,Florida,"New Smyrna Beach, Volusia County",Surfing,Unprovoked,29.0258132,-80.9271271,Carcharhinus leucas,6133570230,11.63,29533.0,proximite_forte,2,2,2,2026-01-28T17:22:37,https://www.gbif.org/occurrence/6133570230
5919,2016-07-16,2016,USA,Florida,"New Smyrna Beach, Volusia County",Surfing,Unprovoked,29.0258132,-80.9271271,Carcharodon carcharias,6441095820,430.55,257.0,pas_de_proximite_100km,0,0,0,2026-03-27T20:47:37,https://www.gbif.org/occurrence/6441095820
5919,2016-07-16,2016,USA,Florida,"New Smyrna Beach, Volusia County",Surfing,Unprovoked,29.0258132,-80.9271271,Galeocerdo cuvier,6399953055,95.51,29433.0,proximite_regionale,0,1,0,2026-06-07T17:14:40,https://www.gbif.org/occurrence/6399953055
5919,2016-07-16,2016,USA,Florida,"New Smyrna Beach, Volusia County",Surfing,Unprovoked,29.0258132,-80.9271271,Rhincodon typus,6253026970,509.66,30069.0,pas_de_proximite_100km,0,0,0,2026-04-27T07:00,https://www.gbif.org/occurrence/6253026970
5925,2016-10-02,2016,USA,Florida,"New Smyrna Beach, Volusia County",Surfing,Unprovoked,29.0258132,-80.9271271,Carcharhinus leucas,6133570230,11.63,29533.0,proximite_forte,2,2,2,2026-01-28T17:22:37,https://www.gbif.org/occurrence/6133570230
5925,2016-10-02,2016,USA,Florida,"New Smyrna Beach, Volusia County",Surfing,Unprovoked,29.0258132,-80.9271271,Carcharodon carcharias,6441095820,430.55,257.0,pas_de_proximite_100km,0,0,0,2026-03-27T20:47:37,https://www.gbif.org/occurrence/6441095820
5925,2016-10-02,2016,USA,Florida,"New Smyrna Beach, Volusia County",Surfing,Unprovoked,29.0258132,-80.9271271,Galeocerdo cuvier,6399953055,95.51,29433.0,proximite_regionale,0,1,0,2026-06-07T17:14:40,https://www.gbif.org/occurrence/6399953055
5925,2016-10-02,2016,USA,Florida,"New Smyrna Beach, Volusia County",Surfing,Unprovoked,29.0258132,-80.9271271,Rhincodon typus,6253026970,509.66,30069.0,pas_de_proximite_100km,0,0,0,2026-04-27T07:00,https://www.gbif.org/occurrence/6253026970
5928,2016-07-06,2016,USA,Florida,"Melbourne Beach, Brevard County",Swimming,Unprovoked,28.0684067,-80.5607951,Carcharhinus leucas,6234759244,16.58,29680.0,proximite_forte,1,3,3,2026-04-17T20:49,https://www.gbif.org/occurrence/6234759244
5928,2016-07-06,2016,USA,Florida,"Melbourne Beach, Brevard County",Swimming,Unprovoked,28.0684067,-80.5607951,Carcharodon carcharias,6441095820,528.49,257.0,pas_de_proximite_100km,0,0,0,2026-03-27T20:47:37,https://www.gbif.org/occurrence/6441095820
5928,2016-07-06,2016,USA,Florida,"Melbourne Beach, Brevard County",Swimming,Unprovoked,28.0684067,-80.5607951,Galeocerdo cuvier,6235030691,131.86,29798.0,pas_de_proximite_100km,0,0,0,2026-04-25T11:55,https://www.gbif.org/occurrence/6235030691
5928,2016-07-06,2016,USA,Florida,"Melbourne Beach, Brevard County",Swimming,Unprovoked,28.0684067,-80.5607951,Rhincodon typus,6253026970,420.55,30069.0,pas_de_proximite_100km,0,0,0,2026-04-27T07:00,https://www.gbif.org/occurrence/6253026970
5939,2016-08-06,2016,USA,Hawaii,Maui,SUP Foil boarding,Unprovoked,20.8029568,-156.3106833,Carcharhinus leucas,6334261088,4800.06,30175.0,pas_de_proximite_100km,0,0,0,2026-05-21T11:26,https://www.gbif.org/occurrence/6334261088
5939,2016-08-06,2016,USA,Hawaii,Maui,SUP Foil boarding,Unprovoked,20.8029568,-156.3106833,Carcharodon carcharias,6480838932,1253.22,1584228.0,pas_de_proximite_100km,0,0,0,2026-06-24T10:02:07,https://www.gbif.org/occurrence/6480838932
5939,2016-08-06,2016,USA,Hawaii,Maui,SUP Foil boarding,Unprovoked,20.8029568,-156.3106833,Galeocerdo cuvier,6252097407,7.26,44888.0,proximite_forte,1,1,0,2026-05-02T21:04,https://www.gbif.org/occurrence/6252097407
5939,2016-08-06,2016,USA,Hawaii,Maui,SUP Foil boarding,Unprovoked,20.8029568,-156.3106833,Rhincodon typus,6194532302,134.15,111319.49,pas_de_proximite_100km,0,0,0,2026-01-22,https://www.gbif.org/occurrence/6194532302
5941,2016-06-05,2016,USA,Florida,"Flagler Beach, Flagler County",Swimming,Unprovoked,29.4749927,-81.1269982,Carcharhinus leucas,6133570230,48.38,29533.0,proximite_regionale,0,2,2,2026-01-28T17:22:37,https://www.gbif.org/occurrence/6133570230
5941,2016-06-05,2016,USA,Florida,"Flagler Beach, Flagler County",Swimming,Unprovoked,29.4749927,-81.1269982,Carcharodon carcharias,6441095820,388.05,257.0,pas_de_proximite_100km,0,0,0,2026-03-27T20:47:37,https://www.gbif.org/occurrence/6441095820
5941,2016-06-05,2016,USA,Florida,"Flagler Beach, Flagler County",Swimming,Unprovoked,29.4749927,-81.1269982,Galeocerdo cuvier,6399953055,41.94,29433.0,proximite_regionale,0,1,0,2026-06-07T17:14:40,https://www.gbif.org/occurrence/6399953055
5941,2016-06-05,2016,USA,Florida,"Flagler Beach, Flagler County",Swimming,Unprovoked,29.4749927,-81.1269982,Rhincodon typus,6253026970,553.91,30069.0,pas_de_proximite_100km,0,0,0,2026-04-27T07:00,https://www.gbif.org/occurrence/6253026970
5955,2017-04-26,2017,USA,Florida,,Photo shoot,Invalid,27.7567667,-81.4639835,Carcharhinus leucas,6147198580,88.92,29775.0,proximite_regionale,0,3,1,2026-02-03T11:54:56,https://www.gbif.org/occurrence/6147198580
5955,2017-04-26,2017,USA,Florida,,Photo shoot,Invalid,27.7567667,-81.4639835,Carcharodon carcharias,6441095820,580.41,257.0,pas_de_proximite_100km,0,0,0,2026-03-27T20:47:37,https://www.gbif.org/occurrence/6441095820
5955,2017-04-26,2017,USA,Florida,,Photo shoot,Invalid,27.7567667,-81.4639835,Galeocerdo cuvier,6235030691,159.7,29798.0,pas_de_proximite_100km,0,0,0,2026-04-25T11:55,https://www.gbif.org/occurrence/6235030691
5955,2017-04-26,2017,USA,Florida,,Photo shoot,Invalid,27.7567667,-81.4639835,Rhincodon typus,6253026970,360.16,30069.0,pas_de_proximite_100km,0,0,0,2026-04-27T07:00,https://www.gbif.org/occurrence/6253026970
5956,2017-10-23,2017,USA,Florida,"Juno Beach, Palm Beach County",Surfing,Unprovoked,26.8815475,-80.0539253,Carcharhinus leucas,6236036723,0.69,29798.0,proximite_forte,5,11,2,2026-03-27T15:00,https://www.gbif.org/occurrence/6236036723
5956,2017-10-23,2017,USA,Florida,"Juno Beach, Palm Beach County",Surfing,Unprovoked,26.8815475,-80.0539253,Carcharodon carcharias,6441095820,655.91,257.0,pas_de_proximite_100km,0,0,0,2026-03-27T20:47:37,https://www.gbif.org/occurrence/6441095820
5956,2017-10-23,2017,USA,Florida,"Juno Beach, Palm Beach County",Surfing,Unprovoked,26.8815475,-80.0539253,Galeocerdo cuvier,6235030691,10.35,29798.0,proximite_forte,1,2,0,2026-04-25T11:55,https://www.gbif.org/occurrence/6235030691
5956,2017-10-23,2017,USA,Florida,"Juno Beach, Palm Beach County",Surfing,Unprovoked,26.8815475,-80.0539253,Rhincodon typus,6253026970,334.38,30069.0,pas_de_proximite_100km,0,0,0,2026-04-27T07:00,https://www.gbif.org/occurrence/6253026970
5957,2017-07-29,2017,USA,South Carolina,"Hilton Head Island, Beaufort County",Swimming,Invalid,32.1618488,-80.7512616,Carcharhinus leucas,6130999421,338.47,29533.0,pas_de_proximite_100km,0,0,0,2026-01-17T15:30:29,https://www.gbif.org/occurrence/6130999421
5957,2017-07-29,2017,USA,South Carolina,"Hilton Head Island, Beaufort County",Swimming,Invalid,32.1618488,-80.7512616,Carcharodon carcharias,6441095820,112.01,257.0,pas_de_proximite_100km,0,0,0,2026-03-27T20:47:37,https://www.gbif.org/occurrence/6441095820
5957,2017-07-29,2017,USA,South Carolina,"Hilton Head Island, Beaufort County",Swimming,Invalid,32.1618488,-80.7512616,Galeocerdo cuvier,6399953055,265.29,29433.0,pas_de_proximite_100km,0,0,0,2026-06-07T17:14:40,https://www.gbif.org/occurrence/6399953055
5957,2017-07-29,2017,USA,South Carolina,"Hilton Head Island, Beaufort County",Swimming,Invalid,32.1618488,-80.7512616,Rhincodon typus,6253026970,854.17,30069.0,pas_de_proximite_100km,0,0,0,2026-04-27T07:00,https://www.gbif.org/occurrence/6253026970
5965,2017-09-02,2017,USA,Florida,"New Smyrna Beach, Volusia County",Surfing,Unprovoked,29.0258132,-80.9271271,Carcharhinus leucas,6133570230,11.63,29533.0,proximite_forte,2,2,2,2026-01-28T17:22:37,https://www.gbif.org/occurrence/6133570230
5965,2017-09-02,2017,USA,Florida,"New Smyrna Beach, Volusia County",Surfing,Unprovoked,29.0258132,-80.9271271,Carcharodon carcharias,6441095820,430.55,257.0,pas_de_proximite_100km,0,0,0,2026-03-27T20:47:37,https://www.gbif.org/occurrence/6441095820
5965,2017-09-02,2017,USA,Florida,"New Smyrna Beach, Volusia County",Surfing,Unprovoked,29.0258132,-80.9271271,Galeocerdo cuvier,6399953055,95.51,29433.0,proximite_regionale,0,1,0,2026-06-07T17:14:40,https://www.gbif.org/occurrence/6399953055
5965,2017-09-02,2017,USA,Florida,"New Smyrna Beach, Volusia County",Surfing,Unprovoked,29.0258132,-80.9271271,Rhincodon typus,6253026970,509.66,30069.0,pas_de_proximite_100km,0,0,0,2026-04-27T07:00,https://www.gbif.org/occurrence/6253026970
5967,2017-03-27,2017,USA,Florida,"New Smyrna Beach, Volusia County",Surfing,Unprovoked,29.0258132,-80.9271271,Carcharhinus leucas,6133570230,11.63,29533.0,proximite_forte,2,2,2,2026-01-28T17:22:37,https://www.gbif.org/occurrence/6133570230
5967,2017-03-27,2017,USA,Florida,"New Smyrna Beach, Volusia County",Surfing,Unprovoked,29.0258132,-80.9271271,Carcharodon carcharias,6441095820,430.55,257.0,pas_de_proximite_100km,0,0,0,2026-03-27T20:47:37,https://www.gbif.org/occurrence/6441095820
5967,2017-03-27,2017,USA,Florida,"New Smyrna Beach, Volusia County",Surfing,Unprovoked,29.0258132,-80.9271271,Galeocerdo cuvier,6399953055,95.51,29433.0,proximite_regionale,0,1,0,2026-06-07T17:14:40,https://www.gbif.org/occurrence/6399953055
5967,2017-03-27,2017,USA,Florida,"New Smyrna Beach, Volusia County",Surfing,Unprovoked,29.0258132,-80.9271271,Rhincodon typus,6253026970,509.66,30069.0,pas_de_proximite_100km,0,0,0,2026-04-27T07:00,https://www.gbif.org/occurrence/6253026970
5983,2017-09-16,2017,USA,Florida,"Ponce Inlet, Volusia County",Surfing,Unprovoked,29.0963729,-80.9369983,Carcharhinus leucas,6133570230,8.03,29533.0,proximite_forte,2,2,2,2026-01-28T17:22:37,https://www.gbif.org/occurrence/6133570230
5983,2017-09-16,2017,USA,Florida,"Ponce Inlet, Volusia County",Surfing,Unprovoked,29.0963729,-80.9369983,Carcharodon carcharias,6441095820,423.19,257.0,pas_de_proximite_100km,0,0,0,2026-03-27T20:47:37,https://www.gbif.org/occurrence/6441095820
5983,2017-09-16,2017,USA,Florida,"Ponce Inlet, Volusia County",Surfing,Unprovoked,29.0963729,-80.9369983,Galeocerdo cuvier,6399953055,87.9,29433.0,proximite_regionale,0,1,0,2026-06-07T17:14:40,https://www.gbif.org/occurrence/6399953055
5983,2017-09-16,2017,USA,Florida,"Ponce Inlet, Volusia County",Surfing,Unprovoked,29.0963729,-80.9369983,Rhincodon typus,6253026970,517.01,30069.0,pas_de_proximite_100km,0,0,0,2026-04-27T07:00,https://www.gbif.org/occurrence/6253026970
5984,2017-09-20,2017,USA,Florida,Palm Beach County,Surfing,Unprovoked,26.6279798,-80.4494174,Carcharhinus leucas,6236219201,31.81,29822.0,proximite_regionale,0,10,1,2026-03-16T11:54:07,https://www.gbif.org/occurrence/6236219201
5984,2017-09-20,2017,USA,Florida,Palm Beach County,Surfing,Unprovoked,26.6279798,-80.4494174,Carcharodon carcharias,6441095820,686.49,257.0,pas_de_proximite_100km,0,0,0,2026-03-27T20:47:37,https://www.gbif.org/occurrence/6441095820
5984,2017-09-20,2017,USA,Florida,Palm Beach County,Surfing,Unprovoked,26.6279798,-80.4494174,Galeocerdo cuvier,6235030691,47.56,29798.0,proximite_regionale,0,1,0,2026-04-25T11:55,https://www.gbif.org/occurrence/6235030691
5984,2017-09-20,2017,USA,Florida,Palm Beach County,Surfing,Unprovoked,26.6279798,-80.4494174,Rhincodon typus,6253026970,287.62,30069.0,pas_de_proximite_100km,0,0,0,2026-04-27T07:00,https://www.gbif.org/occurrence/6253026970
5992,2017-06-14,2017,BAHAMAS,,,Feeding sharks,Unprovoked,24.7736546,-78.0000547,Carcharhinus leucas,6334488030,158.99,29936.0,pas_de_proximite_100km,0,0,0,2026-05-18T15:01:50,https://www.gbif.org/occurrence/6334488030
5992,2017-06-14,2017,BAHAMAS,,,Feeding sharks,Unprovoked,24.7736546,-78.0000547,Carcharodon carcharias,6441095820,907.03,257.0,pas_de_proximite_100km,0,0,0,2026-03-27T20:47:37,https://www.gbif.org/occurrence/6441095820
5992,2017-06-14,2017,BAHAMAS,,,Feeding sharks,Unprovoked,24.7736546,-78.0000547,Galeocerdo cuvier,6131322721,84.29,120467.0,proximite_regionale,0,2,0,2026-01-13,https://www.gbif.org/occurrence/6131322721
5992,2017-06-14,2017,BAHAMAS,,,Feeding sharks,Unprovoked,24.7736546,-78.0000547,Rhincodon typus,6253026970,426.21,30069.0,pas_de_proximite_100km,0,0,0,2026-04-27T07:00,https://www.gbif.org/occurrence/6253026970
6000,2017-04-10,2017,USA,Florida,"Melbourne Beach, Brevard County",Swimming,Unprovoked,28.0684067,-80.5607951,Carcharhinus leucas,6234759244,16.58,29680.0,proximite_forte,1,3,3,2026-04-17T20:49,https://www.gbif.org/occurrence/6234759244
6000,2017-04-10,2017,USA,Florida,"Melbourne Beach, Brevard County",Swimming,Unprovoked,28.0684067,-80.5607951,Carcharodon carcharias,6441095820,528.49,257.0,pas_de_proximite_100km,0,0,0,2026-03-27T20:47:37,https://www.gbif.org/occurrence/6441095820
6000,2017-04-10,2017,USA,Florida,"Melbourne Beach, Brevard County",Swimming,Unprovoked,28.0684067,-80.5607951,Galeocerdo cuvier,6235030691,131.86,29798.0,pas_de_proximite_100km,0,0,0,2026-04-25T11:55,https://www.gbif.org/occurrence/6235030691
6000,2017-04-10,2017,USA,Florida,"Melbourne Beach, Brevard County",Swimming,Unprovoked,28.0684067,-80.5607951,Rhincodon typus,6253026970,420.55,30069.0,pas_de_proximite_100km,0,0,0,2026-04-27T07:00,https://www.gbif.org/occurrence/6253026970
6013,2017-04-10,2017,USA,Florida,"Melbourne Beach, Brevard County",Paddle boarding,Unprovoked,28.0684067,-80.5607951,Carcharhinus leucas,6234759244,16.58,29680.0,proximite_forte,1,3,3,2026-04-17T20:49,https://www.gbif.org/occurrence/6234759244
6013,2017-04-10,2017,USA,Florida,"Melbourne Beach, Brevard County",Paddle boarding,Unprovoked,28.0684067,-80.5607951,Carcharodon carcharias,6441095820,528.49,257.0,pas_de_proximite_100km,0,0,0,2026-03-27T20:47:37,https://www.gbif.org/occurrence/6441095820
6013,2017-04-10,2017,USA,Florida,"Melbourne Beach, Brevard County",Paddle boarding,Unprovoked,28.0684067,-80.5607951,Galeocerdo cuvier,6235030691,131.86,29798.0,pas_de_proximite_100km,0,0,0,2026-04-25T11:55,https://www.gbif.org/occurrence/6235030691
6013,2017-04-10,2017,USA,Florida,"Melbourne Beach, Brevard County",Paddle boarding,Unprovoked,28.0684067,-80.5607951,Rhincodon typus,6253026970,420.55,30069.0,pas_de_proximite_100km,0,0,0,2026-04-27T07:00,https://www.gbif.org/occurrence/6253026970
6016,2017-04-02,2017,AUSTRALIA,Queensland,Moreton Bay,Kakaying,Unprovoked,-27.2397819,153.2539994,Carcharhinus leucas,6519486079,18.15,2519.0,proximite_forte,2,7,5,2026-03-20T23:00:36,https://www.gbif.org/occurrence/6519486079
6016,2017-04-02,2017,AUSTRALIA,Queensland,Moreton Bay,Kakaying,Unprovoked,-27.2397819,153.2539994,Carcharodon carcharias,6162878281,319.5,7.0,pas_de_proximite_100km,0,0,0,2026-02-22T09:03:13,https://www.gbif.org/occurrence/6162878281
6016,2017-04-02,2017,AUSTRALIA,Queensland,Moreton Bay,Kakaying,Unprovoked,-27.2397819,153.2539994,Galeocerdo cuvier,6133086834,117.89,5.0,pas_de_proximite_100km,0,0,0,2026-02-02T13:14:46,https://www.gbif.org/occurrence/6133086834
6016,2017-04-02,2017,AUSTRALIA,Queensland,Moreton Bay,Kakaying,Unprovoked,-27.2397819,153.2539994,Rhincodon typus,5938466615,1459.57,30841.0,pas_de_proximite_100km,0,0,0,2026-01-03T11:33,https://www.gbif.org/occurrence/5938466615
6020,2017-04-29,2017,USA,California,"San Onofre, San Diego County",Swimming,Unprovoked,33.3803575,-117.5736037,Carcharhinus leucas,6334261088,1341.31,30175.0,pas_de_proximite_100km,0,0,0,2026-05-21T11:26,https://www.gbif.org/occurrence/6334261088
6020,2017-04-29,2017,USA,California,"San Onofre, San Diego County",Swimming,Unprovoked,33.3803575,-117.5736037,Carcharodon carcharias,6352632646,6.23,,proximite_forte,2,4,1,2026-05-25T09:35:37,https://www.gbif.org/occurrence/6352632646
6020,2017-04-29,2017,USA,California,"San Onofre, San Diego County",Swimming,Unprovoked,33.3803575,-117.5736037,Galeocerdo cuvier,6400211599,1710.35,30580.0,pas_de_proximite_100km,0,0,0,2026-05-28T10:51:24,https://www.gbif.org/occurrence/6400211599
6020,2017-04-29,2017,USA,California,"San Onofre, San Diego County",Swimming,Unprovoked,33.3803575,-117.5736037,Rhincodon typus,6130536863,1205.18,5588.0,pas_de_proximite_100km,0,0,0,2026-01-05T15:29:36,https://www.gbif.org/occurrence/6130536863
6029,2017-04-17,2017,USA,Florida,"Daytona Beach, Volusia County",Inconnue,Unprovoked,29.2108147,-81.0228331,Carcharhinus leucas,6133570230,19.73,29533.0,proximite_forte,2,2,2,2026-01-28T17:22:37,https://www.gbif.org/occurrence/6133570230
6029,2017-04-17,2017,USA,Florida,"Daytona Beach, Volusia County",Inconnue,Unprovoked,29.2108147,-81.0228331,Carcharodon carcharias,6441095820,413.1,257.0,pas_de_proximite_100km,0,0,0,2026-03-27T20:47:37,https://www.gbif.org/occurrence/6441095820
6029,2017-04-17,2017,USA,Florida,"Daytona Beach, Volusia County",Inconnue,Unprovoked,29.2108147,-81.0228331,Galeocerdo cuvier,6399953055,72.96,29433.0,proximite_regionale,0,1,0,2026-06-07T17:14:40,https://www.gbif.org/occurrence/6399953055
6029,2017-04-17,2017,USA,Florida,"Daytona Beach, Volusia County",Inconnue,Unprovoked,29.2108147,-81.0228331,Rhincodon typus,6253026970,527.37,30069.0,pas_de_proximite_100km,0,0,0,2026-04-27T07:00,https://www.gbif.org/occurrence/6253026970
6035,2017-12-09,2017,BAHAMAS,,,Snorkeling,Unprovoked,24.7736546,-78.0000547,Carcharhinus leucas,6334488030,158.99,29936.0,pas_de_proximite_100km,0,0,0,2026-05-18T15:01:50,https://www.gbif.org/occurrence/6334488030
6035,2017-12-09,2017,BAHAMAS,,,Snorkeling,Unprovoked,24.7736546,-78.0000547,Carcharodon carcharias,6441095820,907.03,257.0,pas_de_proximite_100km,0,0,0,2026-03-27T20:47:37,https://www.gbif.org/occurrence/6441095820
6035,2017-12-09,2017,BAHAMAS,,,Snorkeling,Unprovoked,24.7736546,-78.0000547,Galeocerdo cuvier,6131322721,84.29,120467.0,proximite_regionale,0,2,0,2026-01-13,https://www.gbif.org/occurrence/6131322721
6035,2017-12-09,2017,BAHAMAS,,,Snorkeling,Unprovoked,24.7736546,-78.0000547,Rhincodon typus,6253026970,426.21,30069.0,pas_de_proximite_100km,0,0,0,2026-04-27T07:00,https://www.gbif.org/occurrence/6253026970
6036,2017-06-10,2017,USA,Florida,"Ponce Inlet, Volusia County",Surfing,Unprovoked,29.0963729,-80.9369983,Carcharhinus leucas,6133570230,8.03,29533.0,proximite_forte,2,2,2,2026-01-28T17:22:37,https://www.gbif.org/occurrence/6133570230
6036,2017-06-10,2017,USA,Florida,"Ponce Inlet, Volusia County",Surfing,Unprovoked,29.0963729,-80.9369983,Carcharodon carcharias,6441095820,423.19,257.0,pas_de_proximite_100km,0,0,0,2026-03-27T20:47:37,https://www.gbif.org/occurrence/6441095820
6036,2017-06-10,2017,USA,Florida,"Ponce Inlet, Volusia County",Surfing,Unprovoked,29.0963729,-80.9369983,Galeocerdo cuvier,6399953055,87.9,29433.0,proximite_regionale,0,1,0,2026-06-07T17:14:40,https://www.gbif.org/occurrence/6399953055
6036,2017-06-10,2017,USA,Florida,"Ponce Inlet, Volusia County",Surfing,Unprovoked,29.0963729,-80.9369983,Rhincodon typus,6253026970,517.01,30069.0,pas_de_proximite_100km,0,0,0,2026-04-27T07:00,https://www.gbif.org/occurrence/6253026970
6039,2017-04-29,2017,USA,South Carolina,"Folly Beach, Charleston County",Surfing,Unprovoked,32.6554848,-79.9407802,Carcharhinus leucas,6130999421,402.26,29533.0,pas_de_proximite_100km,0,0,0,2026-01-17T15:30:29,https://www.gbif.org/occurrence/6130999421
6039,2017-04-29,2017,USA,South Carolina,"Folly Beach, Charleston County",Surfing,Unprovoked,32.6554848,-79.9407802,Carcharodon carcharias,6441095820,18.48,257.0,proximite_forte,1,1,0,2026-03-27T20:47:37,https://www.gbif.org/occurrence/6441095820
6039,2017-04-29,2017,USA,South Carolina,"Folly Beach, Charleston County",Surfing,Unprovoked,32.6554848,-79.9407802,Galeocerdo cuvier,6399752821,186.03,28902.0,pas_de_proximite_100km,0,0,0,2026-06-04T11:19,https://www.gbif.org/occurrence/6399752821
6039,2017-04-29,2017,USA,South Carolina,"Folly Beach, Charleston County",Surfing,Unprovoked,32.6554848,-79.9407802,Rhincodon typus,6253026970,923.96,30069.0,pas_de_proximite_100km,0,0,0,2026-04-27T07:00,https://www.gbif.org/occurrence/6253026970
6046,2017-08-18,2017,BAHAMAS,,,Spearfishing,Unprovoked,24.7736546,-78.0000547,Carcharhinus leucas,6334488030,158.99,29936.0,pas_de_proximite_100km,0,0,0,2026-05-18T15:01:50,https://www.gbif.org/occurrence/6334488030
6046,2017-08-18,2017,BAHAMAS,,,Spearfishing,Unprovoked,24.7736546,-78.0000547,Carcharodon carcharias,6441095820,907.03,257.0,pas_de_proximite_100km,0,0,0,2026-03-27T20:47:37,https://www.gbif.org/occurrence/6441095820
6046,2017-08-18,2017,BAHAMAS,,,Spearfishing,Unprovoked,24.7736546,-78.0000547,Galeocerdo cuvier,6131322721,84.29,120467.0,proximite_regionale,0,2,0,2026-01-13,https://www.gbif.org/occurrence/6131322721
6046,2017-08-18,2017,BAHAMAS,,,Spearfishing,Unprovoked,24.7736546,-78.0000547,Rhincodon typus,6253026970,426.21,30069.0,pas_de_proximite_100km,0,0,0,2026-04-27T07:00,https://www.gbif.org/occurrence/6253026970
6052,2017-09-02,2017,USA,Florida,"Marathon, Monroe County",Swimming,Unprovoked,24.7137524,-81.0903512,Carcharhinus leucas,6179367299,5.52,30047.0,proximite_forte,2,5,3,2026-02-22T12:30,https://www.gbif.org/occurrence/6179367299
6052,2017-09-02,2017,USA,Florida,"Marathon, Monroe County",Swimming,Unprovoked,24.7137524,-81.0903512,Carcharodon carcharias,6400039718,848.62,49.0,pas_de_proximite_100km,0,0,0,2026-02-25T14:55,https://www.gbif.org/occurrence/6400039718
6052,2017-09-02,2017,USA,Florida,"Marathon, Monroe County",Swimming,Unprovoked,24.7137524,-81.0903512,Galeocerdo cuvier,5133758058,23.23,30025.0,proximite_forte,1,1,0,2025-03-01T13:40,https://www.gbif.org/occurrence/5133758058
6052,2017-09-02,2017,USA,Florida,"Marathon, Monroe County",Swimming,Unprovoked,24.7137524,-81.0903512,Rhincodon typus,6253026970,114.38,30069.0,pas_de_proximite_100km,0,0,0,2026-04-27T07:00,https://www.gbif.org/occurrence/6253026970
6061,2017-02-11,2017,USA,Florida,"Melbourne Beach, Brevard County",Swimming,Unprovoked,28.0684067,-80.5607951,Carcharhinus leucas,6234759244,16.58,29680.0,proximite_forte,1,3,3,2026-04-17T20:49,https://www.gbif.org/occurrence/6234759244
6061,2017-02-11,2017,USA,Florida,"Melbourne Beach, Brevard County",Swimming,Unprovoked,28.0684067,-80.5607951,Carcharodon carcharias,6441095820,528.49,257.0,pas_de_proximite_100km,0,0,0,2026-03-27T20:47:37,https://www.gbif.org/occurrence/6441095820
6061,2017-02-11,2017,USA,Florida,"Melbourne Beach, Brevard County",Swimming,Unprovoked,28.0684067,-80.5607951,Galeocerdo cuvier,6235030691,131.86,29798.0,pas_de_proximite_100km,0,0,0,2026-04-25T11:55,https://www.gbif.org/occurrence/6235030691
6061,2017-02-11,2017,USA,Florida,"Melbourne Beach, Brevard County",Swimming,Unprovoked,28.0684067,-80.5607951,Rhincodon typus,6253026970,420.55,30069.0,pas_de_proximite_100km,0,0,0,2026-04-27T07:00,https://www.gbif.org/occurrence/6253026970
6063,2017-01-22,2017,USA,Florida,"Vero Beach, Indian River County",Inconnue,Unprovoked,27.6387163,-80.3975399,Carcharhinus leucas,6499859773,13.03,29704.0,proximite_forte,2,8,4,2026-07-14T11:25:55,https://www.gbif.org/occurrence/6499859773
6063,2017-01-22,2017,USA,Florida,"Vero Beach, Indian River County",Inconnue,Unprovoked,27.6387163,-80.3975399,Carcharodon carcharias,6441095820,574.11,257.0,pas_de_proximite_100km,0,0,0,2026-03-27T20:47:37,https://www.gbif.org/occurrence/6441095820
6063,2017-01-22,2017,USA,Florida,"Vero Beach, Indian River County",Inconnue,Unprovoked,27.6387163,-80.3975399,Galeocerdo cuvier,6235030691,81.45,29798.0,proximite_regionale,0,1,0,2026-04-25T11:55,https://www.gbif.org/occurrence/6235030691
6063,2017-01-22,2017,USA,Florida,"Vero Beach, Indian River County",Inconnue,Unprovoked,27.6387163,-80.3975399,Rhincodon typus,6253026970,384.59,30069.0,pas_de_proximite_100km,0,0,0,2026-04-27T07:00,https://www.gbif.org/occurrence/6253026970
6066,2017-07-20,2017,USA,South Carolina,"Hilton Head Island, Beaufort County",Swimming,Invalid,32.1618488,-80.7512616,Carcharhinus leucas,6130999421,338.47,29533.0,pas_de_proximite_100km,0,0,0,2026-01-17T15:30:29,https://www.gbif.org/occurrence/6130999421
6066,2017-07-20,2017,USA,South Carolina,"Hilton Head Island, Beaufort County",Swimming,Invalid,32.1618488,-80.7512616,Carcharodon carcharias,6441095820,112.01,257.0,pas_de_proximite_100km,0,0,0,2026-03-27T20:47:37,https://www.gbif.org/occurrence/6441095820
6066,2017-07-20,2017,USA,South Carolina,"Hilton Head Island, Beaufort County",Swimming,Invalid,32.1618488,-80.7512616,Galeocerdo cuvier,6399953055,265.29,29433.0,pas_de_proximite_100km,0,0,0,2026-06-07T17:14:40,https://www.gbif.org/occurrence/6399953055
6066,2017-07-20,2017,USA,South Carolina,"Hilton Head Island, Beaufort County",Swimming,Invalid,32.1618488,-80.7512616,Rhincodon typus,6253026970,854.17,30069.0,pas_de_proximite_100km,0,0,0,2026-04-27T07:00,https://www.gbif.org/occurrence/6253026970
6067,2017-04-05,2017,USA,Florida,"New Smyrna Beach, Volusia County",Swimming,Unprovoked,29.0258132,-80.9271271,Carcharhinus leucas,6133570230,11.63,29533.0,proximite_forte,2,2,2,2026-01-28T17:22:37,https://www.gbif.org/occurrence/6133570230
6067,2017-04-05,2017,USA,Florida,"New Smyrna Beach, Volusia County",Swimming,Unprovoked,29.0258132,-80.9271271,Carcharodon carcharias,6441095820,430.55,257.0,pas_de_proximite_100km,0,0,0,2026-03-27T20:47:37,https://www.gbif.org/occurrence/6441095820
6067,2017-04-05,2017,USA,Florida,"New Smyrna Beach, Volusia County",Swimming,Unprovoked,29.0258132,-80.9271271,Galeocerdo cuvier,6399953055,95.51,29433.0,proximite_regionale,0,1,0,2026-06-07T17:14:40,https://www.gbif.org/occurrence/6399953055
6067,2017-04-05,2017,USA,Florida,"New Smyrna Beach, Volusia County",Swimming,Unprovoked,29.0258132,-80.9271271,Rhincodon typus,6253026970,509.66,30069.0,pas_de_proximite_100km,0,0,0,2026-04-27T07:00,https://www.gbif.org/occurrence/6253026970
6069,2017-04-11,2017,USA,Florida,"Ormond Beach, Volusia County",Surfing,Unprovoked,29.2854132,-81.0557921,Carcharhinus leucas,6133570230,27.53,29533.0,proximite_regionale,0,2,2,2026-01-28T17:22:37,https://www.gbif.org/occurrence/6133570230
6069,2017-04-11,2017,USA,Florida,"Ormond Beach, Volusia County",Surfing,Unprovoked,29.2854132,-81.0557921,Carcharodon carcharias,6441095820,406.04,257.0,pas_de_proximite_100km,0,0,0,2026-03-27T20:47:37,https://www.gbif.org/occurrence/6441095820
6069,2017-04-11,2017,USA,Florida,"Ormond Beach, Volusia County",Surfing,Unprovoked,29.2854132,-81.0557921,Galeocerdo cuvier,6399953055,64.07,29433.0,proximite_regionale,0,1,0,2026-06-07T17:14:40,https://www.gbif.org/occurrence/6399953055
6069,2017-04-11,2017,USA,Florida,"Ormond Beach, Volusia County",Surfing,Unprovoked,29.2854132,-81.0557921,Rhincodon typus,6253026970,534.74,30069.0,pas_de_proximite_100km,0,0,0,2026-04-27T07:00,https://www.gbif.org/occurrence/6253026970
6072,2017-01-24,2017,BRAZIL,Pernambuco,"Boa Viagem, Recife",Swimming,Unprovoked,-8.1235027,-34.9033955,Carcharhinus leucas,6253288019,4992.74,31451.0,pas_de_proximite_100km,0,0,0,2026-04-26,https://www.gbif.org/occurrence/6253288019
6072,2017-01-24,2017,BRAZIL,Pernambuco,"Boa Viagem, Recife",Swimming,Unprovoked,-8.1235027,-34.9033955,Carcharodon carcharias,6147654727,6332.91,488.0,pas_de_proximite_100km,0,0,0,2026-01-31T19:40,https://www.gbif.org/occurrence/6147654727
6072,2017-01-24,2017,BRAZIL,Pernambuco,"Boa Viagem, Recife",Swimming,Unprovoked,-8.1235027,-34.9033955,Galeocerdo cuvier,5087661144,1763.49,30278.0,pas_de_proximite_100km,0,0,0,2025-03-08T07:14:31,https://www.gbif.org/occurrence/5087661144
6072,2017-01-24,2017,BRAZIL,Pernambuco,"Boa Viagem, Recife",Swimming,Unprovoked,-8.1235027,-34.9033955,Rhincodon typus,6252804893,1807.96,30237.0,pas_de_proximite_100km,0,0,0,2026-04-24T15:08,https://www.gbif.org/occurrence/6252804893
6085,2017-09-13,2017,USA,Florida,"Ponce Inlet, Volusia County",Surfing,Unprovoked,29.0963729,-80.9369983,Carcharhinus leucas,6133570230,8.03,29533.0,proximite_forte,2,2,2,2026-01-28T17:22:37,https://www.gbif.org/occurrence/6133570230
6085,2017-09-13,2017,USA,Florida,"Ponce Inlet, Volusia County",Surfing,Unprovoked,29.0963729,-80.9369983,Carcharodon carcharias,6441095820,423.19,257.0,pas_de_proximite_100km,0,0,0,2026-03-27T20:47:37,https://www.gbif.org/occurrence/6441095820
6085,2017-09-13,2017,USA,Florida,"Ponce Inlet, Volusia County",Surfing,Unprovoked,29.0963729,-80.9369983,Galeocerdo cuvier,6399953055,87.9,29433.0,proximite_regionale,0,1,0,2026-06-07T17:14:40,https://www.gbif.org/occurrence/6399953055
6085,2017-09-13,2017,USA,Florida,"Ponce Inlet, Volusia County",Surfing,Unprovoked,29.0963729,-80.9369983,Rhincodon typus,6253026970,517.01,30069.0,pas_de_proximite_100km,0,0,0,2026-04-27T07:00,https://www.gbif.org/occurrence/6253026970
6100,2018-04-25,2018,AUSTRALIA,New South Wales,Lennox Head,Surfing,Questionable,-28.7910334,153.5878047,Carcharhinus leucas,6159543580,151.68,122.0,pas_de_proximite_100km,0,0,0,2026-02-14T19:35:12,https://www.gbif.org/occurrence/6159543580
6100,2018-04-25,2018,AUSTRALIA,New South Wales,Lennox Head,Surfing,Questionable,-28.7910334,153.5878047,Carcharodon carcharias,6162878281,151.44,7.0,pas_de_proximite_100km,0,0,0,2026-02-22T09:03:13,https://www.gbif.org/occurrence/6162878281
6100,2018-04-25,2018,AUSTRALIA,New South Wales,Lennox Head,Surfing,Questionable,-28.7910334,153.5878047,Galeocerdo cuvier,6133086834,59.21,5.0,proximite_regionale,0,1,1,2026-02-02T13:14:46,https://www.gbif.org/occurrence/6133086834
6100,2018-04-25,2018,AUSTRALIA,New South Wales,Lennox Head,Surfing,Questionable,-28.7910334,153.5878047,Rhincodon typus,5938466615,1623.12,30841.0,pas_de_proximite_100km,0,0,0,2026-01-03T11:33,https://www.gbif.org/occurrence/5938466615
6101,2018-09-08,2018,USA,Florida,"Ponce Inlet, Volusia County",Surfing,Unprovoked,29.0963729,-80.9369983,Carcharhinus leucas,6133570230,8.03,29533.0,proximite_forte,2,2,2,2026-01-28T17:22:37,https://www.gbif.org/occurrence/6133570230
6101,2018-09-08,2018,USA,Florida,"Ponce Inlet, Volusia County",Surfing,Unprovoked,29.0963729,-80.9369983,Carcharodon carcharias,6441095820,423.19,257.0,pas_de_proximite_100km,0,0,0,2026-03-27T20:47:37,https://www.gbif.org/occurrence/6441095820
6101,2018-09-08,2018,USA,Florida,"Ponce Inlet, Volusia County",Surfing,Unprovoked,29.0963729,-80.9369983,Galeocerdo cuvier,6399953055,87.9,29433.0,proximite_regionale,0,1,0,2026-06-07T17:14:40,https://www.gbif.org/occurrence/6399953055
6101,2018-09-08,2018,USA,Florida,"Ponce Inlet, Volusia County",Surfing,Unprovoked,29.0963729,-80.9369983,Rhincodon typus,6253026970,517.01,30069.0,pas_de_proximite_100km,0,0,0,2026-04-27T07:00,https://www.gbif.org/occurrence/6253026970
6106,2018-07-14,2018,USA,Florida,"Playalinda Beach, Brevard County",Surfing,Under investigation,28.6773237,-80.6472179,Carcharhinus leucas,6130999421,52.09,29533.0,proximite_regionale,0,3,3,2026-01-17T15:30:29,https://www.gbif.org/occurrence/6130999421
6106,2018-07-14,2018,USA,Florida,"Playalinda Beach, Brevard County",Surfing,Under investigation,28.6773237,-80.6472179,Carcharodon carcharias,6441095820,462.84,257.0,pas_de_proximite_100km,0,0,0,2026-03-27T20:47:37,https://www.gbif.org/occurrence/6441095820
6106,2018-07-14,2018,USA,Florida,"Playalinda Beach, Brevard County",Surfing,Under investigation,28.6773237,-80.6472179,Galeocerdo cuvier,6399953055,142.04,29433.0,pas_de_proximite_100km,0,0,0,2026-06-07T17:14:40,https://www.gbif.org/occurrence/6399953055
6106,2018-07-14,2018,USA,Florida,"Playalinda Beach, Brevard County",Surfing,Under investigation,28.6773237,-80.6472179,Rhincodon typus,6253026970,480.57,30069.0,pas_de_proximite_100km,0,0,0,2026-04-27T07:00,https://www.gbif.org/occurrence/6253026970
6109,2018-07-11,2018,USA,Florida,"New Smyrna Beach, Volusia County",Surfing,Unprovoked,29.0258132,-80.9271271,Carcharhinus leucas,6133570230,11.63,29533.0,proximite_forte,2,2,2,2026-01-28T17:22:37,https://www.gbif.org/occurrence/6133570230
6109,2018-07-11,2018,USA,Florida,"New Smyrna Beach, Volusia County",Surfing,Unprovoked,29.0258132,-80.9271271,Carcharodon carcharias,6441095820,430.55,257.0,pas_de_proximite_100km,0,0,0,2026-03-27T20:47:37,https://www.gbif.org/occurrence/6441095820
6109,2018-07-11,2018,USA,Florida,"New Smyrna Beach, Volusia County",Surfing,Unprovoked,29.0258132,-80.9271271,Galeocerdo cuvier,6399953055,95.51,29433.0,proximite_regionale,0,1,0,2026-06-07T17:14:40,https://www.gbif.org/occurrence/6399953055
6109,2018-07-11,2018,USA,Florida,"New Smyrna Beach, Volusia County",Surfing,Unprovoked,29.0258132,-80.9271271,Rhincodon typus,6253026970,509.66,30069.0,pas_de_proximite_100km,0,0,0,2026-04-27T07:00,https://www.gbif.org/occurrence/6253026970
6123,2018-05-13,2018,USA,South Carolina,"Hilton Head Island, Beaufort County",Swimming,Unprovoked,32.1618488,-80.7512616,Carcharhinus leucas,6130999421,338.47,29533.0,pas_de_proximite_100km,0,0,0,2026-01-17T15:30:29,https://www.gbif.org/occurrence/6130999421
6123,2018-05-13,2018,USA,South Carolina,"Hilton Head Island, Beaufort County",Swimming,Unprovoked,32.1618488,-80.7512616,Carcharodon carcharias,6441095820,112.01,257.0,pas_de_proximite_100km,0,0,0,2026-03-27T20:47:37,https://www.gbif.org/occurrence/6441095820
6123,2018-05-13,2018,USA,South Carolina,"Hilton Head Island, Beaufort County",Swimming,Unprovoked,32.1618488,-80.7512616,Galeocerdo cuvier,6399953055,265.29,29433.0,pas_de_proximite_100km,0,0,0,2026-06-07T17:14:40,https://www.gbif.org/occurrence/6399953055
6123,2018-05-13,2018,USA,South Carolina,"Hilton Head Island, Beaufort County",Swimming,Unprovoked,32.1618488,-80.7512616,Rhincodon typus,6253026970,854.17,30069.0,pas_de_proximite_100km,0,0,0,2026-04-27T07:00,https://www.gbif.org/occurrence/6253026970
6128,2018-05-26,2018,USA,Florida,"Cocoa Beach, Brevard  County",Walking,Unprovoked,28.3184107,-80.6094959,Carcharhinus leucas,6234759244,43.15,29680.0,proximite_regionale,0,5,5,2026-04-17T20:49,https://www.gbif.org/occurrence/6234759244
6128,2018-05-26,2018,USA,Florida,"Cocoa Beach, Brevard  County",Walking,Unprovoked,28.3184107,-80.6094959,Carcharodon carcharias,6441095820,501.64,257.0,pas_de_proximite_100km,0,0,0,2026-03-27T20:47:37,https://www.gbif.org/occurrence/6441095820
6128,2018-05-26,2018,USA,Florida,"Cocoa Beach, Brevard  County",Walking,Unprovoked,28.3184107,-80.6094959,Galeocerdo cuvier,6235030691,159.76,29798.0,pas_de_proximite_100km,0,0,0,2026-04-25T11:55,https://www.gbif.org/occurrence/6235030691
6128,2018-05-26,2018,USA,Florida,"Cocoa Beach, Brevard  County",Walking,Unprovoked,28.3184107,-80.6094959,Rhincodon typus,6253026970,444.43,30069.0,pas_de_proximite_100km,0,0,0,2026-04-27T07:00,https://www.gbif.org/occurrence/6253026970
6133,2018-04-15,2018,BRAZIL,Pernambuco,Piedade,Swimming,Unprovoked,-8.1756855,-34.9187594,Carcharhinus leucas,6236098602,4993.37,31271.0,pas_de_proximite_100km,0,0,0,2026-04-26T14:30,https://www.gbif.org/occurrence/6236098602
6133,2018-04-15,2018,BRAZIL,Pernambuco,Piedade,Swimming,Unprovoked,-8.1756855,-34.9187594,Carcharodon carcharias,6147654727,6330.83,488.0,pas_de_proximite_100km,0,0,0,2026-01-31T19:40,https://www.gbif.org/occurrence/6147654727
6133,2018-04-15,2018,BRAZIL,Pernambuco,Piedade,Swimming,Unprovoked,-8.1756855,-34.9187594,Galeocerdo cuvier,5087661144,1757.51,30278.0,pas_de_proximite_100km,0,0,0,2025-03-08T07:14:31,https://www.gbif.org/occurrence/5087661144
6133,2018-04-15,2018,BRAZIL,Pernambuco,Piedade,Swimming,Unprovoked,-8.1756855,-34.9187594,Rhincodon typus,6252804893,1801.97,30237.0,pas_de_proximite_100km,0,0,0,2026-04-24T15:08,https://www.gbif.org/occurrence/6252804893
6142,2018-02-24,2018,SOUTH AFRICA,KwaZulu-Natal,Durban,Scuba Diving,Unprovoked,-29.8618145,31.009909,Carcharhinus leucas,6185033442,62.42,29382.0,proximite_regionale,0,1,0,2026-03-28T17:16:06,https://www.gbif.org/occurrence/6185033442
6142,2018-02-24,2018,SOUTH AFRICA,KwaZulu-Natal,Durban,Scuba Diving,Unprovoked,-29.8618145,31.009909,Carcharodon carcharias,5938331810,413.65,,pas_de_proximite_100km,0,0,0,2026-01-03T05:09:36,https://www.gbif.org/occurrence/5938331810
6142,2018-02-24,2018,SOUTH AFRICA,KwaZulu-Natal,Durban,Scuba Diving,Unprovoked,-29.8618145,31.009909,Galeocerdo cuvier,5206523433,367.29,29798.0,pas_de_proximite_100km,0,0,0,2025-03-25T01:26:01,https://www.gbif.org/occurrence/5206523433
6142,2018-02-24,2018,SOUTH AFRICA,KwaZulu-Natal,Durban,Scuba Diving,Unprovoked,-29.8618145,31.009909,Rhincodon typus,6352311338,1228.98,1358701.0,pas_de_proximite_100km,0,0,0,2026-05-28,https://www.gbif.org/occurrence/6352311338
6145,2018-05-26,2018,USA,Florida,"Daytona Beach, Volusia County",Standing,Unprovoked,29.2108147,-81.0228331,Carcharhinus leucas,6133570230,19.73,29533.0,proximite_forte,2,2,2,2026-01-28T17:22:37,https://www.gbif.org/occurrence/6133570230
6145,2018-05-26,2018,USA,Florida,"Daytona Beach, Volusia County",Standing,Unprovoked,29.2108147,-81.0228331,Carcharodon carcharias,6441095820,413.1,257.0,pas_de_proximite_100km,0,0,0,2026-03-27T20:47:37,https://www.gbif.org/occurrence/6441095820
6145,2018-05-26,2018,USA,Florida,"Daytona Beach, Volusia County",Standing,Unprovoked,29.2108147,-81.0228331,Galeocerdo cuvier,6399953055,72.96,29433.0,proximite_regionale,0,1,0,2026-06-07T17:14:40,https://www.gbif.org/occurrence/6399953055
6145,2018-05-26,2018,USA,Florida,"Daytona Beach, Volusia County",Standing,Unprovoked,29.2108147,-81.0228331,Rhincodon typus,6253026970,527.37,30069.0,pas_de_proximite_100km,0,0,0,2026-04-27T07:00,https://www.gbif.org/occurrence/6253026970
6154,2018-10-11,2018,USA,Florida,"Bethune Beach, Volusia County",Surfing,Unprovoked,28.9491539,-80.83783,Carcharhinus leucas,6133570230,17.95,29533.0,proximite_forte,2,2,2,2026-01-28T17:22:37,https://www.gbif.org/occurrence/6133570230
6154,2018-10-11,2018,USA,Florida,"Bethune Beach, Volusia County",Surfing,Unprovoked,28.9491539,-80.83783,Carcharodon carcharias,6441095820,436.82,257.0,pas_de_proximite_100km,0,0,0,2026-03-27T20:47:37,https://www.gbif.org/occurrence/6441095820
6154,2018-10-11,2018,USA,Florida,"Bethune Beach, Volusia County",Surfing,Unprovoked,28.9491539,-80.83783,Galeocerdo cuvier,6399953055,106.77,29433.0,pas_de_proximite_100km,0,0,0,2026-06-07T17:14:40,https://www.gbif.org/occurrence/6399953055
6154,2018-10-11,2018,USA,Florida,"Bethune Beach, Volusia County",Surfing,Unprovoked,28.9491539,-80.83783,Rhincodon typus,6253026970,503.75,30069.0,pas_de_proximite_100km,0,0,0,2026-04-27T07:00,https://www.gbif.org/occurrence/6253026970
6163,2018-11-24,2018,USA,Florida,"Juno Beach, Palm Beach County",Surfing,Unprovoked,26.8815475,-80.0539253,Carcharhinus leucas,6236036723,0.69,29798.0,proximite_forte,5,11,2,2026-03-27T15:00,https://www.gbif.org/occurrence/6236036723
6163,2018-11-24,2018,USA,Florida,"Juno Beach, Palm Beach County",Surfing,Unprovoked,26.8815475,-80.0539253,Carcharodon carcharias,6441095820,655.91,257.0,pas_de_proximite_100km,0,0,0,2026-03-27T20:47:37,https://www.gbif.org/occurrence/6441095820
6163,2018-11-24,2018,USA,Florida,"Juno Beach, Palm Beach County",Surfing,Unprovoked,26.8815475,-80.0539253,Galeocerdo cuvier,6235030691,10.35,29798.0,proximite_forte,1,2,0,2026-04-25T11:55,https://www.gbif.org/occurrence/6235030691
6163,2018-11-24,2018,USA,Florida,"Juno Beach, Palm Beach County",Surfing,Unprovoked,26.8815475,-80.0539253,Rhincodon typus,6253026970,334.38,30069.0,pas_de_proximite_100km,0,0,0,2026-04-27T07:00,https://www.gbif.org/occurrence/6253026970
6169,2018-09-20,2018,USA,Florida,"Jacksonville Beach, Duval County",Inconnue,Questionable,30.2946859,-81.3931396,Carcharhinus leucas,6133570230,141.6,29533.0,pas_de_proximite_100km,0,0,0,2026-01-28T17:22:37,https://www.gbif.org/occurrence/6133570230
6169,2018-09-20,2018,USA,Florida,"Jacksonville Beach, Duval County",Inconnue,Questionable,30.2946859,-81.3931396,Carcharodon carcharias,6441095820,314.31,257.0,pas_de_proximite_100km,0,0,0,2026-03-27T20:47:37,https://www.gbif.org/occurrence/6441095820
6169,2018-09-20,2018,USA,Florida,"Jacksonville Beach, Duval County",Inconnue,Questionable,30.2946859,-81.3931396,Galeocerdo cuvier,6399953055,53.35,29433.0,proximite_regionale,0,1,0,2026-06-07T17:14:40,https://www.gbif.org/occurrence/6399953055
6169,2018-09-20,2018,USA,Florida,"Jacksonville Beach, Duval County",Inconnue,Questionable,30.2946859,-81.3931396,Rhincodon typus,6253026970,639.65,30069.0,pas_de_proximite_100km,0,0,0,2026-04-27T07:00,https://www.gbif.org/occurrence/6253026970
6170,2018-07-16,2018,USA,Texas,Galveston,Surfing,Invalid,29.3872254,-94.992736,Carcharhinus leucas,6188346293,181.44,29582.0,pas_de_proximite_100km,0,0,0,2026-04-05T19:42,https://www.gbif.org/occurrence/6188346293
6170,2018-07-16,2018,USA,Texas,Galveston,Surfing,Invalid,29.3872254,-94.992736,Carcharodon carcharias,6400039718,791.27,49.0,pas_de_proximite_100km,0,0,0,2026-02-25T14:55,https://www.gbif.org/occurrence/6400039718
6170,2018-07-16,2018,USA,Texas,Galveston,Surfing,Invalid,29.3872254,-94.992736,Galeocerdo cuvier,6479866652,286.77,29704.0,pas_de_proximite_100km,0,0,0,2026-08-03T16:05,https://www.gbif.org/occurrence/6479866652
6170,2018-07-16,2018,USA,Texas,Galveston,Surfing,Invalid,29.3872254,-94.992736,Rhincodon typus,6178385871,527.22,29751.0,pas_de_proximite_100km,0,0,0,2026-03-06T11:12:50,https://www.gbif.org/occurrence/6178385871
6176,2018-08-24,2018,USA,California,"Huntington Beach, Orange County",Swimming,Unprovoked,33.6783336,-118.000016,Carcharhinus leucas,6334261088,1391.73,30175.0,pas_de_proximite_100km,0,0,0,2026-05-21T11:26,https://www.gbif.org/occurrence/6334261088
6176,2018-08-24,2018,USA,California,"Huntington Beach, Orange County",Swimming,Unprovoked,33.6783336,-118.000016,Carcharodon carcharias,6333847816,45.35,6.0,proximite_regionale,0,3,1,2026-05-25T09:35:36,https://www.gbif.org/occurrence/6333847816
6176,2018-08-24,2018,USA,California,"Huntington Beach, Orange County",Swimming,Unprovoked,33.6783336,-118.000016,Galeocerdo cuvier,6400211599,1757.15,30580.0,pas_de_proximite_100km,0,0,0,2026-05-28T10:51:24,https://www.gbif.org/occurrence/6400211599
6176,2018-08-24,2018,USA,California,"Huntington Beach, Orange County",Swimming,Unprovoked,33.6783336,-118.000016,Rhincodon typus,6130536863,1255.22,5588.0,pas_de_proximite_100km,0,0,0,2026-01-05T15:29:36,https://www.gbif.org/occurrence/6130536863
6188,2018-10-23,2018,USA,Florida,"Ponce Inlet, Volusia County",Surfing,Unprovoked,29.0963729,-80.9369983,Carcharhinus leucas,6133570230,8.03,29533.0,proximite_forte,2,2,2,2026-01-28T17:22:37,https://www.gbif.org/occurrence/6133570230
6188,2018-10-23,2018,USA,Florida,"Ponce Inlet, Volusia County",Surfing,Unprovoked,29.0963729,-80.9369983,Carcharodon carcharias,6441095820,423.19,257.0,pas_de_proximite_100km,0,0,0,2026-03-27T20:47:37,https://www.gbif.org/occurrence/6441095820
6188,2018-10-23,2018,USA,Florida,"Ponce Inlet, Volusia County",Surfing,Unprovoked,29.0963729,-80.9369983,Galeocerdo cuvier,6399953055,87.9,29433.0,proximite_regionale,0,1,0,2026-06-07T17:14:40,https://www.gbif.org/occurrence/6399953055
6188,2018-10-23,2018,USA,Florida,"Ponce Inlet, Volusia County",Surfing,Unprovoked,29.0963729,-80.9369983,Rhincodon typus,6253026970,517.01,30069.0,pas_de_proximite_100km,0,0,0,2026-04-27T07:00,https://www.gbif.org/occurrence/6253026970
6193,2018-08-28,2018,BAHAMAS,,,Diving,Unprovoked,24.7736546,-78.0000547,Carcharhinus leucas,6334488030,158.99,29936.0,pas_de_proximite_100km,0,0,0,2026-05-18T15:01:50,https://www.gbif.org/occurrence/6334488030
6193,2018-08-28,2018,BAHAMAS,,,Diving,Unprovoked,24.7736546,-78.0000547,Carcharodon carcharias,6441095820,907.03,257.0,pas_de_proximite_100km,0,0,0,2026-03-27T20:47:37,https://www.gbif.org/occurrence/6441095820
6193,2018-08-28,2018,BAHAMAS,,,Diving,Unprovoked,24.7736546,-78.0000547,Galeocerdo cuvier,6131322721,84.29,120467.0,proximite_regionale,0,2,0,2026-01-13,https://www.gbif.org/occurrence/6131322721
6193,2018-08-28,2018,BAHAMAS,,,Diving,Unprovoked,24.7736546,-78.0000547,Rhincodon typus,6253026970,426.21,30069.0,pas_de_proximite_100km,0,0,0,2026-04-27T07:00,https://www.gbif.org/occurrence/6253026970
6197,2018-12-15,2018,AUSTRALIA,New South Wales,,Inconnue,Provoked,-32.1629594,147.0320469,Carcharhinus leucas,6481240461,418.85,17.0,pas_de_proximite_100km,0,0,0,2026-01-22T00:00,https://www.gbif.org/occurrence/6481240461
6197,2018-12-15,2018,AUSTRALIA,New South Wales,,Inconnue,Provoked,-32.1629594,147.0320469,Carcharodon carcharias,6159298926,509.4,,pas_de_proximite_100km,0,0,0,2026-02-03T04:38:07,https://www.gbif.org/occurrence/6159298926
6197,2018-12-15,2018,AUSTRALIA,New South Wales,,Inconnue,Provoked,-32.1629594,147.0320469,Galeocerdo cuvier,6133086834,764.62,5.0,pas_de_proximite_100km,0,0,0,2026-02-02T13:14:46,https://www.gbif.org/occurrence/6133086834
6197,2018-12-15,2018,AUSTRALIA,New South Wales,,Inconnue,Provoked,-32.1629594,147.0320469,Rhincodon typus,5938466615,1793.58,30841.0,pas_de_proximite_100km,0,0,0,2026-01-03T11:33,https://www.gbif.org/occurrence/5938466615
6215,2019-08-31,2019,USA,Florida,"Jacksonville Beach, Duval County",Inconnue,Unprovoked,30.2946859,-81.3931396,Carcharhinus leucas,6133570230,141.6,29533.0,pas_de_proximite_100km,0,0,0,2026-01-28T17:22:37,https://www.gbif.org/occurrence/6133570230
6215,2019-08-31,2019,USA,Florida,"Jacksonville Beach, Duval County",Inconnue,Unprovoked,30.2946859,-81.3931396,Carcharodon carcharias,6441095820,314.31,257.0,pas_de_proximite_100km,0,0,0,2026-03-27T20:47:37,https://www.gbif.org/occurrence/6441095820
6215,2019-08-31,2019,USA,Florida,"Jacksonville Beach, Duval County",Inconnue,Unprovoked,30.2946859,-81.3931396,Galeocerdo cuvier,6399953055,53.35,29433.0,proximite_regionale,0,1,0,2026-06-07T17:14:40,https://www.gbif.org/occurrence/6399953055
6215,2019-08-31,2019,USA,Florida,"Jacksonville Beach, Duval County",Inconnue,Unprovoked,30.2946859,-81.3931396,Rhincodon typus,6253026970,639.65,30069.0,pas_de_proximite_100km,0,0,0,2026-04-27T07:00,https://www.gbif.org/occurrence/6253026970
6216,2019-10-27,2019,USA,Florida,"New Smyrna Beach, Volusia County",Surfing,Provoked,29.0258132,-80.9271271,Carcharhinus leucas,6133570230,11.63,29533.0,proximite_forte,2,2,2,2026-01-28T17:22:37,https://www.gbif.org/occurrence/6133570230
6216,2019-10-27,2019,USA,Florida,"New Smyrna Beach, Volusia County",Surfing,Provoked,29.0258132,-80.9271271,Carcharodon carcharias,6441095820,430.55,257.0,pas_de_proximite_100km,0,0,0,2026-03-27T20:47:37,https://www.gbif.org/occurrence/6441095820
6216,2019-10-27,2019,USA,Florida,"New Smyrna Beach, Volusia County",Surfing,Provoked,29.0258132,-80.9271271,Galeocerdo cuvier,6399953055,95.51,29433.0,proximite_regionale,0,1,0,2026-06-07T17:14:40,https://www.gbif.org/occurrence/6399953055
6216,2019-10-27,2019,USA,Florida,"New Smyrna Beach, Volusia County",Surfing,Provoked,29.0258132,-80.9271271,Rhincodon typus,6253026970,509.66,30069.0,pas_de_proximite_100km,0,0,0,2026-04-27T07:00,https://www.gbif.org/occurrence/6253026970
6229,2019-06-30,2019,USA,Florida,"New Smyrna Beach, Volusia County",Surfing,Unprovoked,29.0258132,-80.9271271,Carcharhinus leucas,6133570230,11.63,29533.0,proximite_forte,2,2,2,2026-01-28T17:22:37,https://www.gbif.org/occurrence/6133570230
6229,2019-06-30,2019,USA,Florida,"New Smyrna Beach, Volusia County",Surfing,Unprovoked,29.0258132,-80.9271271,Carcharodon carcharias,6441095820,430.55,257.0,pas_de_proximite_100km,0,0,0,2026-03-27T20:47:37,https://www.gbif.org/occurrence/6441095820
6229,2019-06-30,2019,USA,Florida,"New Smyrna Beach, Volusia County",Surfing,Unprovoked,29.0258132,-80.9271271,Galeocerdo cuvier,6399953055,95.51,29433.0,proximite_regionale,0,1,0,2026-06-07T17:14:40,https://www.gbif.org/occurrence/6399953055
6229,2019-06-30,2019,USA,Florida,"New Smyrna Beach, Volusia County",Surfing,Unprovoked,29.0258132,-80.9271271,Rhincodon typus,6253026970,509.66,30069.0,pas_de_proximite_100km,0,0,0,2026-04-27T07:00,https://www.gbif.org/occurrence/6253026970
6230,2019-08-27,2019,USA,Florida,"New Smyrna Beach, Volusia County",Surfing,Provoked,29.0258132,-80.9271271,Carcharhinus leucas,6133570230,11.63,29533.0,proximite_forte,2,2,2,2026-01-28T17:22:37,https://www.gbif.org/occurrence/6133570230
6230,2019-08-27,2019,USA,Florida,"New Smyrna Beach, Volusia County",Surfing,Provoked,29.0258132,-80.9271271,Carcharodon carcharias,6441095820,430.55,257.0,pas_de_proximite_100km,0,0,0,2026-03-27T20:47:37,https://www.gbif.org/occurrence/6441095820
6230,2019-08-27,2019,USA,Florida,"New Smyrna Beach, Volusia County",Surfing,Provoked,29.0258132,-80.9271271,Galeocerdo cuvier,6399953055,95.51,29433.0,proximite_regionale,0,1,0,2026-06-07T17:14:40,https://www.gbif.org/occurrence/6399953055
6230,2019-08-27,2019,USA,Florida,"New Smyrna Beach, Volusia County",Surfing,Provoked,29.0258132,-80.9271271,Rhincodon typus,6253026970,509.66,30069.0,pas_de_proximite_100km,0,0,0,2026-04-27T07:00,https://www.gbif.org/occurrence/6253026970
6233,2019-03-12,2019,USA,Florida,"Stuart Beach, Martin County",Boogie boarding,Unprovoked,27.2150323,-80.175149,Carcharhinus leucas,6235914464,28.45,29798.0,proximite_regionale,0,13,4,2026-03-27T15:00,https://www.gbif.org/occurrence/6235914464
6233,2019-03-12,2019,USA,Florida,"Stuart Beach, Martin County",Boogie boarding,Unprovoked,27.2150323,-80.175149,Carcharodon carcharias,6441095820,619.42,257.0,pas_de_proximite_100km,0,0,0,2026-03-27T20:47:37,https://www.gbif.org/occurrence/6441095820
6233,2019-03-12,2019,USA,Florida,"Stuart Beach, Martin County",Boogie boarding,Unprovoked,27.2150323,-80.175149,Galeocerdo cuvier,6235030691,30.25,29798.0,proximite_regionale,0,1,0,2026-04-25T11:55,https://www.gbif.org/occurrence/6235030691
6233,2019-03-12,2019,USA,Florida,"Stuart Beach, Martin County",Boogie boarding,Unprovoked,27.2150323,-80.175149,Rhincodon typus,6253026970,356.19,30069.0,pas_de_proximite_100km,0,0,0,2026-04-27T07:00,https://www.gbif.org/occurrence/6253026970
6235,2019-08-04,2019,USA,Florida,"New Smyrna Beach, Volusia County",Standing,Unprovoked,29.0258132,-80.9271271,Carcharhinus leucas,6133570230,11.63,29533.0,proximite_forte,2,2,2,2026-01-28T17:22:37,https://www.gbif.org/occurrence/6133570230
6235,2019-08-04,2019,USA,Florida,"New Smyrna Beach, Volusia County",Standing,Unprovoked,29.0258132,-80.9271271,Carcharodon carcharias,6441095820,430.55,257.0,pas_de_proximite_100km,0,0,0,2026-03-27T20:47:37,https://www.gbif.org/occurrence/6441095820
6235,2019-08-04,2019,USA,Florida,"New Smyrna Beach, Volusia County",Standing,Unprovoked,29.0258132,-80.9271271,Galeocerdo cuvier,6399953055,95.51,29433.0,proximite_regionale,0,1,0,2026-06-07T17:14:40,https://www.gbif.org/occurrence/6399953055
6235,2019-08-04,2019,USA,Florida,"New Smyrna Beach, Volusia County",Standing,Unprovoked,29.0258132,-80.9271271,Rhincodon typus,6253026970,509.66,30069.0,pas_de_proximite_100km,0,0,0,2026-04-27T07:00,https://www.gbif.org/occurrence/6253026970
6238,2019-07-29,2019,USA,Florida,"New Smyrna Beach, Volusia County",Surfing,Unprovoked,29.0258132,-80.9271271,Carcharhinus leucas,6133570230,11.63,29533.0,proximite_forte,2,2,2,2026-01-28T17:22:37,https://www.gbif.org/occurrence/6133570230
6238,2019-07-29,2019,USA,Florida,"New Smyrna Beach, Volusia County",Surfing,Unprovoked,29.0258132,-80.9271271,Carcharodon carcharias,6441095820,430.55,257.0,pas_de_proximite_100km,0,0,0,2026-03-27T20:47:37,https://www.gbif.org/occurrence/6441095820
6238,2019-07-29,2019,USA,Florida,"New Smyrna Beach, Volusia County",Surfing,Unprovoked,29.0258132,-80.9271271,Galeocerdo cuvier,6399953055,95.51,29433.0,proximite_regionale,0,1,0,2026-06-07T17:14:40,https://www.gbif.org/occurrence/6399953055
6238,2019-07-29,2019,USA,Florida,"New Smyrna Beach, Volusia County",Surfing,Unprovoked,29.0258132,-80.9271271,Rhincodon typus,6253026970,509.66,30069.0,pas_de_proximite_100km,0,0,0,2026-04-27T07:00,https://www.gbif.org/occurrence/6253026970
6245,2019-06-05,2019,AUSTRALIA,New South Wales,Lennox Head,Surfing,Unverified,-28.7910334,153.5878047,Carcharhinus leucas,6159543580,151.68,122.0,pas_de_proximite_100km,0,0,0,2026-02-14T19:35:12,https://www.gbif.org/occurrence/6159543580
6245,2019-06-05,2019,AUSTRALIA,New South Wales,Lennox Head,Surfing,Unverified,-28.7910334,153.5878047,Carcharodon carcharias,6162878281,151.44,7.0,pas_de_proximite_100km,0,0,0,2026-02-22T09:03:13,https://www.gbif.org/occurrence/6162878281
6245,2019-06-05,2019,AUSTRALIA,New South Wales,Lennox Head,Surfing,Unverified,-28.7910334,153.5878047,Galeocerdo cuvier,6133086834,59.21,5.0,proximite_regionale,0,1,1,2026-02-02T13:14:46,https://www.gbif.org/occurrence/6133086834
6245,2019-06-05,2019,AUSTRALIA,New South Wales,Lennox Head,Surfing,Unverified,-28.7910334,153.5878047,Rhincodon typus,5938466615,1623.12,30841.0,pas_de_proximite_100km,0,0,0,2026-01-03T11:33,https://www.gbif.org/occurrence/5938466615
6246,2019-04-21,2019,USA,Florida,"Jacksonville Beach, Duval County",Inconnue,Unprovoked,30.2946859,-81.3931396,Carcharhinus leucas,6133570230,141.6,29533.0,pas_de_proximite_100km,0,0,0,2026-01-28T17:22:37,https://www.gbif.org/occurrence/6133570230
6246,2019-04-21,2019,USA,Florida,"Jacksonville Beach, Duval County",Inconnue,Unprovoked,30.2946859,-81.3931396,Carcharodon carcharias,6441095820,314.31,257.0,pas_de_proximite_100km,0,0,0,2026-03-27T20:47:37,https://www.gbif.org/occurrence/6441095820
6246,2019-04-21,2019,USA,Florida,"Jacksonville Beach, Duval County",Inconnue,Unprovoked,30.2946859,-81.3931396,Galeocerdo cuvier,6399953055,53.35,29433.0,proximite_regionale,0,1,0,2026-06-07T17:14:40,https://www.gbif.org/occurrence/6399953055
6246,2019-04-21,2019,USA,Florida,"Jacksonville Beach, Duval County",Inconnue,Unprovoked,30.2946859,-81.3931396,Rhincodon typus,6253026970,639.65,30069.0,pas_de_proximite_100km,0,0,0,2026-04-27T07:00,https://www.gbif.org/occurrence/6253026970
6247,2019-11-06,2019,USA,California,"San Onofre, San Diego County",Surfing,Unprovoked,33.3803575,-117.5736037,Carcharhinus leucas,6334261088,1341.31,30175.0,pas_de_proximite_100km,0,0,0,2026-05-21T11:26,https://www.gbif.org/occurrence/6334261088
6247,2019-11-06,2019,USA,California,"San Onofre, San Diego County",Surfing,Unprovoked,33.3803575,-117.5736037,Carcharodon carcharias,6352632646,6.23,,proximite_forte,2,4,1,2026-05-25T09:35:37,https://www.gbif.org/occurrence/6352632646
6247,2019-11-06,2019,USA,California,"San Onofre, San Diego County",Surfing,Unprovoked,33.3803575,-117.5736037,Galeocerdo cuvier,6400211599,1710.35,30580.0,pas_de_proximite_100km,0,0,0,2026-05-28T10:51:24,https://www.gbif.org/occurrence/6400211599
6247,2019-11-06,2019,USA,California,"San Onofre, San Diego County",Surfing,Unprovoked,33.3803575,-117.5736037,Rhincodon typus,6130536863,1205.18,5588.0,pas_de_proximite_100km,0,0,0,2026-01-05T15:29:36,https://www.gbif.org/occurrence/6130536863
6259,2019-08-21,2019,USA,Florida,"Fort Lauderdale, Broward County",Wading,Unprovoked,26.1223084,-80.1433786,Carcharhinus leucas,6273825352,44.7,29845.0,proximite_regionale,0,10,1,2026-04-22T11:39:24,https://www.gbif.org/occurrence/6273825352
6259,2019-08-21,2019,USA,Florida,"Fort Lauderdale, Broward County",Wading,Unprovoked,26.1223084,-80.1433786,Carcharodon carcharias,6441095820,740.62,257.0,pas_de_proximite_100km,0,0,0,2026-03-27T20:47:37,https://www.gbif.org/occurrence/6441095820
6259,2019-08-21,2019,USA,Florida,"Fort Lauderdale, Broward County",Wading,Unprovoked,26.1223084,-80.1433786,Galeocerdo cuvier,6235030691,91.61,29798.0,proximite_regionale,0,1,0,2026-04-25T11:55,https://www.gbif.org/occurrence/6235030691
6259,2019-08-21,2019,USA,Florida,"Fort Lauderdale, Broward County",Wading,Unprovoked,26.1223084,-80.1433786,Rhincodon typus,6253026970,269.01,30069.0,pas_de_proximite_100km,0,0,0,2026-04-27T07:00,https://www.gbif.org/occurrence/6253026970
6272,2019-07-27,2019,USA,Florida,"New Smyrna Beach, Volusia County",Boogie boarding,Unprovoked,29.0258132,-80.9271271,Carcharhinus leucas,6133570230,11.63,29533.0,proximite_forte,2,2,2,2026-01-28T17:22:37,https://www.gbif.org/occurrence/6133570230
6272,2019-07-27,2019,USA,Florida,"New Smyrna Beach, Volusia County",Boogie boarding,Unprovoked,29.0258132,-80.9271271,Carcharodon carcharias,6441095820,430.55,257.0,pas_de_proximite_100km,0,0,0,2026-03-27T20:47:37,https://www.gbif.org/occurrence/6441095820
6272,2019-07-27,2019,USA,Florida,"New Smyrna Beach, Volusia County",Boogie boarding,Unprovoked,29.0258132,-80.9271271,Galeocerdo cuvier,6399953055,95.51,29433.0,proximite_regionale,0,1,0,2026-06-07T17:14:40,https://www.gbif.org/occurrence/6399953055
6272,2019-07-27,2019,USA,Florida,"New Smyrna Beach, Volusia County",Boogie boarding,Unprovoked,29.0258132,-80.9271271,Rhincodon typus,6253026970,509.66,30069.0,pas_de_proximite_100km,0,0,0,2026-04-27T07:00,https://www.gbif.org/occurrence/6253026970
6285,2019-11-09,2019,SOUTH AFRICA,Eastern Cape Province,East London,Kayaking fishing,Watercraft,-33.0191604,27.8998573,Carcharhinus leucas,6130149287,359.6,29330.0,pas_de_proximite_100km,0,0,0,2026-01-10T07:45:33,https://www.gbif.org/occurrence/6130149287
6285,2019-11-09,2019,SOUTH AFRICA,Eastern Cape Province,East London,Kayaking fishing,Watercraft,-33.0191604,27.8998573,Carcharodon carcharias,6480081628,26.7,29039.0,proximite_regionale,0,2,0,2026-01-19T13:45:33,https://www.gbif.org/occurrence/6480081628
6285,2019-11-09,2019,SOUTH AFRICA,Eastern Cape Province,East London,Kayaking fishing,Watercraft,-33.0191604,27.8998573,Galeocerdo cuvier,5206523433,823.1,29798.0,pas_de_proximite_100km,0,0,0,2025-03-25T01:26:01,https://www.gbif.org/occurrence/5206523433
6285,2019-11-09,2019,SOUTH AFRICA,Eastern Cape Province,East London,Kayaking fishing,Watercraft,-33.0191604,27.8998573,Rhincodon typus,6352311338,1674.04,1358701.0,pas_de_proximite_100km,0,0,0,2026-05-28,https://www.gbif.org/occurrence/6352311338
6291,2019-07-27,2019,USA,Florida,"Jacksonville Beach, Duval County",Surfing,Unprovoked,30.2946859,-81.3931396,Carcharhinus leucas,6133570230,141.6,29533.0,pas_de_proximite_100km,0,0,0,2026-01-28T17:22:37,https://www.gbif.org/occurrence/6133570230
6291,2019-07-27,2019,USA,Florida,"Jacksonville Beach, Duval County",Surfing,Unprovoked,30.2946859,-81.3931396,Carcharodon carcharias,6441095820,314.31,257.0,pas_de_proximite_100km,0,0,0,2026-03-27T20:47:37,https://www.gbif.org/occurrence/6441095820
6291,2019-07-27,2019,USA,Florida,"Jacksonville Beach, Duval County",Surfing,Unprovoked,30.2946859,-81.3931396,Galeocerdo cuvier,6399953055,53.35,29433.0,proximite_regionale,0,1,0,2026-06-07T17:14:40,https://www.gbif.org/occurrence/6399953055
6291,2019-07-27,2019,USA,Florida,"Jacksonville Beach, Duval County",Surfing,Unprovoked,30.2946859,-81.3931396,Rhincodon typus,6253026970,639.65,30069.0,pas_de_proximite_100km,0,0,0,2026-04-27T07:00,https://www.gbif.org/occurrence/6253026970
6300,2019-06-10,2019,USA,North Carolina,"Ocean Isle, Brunswick County",Surfing,Unprovoked,33.8943393,-78.426672,Carcharhinus leucas,6130999421,577.67,29533.0,pas_de_proximite_100km,0,0,0,2026-01-17T15:30:29,https://www.gbif.org/occurrence/6130999421
6300,2019-06-10,2019,USA,North Carolina,"Ocean Isle, Brunswick County",Surfing,Unprovoked,33.8943393,-78.426672,Carcharodon carcharias,6479594785,83.31,53267.0,proximite_regionale,0,1,0,2026-07-14T07:15:20,https://www.gbif.org/occurrence/6479594785
6300,2019-06-10,2019,USA,North Carolina,"Ocean Isle, Brunswick County",Surfing,Unprovoked,33.8943393,-78.426672,Galeocerdo cuvier,6399752821,14.49,28902.0,proximite_forte,1,2,0,2026-06-04T11:19,https://www.gbif.org/occurrence/6399752821
6300,2019-06-10,2019,USA,North Carolina,"Ocean Isle, Brunswick County",Surfing,Unprovoked,33.8943393,-78.426672,Rhincodon typus,6253026970,1097.81,30069.0,pas_de_proximite_100km,0,0,0,2026-04-27T07:00,https://www.gbif.org/occurrence/6253026970
6301,2019-08-16,2019,USA,Florida,"New Smyrna Beach, Volusia County",Wading,Unprovoked,29.0258132,-80.9271271,Carcharhinus leucas,6133570230,11.63,29533.0,proximite_forte,2,2,2,2026-01-28T17:22:37,https://www.gbif.org/occurrence/6133570230
6301,2019-08-16,2019,USA,Florida,"New Smyrna Beach, Volusia County",Wading,Unprovoked,29.0258132,-80.9271271,Carcharodon carcharias,6441095820,430.55,257.0,pas_de_proximite_100km,0,0,0,2026-03-27T20:47:37,https://www.gbif.org/occurrence/6441095820
6301,2019-08-16,2019,USA,Florida,"New Smyrna Beach, Volusia County",Wading,Unprovoked,29.0258132,-80.9271271,Galeocerdo cuvier,6399953055,95.51,29433.0,proximite_regionale,0,1,0,2026-06-07T17:14:40,https://www.gbif.org/occurrence/6399953055
6301,2019-08-16,2019,USA,Florida,"New Smyrna Beach, Volusia County",Wading,Unprovoked,29.0258132,-80.9271271,Rhincodon typus,6253026970,509.66,30069.0,pas_de_proximite_100km,0,0,0,2026-04-27T07:00,https://www.gbif.org/occurrence/6253026970
6302,2019-11-30,2019,USA,Florida,"New Smyrna Beach, Volusia County",Surfing,Unprovoked,29.0258132,-80.9271271,Carcharhinus leucas,6133570230,11.63,29533.0,proximite_forte,2,2,2,2026-01-28T17:22:37,https://www.gbif.org/occurrence/6133570230
6302,2019-11-30,2019,USA,Florida,"New Smyrna Beach, Volusia County",Surfing,Unprovoked,29.0258132,-80.9271271,Carcharodon carcharias,6441095820,430.55,257.0,pas_de_proximite_100km,0,0,0,2026-03-27T20:47:37,https://www.gbif.org/occurrence/6441095820
6302,2019-11-30,2019,USA,Florida,"New Smyrna Beach, Volusia County",Surfing,Unprovoked,29.0258132,-80.9271271,Galeocerdo cuvier,6399953055,95.51,29433.0,proximite_regionale,0,1,0,2026-06-07T17:14:40,https://www.gbif.org/occurrence/6399953055
6302,2019-11-30,2019,USA,Florida,"New Smyrna Beach, Volusia County",Surfing,Unprovoked,29.0258132,-80.9271271,Rhincodon typus,6253026970,509.66,30069.0,pas_de_proximite_100km,0,0,0,2026-04-27T07:00,https://www.gbif.org/occurrence/6253026970
6306,2019-08-03,2019,USA,Florida,"New Smyrna Beach, Volusia County",Surfing,Unprovoked,29.0258132,-80.9271271,Carcharhinus leucas,6133570230,11.63,29533.0,proximite_forte,2,2,2,2026-01-28T17:22:37,https://www.gbif.org/occurrence/6133570230
6306,2019-08-03,2019,USA,Florida,"New Smyrna Beach, Volusia County",Surfing,Unprovoked,29.0258132,-80.9271271,Carcharodon carcharias,6441095820,430.55,257.0,pas_de_proximite_100km,0,0,0,2026-03-27T20:47:37,https://www.gbif.org/occurrence/6441095820
6306,2019-08-03,2019,USA,Florida,"New Smyrna Beach, Volusia County",Surfing,Unprovoked,29.0258132,-80.9271271,Galeocerdo cuvier,6399953055,95.51,29433.0,proximite_regionale,0,1,0,2026-06-07T17:14:40,https://www.gbif.org/occurrence/6399953055
6306,2019-08-03,2019,USA,Florida,"New Smyrna Beach, Volusia County",Surfing,Unprovoked,29.0258132,-80.9271271,Rhincodon typus,6253026970,509.66,30069.0,pas_de_proximite_100km,0,0,0,2026-04-27T07:00,https://www.gbif.org/occurrence/6253026970
6318,2019-11-12,2019,USA,Florida,"Cocoa Beach, Brevard  County",Surfing,Unprovoked,28.3184107,-80.6094959,Carcharhinus leucas,6234759244,43.15,29680.0,proximite_regionale,0,5,5,2026-04-17T20:49,https://www.gbif.org/occurrence/6234759244
6318,2019-11-12,2019,USA,Florida,"Cocoa Beach, Brevard  County",Surfing,Unprovoked,28.3184107,-80.6094959,Carcharodon carcharias,6441095820,501.64,257.0,pas_de_proximite_100km,0,0,0,2026-03-27T20:47:37,https://www.gbif.org/occurrence/6441095820
6318,2019-11-12,2019,USA,Florida,"Cocoa Beach, Brevard  County",Surfing,Unprovoked,28.3184107,-80.6094959,Galeocerdo cuvier,6235030691,159.76,29798.0,pas_de_proximite_100km,0,0,0,2026-04-25T11:55,https://www.gbif.org/occurrence/6235030691
6318,2019-11-12,2019,USA,Florida,"Cocoa Beach, Brevard  County",Surfing,Unprovoked,28.3184107,-80.6094959,Rhincodon typus,6253026970,444.43,30069.0,pas_de_proximite_100km,0,0,0,2026-04-27T07:00,https://www.gbif.org/occurrence/6253026970
6324,2019-08-03,2019,USA,Florida,"New Smyrna Beach, Volusia County",Surfing,Unprovoked,29.0258132,-80.9271271,Carcharhinus leucas,6133570230,11.63,29533.0,proximite_forte,2,2,2,2026-01-28T17:22:37,https://www.gbif.org/occurrence/6133570230
6324,2019-08-03,2019,USA,Florida,"New Smyrna Beach, Volusia County",Surfing,Unprovoked,29.0258132,-80.9271271,Carcharodon carcharias,6441095820,430.55,257.0,pas_de_proximite_100km,0,0,0,2026-03-27T20:47:37,https://www.gbif.org/occurrence/6441095820
6324,2019-08-03,2019,USA,Florida,"New Smyrna Beach, Volusia County",Surfing,Unprovoked,29.0258132,-80.9271271,Galeocerdo cuvier,6399953055,95.51,29433.0,proximite_regionale,0,1,0,2026-06-07T17:14:40,https://www.gbif.org/occurrence/6399953055
6324,2019-08-03,2019,USA,Florida,"New Smyrna Beach, Volusia County",Surfing,Unprovoked,29.0258132,-80.9271271,Rhincodon typus,6253026970,509.66,30069.0,pas_de_proximite_100km,0,0,0,2026-04-27T07:00,https://www.gbif.org/occurrence/6253026970
6327,2020-08-20,2020,USA,Florida,"New Smyrna Beach, Volusia County",Boogie boarding,Unprovoked,29.0258132,-80.9271271,Carcharhinus leucas,6133570230,11.63,29533.0,proximite_forte,2,2,2,2026-01-28T17:22:37,https://www.gbif.org/occurrence/6133570230
6327,2020-08-20,2020,USA,Florida,"New Smyrna Beach, Volusia County",Boogie boarding,Unprovoked,29.0258132,-80.9271271,Carcharodon carcharias,6441095820,430.55,257.0,pas_de_proximite_100km,0,0,0,2026-03-27T20:47:37,https://www.gbif.org/occurrence/6441095820
6327,2020-08-20,2020,USA,Florida,"New Smyrna Beach, Volusia County",Boogie boarding,Unprovoked,29.0258132,-80.9271271,Galeocerdo cuvier,6399953055,95.51,29433.0,proximite_regionale,0,1,0,2026-06-07T17:14:40,https://www.gbif.org/occurrence/6399953055
6327,2020-08-20,2020,USA,Florida,"New Smyrna Beach, Volusia County",Boogie boarding,Unprovoked,29.0258132,-80.9271271,Rhincodon typus,6253026970,509.66,30069.0,pas_de_proximite_100km,0,0,0,2026-04-27T07:00,https://www.gbif.org/occurrence/6253026970
6336,2020-07-14,2020,USA,Florida,"Melbourne Beach, Brevard County",Wading,Unprovoked,28.0684067,-80.5607951,Carcharhinus leucas,6234759244,16.58,29680.0,proximite_forte,1,3,3,2026-04-17T20:49,https://www.gbif.org/occurrence/6234759244
6336,2020-07-14,2020,USA,Florida,"Melbourne Beach, Brevard County",Wading,Unprovoked,28.0684067,-80.5607951,Carcharodon carcharias,6441095820,528.49,257.0,pas_de_proximite_100km,0,0,0,2026-03-27T20:47:37,https://www.gbif.org/occurrence/6441095820
6336,2020-07-14,2020,USA,Florida,"Melbourne Beach, Brevard County",Wading,Unprovoked,28.0684067,-80.5607951,Galeocerdo cuvier,6235030691,131.86,29798.0,pas_de_proximite_100km,0,0,0,2026-04-25T11:55,https://www.gbif.org/occurrence/6235030691
6336,2020-07-14,2020,USA,Florida,"Melbourne Beach, Brevard County",Wading,Unprovoked,28.0684067,-80.5607951,Rhincodon typus,6253026970,420.55,30069.0,pas_de_proximite_100km,0,0,0,2026-04-27T07:00,https://www.gbif.org/occurrence/6253026970
6340,2020-11-26,2020,USA,Hawaii,Maui,Snorkeling,Unprovoked,20.8029568,-156.3106833,Carcharhinus leucas,6334261088,4800.06,30175.0,pas_de_proximite_100km,0,0,0,2026-05-21T11:26,https://www.gbif.org/occurrence/6334261088
6340,2020-11-26,2020,USA,Hawaii,Maui,Snorkeling,Unprovoked,20.8029568,-156.3106833,Carcharodon carcharias,6480838932,1253.22,1584228.0,pas_de_proximite_100km,0,0,0,2026-06-24T10:02:07,https://www.gbif.org/occurrence/6480838932
6340,2020-11-26,2020,USA,Hawaii,Maui,Snorkeling,Unprovoked,20.8029568,-156.3106833,Galeocerdo cuvier,6252097407,7.26,44888.0,proximite_forte,1,1,0,2026-05-02T21:04,https://www.gbif.org/occurrence/6252097407
6340,2020-11-26,2020,USA,Hawaii,Maui,Snorkeling,Unprovoked,20.8029568,-156.3106833,Rhincodon typus,6194532302,134.15,111319.49,pas_de_proximite_100km,0,0,0,2026-01-22,https://www.gbif.org/occurrence/6194532302
6344,2020-07-23,2020,USA,Florida,"New Smyrna Beach, Volusia County",Standing,Unprovoked,29.0258132,-80.9271271,Carcharhinus leucas,6133570230,11.63,29533.0,proximite_forte,2,2,2,2026-01-28T17:22:37,https://www.gbif.org/occurrence/6133570230
6344,2020-07-23,2020,USA,Florida,"New Smyrna Beach, Volusia County",Standing,Unprovoked,29.0258132,-80.9271271,Carcharodon carcharias,6441095820,430.55,257.0,pas_de_proximite_100km,0,0,0,2026-03-27T20:47:37,https://www.gbif.org/occurrence/6441095820
6344,2020-07-23,2020,USA,Florida,"New Smyrna Beach, Volusia County",Standing,Unprovoked,29.0258132,-80.9271271,Galeocerdo cuvier,6399953055,95.51,29433.0,proximite_regionale,0,1,0,2026-06-07T17:14:40,https://www.gbif.org/occurrence/6399953055
6344,2020-07-23,2020,USA,Florida,"New Smyrna Beach, Volusia County",Standing,Unprovoked,29.0258132,-80.9271271,Rhincodon typus,6253026970,509.66,30069.0,pas_de_proximite_100km,0,0,0,2026-04-27T07:00,https://www.gbif.org/occurrence/6253026970
6362,2020-09-02,2020,USA,Florida,"Jensen Beach, Martin County",Inconnue,Unprovoked,27.2379528,-80.2389899,Carcharhinus leucas,6235914464,33.11,29798.0,proximite_regionale,0,13,4,2026-03-27T15:00,https://www.gbif.org/occurrence/6235914464
6362,2020-09-02,2020,USA,Florida,"Jensen Beach, Martin County",Inconnue,Unprovoked,27.2379528,-80.2389899,Carcharodon carcharias,6441095820,617.26,257.0,pas_de_proximite_100km,0,0,0,2026-03-27T20:47:37,https://www.gbif.org/occurrence/6441095820
6362,2020-09-02,2020,USA,Florida,"Jensen Beach, Martin County",Inconnue,Unprovoked,27.2379528,-80.2389899,Galeocerdo cuvier,6235030691,34.23,29798.0,proximite_regionale,0,1,0,2026-04-25T11:55,https://www.gbif.org/occurrence/6235030691
6362,2020-09-02,2020,USA,Florida,"Jensen Beach, Martin County",Inconnue,Unprovoked,27.2379528,-80.2389899,Rhincodon typus,6253026970,354.67,30069.0,pas_de_proximite_100km,0,0,0,2026-04-27T07:00,https://www.gbif.org/occurrence/6253026970
6366,2020-08-23,2020,USA,Florida,"New Smyrna Beach, Volusia County",Standing,Unprovoked,29.0258132,-80.9271271,Carcharhinus leucas,6133570230,11.63,29533.0,proximite_forte,2,2,2,2026-01-28T17:22:37,https://www.gbif.org/occurrence/6133570230
6366,2020-08-23,2020,USA,Florida,"New Smyrna Beach, Volusia County",Standing,Unprovoked,29.0258132,-80.9271271,Carcharodon carcharias,6441095820,430.55,257.0,pas_de_proximite_100km,0,0,0,2026-03-27T20:47:37,https://www.gbif.org/occurrence/6441095820
6366,2020-08-23,2020,USA,Florida,"New Smyrna Beach, Volusia County",Standing,Unprovoked,29.0258132,-80.9271271,Galeocerdo cuvier,6399953055,95.51,29433.0,proximite_regionale,0,1,0,2026-06-07T17:14:40,https://www.gbif.org/occurrence/6399953055
6366,2020-08-23,2020,USA,Florida,"New Smyrna Beach, Volusia County",Standing,Unprovoked,29.0258132,-80.9271271,Rhincodon typus,6253026970,509.66,30069.0,pas_de_proximite_100km,0,0,0,2026-04-27T07:00,https://www.gbif.org/occurrence/6253026970
6380,2020-03-22,2020,USA,Florida,"New Smyrna Beach, Volusia County",Surfing,Unprovoked,29.0258132,-80.9271271,Carcharhinus leucas,6133570230,11.63,29533.0,proximite_forte,2,2,2,2026-01-28T17:22:37,https://www.gbif.org/occurrence/6133570230
6380,2020-03-22,2020,USA,Florida,"New Smyrna Beach, Volusia County",Surfing,Unprovoked,29.0258132,-80.9271271,Carcharodon carcharias,6441095820,430.55,257.0,pas_de_proximite_100km,0,0,0,2026-03-27T20:47:37,https://www.gbif.org/occurrence/6441095820
6380,2020-03-22,2020,USA,Florida,"New Smyrna Beach, Volusia County",Surfing,Unprovoked,29.0258132,-80.9271271,Galeocerdo cuvier,6399953055,95.51,29433.0,proximite_regionale,0,1,0,2026-06-07T17:14:40,https://www.gbif.org/occurrence/6399953055
6380,2020-03-22,2020,USA,Florida,"New Smyrna Beach, Volusia County",Surfing,Unprovoked,29.0258132,-80.9271271,Rhincodon typus,6253026970,509.66,30069.0,pas_de_proximite_100km,0,0,0,2026-04-27T07:00,https://www.gbif.org/occurrence/6253026970
6381,,2020,USA,Florida,"Cocoa Beach, Brevard  County",Surfing,Unprovoked,28.3184107,-80.6094959,Carcharhinus leucas,6234759244,43.15,29680.0,proximite_regionale,0,5,5,2026-04-17T20:49,https://www.gbif.org/occurrence/6234759244
6381,,2020,USA,Florida,"Cocoa Beach, Brevard  County",Surfing,Unprovoked,28.3184107,-80.6094959,Carcharodon carcharias,6441095820,501.64,257.0,pas_de_proximite_100km,0,0,0,2026-03-27T20:47:37,https://www.gbif.org/occurrence/6441095820
6381,,2020,USA,Florida,"Cocoa Beach, Brevard  County",Surfing,Unprovoked,28.3184107,-80.6094959,Galeocerdo cuvier,6235030691,159.76,29798.0,pas_de_proximite_100km,0,0,0,2026-04-25T11:55,https://www.gbif.org/occurrence/6235030691
6381,,2020,USA,Florida,"Cocoa Beach, Brevard  County",Surfing,Unprovoked,28.3184107,-80.6094959,Rhincodon typus,6253026970,444.43,30069.0,pas_de_proximite_100km,0,0,0,2026-04-27T07:00,https://www.gbif.org/occurrence/6253026970
6387,2020-07-31,2020,USA,Florida,"New Smyrna Beach, Volusia County",Surfing,Unprovoked,29.0258132,-80.9271271,Carcharhinus leucas,6133570230,11.63,29533.0,proximite_forte,2,2,2,2026-01-28T17:22:37,https://www.gbif.org/occurrence/6133570230
6387,2020-07-31,2020,USA,Florida,"New Smyrna Beach, Volusia County",Surfing,Unprovoked,29.0258132,-80.9271271,Carcharodon carcharias,6441095820,430.55,257.0,pas_de_proximite_100km,0,0,0,2026-03-27T20:47:37,https://www.gbif.org/occurrence/6441095820
6387,2020-07-31,2020,USA,Florida,"New Smyrna Beach, Volusia County",Surfing,Unprovoked,29.0258132,-80.9271271,Galeocerdo cuvier,6399953055,95.51,29433.0,proximite_regionale,0,1,0,2026-06-07T17:14:40,https://www.gbif.org/occurrence/6399953055
6387,2020-07-31,2020,USA,Florida,"New Smyrna Beach, Volusia County",Surfing,Unprovoked,29.0258132,-80.9271271,Rhincodon typus,6253026970,509.66,30069.0,pas_de_proximite_100km,0,0,0,2026-04-27T07:00,https://www.gbif.org/occurrence/6253026970
6388,2020-08-30,2020,USA,South Carolina,"Folly Beach, Charleston County",Surfing,Unprovoked,32.6554848,-79.9407802,Carcharhinus leucas,6130999421,402.26,29533.0,pas_de_proximite_100km,0,0,0,2026-01-17T15:30:29,https://www.gbif.org/occurrence/6130999421
6388,2020-08-30,2020,USA,South Carolina,"Folly Beach, Charleston County",Surfing,Unprovoked,32.6554848,-79.9407802,Carcharodon carcharias,6441095820,18.48,257.0,proximite_forte,1,1,0,2026-03-27T20:47:37,https://www.gbif.org/occurrence/6441095820
6388,2020-08-30,2020,USA,South Carolina,"Folly Beach, Charleston County",Surfing,Unprovoked,32.6554848,-79.9407802,Galeocerdo cuvier,6399752821,186.03,28902.0,pas_de_proximite_100km,0,0,0,2026-06-04T11:19,https://www.gbif.org/occurrence/6399752821
6388,2020-08-30,2020,USA,South Carolina,"Folly Beach, Charleston County",Surfing,Unprovoked,32.6554848,-79.9407802,Rhincodon typus,6253026970,923.96,30069.0,pas_de_proximite_100km,0,0,0,2026-04-27T07:00,https://www.gbif.org/occurrence/6253026970
6396,2020-03-22,2020,USA,Florida,"New Smyrna Beach, Volusia County",Surfing,Unprovoked,29.0258132,-80.9271271,Carcharhinus leucas,6133570230,11.63,29533.0,proximite_forte,2,2,2,2026-01-28T17:22:37,https://www.gbif.org/occurrence/6133570230
6396,2020-03-22,2020,USA,Florida,"New Smyrna Beach, Volusia County",Surfing,Unprovoked,29.0258132,-80.9271271,Carcharodon carcharias,6441095820,430.55,257.0,pas_de_proximite_100km,0,0,0,2026-03-27T20:47:37,https://www.gbif.org/occurrence/6441095820
6396,2020-03-22,2020,USA,Florida,"New Smyrna Beach, Volusia County",Surfing,Unprovoked,29.0258132,-80.9271271,Galeocerdo cuvier,6399953055,95.51,29433.0,proximite_regionale,0,1,0,2026-06-07T17:14:40,https://www.gbif.org/occurrence/6399953055
6396,2020-03-22,2020,USA,Florida,"New Smyrna Beach, Volusia County",Surfing,Unprovoked,29.0258132,-80.9271271,Rhincodon typus,6253026970,509.66,30069.0,pas_de_proximite_100km,0,0,0,2026-04-27T07:00,https://www.gbif.org/occurrence/6253026970
6402,2020-07-19,2020,USA,Florida,"Cocoa Beach, Brevard  County",Wading,Unprovoked,28.3184107,-80.6094959,Carcharhinus leucas,6234759244,43.15,29680.0,proximite_regionale,0,5,5,2026-04-17T20:49,https://www.gbif.org/occurrence/6234759244
6402,2020-07-19,2020,USA,Florida,"Cocoa Beach, Brevard  County",Wading,Unprovoked,28.3184107,-80.6094959,Carcharodon carcharias,6441095820,501.64,257.0,pas_de_proximite_100km,0,0,0,2026-03-27T20:47:37,https://www.gbif.org/occurrence/6441095820
6402,2020-07-19,2020,USA,Florida,"Cocoa Beach, Brevard  County",Wading,Unprovoked,28.3184107,-80.6094959,Galeocerdo cuvier,6235030691,159.76,29798.0,pas_de_proximite_100km,0,0,0,2026-04-25T11:55,https://www.gbif.org/occurrence/6235030691
6402,2020-07-19,2020,USA,Florida,"Cocoa Beach, Brevard  County",Wading,Unprovoked,28.3184107,-80.6094959,Rhincodon typus,6253026970,444.43,30069.0,pas_de_proximite_100km,0,0,0,2026-04-27T07:00,https://www.gbif.org/occurrence/6253026970
6412,2020-09-15,2020,USA,Florida,"Melbourne Beach, Brevard County",Surfing,Unprovoked,28.0684067,-80.5607951,Carcharhinus leucas,6234759244,16.58,29680.0,proximite_forte,1,3,3,2026-04-17T20:49,https://www.gbif.org/occurrence/6234759244
6412,2020-09-15,2020,USA,Florida,"Melbourne Beach, Brevard County",Surfing,Unprovoked,28.0684067,-80.5607951,Carcharodon carcharias,6441095820,528.49,257.0,pas_de_proximite_100km,0,0,0,2026-03-27T20:47:37,https://www.gbif.org/occurrence/6441095820
6412,2020-09-15,2020,USA,Florida,"Melbourne Beach, Brevard County",Surfing,Unprovoked,28.0684067,-80.5607951,Galeocerdo cuvier,6235030691,131.86,29798.0,pas_de_proximite_100km,0,0,0,2026-04-25T11:55,https://www.gbif.org/occurrence/6235030691
6412,2020-09-15,2020,USA,Florida,"Melbourne Beach, Brevard County",Surfing,Unprovoked,28.0684067,-80.5607951,Rhincodon typus,6253026970,420.55,30069.0,pas_de_proximite_100km,0,0,0,2026-04-27T07:00,https://www.gbif.org/occurrence/6253026970
6414,2020-07-29,2020,USA,Florida,Florida Keys,Diving,Unprovoked,24.6736205,-81.4981792,Carcharhinus leucas,6273845090,7.22,30047.0,proximite_forte,2,5,3,2026-04-24T11:59,https://www.gbif.org/occurrence/6273845090
6414,2020-07-29,2020,USA,Florida,Florida Keys,Diving,Unprovoked,24.6736205,-81.4981792,Carcharodon carcharias,6400039718,825.73,49.0,pas_de_proximite_100km,0,0,0,2026-02-25T14:55,https://www.gbif.org/occurrence/6400039718
6414,2020-07-29,2020,USA,Florida,Florida Keys,Diving,Unprovoked,24.6736205,-81.4981792,Galeocerdo cuvier,5133758058,53.51,30025.0,proximite_regionale,0,1,0,2025-03-01T13:40,https://www.gbif.org/occurrence/5133758058
6414,2020-07-29,2020,USA,Florida,Florida Keys,Diving,Unprovoked,24.6736205,-81.4981792,Rhincodon typus,6253026970,72.94,30069.0,proximite_regionale,0,1,0,2026-04-27T07:00,https://www.gbif.org/occurrence/6253026970
6418,2020-09-15,2020,USA,Florida,"Ponce Inlet, Volusia County",Surfing,Unprovoked,29.0963729,-80.9369983,Carcharhinus leucas,6133570230,8.03,29533.0,proximite_forte,2,2,2,2026-01-28T17:22:37,https://www.gbif.org/occurrence/6133570230
6418,2020-09-15,2020,USA,Florida,"Ponce Inlet, Volusia County",Surfing,Unprovoked,29.0963729,-80.9369983,Carcharodon carcharias,6441095820,423.19,257.0,pas_de_proximite_100km,0,0,0,2026-03-27T20:47:37,https://www.gbif.org/occurrence/6441095820
6418,2020-09-15,2020,USA,Florida,"Ponce Inlet, Volusia County",Surfing,Unprovoked,29.0963729,-80.9369983,Galeocerdo cuvier,6399953055,87.9,29433.0,proximite_regionale,0,1,0,2026-06-07T17:14:40,https://www.gbif.org/occurrence/6399953055
6418,2020-09-15,2020,USA,Florida,"Ponce Inlet, Volusia County",Surfing,Unprovoked,29.0963729,-80.9369983,Rhincodon typus,6253026970,517.01,30069.0,pas_de_proximite_100km,0,0,0,2026-04-27T07:00,https://www.gbif.org/occurrence/6253026970
6419,2020-04-07,2020,USA,Florida,"Cocoa Beach, Brevard  County",Surfing,Unprovoked,28.3184107,-80.6094959,Carcharhinus leucas,6234759244,43.15,29680.0,proximite_regionale,0,5,5,2026-04-17T20:49,https://www.gbif.org/occurrence/6234759244
6419,2020-04-07,2020,USA,Florida,"Cocoa Beach, Brevard  County",Surfing,Unprovoked,28.3184107,-80.6094959,Carcharodon carcharias,6441095820,501.64,257.0,pas_de_proximite_100km,0,0,0,2026-03-27T20:47:37,https://www.gbif.org/occurrence/6441095820
6419,2020-04-07,2020,USA,Florida,"Cocoa Beach, Brevard  County",Surfing,Unprovoked,28.3184107,-80.6094959,Galeocerdo cuvier,6235030691,159.76,29798.0,pas_de_proximite_100km,0,0,0,2026-04-25T11:55,https://www.gbif.org/occurrence/6235030691
6419,2020-04-07,2020,USA,Florida,"Cocoa Beach, Brevard  County",Surfing,Unprovoked,28.3184107,-80.6094959,Rhincodon typus,6253026970,444.43,30069.0,pas_de_proximite_100km,0,0,0,2026-04-27T07:00,https://www.gbif.org/occurrence/6253026970
6423,2021-10-03,2021,USA,Florida,"Jensen Beach, Martin County",Swimming,Unprovoked,27.2379528,-80.2389899,Carcharhinus leucas,6235914464,33.11,29798.0,proximite_regionale,0,13,4,2026-03-27T15:00,https://www.gbif.org/occurrence/6235914464
6423,2021-10-03,2021,USA,Florida,"Jensen Beach, Martin County",Swimming,Unprovoked,27.2379528,-80.2389899,Carcharodon carcharias,6441095820,617.26,257.0,pas_de_proximite_100km,0,0,0,2026-03-27T20:47:37,https://www.gbif.org/occurrence/6441095820
6423,2021-10-03,2021,USA,Florida,"Jensen Beach, Martin County",Swimming,Unprovoked,27.2379528,-80.2389899,Galeocerdo cuvier,6235030691,34.23,29798.0,proximite_regionale,0,1,0,2026-04-25T11:55,https://www.gbif.org/occurrence/6235030691
6423,2021-10-03,2021,USA,Florida,"Jensen Beach, Martin County",Swimming,Unprovoked,27.2379528,-80.2389899,Rhincodon typus,6253026970,354.67,30069.0,pas_de_proximite_100km,0,0,0,2026-04-27T07:00,https://www.gbif.org/occurrence/6253026970
6432,2021-01-03,2021,USA,Florida,"Cocoa Beach, Brevard  County",Surfing,Unprovoked,28.3184107,-80.6094959,Carcharhinus leucas,6234759244,43.15,29680.0,proximite_regionale,0,5,5,2026-04-17T20:49,https://www.gbif.org/occurrence/6234759244
6432,2021-01-03,2021,USA,Florida,"Cocoa Beach, Brevard  County",Surfing,Unprovoked,28.3184107,-80.6094959,Carcharodon carcharias,6441095820,501.64,257.0,pas_de_proximite_100km,0,0,0,2026-03-27T20:47:37,https://www.gbif.org/occurrence/6441095820
6432,2021-01-03,2021,USA,Florida,"Cocoa Beach, Brevard  County",Surfing,Unprovoked,28.3184107,-80.6094959,Galeocerdo cuvier,6235030691,159.76,29798.0,pas_de_proximite_100km,0,0,0,2026-04-25T11:55,https://www.gbif.org/occurrence/6235030691
6432,2021-01-03,2021,USA,Florida,"Cocoa Beach, Brevard  County",Surfing,Unprovoked,28.3184107,-80.6094959,Rhincodon typus,6253026970,444.43,30069.0,pas_de_proximite_100km,0,0,0,2026-04-27T07:00,https://www.gbif.org/occurrence/6253026970
6433,2021-01-02,2021,USA,Florida,"Cocoa Beach, Brevard  County",Surfing,Unprovoked,28.3184107,-80.6094959,Carcharhinus leucas,6234759244,43.15,29680.0,proximite_regionale,0,5,5,2026-04-17T20:49,https://www.gbif.org/occurrence/6234759244
6433,2021-01-02,2021,USA,Florida,"Cocoa Beach, Brevard  County",Surfing,Unprovoked,28.3184107,-80.6094959,Carcharodon carcharias,6441095820,501.64,257.0,pas_de_proximite_100km,0,0,0,2026-03-27T20:47:37,https://www.gbif.org/occurrence/6441095820
6433,2021-01-02,2021,USA,Florida,"Cocoa Beach, Brevard  County",Surfing,Unprovoked,28.3184107,-80.6094959,Galeocerdo cuvier,6235030691,159.76,29798.0,pas_de_proximite_100km,0,0,0,2026-04-25T11:55,https://www.gbif.org/occurrence/6235030691
6433,2021-01-02,2021,USA,Florida,"Cocoa Beach, Brevard  County",Surfing,Unprovoked,28.3184107,-80.6094959,Rhincodon typus,6253026970,444.43,30069.0,pas_de_proximite_100km,0,0,0,2026-04-27T07:00,https://www.gbif.org/occurrence/6253026970
6434,2021-01-22,2021,USA,Hawaii,Maui,Snorkeling,Unprovoked,20.8029568,-156.3106833,Carcharhinus leucas,6334261088,4800.06,30175.0,pas_de_proximite_100km,0,0,0,2026-05-21T11:26,https://www.gbif.org/occurrence/6334261088
6434,2021-01-22,2021,USA,Hawaii,Maui,Snorkeling,Unprovoked,20.8029568,-156.3106833,Carcharodon carcharias,6480838932,1253.22,1584228.0,pas_de_proximite_100km,0,0,0,2026-06-24T10:02:07,https://www.gbif.org/occurrence/6480838932
6434,2021-01-22,2021,USA,Hawaii,Maui,Snorkeling,Unprovoked,20.8029568,-156.3106833,Galeocerdo cuvier,6252097407,7.26,44888.0,proximite_forte,1,1,0,2026-05-02T21:04,https://www.gbif.org/occurrence/6252097407
6434,2021-01-22,2021,USA,Hawaii,Maui,Snorkeling,Unprovoked,20.8029568,-156.3106833,Rhincodon typus,6194532302,134.15,111319.49,pas_de_proximite_100km,0,0,0,2026-01-22,https://www.gbif.org/occurrence/6194532302
6440,2021-03-25,2021,USA,Florida,"Fort Lauderdale, Broward County",Swimming,Unprovoked,26.1223084,-80.1433786,Carcharhinus leucas,6273825352,44.7,29845.0,proximite_regionale,0,10,1,2026-04-22T11:39:24,https://www.gbif.org/occurrence/6273825352
6440,2021-03-25,2021,USA,Florida,"Fort Lauderdale, Broward County",Swimming,Unprovoked,26.1223084,-80.1433786,Carcharodon carcharias,6441095820,740.62,257.0,pas_de_proximite_100km,0,0,0,2026-03-27T20:47:37,https://www.gbif.org/occurrence/6441095820
6440,2021-03-25,2021,USA,Florida,"Fort Lauderdale, Broward County",Swimming,Unprovoked,26.1223084,-80.1433786,Galeocerdo cuvier,6235030691,91.61,29798.0,proximite_regionale,0,1,0,2026-04-25T11:55,https://www.gbif.org/occurrence/6235030691
6440,2021-03-25,2021,USA,Florida,"Fort Lauderdale, Broward County",Swimming,Unprovoked,26.1223084,-80.1433786,Rhincodon typus,6253026970,269.01,30069.0,pas_de_proximite_100km,0,0,0,2026-04-27T07:00,https://www.gbif.org/occurrence/6253026970
6445,2021-07-10,2021,BRAZIL,Pernambuco,Piedade,Wading,Unprovoked,-8.1756855,-34.9187594,Carcharhinus leucas,6236098602,4993.37,31271.0,pas_de_proximite_100km,0,0,0,2026-04-26T14:30,https://www.gbif.org/occurrence/6236098602
6445,2021-07-10,2021,BRAZIL,Pernambuco,Piedade,Wading,Unprovoked,-8.1756855,-34.9187594,Carcharodon carcharias,6147654727,6330.83,488.0,pas_de_proximite_100km,0,0,0,2026-01-31T19:40,https://www.gbif.org/occurrence/6147654727
6445,2021-07-10,2021,BRAZIL,Pernambuco,Piedade,Wading,Unprovoked,-8.1756855,-34.9187594,Galeocerdo cuvier,5087661144,1757.51,30278.0,pas_de_proximite_100km,0,0,0,2025-03-08T07:14:31,https://www.gbif.org/occurrence/5087661144
6445,2021-07-10,2021,BRAZIL,Pernambuco,Piedade,Wading,Unprovoked,-8.1756855,-34.9187594,Rhincodon typus,6252804893,1801.97,30237.0,pas_de_proximite_100km,0,0,0,2026-04-24T15:08,https://www.gbif.org/occurrence/6252804893
6448,2021-04-29,2021,USA,Florida,"Vero Beach, Indian River County",Boggie boarding,Unprovoked,27.6387163,-80.3975399,Carcharhinus leucas,6499859773,13.03,29704.0,proximite_forte,2,8,4,2026-07-14T11:25:55,https://www.gbif.org/occurrence/6499859773
6448,2021-04-29,2021,USA,Florida,"Vero Beach, Indian River County",Boggie boarding,Unprovoked,27.6387163,-80.3975399,Carcharodon carcharias,6441095820,574.11,257.0,pas_de_proximite_100km,0,0,0,2026-03-27T20:47:37,https://www.gbif.org/occurrence/6441095820
6448,2021-04-29,2021,USA,Florida,"Vero Beach, Indian River County",Boggie boarding,Unprovoked,27.6387163,-80.3975399,Galeocerdo cuvier,6235030691,81.45,29798.0,proximite_regionale,0,1,0,2026-04-25T11:55,https://www.gbif.org/occurrence/6235030691
6448,2021-04-29,2021,USA,Florida,"Vero Beach, Indian River County",Boggie boarding,Unprovoked,27.6387163,-80.3975399,Rhincodon typus,6253026970,384.59,30069.0,pas_de_proximite_100km,0,0,0,2026-04-27T07:00,https://www.gbif.org/occurrence/6253026970
6454,2021-04-30,2021,USA,Florida,"New Smyrna Beach, Volusia County",Surfing,Unprovoked,29.0258132,-80.9271271,Carcharhinus leucas,6133570230,11.63,29533.0,proximite_forte,2,2,2,2026-01-28T17:22:37,https://www.gbif.org/occurrence/6133570230
6454,2021-04-30,2021,USA,Florida,"New Smyrna Beach, Volusia County",Surfing,Unprovoked,29.0258132,-80.9271271,Carcharodon carcharias,6441095820,430.55,257.0,pas_de_proximite_100km,0,0,0,2026-03-27T20:47:37,https://www.gbif.org/occurrence/6441095820
6454,2021-04-30,2021,USA,Florida,"New Smyrna Beach, Volusia County",Surfing,Unprovoked,29.0258132,-80.9271271,Galeocerdo cuvier,6399953055,95.51,29433.0,proximite_regionale,0,1,0,2026-06-07T17:14:40,https://www.gbif.org/occurrence/6399953055
6454,2021-04-30,2021,USA,Florida,"New Smyrna Beach, Volusia County",Surfing,Unprovoked,29.0258132,-80.9271271,Rhincodon typus,6253026970,509.66,30069.0,pas_de_proximite_100km,0,0,0,2026-04-27T07:00,https://www.gbif.org/occurrence/6253026970
6456,2021-07-25,2021,BRAZIL,Pernambuco,Piedade,Squatting in the water,Unprovoked,-8.1756855,-34.9187594,Carcharhinus leucas,6236098602,4993.37,31271.0,pas_de_proximite_100km,0,0,0,2026-04-26T14:30,https://www.gbif.org/occurrence/6236098602
6456,2021-07-25,2021,BRAZIL,Pernambuco,Piedade,Squatting in the water,Unprovoked,-8.1756855,-34.9187594,Carcharodon carcharias,6147654727,6330.83,488.0,pas_de_proximite_100km,0,0,0,2026-01-31T19:40,https://www.gbif.org/occurrence/6147654727
6456,2021-07-25,2021,BRAZIL,Pernambuco,Piedade,Squatting in the water,Unprovoked,-8.1756855,-34.9187594,Galeocerdo cuvier,5087661144,1757.51,30278.0,pas_de_proximite_100km,0,0,0,2025-03-08T07:14:31,https://www.gbif.org/occurrence/5087661144
6456,2021-07-25,2021,BRAZIL,Pernambuco,Piedade,Squatting in the water,Unprovoked,-8.1756855,-34.9187594,Rhincodon typus,6252804893,1801.97,30237.0,pas_de_proximite_100km,0,0,0,2026-04-24T15:08,https://www.gbif.org/occurrence/6252804893
6461,2021-06-27,2021,USA,North Carolina,"Ocean Isle, Brunswick County",Swimming,Unprovoked,33.8943393,-78.426672,Carcharhinus leucas,6130999421,577.67,29533.0,pas_de_proximite_100km,0,0,0,2026-01-17T15:30:29,https://www.gbif.org/occurrence/6130999421
6461,2021-06-27,2021,USA,North Carolina,"Ocean Isle, Brunswick County",Swimming,Unprovoked,33.8943393,-78.426672,Carcharodon carcharias,6479594785,83.31,53267.0,proximite_regionale,0,1,0,2026-07-14T07:15:20,https://www.gbif.org/occurrence/6479594785
6461,2021-06-27,2021,USA,North Carolina,"Ocean Isle, Brunswick County",Swimming,Unprovoked,33.8943393,-78.426672,Galeocerdo cuvier,6399752821,14.49,28902.0,proximite_forte,1,2,0,2026-06-04T11:19,https://www.gbif.org/occurrence/6399752821
6461,2021-06-27,2021,USA,North Carolina,"Ocean Isle, Brunswick County",Swimming,Unprovoked,33.8943393,-78.426672,Rhincodon typus,6253026970,1097.81,30069.0,pas_de_proximite_100km,0,0,0,2026-04-27T07:00,https://www.gbif.org/occurrence/6253026970
6468,2021-09-09,2021,USA,Florida,"Ponce Inlet, Volusia County",Surfing,Unprovoked,29.0963729,-80.9369983,Carcharhinus leucas,6133570230,8.03,29533.0,proximite_forte,2,2,2,2026-01-28T17:22:37,https://www.gbif.org/occurrence/6133570230
6468,2021-09-09,2021,USA,Florida,"Ponce Inlet, Volusia County",Surfing,Unprovoked,29.0963729,-80.9369983,Carcharodon carcharias,6441095820,423.19,257.0,pas_de_proximite_100km,0,0,0,2026-03-27T20:47:37,https://www.gbif.org/occurrence/6441095820
6468,2021-09-09,2021,USA,Florida,"Ponce Inlet, Volusia County",Surfing,Unprovoked,29.0963729,-80.9369983,Galeocerdo cuvier,6399953055,87.9,29433.0,proximite_regionale,0,1,0,2026-06-07T17:14:40,https://www.gbif.org/occurrence/6399953055
6468,2021-09-09,2021,USA,Florida,"Ponce Inlet, Volusia County",Surfing,Unprovoked,29.0963729,-80.9369983,Rhincodon typus,6253026970,517.01,30069.0,pas_de_proximite_100km,0,0,0,2026-04-27T07:00,https://www.gbif.org/occurrence/6253026970
6479,2021-03-18,2021,USA,Florida,"Juno Beach, Palm Beach County",Wading,Unprovoked,26.8815475,-80.0539253,Carcharhinus leucas,6236036723,0.69,29798.0,proximite_forte,5,11,2,2026-03-27T15:00,https://www.gbif.org/occurrence/6236036723
6479,2021-03-18,2021,USA,Florida,"Juno Beach, Palm Beach County",Wading,Unprovoked,26.8815475,-80.0539253,Carcharodon carcharias,6441095820,655.91,257.0,pas_de_proximite_100km,0,0,0,2026-03-27T20:47:37,https://www.gbif.org/occurrence/6441095820
6479,2021-03-18,2021,USA,Florida,"Juno Beach, Palm Beach County",Wading,Unprovoked,26.8815475,-80.0539253,Galeocerdo cuvier,6235030691,10.35,29798.0,proximite_forte,1,2,0,2026-04-25T11:55,https://www.gbif.org/occurrence/6235030691
6479,2021-03-18,2021,USA,Florida,"Juno Beach, Palm Beach County",Wading,Unprovoked,26.8815475,-80.0539253,Rhincodon typus,6253026970,334.38,30069.0,pas_de_proximite_100km,0,0,0,2026-04-27T07:00,https://www.gbif.org/occurrence/6253026970
6488,2021-07-19,2021,AUSTRALIA,Western Australia,Rottnest Island,Surfing,Unprovoked,-32.0070095,115.5205271,Carcharhinus leucas,6185213952,136.98,6264.0,pas_de_proximite_100km,0,0,0,2026-03-07T16:35,https://www.gbif.org/occurrence/6185213952
6488,2021-07-19,2021,AUSTRALIA,Western Australia,Rottnest Island,Surfing,Unprovoked,-32.0070095,115.5205271,Carcharodon carcharias,6431130723,1926.92,4634.0,pas_de_proximite_100km,0,0,0,2026-04-22T09:31,https://www.gbif.org/occurrence/6431130723
6488,2021-07-19,2021,AUSTRALIA,Western Australia,Rottnest Island,Surfing,Unprovoked,-32.0070095,115.5205271,Galeocerdo cuvier,6520390560,1000.17,8.0,pas_de_proximite_100km,0,0,0,2026-08-31T14:06,https://www.gbif.org/occurrence/6520390560
6488,2021-07-19,2021,AUSTRALIA,Western Australia,Rottnest Island,Surfing,Unprovoked,-32.0070095,115.5205271,Rhincodon typus,6235956991,1080.07,30278.0,pas_de_proximite_100km,0,0,0,2026-04-22T13:33:02,https://www.gbif.org/occurrence/6235956991
6490,2021-06-14,2021,USA,Florida,"New Smyrna Beach, Volusia County",Standing,Unprovoked,29.0258132,-80.9271271,Carcharhinus leucas,6133570230,11.63,29533.0,proximite_forte,2,2,2,2026-01-28T17:22:37,https://www.gbif.org/occurrence/6133570230
6490,2021-06-14,2021,USA,Florida,"New Smyrna Beach, Volusia County",Standing,Unprovoked,29.0258132,-80.9271271,Carcharodon carcharias,6441095820,430.55,257.0,pas_de_proximite_100km,0,0,0,2026-03-27T20:47:37,https://www.gbif.org/occurrence/6441095820
6490,2021-06-14,2021,USA,Florida,"New Smyrna Beach, Volusia County",Standing,Unprovoked,29.0258132,-80.9271271,Galeocerdo cuvier,6399953055,95.51,29433.0,proximite_regionale,0,1,0,2026-06-07T17:14:40,https://www.gbif.org/occurrence/6399953055
6490,2021-06-14,2021,USA,Florida,"New Smyrna Beach, Volusia County",Standing,Unprovoked,29.0258132,-80.9271271,Rhincodon typus,6253026970,509.66,30069.0,pas_de_proximite_100km,0,0,0,2026-04-27T07:00,https://www.gbif.org/occurrence/6253026970
6494,2021-06-14,2021,USA,Florida,"New Smyrna Beach, Volusia County",Standing,Unprovoked,29.0258132,-80.9271271,Carcharhinus leucas,6133570230,11.63,29533.0,proximite_forte,2,2,2,2026-01-28T17:22:37,https://www.gbif.org/occurrence/6133570230
6494,2021-06-14,2021,USA,Florida,"New Smyrna Beach, Volusia County",Standing,Unprovoked,29.0258132,-80.9271271,Carcharodon carcharias,6441095820,430.55,257.0,pas_de_proximite_100km,0,0,0,2026-03-27T20:47:37,https://www.gbif.org/occurrence/6441095820
6494,2021-06-14,2021,USA,Florida,"New Smyrna Beach, Volusia County",Standing,Unprovoked,29.0258132,-80.9271271,Galeocerdo cuvier,6399953055,95.51,29433.0,proximite_regionale,0,1,0,2026-06-07T17:14:40,https://www.gbif.org/occurrence/6399953055
6494,2021-06-14,2021,USA,Florida,"New Smyrna Beach, Volusia County",Standing,Unprovoked,29.0258132,-80.9271271,Rhincodon typus,6253026970,509.66,30069.0,pas_de_proximite_100km,0,0,0,2026-04-27T07:00,https://www.gbif.org/occurrence/6253026970
6497,2021-07-15,2021,USA,Florida,"New Smyrna Beach, Volusia County",Boogie boarding,Unprovoked,29.0258132,-80.9271271,Carcharhinus leucas,6133570230,11.63,29533.0,proximite_forte,2,2,2,2026-01-28T17:22:37,https://www.gbif.org/occurrence/6133570230
6497,2021-07-15,2021,USA,Florida,"New Smyrna Beach, Volusia County",Boogie boarding,Unprovoked,29.0258132,-80.9271271,Carcharodon carcharias,6441095820,430.55,257.0,pas_de_proximite_100km,0,0,0,2026-03-27T20:47:37,https://www.gbif.org/occurrence/6441095820
6497,2021-07-15,2021,USA,Florida,"New Smyrna Beach, Volusia County",Boogie boarding,Unprovoked,29.0258132,-80.9271271,Galeocerdo cuvier,6399953055,95.51,29433.0,proximite_regionale,0,1,0,2026-06-07T17:14:40,https://www.gbif.org/occurrence/6399953055
6497,2021-07-15,2021,USA,Florida,"New Smyrna Beach, Volusia County",Boogie boarding,Unprovoked,29.0258132,-80.9271271,Rhincodon typus,6253026970,509.66,30069.0,pas_de_proximite_100km,0,0,0,2026-04-27T07:00,https://www.gbif.org/occurrence/6253026970
6498,2021-07-30,2021,USA,Florida,"Ponce Inlet, Volusia County",Fishing,Provoked,29.0963729,-80.9369983,Carcharhinus leucas,6133570230,8.03,29533.0,proximite_forte,2,2,2,2026-01-28T17:22:37,https://www.gbif.org/occurrence/6133570230
6498,2021-07-30,2021,USA,Florida,"Ponce Inlet, Volusia County",Fishing,Provoked,29.0963729,-80.9369983,Carcharodon carcharias,6441095820,423.19,257.0,pas_de_proximite_100km,0,0,0,2026-03-27T20:47:37,https://www.gbif.org/occurrence/6441095820
6498,2021-07-30,2021,USA,Florida,"Ponce Inlet, Volusia County",Fishing,Provoked,29.0963729,-80.9369983,Galeocerdo cuvier,6399953055,87.9,29433.0,proximite_regionale,0,1,0,2026-06-07T17:14:40,https://www.gbif.org/occurrence/6399953055
6498,2021-07-30,2021,USA,Florida,"Ponce Inlet, Volusia County",Fishing,Provoked,29.0963729,-80.9369983,Rhincodon typus,6253026970,517.01,30069.0,pas_de_proximite_100km,0,0,0,2026-04-27T07:00,https://www.gbif.org/occurrence/6253026970
6501,2021-07-11,2021,BAHAMAS,,,Jackass Team's publicity stunt for Discovery Channel's Shark Week 2021,Provoked,24.7736546,-78.0000547,Carcharhinus leucas,6334488030,158.99,29936.0,pas_de_proximite_100km,0,0,0,2026-05-18T15:01:50,https://www.gbif.org/occurrence/6334488030
6501,2021-07-11,2021,BAHAMAS,,,Jackass Team's publicity stunt for Discovery Channel's Shark Week 2021,Provoked,24.7736546,-78.0000547,Carcharodon carcharias,6441095820,907.03,257.0,pas_de_proximite_100km,0,0,0,2026-03-27T20:47:37,https://www.gbif.org/occurrence/6441095820
6501,2021-07-11,2021,BAHAMAS,,,Jackass Team's publicity stunt for Discovery Channel's Shark Week 2021,Provoked,24.7736546,-78.0000547,Galeocerdo cuvier,6131322721,84.29,120467.0,proximite_regionale,0,2,0,2026-01-13,https://www.gbif.org/occurrence/6131322721
6501,2021-07-11,2021,BAHAMAS,,,Jackass Team's publicity stunt for Discovery Channel's Shark Week 2021,Provoked,24.7736546,-78.0000547,Rhincodon typus,6253026970,426.21,30069.0,pas_de_proximite_100km,0,0,0,2026-04-27T07:00,https://www.gbif.org/occurrence/6253026970
6502,2021-08-07,2021,USA,Florida,"New Smyrna Beach, Volusia County",Surfing,Unprovoked,29.0258132,-80.9271271,Carcharhinus leucas,6133570230,11.63,29533.0,proximite_forte,2,2,2,2026-01-28T17:22:37,https://www.gbif.org/occurrence/6133570230
6502,2021-08-07,2021,USA,Florida,"New Smyrna Beach, Volusia County",Surfing,Unprovoked,29.0258132,-80.9271271,Carcharodon carcharias,6441095820,430.55,257.0,pas_de_proximite_100km,0,0,0,2026-03-27T20:47:37,https://www.gbif.org/occurrence/6441095820
6502,2021-08-07,2021,USA,Florida,"New Smyrna Beach, Volusia County",Surfing,Unprovoked,29.0258132,-80.9271271,Galeocerdo cuvier,6399953055,95.51,29433.0,proximite_regionale,0,1,0,2026-06-07T17:14:40,https://www.gbif.org/occurrence/6399953055
6502,2021-08-07,2021,USA,Florida,"New Smyrna Beach, Volusia County",Surfing,Unprovoked,29.0258132,-80.9271271,Rhincodon typus,6253026970,509.66,30069.0,pas_de_proximite_100km,0,0,0,2026-04-27T07:00,https://www.gbif.org/occurrence/6253026970
6503,2021-07-04,2021,USA,Florida,"Ponce Inlet, Volusia County",Standing,Unprovoked,29.0963729,-80.9369983,Carcharhinus leucas,6133570230,8.03,29533.0,proximite_forte,2,2,2,2026-01-28T17:22:37,https://www.gbif.org/occurrence/6133570230
6503,2021-07-04,2021,USA,Florida,"Ponce Inlet, Volusia County",Standing,Unprovoked,29.0963729,-80.9369983,Carcharodon carcharias,6441095820,423.19,257.0,pas_de_proximite_100km,0,0,0,2026-03-27T20:47:37,https://www.gbif.org/occurrence/6441095820
6503,2021-07-04,2021,USA,Florida,"Ponce Inlet, Volusia County",Standing,Unprovoked,29.0963729,-80.9369983,Galeocerdo cuvier,6399953055,87.9,29433.0,proximite_regionale,0,1,0,2026-06-07T17:14:40,https://www.gbif.org/occurrence/6399953055
6503,2021-07-04,2021,USA,Florida,"Ponce Inlet, Volusia County",Standing,Unprovoked,29.0963729,-80.9369983,Rhincodon typus,6253026970,517.01,30069.0,pas_de_proximite_100km,0,0,0,2026-04-27T07:00,https://www.gbif.org/occurrence/6253026970
6506,2021-05-06,2021,USA,Florida,"Daytona Beach Shores, Volusia County",Wading,Unprovoked,29.1760933,-80.9828323,Carcharhinus leucas,6133570230,14.37,29533.0,proximite_forte,2,2,2,2026-01-28T17:22:37,https://www.gbif.org/occurrence/6133570230
6506,2021-05-06,2021,USA,Florida,"Daytona Beach Shores, Volusia County",Wading,Unprovoked,29.1760933,-80.9828323,Carcharodon carcharias,6441095820,415.77,257.0,pas_de_proximite_100km,0,0,0,2026-03-27T20:47:37,https://www.gbif.org/occurrence/6441095820
6506,2021-05-06,2021,USA,Florida,"Daytona Beach Shores, Volusia County",Wading,Unprovoked,29.1760933,-80.9828323,Galeocerdo cuvier,6399953055,78.0,29433.0,proximite_regionale,0,1,0,2026-06-07T17:14:40,https://www.gbif.org/occurrence/6399953055
6506,2021-05-06,2021,USA,Florida,"Daytona Beach Shores, Volusia County",Wading,Unprovoked,29.1760933,-80.9828323,Rhincodon typus,6253026970,524.52,30069.0,pas_de_proximite_100km,0,0,0,2026-04-27T07:00,https://www.gbif.org/occurrence/6253026970
6511,2021-08-03,2021,USA,South Carolina,"Hilton Head Island, Beaufort County",Inconnue,Unprovoked,32.1618488,-80.7512616,Carcharhinus leucas,6130999421,338.47,29533.0,pas_de_proximite_100km,0,0,0,2026-01-17T15:30:29,https://www.gbif.org/occurrence/6130999421
6511,2021-08-03,2021,USA,South Carolina,"Hilton Head Island, Beaufort County",Inconnue,Unprovoked,32.1618488,-80.7512616,Carcharodon carcharias,6441095820,112.01,257.0,pas_de_proximite_100km,0,0,0,2026-03-27T20:47:37,https://www.gbif.org/occurrence/6441095820
6511,2021-08-03,2021,USA,South Carolina,"Hilton Head Island, Beaufort County",Inconnue,Unprovoked,32.1618488,-80.7512616,Galeocerdo cuvier,6399953055,265.29,29433.0,pas_de_proximite_100km,0,0,0,2026-06-07T17:14:40,https://www.gbif.org/occurrence/6399953055
6511,2021-08-03,2021,USA,South Carolina,"Hilton Head Island, Beaufort County",Inconnue,Unprovoked,32.1618488,-80.7512616,Rhincodon typus,6253026970,854.17,30069.0,pas_de_proximite_100km,0,0,0,2026-04-27T07:00,https://www.gbif.org/occurrence/6253026970
6518,2021-06-18,2021,USA,Florida,"Bethune Beach, Volusia County",Standing,Unprovoked,28.9491539,-80.83783,Carcharhinus leucas,6133570230,17.95,29533.0,proximite_forte,2,2,2,2026-01-28T17:22:37,https://www.gbif.org/occurrence/6133570230
6518,2021-06-18,2021,USA,Florida,"Bethune Beach, Volusia County",Standing,Unprovoked,28.9491539,-80.83783,Carcharodon carcharias,6441095820,436.82,257.0,pas_de_proximite_100km,0,0,0,2026-03-27T20:47:37,https://www.gbif.org/occurrence/6441095820
6518,2021-06-18,2021,USA,Florida,"Bethune Beach, Volusia County",Standing,Unprovoked,28.9491539,-80.83783,Galeocerdo cuvier,6399953055,106.77,29433.0,pas_de_proximite_100km,0,0,0,2026-06-07T17:14:40,https://www.gbif.org/occurrence/6399953055
6518,2021-06-18,2021,USA,Florida,"Bethune Beach, Volusia County",Standing,Unprovoked,28.9491539,-80.83783,Rhincodon typus,6253026970,503.75,30069.0,pas_de_proximite_100km,0,0,0,2026-04-27T07:00,https://www.gbif.org/occurrence/6253026970
6522,2021-03-30,2021,USA,Florida,"Vero Beach, Indian River County",Inconnue,Unprovoked,27.6387163,-80.3975399,Carcharhinus leucas,6499859773,13.03,29704.0,proximite_forte,2,8,4,2026-07-14T11:25:55,https://www.gbif.org/occurrence/6499859773
6522,2021-03-30,2021,USA,Florida,"Vero Beach, Indian River County",Inconnue,Unprovoked,27.6387163,-80.3975399,Carcharodon carcharias,6441095820,574.11,257.0,pas_de_proximite_100km,0,0,0,2026-03-27T20:47:37,https://www.gbif.org/occurrence/6441095820
6522,2021-03-30,2021,USA,Florida,"Vero Beach, Indian River County",Inconnue,Unprovoked,27.6387163,-80.3975399,Galeocerdo cuvier,6235030691,81.45,29798.0,proximite_regionale,0,1,0,2026-04-25T11:55,https://www.gbif.org/occurrence/6235030691
6522,2021-03-30,2021,USA,Florida,"Vero Beach, Indian River County",Inconnue,Unprovoked,27.6387163,-80.3975399,Rhincodon typus,6253026970,384.59,30069.0,pas_de_proximite_100km,0,0,0,2026-04-27T07:00,https://www.gbif.org/occurrence/6253026970
6527,2022-04-12,2022,USA,Alabama,"Gulf Shores, Baldwin County",Swimming,Unprovoked,30.2711224,-87.6893826,Carcharhinus leucas,6441992985,33.59,29382.0,proximite_regionale,0,4,1,2026-07-01T19:21:05,https://www.gbif.org/occurrence/6441992985
6527,2022-04-12,2022,USA,Alabama,"Gulf Shores, Baldwin County",Swimming,Unprovoked,30.2711224,-87.6893826,Carcharodon carcharias,6400039718,80.15,49.0,proximite_regionale,0,1,1,2026-02-25T14:55,https://www.gbif.org/occurrence/6400039718
6527,2022-04-12,2022,USA,Alabama,"Gulf Shores, Baldwin County",Swimming,Unprovoked,30.2711224,-87.6893826,Galeocerdo cuvier,6399625675,110.2,29382.0,pas_de_proximite_100km,0,0,0,2026-05-18T11:02:32,https://www.gbif.org/occurrence/6399625675
6527,2022-04-12,2022,USA,Alabama,"Gulf Shores, Baldwin County",Swimming,Unprovoked,30.2711224,-87.6893826,Rhincodon typus,6178385871,404.43,29751.0,pas_de_proximite_100km,0,0,0,2026-03-06T11:12:50,https://www.gbif.org/occurrence/6178385871
6535,2022-06-24,2022,JAMAICA,,,Fishing,Unprovoked,18.1850507,-77.3947693,Carcharhinus leucas,6178405378,762.18,70575.0,pas_de_proximite_100km,0,0,0,2026-02-18T16:22,https://www.gbif.org/occurrence/6178405378
6535,2022-06-24,2022,JAMAICA,,,Fishing,Unprovoked,18.1850507,-77.3947693,Carcharodon carcharias,6441095820,1640.26,257.0,pas_de_proximite_100km,0,0,0,2026-03-27T20:47:37,https://www.gbif.org/occurrence/6441095820
6535,2022-06-24,2022,JAMAICA,,,Fishing,Unprovoked,18.1850507,-77.3947693,Galeocerdo cuvier,6131322721,815.39,120467.0,pas_de_proximite_100km,0,0,0,2026-01-13,https://www.gbif.org/occurrence/6131322721
6535,2022-06-24,2022,JAMAICA,,,Fishing,Unprovoked,18.1850507,-77.3947693,Rhincodon typus,6253026970,869.2,30069.0,pas_de_proximite_100km,0,0,0,2026-04-27T07:00,https://www.gbif.org/occurrence/6253026970
6540,2022-07-10,2022,USA,Florida,"New Smyrna Beach, Volusia County",Surfing,Unprovoked,29.0258132,-80.9271271,Carcharhinus leucas,6133570230,11.63,29533.0,proximite_forte,2,2,2,2026-01-28T17:22:37,https://www.gbif.org/occurrence/6133570230
6540,2022-07-10,2022,USA,Florida,"New Smyrna Beach, Volusia County",Surfing,Unprovoked,29.0258132,-80.9271271,Carcharodon carcharias,6441095820,430.55,257.0,pas_de_proximite_100km,0,0,0,2026-03-27T20:47:37,https://www.gbif.org/occurrence/6441095820
6540,2022-07-10,2022,USA,Florida,"New Smyrna Beach, Volusia County",Surfing,Unprovoked,29.0258132,-80.9271271,Galeocerdo cuvier,6399953055,95.51,29433.0,proximite_regionale,0,1,0,2026-06-07T17:14:40,https://www.gbif.org/occurrence/6399953055
6540,2022-07-10,2022,USA,Florida,"New Smyrna Beach, Volusia County",Surfing,Unprovoked,29.0258132,-80.9271271,Rhincodon typus,6253026970,509.66,30069.0,pas_de_proximite_100km,0,0,0,2026-04-27T07:00,https://www.gbif.org/occurrence/6253026970
6543,2022-04-27,2022,AUSTRALIA,,,Paddleboarding,Unprovoked,-24.7761086,134.755,Carcharhinus leucas,6431650862,901.89,21.0,pas_de_proximite_100km,0,0,0,2026-05-18T08:21:34,https://www.gbif.org/occurrence/6431650862
6543,2022-04-27,2022,AUSTRALIA,,,Paddleboarding,Unprovoked,-24.7761086,134.755,Carcharodon carcharias,6431152356,1104.64,5811.0,pas_de_proximite_100km,0,0,0,2026-05-28T10:40,https://www.gbif.org/occurrence/6431152356
6543,2022-04-27,2022,AUSTRALIA,,,Paddleboarding,Unprovoked,-24.7761086,134.755,Galeocerdo cuvier,6353074074,1445.08,30810.0,pas_de_proximite_100km,0,0,0,2026-05-25T07:12,https://www.gbif.org/occurrence/6353074074
6543,2022-04-27,2022,AUSTRALIA,,,Paddleboarding,Unprovoked,-24.7761086,134.755,Rhincodon typus,5938466615,1503.85,30841.0,pas_de_proximite_100km,0,0,0,2026-01-03T11:33,https://www.gbif.org/occurrence/5938466615
6551,2022-09-22,2022,USA,Florida,"Marathon, Monroe County",Spearfishing,Unprovoked,24.7137524,-81.0903512,Carcharhinus leucas,6179367299,5.52,30047.0,proximite_forte,2,5,3,2026-02-22T12:30,https://www.gbif.org/occurrence/6179367299
6551,2022-09-22,2022,USA,Florida,"Marathon, Monroe County",Spearfishing,Unprovoked,24.7137524,-81.0903512,Carcharodon carcharias,6400039718,848.62,49.0,pas_de_proximite_100km,0,0,0,2026-02-25T14:55,https://www.gbif.org/occurrence/6400039718
6551,2022-09-22,2022,USA,Florida,"Marathon, Monroe County",Spearfishing,Unprovoked,24.7137524,-81.0903512,Galeocerdo cuvier,5133758058,23.23,30025.0,proximite_forte,1,1,0,2025-03-01T13:40,https://www.gbif.org/occurrence/5133758058
6551,2022-09-22,2022,USA,Florida,"Marathon, Monroe County",Spearfishing,Unprovoked,24.7137524,-81.0903512,Rhincodon typus,6253026970,114.38,30069.0,pas_de_proximite_100km,0,0,0,2026-04-27T07:00,https://www.gbif.org/occurrence/6253026970
6552,2022-07-27,2022,USA,Florida,"Florida Keys, Monroe County",Lobstering,Unprovoked,24.6736205,-81.4981792,Carcharhinus leucas,6273845090,7.22,30047.0,proximite_forte,2,5,3,2026-04-24T11:59,https://www.gbif.org/occurrence/6273845090
6552,2022-07-27,2022,USA,Florida,"Florida Keys, Monroe County",Lobstering,Unprovoked,24.6736205,-81.4981792,Carcharodon carcharias,6400039718,825.73,49.0,pas_de_proximite_100km,0,0,0,2026-02-25T14:55,https://www.gbif.org/occurrence/6400039718
6552,2022-07-27,2022,USA,Florida,"Florida Keys, Monroe County",Lobstering,Unprovoked,24.6736205,-81.4981792,Galeocerdo cuvier,5133758058,53.51,30025.0,proximite_regionale,0,1,0,2025-03-01T13:40,https://www.gbif.org/occurrence/5133758058
6552,2022-07-27,2022,USA,Florida,"Florida Keys, Monroe County",Lobstering,Unprovoked,24.6736205,-81.4981792,Rhincodon typus,6253026970,72.94,30069.0,proximite_regionale,0,1,0,2026-04-27T07:00,https://www.gbif.org/occurrence/6253026970
6558,2022-02-10,2022,BAHAMAS,,,Inconnue,Provoked,24.7736546,-78.0000547,Carcharhinus leucas,6334488030,158.99,29936.0,pas_de_proximite_100km,0,0,0,2026-05-18T15:01:50,https://www.gbif.org/occurrence/6334488030
6558,2022-02-10,2022,BAHAMAS,,,Inconnue,Provoked,24.7736546,-78.0000547,Carcharodon carcharias,6441095820,907.03,257.0,pas_de_proximite_100km,0,0,0,2026-03-27T20:47:37,https://www.gbif.org/occurrence/6441095820
6558,2022-02-10,2022,BAHAMAS,,,Inconnue,Provoked,24.7736546,-78.0000547,Galeocerdo cuvier,6131322721,84.29,120467.0,proximite_regionale,0,2,0,2026-01-13,https://www.gbif.org/occurrence/6131322721
6558,2022-02-10,2022,BAHAMAS,,,Inconnue,Provoked,24.7736546,-78.0000547,Rhincodon typus,6253026970,426.21,30069.0,pas_de_proximite_100km,0,0,0,2026-04-27T07:00,https://www.gbif.org/occurrence/6253026970
6561,2022-07-25,2022,USA,Florida,"Daytona Beach, Volusia County",Wading,Unprovoked,29.2108147,-81.0228331,Carcharhinus leucas,6133570230,19.73,29533.0,proximite_forte,2,2,2,2026-01-28T17:22:37,https://www.gbif.org/occurrence/6133570230
6561,2022-07-25,2022,USA,Florida,"Daytona Beach, Volusia County",Wading,Unprovoked,29.2108147,-81.0228331,Carcharodon carcharias,6441095820,413.1,257.0,pas_de_proximite_100km,0,0,0,2026-03-27T20:47:37,https://www.gbif.org/occurrence/6441095820
6561,2022-07-25,2022,USA,Florida,"Daytona Beach, Volusia County",Wading,Unprovoked,29.2108147,-81.0228331,Galeocerdo cuvier,6399953055,72.96,29433.0,proximite_regionale,0,1,0,2026-06-07T17:14:40,https://www.gbif.org/occurrence/6399953055
6561,2022-07-25,2022,USA,Florida,"Daytona Beach, Volusia County",Wading,Unprovoked,29.2108147,-81.0228331,Rhincodon typus,6253026970,527.37,30069.0,pas_de_proximite_100km,0,0,0,2026-04-27T07:00,https://www.gbif.org/occurrence/6253026970
6572,2022-03-13,2022,USA,Florida,"New Smyrna Beach, Volusia County",Surfing,Unprovoked,29.0258132,-80.9271271,Carcharhinus leucas,6133570230,11.63,29533.0,proximite_forte,2,2,2,2026-01-28T17:22:37,https://www.gbif.org/occurrence/6133570230
6572,2022-03-13,2022,USA,Florida,"New Smyrna Beach, Volusia County",Surfing,Unprovoked,29.0258132,-80.9271271,Carcharodon carcharias,6441095820,430.55,257.0,pas_de_proximite_100km,0,0,0,2026-03-27T20:47:37,https://www.gbif.org/occurrence/6441095820
6572,2022-03-13,2022,USA,Florida,"New Smyrna Beach, Volusia County",Surfing,Unprovoked,29.0258132,-80.9271271,Galeocerdo cuvier,6399953055,95.51,29433.0,proximite_regionale,0,1,0,2026-06-07T17:14:40,https://www.gbif.org/occurrence/6399953055
6572,2022-03-13,2022,USA,Florida,"New Smyrna Beach, Volusia County",Surfing,Unprovoked,29.0258132,-80.9271271,Rhincodon typus,6253026970,509.66,30069.0,pas_de_proximite_100km,0,0,0,2026-04-27T07:00,https://www.gbif.org/occurrence/6253026970
6580,2022-02-11,2022,USA,Florida,"Cocoa Beach, Brevard  County",Surfing,Unprovoked,28.3184107,-80.6094959,Carcharhinus leucas,6234759244,43.15,29680.0,proximite_regionale,0,5,5,2026-04-17T20:49,https://www.gbif.org/occurrence/6234759244
6580,2022-02-11,2022,USA,Florida,"Cocoa Beach, Brevard  County",Surfing,Unprovoked,28.3184107,-80.6094959,Carcharodon carcharias,6441095820,501.64,257.0,pas_de_proximite_100km,0,0,0,2026-03-27T20:47:37,https://www.gbif.org/occurrence/6441095820
6580,2022-02-11,2022,USA,Florida,"Cocoa Beach, Brevard  County",Surfing,Unprovoked,28.3184107,-80.6094959,Galeocerdo cuvier,6235030691,159.76,29798.0,pas_de_proximite_100km,0,0,0,2026-04-25T11:55,https://www.gbif.org/occurrence/6235030691
6580,2022-02-11,2022,USA,Florida,"Cocoa Beach, Brevard  County",Surfing,Unprovoked,28.3184107,-80.6094959,Rhincodon typus,6253026970,444.43,30069.0,pas_de_proximite_100km,0,0,0,2026-04-27T07:00,https://www.gbif.org/occurrence/6253026970
6589,2022-06-21,2022,USA,South Carolina,"Myrtle Beach, Horry County",Inconnue,Unprovoked,33.6956461,-78.8900409,Carcharhinus leucas,6130999421,541.07,29533.0,pas_de_proximite_100km,0,0,0,2026-01-17T15:30:29,https://www.gbif.org/occurrence/6130999421
6589,2022-06-21,2022,USA,South Carolina,"Myrtle Beach, Horry County",Inconnue,Unprovoked,33.6956461,-78.8900409,Carcharodon carcharias,6479594785,36.6,53267.0,proximite_regionale,0,1,0,2026-07-14T07:15:20,https://www.gbif.org/occurrence/6479594785
6589,2022-06-21,2022,USA,South Carolina,"Myrtle Beach, Horry County",Inconnue,Unprovoked,33.6956461,-78.8900409,Galeocerdo cuvier,6399752821,35.29,28902.0,proximite_regionale,0,1,0,2026-06-04T11:19,https://www.gbif.org/occurrence/6399752821
6589,2022-06-21,2022,USA,South Carolina,"Myrtle Beach, Horry County",Inconnue,Unprovoked,33.6956461,-78.8900409,Rhincodon typus,6253026970,1062.68,30069.0,pas_de_proximite_100km,0,0,0,2026-04-27T07:00,https://www.gbif.org/occurrence/6253026970
6600,2022-08-15,2022,USA,South Carolina,"Myrtle Beach, Horry County",Swimming,Unprovoked,33.6956461,-78.8900409,Carcharhinus leucas,6130999421,541.07,29533.0,pas_de_proximite_100km,0,0,0,2026-01-17T15:30:29,https://www.gbif.org/occurrence/6130999421
6600,2022-08-15,2022,USA,South Carolina,"Myrtle Beach, Horry County",Swimming,Unprovoked,33.6956461,-78.8900409,Carcharodon carcharias,6479594785,36.6,53267.0,proximite_regionale,0,1,0,2026-07-14T07:15:20,https://www.gbif.org/occurrence/6479594785
6600,2022-08-15,2022,USA,South Carolina,"Myrtle Beach, Horry County",Swimming,Unprovoked,33.6956461,-78.8900409,Galeocerdo cuvier,6399752821,35.29,28902.0,proximite_regionale,0,1,0,2026-06-04T11:19,https://www.gbif.org/occurrence/6399752821
6600,2022-08-15,2022,USA,South Carolina,"Myrtle Beach, Horry County",Swimming,Unprovoked,33.6956461,-78.8900409,Rhincodon typus,6253026970,1062.68,30069.0,pas_de_proximite_100km,0,0,0,2026-04-27T07:00,https://www.gbif.org/occurrence/6253026970
6607,2022-07-16,2022,USA,Florida,"Daytona Beach Shores, Volusia County",Inconnue,Unprovoked,29.1760933,-80.9828323,Carcharhinus leucas,6133570230,14.37,29533.0,proximite_forte,2,2,2,2026-01-28T17:22:37,https://www.gbif.org/occurrence/6133570230
6607,2022-07-16,2022,USA,Florida,"Daytona Beach Shores, Volusia County",Inconnue,Unprovoked,29.1760933,-80.9828323,Carcharodon carcharias,6441095820,415.77,257.0,pas_de_proximite_100km,0,0,0,2026-03-27T20:47:37,https://www.gbif.org/occurrence/6441095820
6607,2022-07-16,2022,USA,Florida,"Daytona Beach Shores, Volusia County",Inconnue,Unprovoked,29.1760933,-80.9828323,Galeocerdo cuvier,6399953055,78.0,29433.0,proximite_regionale,0,1,0,2026-06-07T17:14:40,https://www.gbif.org/occurrence/6399953055
6607,2022-07-16,2022,USA,Florida,"Daytona Beach Shores, Volusia County",Inconnue,Unprovoked,29.1760933,-80.9828323,Rhincodon typus,6253026970,524.52,30069.0,pas_de_proximite_100km,0,0,0,2026-04-27T07:00,https://www.gbif.org/occurrence/6253026970
6615,2022-07-03,2022,USA,Florida,"New Smyrna Beach, Volusia County",Surfing,Unprovoked,29.0258132,-80.9271271,Carcharhinus leucas,6133570230,11.63,29533.0,proximite_forte,2,2,2,2026-01-28T17:22:37,https://www.gbif.org/occurrence/6133570230
6615,2022-07-03,2022,USA,Florida,"New Smyrna Beach, Volusia County",Surfing,Unprovoked,29.0258132,-80.9271271,Carcharodon carcharias,6441095820,430.55,257.0,pas_de_proximite_100km,0,0,0,2026-03-27T20:47:37,https://www.gbif.org/occurrence/6441095820
6615,2022-07-03,2022,USA,Florida,"New Smyrna Beach, Volusia County",Surfing,Unprovoked,29.0258132,-80.9271271,Galeocerdo cuvier,6399953055,95.51,29433.0,proximite_regionale,0,1,0,2026-06-07T17:14:40,https://www.gbif.org/occurrence/6399953055
6615,2022-07-03,2022,USA,Florida,"New Smyrna Beach, Volusia County",Surfing,Unprovoked,29.0258132,-80.9271271,Rhincodon typus,6253026970,509.66,30069.0,pas_de_proximite_100km,0,0,0,2026-04-27T07:00,https://www.gbif.org/occurrence/6253026970
6616,2022-08-15,2022,USA,South Carolina,"Myrtle Beach, Horry County",Standing,Unprovoked,33.6956461,-78.8900409,Carcharhinus leucas,6130999421,541.07,29533.0,pas_de_proximite_100km,0,0,0,2026-01-17T15:30:29,https://www.gbif.org/occurrence/6130999421
6616,2022-08-15,2022,USA,South Carolina,"Myrtle Beach, Horry County",Standing,Unprovoked,33.6956461,-78.8900409,Carcharodon carcharias,6479594785,36.6,53267.0,proximite_regionale,0,1,0,2026-07-14T07:15:20,https://www.gbif.org/occurrence/6479594785
6616,2022-08-15,2022,USA,South Carolina,"Myrtle Beach, Horry County",Standing,Unprovoked,33.6956461,-78.8900409,Galeocerdo cuvier,6399752821,35.29,28902.0,proximite_regionale,0,1,0,2026-06-04T11:19,https://www.gbif.org/occurrence/6399752821
6616,2022-08-15,2022,USA,South Carolina,"Myrtle Beach, Horry County",Standing,Unprovoked,33.6956461,-78.8900409,Rhincodon typus,6253026970,1062.68,30069.0,pas_de_proximite_100km,0,0,0,2026-04-27T07:00,https://www.gbif.org/occurrence/6253026970
6620,2022-03-09,2022,USA,Florida,"New Smyrna Beach, Volusia County",Fishing,Provoked,29.0258132,-80.9271271,Carcharhinus leucas,6133570230,11.63,29533.0,proximite_forte,2,2,2,2026-01-28T17:22:37,https://www.gbif.org/occurrence/6133570230
6620,2022-03-09,2022,USA,Florida,"New Smyrna Beach, Volusia County",Fishing,Provoked,29.0258132,-80.9271271,Carcharodon carcharias,6441095820,430.55,257.0,pas_de_proximite_100km,0,0,0,2026-03-27T20:47:37,https://www.gbif.org/occurrence/6441095820
6620,2022-03-09,2022,USA,Florida,"New Smyrna Beach, Volusia County",Fishing,Provoked,29.0258132,-80.9271271,Galeocerdo cuvier,6399953055,95.51,29433.0,proximite_regionale,0,1,0,2026-06-07T17:14:40,https://www.gbif.org/occurrence/6399953055
6620,2022-03-09,2022,USA,Florida,"New Smyrna Beach, Volusia County",Fishing,Provoked,29.0258132,-80.9271271,Rhincodon typus,6253026970,509.66,30069.0,pas_de_proximite_100km,0,0,0,2026-04-27T07:00,https://www.gbif.org/occurrence/6253026970
6625,2023-07-14,2023,USA,Florida,New Smyrna Beach,Surfing,Unprovoked,29.0258132,-80.9271271,Carcharhinus leucas,6133570230,11.63,29533.0,proximite_forte,2,2,2,2026-01-28T17:22:37,https://www.gbif.org/occurrence/6133570230
6625,2023-07-14,2023,USA,Florida,New Smyrna Beach,Surfing,Unprovoked,29.0258132,-80.9271271,Carcharodon carcharias,6441095820,430.55,257.0,pas_de_proximite_100km,0,0,0,2026-03-27T20:47:37,https://www.gbif.org/occurrence/6441095820
6625,2023-07-14,2023,USA,Florida,New Smyrna Beach,Surfing,Unprovoked,29.0258132,-80.9271271,Galeocerdo cuvier,6399953055,95.51,29433.0,proximite_regionale,0,1,0,2026-06-07T17:14:40,https://www.gbif.org/occurrence/6399953055
6625,2023-07-14,2023,USA,Florida,New Smyrna Beach,Surfing,Unprovoked,29.0258132,-80.9271271,Rhincodon typus,6253026970,509.66,30069.0,pas_de_proximite_100km,0,0,0,2026-04-27T07:00,https://www.gbif.org/occurrence/6253026970
6629,2023-06-23,2023,USA,Florida,"Cocoa Beach, Brevard County",Swimming,Unprovoked,28.3184107,-80.6094959,Carcharhinus leucas,6234759244,43.15,29680.0,proximite_regionale,0,5,5,2026-04-17T20:49,https://www.gbif.org/occurrence/6234759244
6629,2023-06-23,2023,USA,Florida,"Cocoa Beach, Brevard County",Swimming,Unprovoked,28.3184107,-80.6094959,Carcharodon carcharias,6441095820,501.64,257.0,pas_de_proximite_100km,0,0,0,2026-03-27T20:47:37,https://www.gbif.org/occurrence/6441095820
6629,2023-06-23,2023,USA,Florida,"Cocoa Beach, Brevard County",Swimming,Unprovoked,28.3184107,-80.6094959,Galeocerdo cuvier,6235030691,159.76,29798.0,pas_de_proximite_100km,0,0,0,2026-04-25T11:55,https://www.gbif.org/occurrence/6235030691
6629,2023-06-23,2023,USA,Florida,"Cocoa Beach, Brevard County",Swimming,Unprovoked,28.3184107,-80.6094959,Rhincodon typus,6253026970,444.43,30069.0,pas_de_proximite_100km,0,0,0,2026-04-27T07:00,https://www.gbif.org/occurrence/6253026970
6633,2023-05-14,2023,USA,South Carolina,"Isle of Palms, Charleston County",Swimming,Unprovoked,32.7867697,-79.7880359,Carcharhinus leucas,6130999421,419.72,29533.0,pas_de_proximite_100km,0,0,0,2026-01-17T15:30:29,https://www.gbif.org/occurrence/6130999421
6633,2023-05-14,2023,USA,South Carolina,"Isle of Palms, Charleston County",Swimming,Unprovoked,32.7867697,-79.7880359,Carcharodon carcharias,6441095820,1.98,257.0,proximite_forte,1,2,0,2026-03-27T20:47:37,https://www.gbif.org/occurrence/6441095820
6633,2023-05-14,2023,USA,South Carolina,"Isle of Palms, Charleston County",Swimming,Unprovoked,32.7867697,-79.7880359,Galeocerdo cuvier,6399752821,165.62,28902.0,pas_de_proximite_100km,0,0,0,2026-06-04T11:19,https://www.gbif.org/occurrence/6399752821
6633,2023-05-14,2023,USA,South Carolina,"Isle of Palms, Charleston County",Swimming,Unprovoked,32.7867697,-79.7880359,Rhincodon typus,6253026970,941.73,30069.0,pas_de_proximite_100km,0,0,0,2026-04-27T07:00,https://www.gbif.org/occurrence/6253026970
6636,2023-07-15,2023,USA,Florida,New Smyrna Beach,Sitting,Unprovoked,29.0258132,-80.9271271,Carcharhinus leucas,6133570230,11.63,29533.0,proximite_forte,2,2,2,2026-01-28T17:22:37,https://www.gbif.org/occurrence/6133570230
6636,2023-07-15,2023,USA,Florida,New Smyrna Beach,Sitting,Unprovoked,29.0258132,-80.9271271,Carcharodon carcharias,6441095820,430.55,257.0,pas_de_proximite_100km,0,0,0,2026-03-27T20:47:37,https://www.gbif.org/occurrence/6441095820
6636,2023-07-15,2023,USA,Florida,New Smyrna Beach,Sitting,Unprovoked,29.0258132,-80.9271271,Galeocerdo cuvier,6399953055,95.51,29433.0,proximite_regionale,0,1,0,2026-06-07T17:14:40,https://www.gbif.org/occurrence/6399953055
6636,2023-07-15,2023,USA,Florida,New Smyrna Beach,Sitting,Unprovoked,29.0258132,-80.9271271,Rhincodon typus,6253026970,509.66,30069.0,pas_de_proximite_100km,0,0,0,2026-04-27T07:00,https://www.gbif.org/occurrence/6253026970
6640,2023-05-18,2023,USA,Florida,"Marathon, Monroe County",Spearfishing,Unprovoked,24.7137524,-81.0903512,Carcharhinus leucas,6179367299,5.52,30047.0,proximite_forte,2,5,3,2026-02-22T12:30,https://www.gbif.org/occurrence/6179367299
6640,2023-05-18,2023,USA,Florida,"Marathon, Monroe County",Spearfishing,Unprovoked,24.7137524,-81.0903512,Carcharodon carcharias,6400039718,848.62,49.0,pas_de_proximite_100km,0,0,0,2026-02-25T14:55,https://www.gbif.org/occurrence/6400039718
6640,2023-05-18,2023,USA,Florida,"Marathon, Monroe County",Spearfishing,Unprovoked,24.7137524,-81.0903512,Galeocerdo cuvier,5133758058,23.23,30025.0,proximite_forte,1,1,0,2025-03-01T13:40,https://www.gbif.org/occurrence/5133758058
6640,2023-05-18,2023,USA,Florida,"Marathon, Monroe County",Spearfishing,Unprovoked,24.7137524,-81.0903512,Rhincodon typus,6253026970,114.38,30069.0,pas_de_proximite_100km,0,0,0,2026-04-27T07:00,https://www.gbif.org/occurrence/6253026970
6685,2023-07-31,2023,USA,Florida,"New Smyrna Beach, Volusia County",Surfing,Unprovoked,29.0258132,-80.9271271,Carcharhinus leucas,6133570230,11.63,29533.0,proximite_forte,2,2,2,2026-01-28T17:22:37,https://www.gbif.org/occurrence/6133570230
6685,2023-07-31,2023,USA,Florida,"New Smyrna Beach, Volusia County",Surfing,Unprovoked,29.0258132,-80.9271271,Carcharodon carcharias,6441095820,430.55,257.0,pas_de_proximite_100km,0,0,0,2026-03-27T20:47:37,https://www.gbif.org/occurrence/6441095820
6685,2023-07-31,2023,USA,Florida,"New Smyrna Beach, Volusia County",Surfing,Unprovoked,29.0258132,-80.9271271,Galeocerdo cuvier,6399953055,95.51,29433.0,proximite_regionale,0,1,0,2026-06-07T17:14:40,https://www.gbif.org/occurrence/6399953055
6685,2023-07-31,2023,USA,Florida,"New Smyrna Beach, Volusia County",Surfing,Unprovoked,29.0258132,-80.9271271,Rhincodon typus,6253026970,509.66,30069.0,pas_de_proximite_100km,0,0,0,2026-04-27T07:00,https://www.gbif.org/occurrence/6253026970
