rang,pays,zone,localite,incidents_declares
1,USA,Florida,"New Smyrna Beach, Volusia County",190
2,USA,Florida,"Daytona Beach, Volusia County",34
3,USA,Florida,"Ponce Inlet, Volusia County",26
4,USA,Florida,"Melbourne Beach, Brevard County",21
5,BAHAMAS,Inconnu,Inconnu,20
6,USA,Florida,"Cocoa Beach, Brevard  County",19
7,USA,South Carolina,"Myrtle Beach, Horry County",19
8,USA,South Carolina,"Isle of Palms, Charleston County",16
9,BRAZIL,Pernambuco,"Boa Viagem, Recife",14
10,BRAZIL,Pernambuco,Piedade,14
11,SOUTH AFRICA,KwaZulu-Natal,Durban,13
12,USA,Florida,"Cocoa Beach, Brevard County",13
13,USA,Florida,"Jacksonville Beach, Duval County",13
14,USA,Florida,"Jensen Beach, Martin County",13
15,USA,Florida,"Ponce Inlet, New Smyrna Beach, Volusia County",12
16,SOUTH AFRICA,Western Cape Province,Mossel Bay,11
17,USA,Florida,Inconnu,11
18,USA,Florida,"Juno Beach, Palm Beach County",11
19,USA,Florida,"Ormond Beach, Volusia County",11
20,USA,Hawaii,Inconnu,11
21,ATLANTIC OCEAN,Inconnu,Inconnu,10
22,AUSTRALIA,New South Wales,Sydney,10
23,AUSTRALIA,New South Wales,Sydney Harbor,10
24,AUSTRALIA,Torres Strait,Inconnu,10
25,BRAZIL,Pernambuco,"Boa Viagem Beach, Recife",10
26,MOZAMBIQUE,Gaza,Xai Xai,10
27,SOUTH AFRICA,Eastern Cape Province,Nahoon,10
28,USA,Florida,Florida Keys,10
29,USA,Florida,"Florida Keys, Monroe County",10
30,USA,Florida,"Palm Beach, Palm Beach County",10
31,USA,Florida,"Singer Island, Riviera Beach, Palm Beach County",10
32,USA,Florida,"Vero Beach, Indian River County",10
33,AUSTRALIA,Queensland,Brisbane River,9
34,AUSTRALIA,Torres Strait,Thursday Island,9
35,SOUTH AFRICA,KwaZulu-Natal,"North Beach, Durban",9
36,AUSTRALIA,Inconnu,Inconnu,8
37,AUSTRALIA,New South Wales,Inconnu,8
38,AUSTRALIA,New South Wales,Newcastle,8
39,AUSTRALIA,Torres Strait,Near Thursday Island,8
40,CUBA,Havana Province,Havana Harbor,8
41,JAMAICA,Inconnu,Inconnu,8
42,SOUTH AFRICA,Eastern Cape Province,"Nahoon, East London",8
43,SOUTH AFRICA,KwaZulu-Natal,Amanzimtoti,8
44,SOUTH AFRICA,KwaZulu-Natal,"Country Club Beach, Durban",8
45,SOUTH AFRICA,Western Cape Province,False Bay,8
46,USA,Florida,"Sanibel Island, Lee County",8
47,USA,South Carolina,"Folly Beach, Charleston County",8
48,VIETNAM,Binh Dinh Province,Quy Nhon,8
49,AUSTRALIA,New South Wales,Coogee,7
50,AUSTRALIA,Queensland,Brisbane,7
51,AUSTRALIA,Queensland,Moreton Bay,7
52,AUSTRALIA,Queensland,"Ross River, Townsville",7
53,AUSTRALIA,Western Australia,Bunbury,7
54,FIJI,Inconnu,Inconnu,7
55,HONG KONG,Mirs Bay,Inconnu,7
56,IRAN,Khuzestan Province,"Ahvaz, on the Karun River",7
57,SOUTH AFRICA,Western Cape Province,Plettenberg Bay,7
58,USA,Alabama,"Gulf Shores, Baldwin County",7
59,USA,California,"Huntington Beach, Orange County",7
60,USA,Florida,"Daytona Beach Shores, Volusia County",7
61,USA,Florida,"Fort Lauderdale, Broward County",7
62,USA,Florida,"Jacksonville, Duval County",7
63,USA,Florida,"Marathon, Monroe County",7
64,USA,Florida,"Pensacola Bay, Escambia County",7
65,USA,Florida,"Riviera Beach, Palm Beach County",7
66,AUSTRALIA,New South Wales,Bondi,6
67,AUSTRALIA,New South Wales,Byron Bay,6
68,AUSTRALIA,New South Wales,Wollongong,6
69,AUSTRALIA,Queensland,Great Barrier Reef,6
70,AUSTRALIA,Queensland,Townsville,6
71,NEW CALEDONIA,Inconnu,Inconnu,6
72,NEW ZEALAND,South Island,Oreti Beach,6
73,SOUTH AFRICA,Eastern Cape Province,East London,6
74,SOUTH AFRICA,Eastern Cape Province,Port Alfred,6
75,SOUTH AFRICA,Eastern Cape Province,Port Elizabeth,6
76,SOUTH AFRICA,KwaZulu-Natal,"South Beach, Durban",6
77,USA,Florida,"Bethune Beach, Volusia County",6
78,USA,Florida,"Jupiter, Palm Beach County",6
79,USA,Florida,"Key West, Monroe County",6
80,USA,Florida,New Smyrna Beach,6
81,USA,Florida,"Panama City, Bay County",6
82,USA,Florida,"Playalinda Beach, Brevard County",6
83,USA,Hawaii,Maui,6
84,USA,North Carolina,"Ocean Isle, Brunswick County",6
85,USA,South Carolina,Charleston,6
86,USA,Texas,Galveston,6
87,AUSTRALIA,New South Wales,Lake Macquarie,5
88,AUSTRALIA,New South Wales,Lennox Head,5
89,AUSTRALIA,Northern Territory,Darwin,5
90,AUSTRALIA,Western Australia,Albany,5
91,AUSTRALIA,Western Australia,Rottnest Island,5
92,BAHAMAS,New Providence Island,Nassau,5
93,EGYPT,Mediterranean Sea,Port Said,5
94,NEW CALEDONIA,South Province,Noumea,5
95,PACIFIC OCEAN,Inconnu,Inconnu,5
96,PHILIPPINES,Inconnu,Inconnu,5
97,SOUTH AFRICA,Eastern Cape Province,"Nahoon Beach, East London",5
98,SOUTH AFRICA,Inconnu,Inconnu,5
99,SOUTH AFRICA,KwaZulu-Natal,"Back Beach, Durban",5
100,SOUTH AFRICA,KwaZulu-Natal,Isipingo,5
101,SOUTH AFRICA,KwaZulu-Natal,Margate,5
102,SOUTH AFRICA,KwaZulu-Natal,Winkelspruit,5
103,SOUTH AFRICA,Western Cape Province,Macassar,5
104,SOUTH AFRICA,Western Cape Province,Muizenberg,5
105,USA,California,"La Jolla, San Diego County",5
106,USA,California,"San Onofre, San Diego County",5
107,USA,Florida,"Fernandina Beach, Nassau County",5
108,USA,Florida,"Flagler Beach, Flagler County",5
109,USA,Florida,"Fort Pierce, St. Lucie County",5
110,USA,Florida,"Miami Beach, Miami-Dade County",5
111,USA,Florida,"Ocean Reef Park, Singer Island, Palm Beach County",5
112,USA,Florida,Palm Beach County,5
113,USA,Florida,"Playalinda Beach, Canaveral National Seashore, Brevard County",5
114,USA,Florida,"Ponce de Leon Inlet, Volusia County",5
115,USA,Florida,"Stuart Beach, Martin County",5
116,USA,North Carolina,"Emerald Isle, Carteret County",5
117,USA,North Carolina,"Wrightsville Beach, New Hanover County",5
118,USA,South Carolina,"Hilton Head Island, Beaufort County",5
119,USA,South Carolina,Inconnu,5
120,USA,South Carolina,"North Myrtle Beach, Horry County",5
121,USA,Texas,South Padre Island,5
122,AUSTRALIA,New South Wales,Avoca Beach,4
123,AUSTRALIA,New South Wales,Cronulla,4
124,AUSTRALIA,New South Wales,Evans Head,4
125,AUSTRALIA,New South Wales,Jervis Bay,4
126,AUSTRALIA,New South Wales,"Marineland, Sydney",4
127,AUSTRALIA,New South Wales,Maroubra,4
128,AUSTRALIA,New South Wales,Parramatta River,4
129,AUSTRALIA,New South Wales,"Stockton Beach, Newcastle",4
130,AUSTRALIA,South Australia,Glenelg,4
131,AUSTRALIA,South Australia,Streaky Bay,4
132,AUSTRALIA,Western Australia,Geraldton,4
133,BAHAMAS,Abaco Islands,Inconnu,4
134,BRAZIL,Inconnu,Inconnu,4
135,BRAZIL,Pernambuco,Paiva,4
136,BRAZIL,Pernambuco,Piedade Beach,4
137,BRAZIL,Pernambuco,"Piedade Beach, Recife",4
138,BRAZIL,Pernambuco,"Piedade, Recife",4
139,BRAZIL,Rio de Janeiro,"Copacabana Beach, Rio de Janiero",4
140,CUBA,Havana Province,Cojimar,4
141,FRENCH POLYNESIA,Society Islands,Tahiti,4
142,INDONESIA,Bali,Balian,4
143,JAMAICA,Kingston Parish,Kingston Harbor,4
144,MEXICO,Inconnu,Inconnu,4
145,MEXICO,Tamaulipas,Tampico,4
146,MEXICO,Veracruz,"Villa del Mar Beach, Veracruz",4
147,PAPUA NEW GUINEA,New Ireland Province,Inconnu,4
148,SOLOMON ISLANDS,Inconnu,Inconnu,4
149,SOUTH AFRICA,Eastern Cape Province,Kei River Mouth,4
150,SOUTH AFRICA,Eastern Cape Province,"Second Beach, Port St. John's",4
151,SOUTH AFRICA,Eastern Cape Province,St. Francis Bay,4
152,SOUTH AFRICA,KwaZulu-Natal,"Battery Beach, Durban",4
153,SOUTH AFRICA,KwaZulu-Natal,Cape Vidal,4
154,SOUTH AFRICA,KwaZulu-Natal,"Inyoni Rocks, Amanzimtoti",4
155,SOUTH AFRICA,KwaZulu-Natal,Mtunzini,4
156,SOUTH AFRICA,KwaZulu-Natal,Richards Bay,4
157,SOUTH AFRICA,KwaZulu-Natal,Scottburgh,4
158,SOUTH AFRICA,Western Cape Province,Arniston,4
159,SOUTH AFRICA,Western Cape Province,Dyer Island,4
160,SOUTH AFRICA,Western Cape Province,Hartenbos,4
161,USA,California,"Dillon Beach, Marin County",4
162,USA,California,Farallon Islands,4
163,USA,California,"Franklin Point, San Mateo County",4
164,USA,California,"Moonstone Beach, Humboldt County",4
165,USA,California,"San Onofre State Beach, San Diego County",4
166,USA,California,"Santa Monica, Los Angeles County",4
167,USA,California,"Tomales Point, Marin County",4
168,USA,California,"Venice Beach, Los Angeles County",4
169,USA,Florida,"Anna Maria Island, Manatee County",4
170,USA,Florida,"Floridana Beach, Brevard County",4
171,USA,Florida,"Indialantic, Brevard County",4
172,USA,Florida,"Indiatlantic, Brevard County",4
173,USA,Florida,"South Jetty, New Smyrna Beach, Volusia County",4
174,USA,Georgia,"Tybee Island, Chatham County",4
175,USA,Hawaii,Kauai,4
176,USA,Hawaii,"Olowalu, Maui",4
177,USA,Inconnu,Inconnu,4
178,USA,New Jersey,"Atlantic City, Atlantic County",4
179,USA,North Carolina,"Avon, Hatteras Island, Outer Banks, Dare County",4
180,USA,North Carolina,"Bald Head Island, Brunswick County",4
181,USA,North Carolina,"North Topsail Beach, Onslow County",4
182,USA,South Carolina,"Charleston Harbor, Charleston County",4
183,USA,South Carolina,"Pawleys Island, Georgetown County",4
184,USA,South Carolina,Sullivan's Island,4
185,AUSTRALIA,New South Wales,"Bar Beach, Newcastle",3
186,AUSTRALIA,New South Wales,"Botany Bay, Sydney",3
187,AUSTRALIA,New South Wales,Brunswick Heads,3
188,AUSTRALIA,New South Wales,Crescent Head,3
189,AUSTRALIA,New South Wales,Hawkesbury River,3
190,AUSTRALIA,New South Wales,Lighthouse Beach,3
191,AUSTRALIA,New South Wales,Maroubra Beach,3
192,AUSTRALIA,New South Wales,Newcastle Beach,3
193,AUSTRALIA,New South Wales,North Bondi,3
194,AUSTRALIA,New South Wales,"Sharpes Beach, Ballina",3
195,AUSTRALIA,New South Wales,"Tallow Beach, Byron Bay",3
196,AUSTRALIA,Queensland,"Cid Harbor, Whitsundays",3
197,AUSTRALIA,Queensland,Fraser Island,3
198,AUSTRALIA,Queensland,Inconnu,3
199,AUSTRALIA,Queensland,Lizard Island,3
200,AUSTRALIA,Queensland,Mermaid Waters,3
201,AUSTRALIA,Queensland,Near Moreton Island in Moreton Bay,3
202,AUSTRALIA,Queensland,North West Island,3
203,AUSTRALIA,Queensland,"Off Lodestone Reef, Great Barrier Reef, north of Townsville",3
204,AUSTRALIA,Queensland,Sunshine Beach,3
205,AUSTRALIA,South Australia,Adelaide,3
206,AUSTRALIA,South Australia,Ardrossan,3
207,AUSTRALIA,South Australia,Middleton Beach,3
208,AUSTRALIA,Tasmania,Inconnu,3
209,AUSTRALIA,Torres Strait,Badu Island,3
210,AUSTRALIA,Torres Strait,Near Mabuiag Island,3
211,AUSTRALIA,Victoria,Port Melbourne,3
212,AUSTRALIA,Victoria,Port Phillip Bay,3
213,AUSTRALIA,Western Australia,Broome,3
214,AUSTRALIA,Western Australia,Coral Bay,3
215,AUSTRALIA,Western Australia,Cottesloe Beach,3
216,AUSTRALIA,Western Australia,"Cottesloe Beach, Perth",3
217,AUSTRALIA,Western Australia,Fremantle,3
218,AUSTRALIA,Western Australia,Yallingup,3
219,BAHAMAS,Abaco Islands,Grand Cay,3
220,BAHAMAS,Abaco Islands,Green Turtle Cay,3
221,BAHAMAS,Inconnu,Bimini,3
222,BERMUDA,Inconnu,Inconnu,3
223,COSTA RICA,Cocos Island,Manuelita,3
224,COSTA RICA,Guanacaste,Playa Grande,3
225,CROATIA,Primorje-Gorski Kotar County,Rijeka,3
226,CUBA,Inconnu,Inconnu,3
227,EGYPT,St. Johns Reef,Habili Gafar,3
228,ENGLAND,Inconnu,Inconnu,3
229,GRENADA,St. Andrew Parish,Grenville,3
230,HONG KONG,Inconnu,Inconnu,3
231,INDIA,Inconnu,Inconnu,3
232,IRAN,Shatt-al-Arab River,Bashamir,3
233,IRAQ,Basrah,Shatt-al-Arab River,3
234,JAPAN,Ehime Prefecture,Matsuyama,3
235,JAPAN,Inconnu,Inconnu,3
236,MADAGASCAR,Inconnu,Inconnu,3
237,MEXICO,Baja California,Guadalupe Island,3
238,MEXICO,Guerrero,Acapulco,3
239,MEXICO,Guerrero,"Revolcadero Beach, Acapulco",3
240,MEXICO,Quintana Roo,Inconnu,3
241,MEXICO,Veracruz,Mocambo,3
242,MOZAMBIQUE,Limpopo River,"Gijana, 150 km inland",3
243,PAPUA NEW GUINEA,Madang Province,"Long Island near Madang, about 500 km (310 miles) north of the South Pacific nation's capital of Port Moresby",3
244,PAPUA NEW GUINEA,Madang Province,Madang,3
245,PAPUA NEW GUINEA,New Britain,Inconnu,3
246,PHILIPPINES,Manila,Fort Mills,3
247,SAMOA,Inconnu,Inconnu,3
248,SOMALIA,Banaadir Region,Mogadishu,3
249,SOUTH AFRICA,Eastern Cape Province,Bonza Bay,3
250,SOUTH AFRICA,Eastern Cape Province,Cape Recife,3
251,SOUTH AFRICA,Eastern Cape Province,Cape St. Francis,3
252,SOUTH AFRICA,Eastern Cape Province,Jeffrey's Bay,3
253,SOUTH AFRICA,Eastern Cape Province,Jeffreys Bay,3
254,SOUTH AFRICA,Eastern Cape Province,Port St. John's,3
255,SOUTH AFRICA,Eastern Cape Province,"Second Beach, Port St. Johns",3
256,SOUTH AFRICA,KwaZulu-Natal,LaMercy,3
257,SOUTH AFRICA,KwaZulu-Natal,Port Edward,3
258,SOUTH AFRICA,KwaZulu-Natal,Salt Rock,3
259,SOUTH AFRICA,KwaZulu-Natal,Sodwana,3
260,SOUTH AFRICA,KwaZulu-Natal,Umhlanga Rocks,3
261,SOUTH AFRICA,KwaZulu-Natal,Umkomaas,3
262,SOUTH AFRICA,KwaZulu-Natal,Umtentweni,3
263,SOUTH AFRICA,Western Cape Province,Melkbosstrand,3
264,SOUTH AFRICA,Western Cape Province,"Seal Island, False Bay",3
265,SOUTH KOREA,Inconnu,Inconnu,3
266,TANZANIA,Inconnu,"Coco Beach, Dar-es-Salaam",3
267,USA,Alabama,Mobile Bay,3
268,USA,California,"Bunkers, Humboldt Bay, Eureka, Humboldt County",3
269,USA,California,"Hermosa Beach, Los Angeles County",3
270,USA,California,"Imperial Beach, San Diego County",3
271,USA,California,"Long Beach, Los Angeles County",3
272,USA,California,"Malibu, Los Angeles County",3
273,USA,California,"Newport Beach, Orange County",3
274,USA,California,"Pigeon Point, San Mateo County",3
275,USA,California,San Francisco Bay,3
276,USA,California,"San Miguel Island, Santa Barbara County",3
277,USA,California,Santa Barbara County,3
278,USA,Florida,"Boca Grande, Lee County",3
279,USA,Florida,"Boca Raton, Palm Beach County",3
280,USA,Florida,"Cape Canaveral, Brevard County",3
281,USA,Florida,"Cape San Blas, Gulf County",3
282,USA,Florida,"Crescent Beach, St. Johns County",3
283,USA,Florida,Fort Lauderdale,3
284,USA,Florida,"Hobe Sound, Martin County",3
285,USA,Florida,"Hollywood Beach, Broward County",3
286,USA,Florida,"Hutchinson Island, St. Lucie County",3
287,USA,Florida,"Key Largo, Monroe County",3
288,USA,Florida,"Lori Wilson Park, Cocoa Beach, Brevard  County",3
289,USA,Florida,"New Smyrna Beach,  Volusia County",3
290,USA,Florida,"Ormond Beach / Daytona Beach, Volusia County",3
291,USA,Florida,"Pablo Beach, Jacksonville, Duval County",3
292,USA,Florida,"Pensacola, Escambia County",3
293,USA,Florida,"Ponte Vedra Beach, St Johns County",3
294,USA,Florida,"Ponte Vedra, St. Johns County",3
295,USA,Florida,"St. Augustine, St. John's County",3
296,USA,Florida,St. Lucie County,3
297,USA,Florida,"Tiger Shores Beach, Martin County",3
298,USA,Florida,"Vilano Beach, St.  Johns County",3
299,USA,Florida,Volusia County,3
300,USA,Hawaii,"Hanalei Bay, Kauai",3
301,USA,Hawaii,"Ho'okipa Beach, Pa'ia, Maui",3
302,USA,Hawaii,"Kahului, Maui",3
303,USA,Hawaii,"Kanaha Beach, Maui",3
304,USA,Hawaii,"Kihei, Maui",3
305,USA,Hawaii,"Pearl Harbor, O'ahu",3
306,USA,New York,Rockaway,3
307,USA,North Carolina,"Holden Beach, Brunswick County",3
308,USA,North Carolina,Holden Beach. Brunswick County,3
309,USA,North Carolina,"Masonboro Island, New Hanover County",3
310,USA,North Carolina,"Rodanthe, Dare County",3
311,USA,Oregon,Winchester Bay,3
312,USA,Puerto Rico,"Condado Beach, San Juan",3
313,USA,Puerto Rico,Inconnu,3
314,USA,South Carolina,"Coligny Beach, Hilton Head, Beaufort County",3
315,USA,South Carolina,"Folly Island, near Charleston",3
316,USA,South Carolina,"Kiawah Island, Charleston County",3
317,USA,South Carolina,Off Charleston,3
318,USA,Texas,Galveston Island,3
319,USA,Texas,"Mustang Island, near Port Aransas",3
320,USA,Virginia,"Virginia Beach, Princess Anne County",3
321,VENEZUELA,Inconnu,Inconnu,3
322,YEMEN,Aden,Inconnu,3
323,AUSTRALIA,New South Wales,Avalon,2
324,AUSTRALIA,New South Wales,Bellambi Reef,2
325,AUSTRALIA,New South Wales,Bermagui,2
326,AUSTRALIA,New South Wales,Bondi Beach,2
327,AUSTRALIA,New South Wales,"Bondi Beach, Sydney",2
328,AUSTRALIA,New South Wales,Broken Head,2
329,AUSTRALIA,New South Wales,Bronte Beach,2
330,AUSTRALIA,New South Wales,Clarence Heads,2
331,AUSTRALIA,New South Wales,Clarence River,2
332,AUSTRALIA,New South Wales,Crowdy Baay,2
333,AUSTRALIA,New South Wales,Crowdy Head,2
334,AUSTRALIA,New South Wales,"Darling Harbor, Sydney",2
335,AUSTRALIA,New South Wales,East Ballina,2
336,AUSTRALIA,New South Wales,Emerald Beach,2
337,AUSTRALIA,New South Wales,Georges River,2
338,AUSTRALIA,New South Wales,"Iron Cove, Sydney",2
339,AUSTRALIA,New South Wales,"Johnstone's Bay, Sydney",2
340,AUSTRALIA,New South Wales,"Julian Rocks, Byron Bay",2
341,AUSTRALIA,New South Wales,Kempsey,2
342,AUSTRALIA,New South Wales,"Kingscliffe Beach, south of Tweed Heads",2
343,AUSTRALIA,New South Wales,"Knobby's Beach, Newcastle",2
344,AUSTRALIA,New South Wales,"Lane Cove River, Sydney Harbor (Estuary)",2
345,AUSTRALIA,New South Wales,"Lennox Head, Ballina",2
346,AUSTRALIA,New South Wales,"Lighthouse Beach, Ballina",2
347,AUSTRALIA,New South Wales,Manly,2
348,AUSTRALIA,New South Wales,"Maria River, Port Macquarie, 12 miles from river mouth",2
349,AUSTRALIA,New South Wales,Maroubra Bay,2
350,AUSTRALIA,New South Wales,Mereweather Beach,2
351,AUSTRALIA,New South Wales,"Merewether Beach, Newcastle",2
352,AUSTRALIA,New South Wales,Merimbula,2
353,AUSTRALIA,New South Wales,"Middle Harbour, Sydney",2
354,AUSTRALIA,New South Wales,Mona Vale,2
355,AUSTRALIA,New South Wales,"Mona Vale, near Sydney",2
356,AUSTRALIA,New South Wales,Near Sydney,2
357,AUSTRALIA,New South Wales,Newcastle Harbor,2
358,AUSTRALIA,New South Wales,"North Brighton, Botany Bay",2
359,AUSTRALIA,New South Wales,"North Head, Sydney Harbour",2
360,AUSTRALIA,New South Wales,Parramata River,2
361,AUSTRALIA,New South Wales,Port Jackson,2
362,AUSTRALIA,New South Wales,"Redhead Beach, Newcastle",2
363,AUSTRALIA,New South Wales,"Seven Mile Beach, Gerroa",2
364,AUSTRALIA,New South Wales,"Seven Shillings Beach, Middle Harbor, Sydney (Estuary)",2
365,AUSTRALIA,New South Wales,Shelly Beach,2
366,AUSTRALIA,New South Wales,"Shelly Beach, near Port Macquarie",2
367,AUSTRALIA,New South Wales,"Sirius Cove, Sydney Harbor",2
368,AUSTRALIA,New South Wales,South West Rocks,2
369,AUSTRALIA,New South Wales,Sydney Harbour,2
370,AUSTRALIA,New South Wales,"Throsby Creek, Newcastle",2
371,AUSTRALIA,New South Wales,Tweed Heads,2
372,AUSTRALIA,New South Wales,"Wategos Beach, Byon Bay",2
373,AUSTRALIA,Northern Territory,Darwin Harbour,2
374,AUSTRALIA,Northern Territory,Groote Eylandt,2
375,AUSTRALIA,Northern Territory,the pearling beds,2
376,AUSTRALIA,Queensland,Arlington Reef near Cairns,2
377,AUSTRALIA,Queensland,Batt Reef,2
378,AUSTRALIA,Queensland,Currumbin,2
379,AUSTRALIA,Queensland,Currumbin Rock,2
380,AUSTRALIA,Queensland,"Ellis Beach, 20 miles from Cairns",2
381,AUSTRALIA,Queensland,Fingal Beach,2
382,AUSTRALIA,Queensland,Fitzroy Island,2
383,AUSTRALIA,Queensland,"Gay’s Corner, Bulimba Reach of Brisbane River",2
384,AUSTRALIA,Queensland,Gladstone,2
385,AUSTRALIA,Queensland,Green Island,2
386,AUSTRALIA,Queensland,Greenmount Beach,2
387,AUSTRALIA,Queensland,Heron Island,2
388,AUSTRALIA,Queensland,"Kirra Beach, Coolangatta",2
389,AUSTRALIA,Queensland,Magnetic Island,2
390,AUSTRALIA,Queensland,Maryborough,2
391,AUSTRALIA,Queensland,Mooloolaba,2
392,AUSTRALIA,Queensland,Moreton Island,2
393,AUSTRALIA,Queensland,"Off North Keppel Island, off Yeppoon",2
394,AUSTRALIA,Queensland,Off Stradbroke Island,2
395,AUSTRALIA,Queensland,Outer Barrier Reef near Port Douglas,2
396,AUSTRALIA,Queensland,Palm Beach,2
397,AUSTRALIA,Queensland,Pancake Creek,2
398,AUSTRALIA,Queensland,Ross Creek,2
399,AUSTRALIA,Queensland,Surfer's Paradise,2
400,AUSTRALIA,Queensland,"Trinity Beach, Cairns",2
401,AUSTRALIA,Queensland,"Yeppoon, near Ross Creek",2
402,AUSTRALIA,Queensland,Yorkey’s Knob Beach near Cairns,2
403,AUSTRALIA,South Australia,Cape Jervis,2
404,AUSTRALIA,South Australia,Ceduna,2
405,AUSTRALIA,South Australia,"Middleton Point, Fleurieu Peninsula",2
406,AUSTRALIA,South Australia,Port Wakefield,2
407,AUSTRALIA,Tasmania,South Cape Bay,2
408,AUSTRALIA,Tasmania,Triabunna,2
409,AUSTRALIA,Torres Strait,Barrier Reef near Innisfail,2
410,AUSTRALIA,Torres Strait,Palm Island,2
411,AUSTRALIA,Victoria,Brighton,2
412,AUSTRALIA,Victoria,Elwood,2
413,AUSTRALIA,Victoria,"Flinders, Mornington Penisula",2
414,AUSTRALIA,Victoria,Geelong,2
415,AUSTRALIA,Victoria,Mordialloc,2
416,AUSTRALIA,Victoria,Point Lonsdale,2
417,AUSTRALIA,Victoria,Queenscliff,2
418,AUSTRALIA,Victoria,Warrnambool,2
419,AUSTRALIA,Western Australia,Cable Beach,2
420,AUSTRALIA,Western Australia,Cheynes Beach,2
421,AUSTRALIA,Western Australia,"City Beach, Perth",2
422,AUSTRALIA,Western Australia,"Cottesloe, Perth",2
423,AUSTRALIA,Western Australia,Esperance,2
424,AUSTRALIA,Western Australia,Exmouth,2
425,AUSTRALIA,Western Australia,Floreat Beach,2
426,AUSTRALIA,Western Australia,Gracetown,2
427,AUSTRALIA,Western Australia,Hamelin Bay,2
428,AUSTRALIA,Western Australia,Inconnu,2
429,AUSTRALIA,Western Australia,"Mullaloo Beach, Perth",2
430,AUSTRALIA,Western Australia,Off Rottnest Island,2
431,AUSTRALIA,Western Australia,Perth,2
432,AUSTRALIA,Western Australia,Perth? (Margaret River District),2
433,AUSTRALIA,Western Australia,Port Kennedy Beach,2
434,AUSTRALIA,Western Australia,Shark Bay,2
435,AUSTRALIA,Western Australia,"South Point, Gracetown",2
436,AUSTRALIA,Western Australia,Swan River,2
437,AUSTRALIA,Western Australia,Trigg Beach,2
438,AZORES,Inconnu,Inconnu,2
439,BAHAMAS,Abaco Islands,Walkers Cay,2
440,BAHAMAS,Bimini Islands,Inconnu,2
441,BAHAMAS,Eleuthera,Inconnu,2
442,BAHAMAS,Exuma Islands,Inconnu,2
443,BAHAMAS,Grand Bahama Island,Freeport,2
444,BAHAMAS,Inconnu,Cat Island,2
445,BAHAMAS,West End,Tiger Beach,2
446,BARBADOS,Inconnu,Inconnu,2
447,BRAZIL,Maranhão,"Praia da Marcela, São Marcos Bay",2
448,BRAZIL,Pernambuco,Barra de Jangada,2
449,BRAZIL,Pernambuco,Candeias,2
450,BRAZIL,Pernambuco,"Pina, Recife",2
451,BRAZIL,Pernambuco,Praia do Pina,2
452,BRAZIL,Pernambuco,"Punta Del Chifre Beach, Olinda",2
453,BRAZIL,Rio de Janeiro,Cabo Frio,2
454,BRAZIL,Rio de Janeiro,"Rio de Janeiro, Guanabara Bay",2
455,BURMA,Rangoon,Amherst,2
456,CENTRAL PACIFIC,Inconnu,68 miles east of Wallis Island,2
457,CEYLON,Inconnu,Inconnu,2
458,COSTA RICA,Near Puntarenas,Inconnu,2
459,CRETE,Inconnu,Inconnu,2
460,CROATIA,Inconnu,Fiume,2
461,CROATIA,Primorje-Gorski Kotar County,Krk Island,2
462,CROATIA,Zadar County,"Lika-Senj, Pag Island",2
463,CUBA,Guantanamo Province,Boqueron,2
464,CUBA,Matanzas Province (north coast),Matanzas,2
465,EGYPT,"Hurghada, Red Sea Governorate",Sahl Hasheesh,2
466,EGYPT,Inconnu,Alexandria,2
467,EGYPT,Inconnu,Port Said,2
468,EGYPT,Red Sea,Safaga,2
469,EGYPT,South Sinai Peninsula,"Coral Bay, Sharm el-Sheikh",2
470,EGYPT,South Sinai Peninsula,"Ras Nasrani, Sharm el-Sheikh",2
471,ENGLAND,Dorset,Weymouth,2
472,FIJI,Kadavu,Great Astrolabe Reef,2
473,FIJI,Taveuni,Inconnu,2
474,FIJI,Vita Levu,Rewa River,2
475,FIJI,Viti Levu Island,Rewa,2
476,FIJI,Vitu Levu,Sigatoka,2
477,FRENCH POLYNESIA,Tuamotos,Makemo Atoll,2
478,GREECE,Corfu,Inconnu,2
479,GREECE,Corfu Island,Off Royal Residence,2
480,GUAM,Inconnu,Inconnu,2
481,GUINEA,Inconnu,Inconnu,2
482,INDIA,Tamil Nadu,Chennai (formerly Madras),2
483,INDIA,Tamil Nadu,Madras,2
484,INDIAN OCEAN,Inconnu,Inconnu,2
485,INDONESIA,Bali,Balian Beach,2
486,INDONESIA,Java,Lorok Bay,2
487,IRAN,Karun River,"Hesamabad area of Shushtar, 420 km from the sea",2
488,IRAN,Karun River,"near Ahvaz, 275 km from the sea",2
489,IRAN,Shatt-al-Arab River,Inconnu,2
490,ITALY,Sicily,Stretto di Messina,2
491,ITALY,Tyrrhenian Sea,"Marciana Marina, Isola d'Elba",2
492,JAMAICA,Kingston Parish,Port Royal,2
493,JAMAICA,Kingston Parish,Port Royal Harbour,2
494,JAMAICA,Westmoreland Parish,Savanna-la-Mar,2
495,JOHNSTON ISLAND,Inconnu,Inconnu,2
496,KENYA,Coast Province,"Kilindini Harbor, Mombasa",2
497,LIBYA,Mediterranean Sea,Off Bengasi,2
498,MARSHALL ISLANDS,Alinglaplap Atoll,Island J4H,2
499,MARSHALL ISLANDS,Eniwetok Atoll,Parry Island,2
500,MARSHALL ISLANDS,Ralik Archipelago,Enewetak Atoll,2
501,MEXICO,Baja California,Ensenada,2
502,MEXICO,Baja California,Inconnu,2
503,MEXICO,Guerrrero,Acapulco,2
504,MEXICO,Inconnu,Guadalupe Island,2
505,MEXICO,Quintana Roo,"Santa Rosa, Cozumel",2
506,MEXICO,Veracruz,Playa Mocambo,2
507,MOZAMBIQUE,Gaza,Praia Sepulveda,2
508,MOZAMBIQUE,Inconnu,Inconnu,2
509,MOZAMBIQUE,Maputo Province,Off Inhaca Island,2
510,MOZAMBIQUE,Maputo Province,Ponta do Ouro,2
511,NEW BRITAIN,Duke of York Islands,"Butliwan Village, 15 miles north of Rabaul",2
512,NEW CALEDONIA,Inconnu,I'le Ouen,2
513,NEW CALEDONIA,Inconnu,Nouville,2
514,NEW CALEDONIA,Loyalty Islands,Ouvéa,2
515,NEW CALEDONIA,North Province,Koumac,2
516,NEW ZEALAND,Inconnu,Inconnu,2
517,NEW ZEALAND,North Island,"Brickfield Bay, Auckland Harbour",2
518,NEW ZEALAND,North Island,"Manukau Harbor, 6 miles south of Auckland",2
519,NEW ZEALAND,North Island,"Papamoa Beach, Bay of Plenty",2
520,NEW ZEALAND,North Island,Taranaki,2
521,NEW ZEALAND,North Island,"Tararu, Thames",2
522,NEW ZEALAND,South Island,Dunedin,2
523,NEW ZEALAND,South Island,Oamaru,2
524,NEW ZEALAND,South Island,"St. Clair Beach, Dunedin",2
525,NEW ZEALAND,Southland,Oreti Beach,2
526,NORTH PACIFIC OCEAN,1000 miles west of Hawaii,Between Wake & Johnston Islands,2
527,OKINAWA,Inconnu,Inconnu,2
528,PACIFIC OCEAN,Between Hawaii & Wake Island,600 miles northwest of Honolulu,2
529,PALAU,Western Caroline Islands,Koror,2
530,PAPUA NEW GUINEA,"Admiralty Islands, Manus Province",Manus Island,2
531,PAPUA NEW GUINEA,Central Province,Hula,2
532,PAPUA NEW GUINEA,Central Province,Port Moresby,2
533,PAPUA NEW GUINEA,Inconnu,Inconnu,2
534,PAPUA NEW GUINEA,Louisiade Archipelago,"Brooker Island , Calvados Chain",2
535,PAPUA NEW GUINEA,Madang,Taludig,2
536,PAPUA NEW GUINEA,Madang Province,"Singour, 60 miles south of Madang",2
537,PHILIPPINES,Luzon Island,Manila Bay,2
538,REUNION,Inconnu,Boucan Canot,2
539,REUNION,Saint-Joseph,Lieu-dit Cayenne,2
540,REUNION,Saint-Paul,Cap de la Marianne,2
541,REUNION,Saint-Pierre,Pic du Diable,2
542,REUNION,d’Étang-Salé,Ravine Mula,2
543,SEYCHELLES,Praslin,Anse Lazio,2
544,SIERRA LEONE,Inconnu,Inconnu,2
545,SIERRA LEONE,Western Area,Freetown,2
546,SIERRA LEONE,Western Area,Tombo Island in the Sierra Leone River,2
547,SOLOMON ISLANDS,Honiara,Honiara,2
548,SOUTH AFRICA,Eastern Cape Province,Algoa Bay,2
549,SOUTH AFRICA,Eastern Cape Province,"East Beach, Port Alfred",2
550,SOUTH AFRICA,Eastern Cape Province,Glengariff,2
551,SOUTH AFRICA,Eastern Cape Province,Gonubie,2
552,SOUTH AFRICA,Eastern Cape Province,Gonubie River Mouth,2
553,SOUTH AFRICA,Eastern Cape Province,Jeffrey’s Bay,2
554,SOUTH AFRICA,Eastern Cape Province,Kidd’s Beach,2
555,SOUTH AFRICA,Eastern Cape Province,"King's Beach, Port Elizabeth",2
556,SOUTH AFRICA,Eastern Cape Province,King’s Beach,2
557,SOUTH AFRICA,Eastern Cape Province,"Kowie River Mouth, Port Alfred",2
558,SOUTH AFRICA,Eastern Cape Province,Pollock Beach,2
559,SOUTH AFRICA,Eastern Cape Province,"Pollock Beach, Port Elizabeth",2
560,SOUTH AFRICA,Eastern Cape Province,Queensberry Bay,2
561,SOUTH AFRICA,Eastern Cape Province,"South Jetty, Port Elizabeth",2
562,SOUTH AFRICA,Eastern Cape Province,St. George’s Strand,2
563,SOUTH AFRICA,Eastern Cape Province,Yellow Sands Point,2
564,SOUTH AFRICA,KwaZulu-Natal,Aliwal Shoal,2
565,SOUTH AFRICA,KwaZulu-Natal,Ballito,2
566,SOUTH AFRICA,KwaZulu-Natal,Durban Harbor,2
567,SOUTH AFRICA,KwaZulu-Natal,Hibberdene,2
568,SOUTH AFRICA,KwaZulu-Natal,Inconnu,2
569,SOUTH AFRICA,KwaZulu-Natal,"Inyoni Rocks, South Coast",2
570,SOUTH AFRICA,KwaZulu-Natal,Island Rock,2
571,SOUTH AFRICA,KwaZulu-Natal,Karridene,2
572,SOUTH AFRICA,KwaZulu-Natal,"North Pier, Durban",2
573,SOUTH AFRICA,KwaZulu-Natal,Palm Beach,2
574,SOUTH AFRICA,KwaZulu-Natal,Paradise Reef,2
575,SOUTH AFRICA,KwaZulu-Natal,Port Shepstone,2
576,SOUTH AFRICA,KwaZulu-Natal,"Rocket Hut Beach, Durban",2
577,SOUTH AFRICA,KwaZulu-Natal,St. Lucia,2
578,SOUTH AFRICA,KwaZulu-Natal,Tongaat,2
579,SOUTH AFRICA,KwaZulu-Natal,Umdhloti,2
580,SOUTH AFRICA,KwaZulu-Natal,Uvongo,2
581,SOUTH AFRICA,Western Cape Province,"2 km from Macassar, False Bay",2
582,SOUTH AFRICA,Western Cape Province,Cape Point,2
583,SOUTH AFRICA,Western Cape Province,Clifton,2
584,SOUTH AFRICA,Western Cape Province,Danger Point,2
585,SOUTH AFRICA,Western Cape Province,"Fish Hoek, False Bay",2
586,SOUTH AFRICA,Western Cape Province,Gansbaai,2
587,SOUTH AFRICA,Western Cape Province,"Glencairn, False Bay",2
588,SOUTH AFRICA,Western Cape Province,Gordon’s Bay,2
589,SOUTH AFRICA,Western Cape Province,"Melkbaai, False Bay",2
590,SOUTH AFRICA,Western Cape Province,Miller's Point,2
591,SOUTH AFRICA,Western Cape Province,"Miller's Point, False Bay",2
592,SOUTH AFRICA,Western Cape Province,Millers Point,2
593,SOUTH AFRICA,Western Cape Province,Noordhoek,2
594,SOUTH AFRICA,Western Cape Province,"Robberg Beach, Plettenberg Bay",2
595,SOUTH AFRICA,Western Cape Province,Saldanha Bay,2
596,SOUTH AFRICA,Western Cape Province,Strandfontein,2
597,SOUTH AFRICA,Western Cape Province,Struis Bay,2
598,SOUTH AFRICA,Western Cape Province,Struisbaai,2
599,SOUTH AFRICA,Western Cape Province,Victoria Bay,2
600,SOUTH ATLANTIC OCEAN,Inconnu,Inconnu,2
601,SOUTH ATLANTIC OCEAN,Off Libya,Inconnu,2
602,SOUTH ATLANTIC OCEAN,Off the coast of West Africa,Inconnu,2
603,SOUTH PACIFIC OCEAN,Inconnu,Inconnu,2
604,SPAIN,Cádiz,Off Algeciras,2
605,SRI LANKA,Inconnu,Inconnu,2
606,SRI LANKA,Western Province,Colombo Harbor,2
607,"ST HELENA, BRITISH OVERSEAS TERRITORY",Ascension Island,English Bay,2
608,TAIWAN,Northern Taiwan,Tamsui Beach,2
609,THAILAND,Hua Hin,Sai Noi Beach,2
610,TONGA,Nuku'alofa,30 nautical miles offshore,2
611,TONGA,Tongapatu Group,Between 'Ata and Tongapatu,2
612,TURKS & CAICOS,Caicos Bank,French Cay,2
613,UNITED KINGDOM,Cheshire,"Blue Planet Aquarium, Ellesmere Port",2
614,UNITED KINGDOM,Cornwall,The Lizard,2
615,USA,California,"Bodega Rock, Sonoma County",2
616,USA,California,"Davenport Landing, Santa Cruz County",2
617,USA,California,"Klamath River, Del Norte County",2
618,USA,California,"Linda Mar Beach, Pedro Point, San Mateo County",2
619,USA,California,"Marina State Beach, Monterey County",2
620,USA,California,"Mavericks, Half Moon Bay, San Mateo County",2
621,USA,California,"Mission Beach, San Diego County",2
622,USA,California,"Monastery Beach, Carmel Bay, Monterey County",2
623,USA,California,"Monterey Bay, Monterey County",2
624,USA,California,"North Salmon Creek Beach, Sonoma County",2
625,USA,California,"Pacific Grove, Monterey County",2
626,USA,California,"Pismo Beach, San Luis Obispo County",2
627,USA,California,"Pleasure Point, Santa Cruz County",2
628,USA,California,"Point Conception, Santa Barbara County",2
629,USA,California,"Salmon Creek Beach, Sonoma County",2
630,USA,California,"Salmon Creek, Sonoma County",2
631,USA,California,"San Diego, San Diego County",2
632,USA,California,"San Francisco Bay (or San Leandro Bay), near cannery, Alameda County",2
633,USA,California,Santa Barbara Channel,2
634,USA,California,"Santa Catalina Island, Los Angeles County",2
635,USA,California,"Santa Cruz, Santa Cruz County",2
636,USA,California,"Shelter Cove, Humboldt County",2
637,USA,California,"Solana Beach, San Diego County",2
638,USA,California,"Southeast Farallon Island, Farallon Islands",2
639,USA,California,"Stinson Beach, Marin County",2
640,USA,California,"Surf Beach, Lompoc, Santa Barbara County",2
641,USA,Connecticut,"Bridgeport, Fairfield County",2
642,USA,East coast,Inconnu,2
643,USA,Florida,"Amelia Island, Nassau County",2
644,USA,Florida,"Atlantic Beach, Duval County",2
645,USA,Florida,"Bethune Beach, south of New Smyrna Beach, Volusia County",2
646,USA,Florida,"Boca Ciega Bay, Pinellas County",2
647,USA,Florida,"Boynton Beach, Palm Beach County",2
648,USA,Florida,"Clearwater Beach, Pinellas County",2
649,USA,Florida,Crescent Beach St. Johns County,2
650,USA,Florida,Daytona Beach Shores,2
651,USA,Florida,"Daytona, Volusia County",2
652,USA,Florida,Delray Beach,2
653,USA,Florida,"Delray Beach, Palm Beach County",2
654,USA,Florida,"Destin, Okaloosa County",2
655,USA,Florida,Elliot Key,2
656,USA,Florida,Florida Straits,2
657,USA,Florida,"Fort Pierce Inlet, St Lucie County",2
658,USA,Florida,"Fort Pierce, St Lucie County",2
659,USA,Florida,"Hanna Park, Jacksonville, Duval County",2
660,USA,Florida,"Haulover Beach, Miami-Dade County",2
661,USA,Florida,Hobe Sound,2
662,USA,Florida,"Hobe Sound, Palm Beach County",2
663,USA,Florida,"Jensen Beach Park, Martin County",2
664,USA,Florida,Jupiter Inlet,2
665,USA,Florida,Key Biscayne,2
666,USA,Florida,"Lake Worth Beach, Palm Beach County",2
667,USA,Florida,"Lauderdale-by-the-Sea, Broward County",2
668,USA,Florida,"Loggerhead Park, Juno Beach, Palm Beach County",2
669,USA,Florida,Miami,2
670,USA,Florida,"Municipal Beach, West Palm Beach, Palm Beach County",2
671,USA,Florida,Near Key West,2
672,USA,Florida,"Neptune Beach, Duval County",2
673,USA,Florida,"New Smyrna  Beach, Volusia County",2
674,USA,Florida,"New Smyrna Beach / Waveland, Volusia County",2
675,USA,Florida,"North Beach, St. Lucie County",2
676,USA,Florida,"North Jetty, Fort Pierce Inlet State Park, St. Lucie County",2
677,USA,Florida,"Palm Beach Inlet, Palm Beach County",2
678,USA,Florida,"Patrick Air Force Base, Brevard County",2
679,USA,Florida,"Pelican Beach Park, Satellite Beach, Brevard County",2
680,USA,Florida,"Pepper Park Beach, St. Lucie County",2
681,USA,Florida,"Ponte Vedra Beach, St. Johns County",2
682,USA,Florida,"Round Island Park, Indian River County",2
683,USA,Florida,"Santa Maria Island, Manatee County",2
684,USA,Florida,Sarasota County,2
685,USA,Florida,"Sebastian Inlet, Brevard County",2
686,USA,Florida,"Shell Island Panama City Beach, Bay County",2
687,USA,Florida,"South of Ponce Inlet, New Smyrna Beach, Volusia County",2
688,USA,Florida,"South of Ponce Inlet, Volusia County",2
689,USA,Florida,"South of Ponce de Leon Jetty, New Smyrna Beach, Volusia County",2
690,USA,Florida,"St Augustine Beach, St Johns County",2
691,USA,Florida,"St Augustine, St Johns County",2
692,USA,Florida,"St. Augustine, St Johns County",2
693,USA,Florida,"St. Petersburg, Pinellas County",2
694,USA,Florida,"Stuart Rocks, Martin County",2
695,USA,Florida,"Summerland Key, Monroe County",2
696,USA,Florida,"Turtle Beach, Siesta Key, Sarasota County",2
697,USA,Georgia,"Jekyll Island, Glynn County",2
698,USA,Hawaii,"Barber’s Point, O'ahu",2
699,USA,Hawaii,"Hilo, Hawai'i",2
700,USA,Hawaii,"Honokowai, Maui",2
701,USA,Hawaii,Honolua Bay,2
702,USA,Hawaii,"Ka'a'awa, Oahu",2
703,USA,Hawaii,"Kahala, O'ahu",2
704,USA,Hawaii,"Kahana Beach, Maui",2
705,USA,Hawaii,Kaiwi Channel,2
706,USA,Hawaii,Kau District,2
707,USA,Hawaii,"Kealia Beach, Kaua'i",2
708,USA,Hawaii,"Keawakapu Beach, Maui",2
709,USA,Hawaii,"Lahaina, Maui",2
710,USA,Hawaii,Lanai,2
711,USA,Hawaii,"Leftovers, near Waimea Bay, O'ahu",2
712,USA,Hawaii,"Lyman Beach, Kailua-Kona",2
713,USA,Hawaii,"Maile Beach, O'ahu",2
714,USA,Hawaii,"Makena Landing, Maui",2
715,USA,Hawaii,"Makena, Maui",2
716,USA,Hawaii,Moloka'i,2
717,USA,Hawaii,O'ahu,2
718,USA,Hawaii,"Off Makapauu Point, O'ahu",2
719,USA,Hawaii,"Paia Bay, Maui",2
720,USA,Hawaii,"Paukukalo, Maui",2
721,USA,Hawaii,"Wailea Beach, Maui",2
722,USA,Hawaii,"White Plains Beach, Barbers Point, O'ahu",2
723,USA,Hawaii,"White Plains Beach, Oahu",2
724,USA,Louisiana,Inconnu,2
725,USA,Louisiana,Lake Pontchartrain,2
726,USA,Louisiana,New Orleans,2
727,USA,Mississippi,Horn Island,2
728,USA,New Jersey,"Absecon, Atlantic County",2
729,USA,New Jersey,"Matawan Creek, 10 miles from the sea, Monmouth County",2
730,USA,New Jersey,Ocean City (offshore),2
731,USA,New Jersey,"Ocean City, Cape May County",2
732,USA,New Jersey,"Sandy Hook Bay, Highlands, Monmouth County",2
733,USA,New Jersey,"Sea Bright, Monmouth County",2
734,USA,New Jersey,"Sea Girt, Monmouth County",2
735,USA,New Jersey,"Shrewsbury River, Highlands, Monmouth County",2
736,USA,New Jersey,"Spring Lake, Monmouth County",2
737,USA,New York,Brooklyn,2
738,USA,New York,Inconnu,2
739,USA,New York,"Jones Beach, Nassau County",2
740,USA,New York,Long Island,2
741,USA,New York,"Sheepshead Bay, Brooklyn",2
742,USA,New York,"Smith Point Beach, Suffolk County",2
743,USA,New York,"Staten Island, Richmond County",2
744,USA,North Carolina,"Atlantic Beach, Emerald Isle, Carteret County",2
745,USA,North Carolina,"Carolina Beach, New Hanover County",2
746,USA,North Carolina,"Emerald Isle Pier (near Morehead City), Carteret County",2
747,USA,North Carolina,"Morehead, Carteret County",2
748,USA,North Carolina,"Oak Island, Brunswick County",2
749,USA,North Carolina,"Ocracoke, Hyde County",2
750,USA,North Carolina,"Off Masonboro Island, New Hanover County",2
751,USA,North Carolina,"Salvo, Dare County",2
752,USA,North Carolina,"Sunset Beach, Brunswick County",2
753,USA,North Carolina,"Surf City, Topsail Island, Pender County",2
754,USA,North Carolina,"Topsail Island, Pender County",2
755,USA,Palmyra Atoll,Inconnu,2
756,USA,Puerto Rico,San Juan,2
757,USA,South Carolina,"Burkes Beach, Hilton Head, Beaufort County",2
758,USA,South Carolina,Folly Beach,2
759,USA,South Carolina,"Fripp Island, Beaufort County",2
760,USA,South Carolina,"Garden City Beach, Horry County",2
761,USA,South Carolina,"Isle of Palms,  Charleston County",2
762,USA,South Carolina,Myrtle Beach,2
763,USA,South Carolina,Seabrook Beach,2
764,USA,South Carolina,"St. Helena Island, Beaufort County",2
765,USA,South Carolina,"Stono Inlet, near Charleston, Charleston County",2
766,USA,Texas,Brazos,2
767,USA,Texas,Galveston Bay,2
768,USA,Texas,Inconnu,2
769,USA,Texas,"Mustang Island, Corpus Christi",2
770,USA,Texas,"Mustang Island, Nueces County",2
771,USA,Texas,"Sargent Beach, Matagorda County",2
772,USA,Texas,"South Padre Island, Cameron County",2
773,USA,Virginia,Norfolk,2
774,VIETNAM,Inconnu,Inconnu,2
775,WEST INDIES,Inconnu,Inconnu,2
776,ADMIRALTY ISLANDS,Manus Island,Sisi  (west coast of island),1
777,AFRICA,Inconnu,Inconnu,1
778,ALGERIA,Inconnu,Cape Matifou,1
779,AMERICAN SAMOA,Tutuila Island,Near tuna cannery in Pago Pago Harbor,1
780,AMERICAN SAMOA,Tutuila Island,Pago Pago Bay,1
781,AMERICAN SAMOA,Tutuila Island,Van Camp wharf,1
782,ANDAMAN / NICOBAR ISLANDAS,Inconnu,Inconnu,1
783,ANDAMAN ISLANDS,Inconnu,Inconnu,1
784,ANGOLA,West Africa,Inconnu,1
785,ANTIGUA,Inconnu,Falmouth Harbour,1
786,ANTIGUA,St John's,Fort James Beach,1
787,ARGENTINA,Buenos Aires Province,"Miramar Beach, 46 km south of Mar de Plata, Buenos Aires",1
788,ARGENTINA,Patagonia,Chubut Province,1
789,ARUBA,Inconnu,Boat capsized,1
790,ATLANTIC OCEAN,04.05N-13.23W,Inconnu,1
791,ATLANTIC OCEAN,300 miles from Antigua,Inconnu,1
792,ATLANTIC OCEAN,600 nm west of the Canary Islands,Inconnu,1
793,ATLANTIC OCEAN,800 miles from land,Inconnu,1
794,ATLANTIC OCEAN,9.35N 79.35W,"East of La Grande Island, North of Panama Canal",1
795,ATLANTIC OCEAN,Between Southampton & Canary Islands,Inconnu,1
796,ATLANTIC OCEAN,Inconnu,360 miles north of Ascension Island,1
797,AUSTRALIA,Inconnu,7 miles offshore on east coast of Australia,1
798,AUSTRALIA,Inconnu,Aquarium,1
799,AUSTRALIA,New South Wales,1.5 miles off shore,1
800,AUSTRALIA,New South Wales,10 miles off Nambucca Heads  onboard trawler,1
801,AUSTRALIA,New South Wales,15 miles up the Cataract River,1
802,AUSTRALIA,New South Wales,20 miles off Sydney,1
803,AUSTRALIA,New South Wales,26 nautical miles out to sea off Lake Macquarie,1
804,AUSTRALIA,New South Wales,5 miles south of Sussex Inlet at mouth of Berara Lake,1
805,AUSTRALIA,New South Wales,"7 Mile Beach, Gerroa",1
806,AUSTRALIA,New South Wales,Angourie,1
807,AUSTRALIA,New South Wales,"Angourie, near Yamba",1
808,AUSTRALIA,New South Wales,Arakoon's Little Bay,1
809,AUSTRALIA,New South Wales,Arrawarra Headland,1
810,AUSTRALIA,New South Wales,Austinmer,1
811,AUSTRALIA,New South Wales,Avalon Beach,1
812,AUSTRALIA,New South Wales,Avoca,1
813,AUSTRALIA,New South Wales,"Balmain, Sydney (Estuary)",1
814,AUSTRALIA,New South Wales,"Bantry Bay, near Ironstone Point, Middle Harbor, Sydney",1
815,AUSTRALIA,New South Wales,Bass Point,1
816,AUSTRALIA,New South Wales,Bateman's Bay,1
817,AUSTRALIA,New South Wales,Beecroft Head,1
818,AUSTRALIA,New South Wales,Bellambi,1
819,AUSTRALIA,New South Wales,Bellingen,1
820,AUSTRALIA,New South Wales,Bellinger Head,1
821,AUSTRALIA,New South Wales,Bellynahinch on the Manning River,1
822,AUSTRALIA,New South Wales,Belongil Bay,1
823,AUSTRALIA,New South Wales,"Belongil Beach, Byron Bay",1
824,AUSTRALIA,New South Wales,"Berry's Bay, Sydney Harbour",1
825,AUSTRALIA,New South Wales,Between Dee Why and Long Reef,1
826,AUSTRALIA,New South Wales,Bherwerre Beach,1
827,AUSTRALIA,New South Wales,"Bilgola Beach, Sydney",1
828,AUSTRALIA,New South Wales,Birubi Point,1
829,AUSTRALIA,New South Wales,"Black Head, south of Taree",1
830,AUSTRALIA,New South Wales,Blue Bay,1
831,AUSTRALIA,New South Wales,"Boat Harbour, north of Cronulla",1
832,AUSTRALIA,New South Wales,Bombo Beach,1
833,AUSTRALIA,New South Wales,"Bondi, Sydney",1
834,AUSTRALIA,New South Wales,Booti Booti National Park,1
835,AUSTRALIA,New South Wales,Botany Bay,1
836,AUSTRALIA,New South Wales,Botany Bay?,1
837,AUSTRALIA,New South Wales,"Bradleys Head, Sydney",1
838,AUSTRALIA,New South Wales,Broken Head Beach,1
839,AUSTRALIA,New South Wales,Bronte,1
840,AUSTRALIA,New South Wales,Broome Head,1
841,AUSTRALIA,New South Wales,Broughton Island,1
842,AUSTRALIA,New South Wales,"Buchan Point, Sydney",1
843,AUSTRALIA,New South Wales,Bushrangers Pass at Bass Point,1
844,AUSTRALIA,New South Wales,Cabarita Beach,1
845,AUSTRALIA,New South Wales,"Cabramatta Creek, George’s River",1
846,AUSTRALIA,New South Wales,Cape Howe,1
847,AUSTRALIA,New South Wales,Cave at Shell Harbour,1
848,AUSTRALIA,New South Wales,Caves Beach,1
849,AUSTRALIA,New South Wales,Cellito Beach,1
850,AUSTRALIA,New South Wales,"Charles Street Wharf, Parramatta River",1
851,AUSTRALIA,New South Wales,"Chowder Bay, Sydney",1
852,AUSTRALIA,New South Wales,Clarence Head,1
853,AUSTRALIA,New South Wales,"Clark Island, Sydney Harbour",1
854,AUSTRALIA,New South Wales,"Clark's Island, Sydney Harbor",1
855,AUSTRALIA,New South Wales,"Clarkes Beach, Byron Bay",1
856,AUSTRALIA,New South Wales,"Clarks Beach, Byron Bay",1
857,AUSTRALIA,New South Wales,Coalcliff,1
858,AUSTRALIA,New South Wales,"Cockatoo Island, Sydney",1
859,AUSTRALIA,New South Wales,"Cockle Bay, Sydney Harbour",1
860,AUSTRALIA,New South Wales,Coffee Head,1
861,AUSTRALIA,New South Wales,Coffs Harbour,1
862,AUSTRALIA,New South Wales,Coff’s Harbor,1
863,AUSTRALIA,New South Wales,Coledale Beach,1
864,AUSTRALIA,New South Wales,Collaroy,1
865,AUSTRALIA,New South Wales,"Coogee Bay, near Sydney",1
866,AUSTRALIA,New South Wales,Cook Island,1
867,AUSTRALIA,New South Wales,"Cooks Hill, Newcastle",1
868,AUSTRALIA,New South Wales,Cooranbong,1
869,AUSTRALIA,New South Wales,"Cronulla, near Sydney",1
870,AUSTRALIA,New South Wales,Crookhaven,1
871,AUSTRALIA,New South Wales,Cudgen Creek,1
872,AUSTRALIA,New South Wales,Curl Curl,1
873,AUSTRALIA,New South Wales,"Dee Why, north of Queenscliff",1
874,AUSTRALIA,New South Wales,"Dobroyd Head, Watson Bay, Sydney",1
875,AUSTRALIA,New South Wales,"Dover Heights, Sydney",1
876,AUSTRALIA,New South Wales,"Egg Rock, Middle Harbor, Sydney",1
877,AUSTRALIA,New South Wales,Eight-mile reef off Port Kembla,1
878,AUSTRALIA,New South Wales,Fairy Bower,1
879,AUSTRALIA,New South Wales,"Fairy Bower, near North Steyne",1
880,AUSTRALIA,New South Wales,"Fig Tree Bridge, Lane Cove River, near Sydney",1
881,AUSTRALIA,New South Wales,Fingal Bay,1
882,AUSTRALIA,New South Wales,Fingal Beach,1
883,AUSTRALIA,New South Wales,"First Beach, Forster",1
884,AUSTRALIA,New South Wales,"First Sun Beach, Byron Bay",1
885,AUSTRALIA,New South Wales,Flat Rock,1
886,AUSTRALIA,New South Wales,"Flat Rock Beach, Lennox Head",1
887,AUSTRALIA,New South Wales,"Flat Rock, Ballina",1
888,AUSTRALIA,New South Wales,"Flat Rock, Yamba",1
889,AUSTRALIA,New South Wales,Forster,1
890,AUSTRALIA,New South Wales,Fraser's Reef,1
891,AUSTRALIA,New South Wales,"Garden Island, Sydney",1
892,AUSTRALIA,New South Wales,"Garden Point, Woolloomooloo Sydney Harbour",1
893,AUSTRALIA,New South Wales,"Georges Head, off Port Jackson",1
894,AUSTRALIA,New South Wales,George’s River,1
895,AUSTRALIA,New South Wales,George’s River at Kentucky,1
896,AUSTRALIA,New South Wales,Gerringong,1
897,AUSTRALIA,New South Wales,Green Island,1
898,AUSTRALIA,New South Wales,"Grey’s Point, Port Hacking",1
899,AUSTRALIA,New South Wales,"Half Tide Beach, Evans Head",1
900,AUSTRALIA,New South Wales,Hallidays Point,1
901,AUSTRALIA,New South Wales,Hams Beach,1
902,AUSTRALIA,New South Wales,"Hawkesbury Bridge, Sydney",1
903,AUSTRALIA,New South Wales,Hawks Nest Beach,1
904,AUSTRALIA,New South Wales,"Homebush Bay, Parramatta River, Sydney",1
905,AUSTRALIA,New South Wales,"Honeysuckle Point, Eden",1
906,AUSTRALIA,New South Wales,Horseshoe Bay,1
907,AUSTRALIA,New South Wales,"Horseshoe Bay, near Kempsey",1
908,AUSTRALIA,New South Wales,"Hyams Beach, Jervis Bay",1
909,AUSTRALIA,New South Wales,Iluka Beach,1
910,AUSTRALIA,New South Wales,"Iron Cove Bridge, Sydney (Estuary)",1
911,AUSTRALIA,New South Wales,Jervis Bay & Long Reef,1
912,AUSTRALIA,New South Wales,Jimmy's Beach,1
913,AUSTRALIA,New South Wales,"Jimmys Beach, Port Stephens",1
914,AUSTRALIA,New South Wales,"Just below Roseville Bridge, opposite Killarney picnic reserve, Middle Harbor, Sydney",1
915,AUSTRALIA,New South Wales,Just north of Fingal Spit,1
916,AUSTRALIA,New South Wales,Kerosene Bay,1
917,AUSTRALIA,New South Wales,"Kiah Creek, Eden",1
918,AUSTRALIA,New South Wales,Kiama,1
919,AUSTRALIA,New South Wales,Killick Creek near Crescent Head,1
920,AUSTRALIA,New South Wales,Kingscliff,1
921,AUSTRALIA,New South Wales,Kingscliff Beach,1
922,AUSTRALIA,New South Wales,"Kurnell, Botany Bay",1
923,AUSTRALIA,New South Wales,"Kylie's Beach, Diamond Head",1
924,AUSTRALIA,New South Wales,"Lady Martin’s Beach, Sydney Harbor",1
925,AUSTRALIA,New South Wales,"Lake Conjola, near Milton",1
926,AUSTRALIA,New South Wales,Lake Illawarra,1
927,AUSTRALIA,New South Wales,"Lambeth Street Wharf, George’s River, East Hills (20 miles from river mouth)",1
928,AUSTRALIA,New South Wales,"Lane Cove River, Sydney Harbor",1
929,AUSTRALIA,New South Wales,"Latitude Reef, near Forster",1
930,AUSTRALIA,New South Wales,"Leichardt, Sydney",1
931,AUSTRALIA,New South Wales,Lennox Heads,1
932,AUSTRALIA,New South Wales,"Lighthouse Beach, Seal Rocks",1
933,AUSTRALIA,New South Wales,Lismore,1
934,AUSTRALIA,New South Wales,"Little Congwong Beach, La Perouse",1
935,AUSTRALIA,New South Wales,"Long Reef, Collaroy",1
936,AUSTRALIA,New South Wales,"Long Reef, North Manly",1
937,AUSTRALIA,New South Wales,"Long Reef, north of Sydney",1
938,AUSTRALIA,New South Wales,Lord Howe Island,1
939,AUSTRALIA,New South Wales,Lord Howe Island (island group 440 miles northeast of Sydney),1
940,AUSTRALIA,New South Wales,Macleay River,1
941,AUSTRALIA,New South Wales,Manley Beach,1
942,AUSTRALIA,New South Wales,"Manly Marineland, Sydney",1
943,AUSTRALIA,New South Wales,Manning River,1
944,AUSTRALIA,New South Wales,"Marineland Aquarium, Manley, Sydney",1
945,AUSTRALIA,New South Wales,"Mark’s Point, Swan Bay, Lake Macquarie",1
946,AUSTRALIA,New South Wales,Martin Islet,1
947,AUSTRALIA,New South Wales,McKenzies Beach,1
948,AUSTRALIA,New South Wales,"McMasters Beach, Central Coast",1
949,AUSTRALIA,New South Wales,"Merewether Beach, near Newcastle",1
950,AUSTRALIA,New South Wales,"Middle Harbour, Sugarloaf Bay, Sydney (Estuary)",1
951,AUSTRALIA,New South Wales,Millers Point,1
952,AUSTRALIA,New South Wales,"Mollymook Beach, Bannister Head",1
953,AUSTRALIA,New South Wales,"Mona Vale Beach, Sydney",1
954,AUSTRALIA,New South Wales,Moodie Beach,1
955,AUSTRALIA,New South Wales,Moonee Beach,1
956,AUSTRALIA,New South Wales,Mowarry Point,1
957,AUSTRALIA,New South Wales,Mullaway Headland,1
958,AUSTRALIA,New South Wales,"Murwillumbah, Tweed River",1
959,AUSTRALIA,New South Wales,Nambucca,1
960,AUSTRALIA,New South Wales,Nambucca River Entrance,1
961,AUSTRALIA,New South Wales,"Near Asbestos Works, Camellia, Parramatta River",1
962,AUSTRALIA,New South Wales,Near Bondi Beach,1
963,AUSTRALIA,New South Wales,"Ned's Beach, Lord Howe Island",1
964,AUSTRALIA,New South Wales,Nelson's Bay,1
965,AUSTRALIA,New South Wales,Norah Head,1
966,AUSTRALIA,New South Wales,Noraville,1
967,AUSTRALIA,New South Wales,North Avoca Beach,1
968,AUSTRALIA,New South Wales,"North Beach, Belligen River",1
969,AUSTRALIA,New South Wales,North Cronulla Beach,1
970,AUSTRALIA,New South Wales,North Head,1
971,AUSTRALIA,New South Wales,North Narrabeen Beach,1
972,AUSTRALIA,New South Wales,North Shelly Beach,1
973,AUSTRALIA,New South Wales,"North Solitary Island, 8 miles from Wolli",1
974,AUSTRALIA,New South Wales,North Steyne,1
975,AUSTRALIA,New South Wales,"Oatley Bay near Como, George’s River",1
976,AUSTRALIA,New South Wales,"Oceanworld, Manley",1
977,AUSTRALIA,New South Wales,"Off Ben Buckler, near Sydney",1
978,AUSTRALIA,New South Wales,Off Blacksmith Beach,1
979,AUSTRALIA,New South Wales,Off Broughton Island near Port Stephens,1
980,AUSTRALIA,New South Wales,"Off Domain, Sydney Harbor",1
981,AUSTRALIA,New South Wales,Off Kisma,1
982,AUSTRALIA,New South Wales,Off Mooloolabah,1
983,AUSTRALIA,New South Wales,Off North Bondi,1
984,AUSTRALIA,New South Wales,Off Scotts,1
985,AUSTRALIA,New South Wales,Otford,1
986,AUSTRALIA,New South Wales,Palm Beach,1
987,AUSTRALIA,New South Wales,Paramatta River,1
988,AUSTRALIA,New South Wales,Paramatta River (near Sydney),1
989,AUSTRALIA,New South Wales,"Park Beach, Coff's Harbour",1
990,AUSTRALIA,New South Wales,"Peacock Point, Balmain, Sydney",1
991,AUSTRALIA,New South Wales,"Pelican Island, Macleay River",1
992,AUSTRALIA,New South Wales,Point Plomer,1
993,AUSTRALIA,New South Wales,"Porpoise Pool, Tweed Heads",1
994,AUSTRALIA,New South Wales,Port Jervis,1
995,AUSTRALIA,New South Wales,Queenscliff,1
996,AUSTRALIA,New South Wales,"Queenscliff, Sydney",1
997,AUSTRALIA,New South Wales,Redhead Beach,1
998,AUSTRALIA,New South Wales,"Riecks Point,  Campbell’s Beach,",1
999,AUSTRALIA,New South Wales,"Ryde, Sydney (Estuary)",1
1000,AUSTRALIA,New South Wales,"Sailor Bay, Middle Harbour, Sydney",1
1001,AUSTRALIA,New South Wales,Salt Beach near Kingscliff,1
1002,AUSTRALIA,New South Wales,Saltwater Beach,1
1003,AUSTRALIA,New South Wales,Samurai Beach,1
1004,AUSTRALIA,New South Wales,Sandbar Beach,1
1005,AUSTRALIA,New South Wales,Sandon,1
1006,AUSTRALIA,New South Wales,Scotts Head,1
1007,AUSTRALIA,New South Wales,Seal Rocks,1
1008,AUSTRALIA,New South Wales,"Seal Rocks, north of Newcastle",1
1009,AUSTRALIA,New South Wales,"Seaspray, near Sale",1
1010,AUSTRALIA,New South Wales,"Seven Mile Beach, Byron Bay",1
1011,AUSTRALIA,New South Wales,Shellharbour,1
1012,AUSTRALIA,New South Wales,"Shelly Beach, Ballina",1
1013,AUSTRALIA,New South Wales,"Shelly Beach, Crescent Head",1
1014,AUSTRALIA,New South Wales,"Shelly Beach, Port Macquarie",1
1015,AUSTRALIA,New South Wales,Shoalhaven,1
1016,AUSTRALIA,New South Wales,Smiths,1
1017,AUSTRALIA,New South Wales,Smokey Cape,1
1018,AUSTRALIA,New South Wales,South Broulee,1
1019,AUSTRALIA,New South Wales,South Coast,1
1020,AUSTRALIA,New South Wales,South Cronulla,1
1021,AUSTRALIA,New South Wales,South Golden Beach,1
1022,AUSTRALIA,New South Wales,"South Head, Sydney",1
1023,AUSTRALIA,New South Wales,South Narrabeen Beach,1
1024,AUSTRALIA,New South Wales,South Steyne,1
1025,AUSTRALIA,New South Wales,"South Steyne, Manly",1
1026,AUSTRALIA,New South Wales,South coast,1
1027,AUSTRALIA,New South Wales,"St. George’s River at Moorebank, near Milperra Bridge",1
1028,AUSTRALIA,New South Wales,Stockton Beach,1
1029,AUSTRALIA,New South Wales,Stockton Bight,1
1030,AUSTRALIA,New South Wales,Suffolk Park,1
1031,AUSTRALIA,New South Wales,"Sugarloaf Bay, Middle Harbor, Sydney",1
1032,AUSTRALIA,New South Wales,"Sugarloaf Bay, Middle Harbour, Sydney",1
1033,AUSTRALIA,New South Wales,"Surf Beach, Batemans Bay",1
1034,AUSTRALIA,New South Wales,"Surf Beach, Kiama",1
1035,AUSTRALIA,New South Wales,Tabourie Beach,1
1036,AUSTRALIA,New South Wales,"Taree, Old Bar Beach",1
1037,AUSTRALIA,New South Wales,Target Beach,1
1038,AUSTRALIA,New South Wales,"Taronga Wharf, Athol Bay, Sydney Harbor",1
1039,AUSTRALIA,New South Wales,Tathra,1
1040,AUSTRALIA,New South Wales,"Tea Gardens, north of Newcastle",1
1041,AUSTRALIA,New South Wales,Terrigal Beach,1
1042,AUSTRALIA,New South Wales,The Australian Shark and Ray Centre,1
1043,AUSTRALIA,New South Wales,"The Domain, Sydney",1
1044,AUSTRALIA,New South Wales,"The Entrance, near Gosford",1
1045,AUSTRALIA,New South Wales,The Farm,1
1046,AUSTRALIA,New South Wales,Thirroul,1
1047,AUSTRALIA,New South Wales,Tomaree,1
1048,AUSTRALIA,New South Wales,"Town Beach, Port Macquarie",1
1049,AUSTRALIA,New South Wales,Trial Bay,1
1050,AUSTRALIA,New South Wales,"Trial Bay, north of Kempsey",1
1051,AUSTRALIA,New South Wales,Turncurry Beach,1
1052,AUSTRALIA,New South Wales,Turners' Beach,1
1053,AUSTRALIA,New South Wales,Umina Beach,1
1054,AUSTRALIA,New South Wales,Urunga area,1
1055,AUSTRALIA,New South Wales,"Urunga, Belliger Heads",1
1056,AUSTRALIA,New South Wales,Wallabi Point,1
1057,AUSTRALIA,New South Wales,"Wallamba River, near entrance to Wallis Lake",1
1058,AUSTRALIA,New South Wales,Wamberal,1
1059,AUSTRALIA,New South Wales,Wamberal Beach,1
1060,AUSTRALIA,New South Wales,Wanda Beach,1
1061,AUSTRALIA,New South Wales,Warriewood,1
1062,AUSTRALIA,New South Wales,"Watson Taylor's Lake, 25 miles south of Port Macquarie",1
1063,AUSTRALIA,New South Wales,Wattamolla National Park,1
1064,AUSTRALIA,New South Wales,"Waverly, Sydney",1
1065,AUSTRALIA,New South Wales,"West Balmain, Sydney",1
1066,AUSTRALIA,New South Wales,Whale Beach,1
1067,AUSTRALIA,New South Wales,"White Bay, near Bald Rock Jetty, Sydney Harbor",1
1068,AUSTRALIA,New South Wales,Wilsons Headland,1
1069,AUSTRALIA,New South Wales,Windang Beach,1
1070,AUSTRALIA,New South Wales,"Windang,       Lake Illawara",1
1071,AUSTRALIA,New South Wales,"Windang, near the entrance to Lake Illawarra",1
1072,AUSTRALIA,New South Wales,Wombarra Beach near Austinmeer,1
1073,AUSTRALIA,New South Wales,"Woolgoolga, Coffs Harbour",1
1074,AUSTRALIA,New South Wales,"Woolloomooloo, Sydney Harbor (Estuary)",1
1075,AUSTRALIA,New South Wales,Woy Woy,1
1076,AUSTRALIA,New South Wales,Woy Woy  on the Brisbane Waters,1
1077,AUSTRALIA,New South Wales,Woy Woy on the Brisbane Waters,1
1078,AUSTRALIA,New South Wales,"Wreck of paddle steamer, Koputai, 6 km off Bondi Beach",1
1079,AUSTRALIA,New South Wales,"Wyargine Point, Edwards Beach, Balmoral Beach, Sydney",1
1080,AUSTRALIA,New South ales,Killick Creek near Crescent Head,1
1081,AUSTRALIA,Norfolk Island,Inconnu,1
1082,AUSTRALIA,Northern Territory,Arnhem Land,1
1083,AUSTRALIA,Northern Territory,Between Cape Hotham & Darwin (50 miles from Darwin),1
1084,AUSTRALIA,Northern Territory,Bremer Island,1
1085,AUSTRALIA,Northern Territory,Edith Falls,1
1086,AUSTRALIA,Northern Territory,Elcho Island,1
1087,AUSTRALIA,Northern Territory,Goulburn Island,1
1088,AUSTRALIA,Northern Territory,Gove Peninsula near Darwin,1
1089,AUSTRALIA,Northern Territory,Gulf of Carpenteria,1
1090,AUSTRALIA,Northern Territory,Liverpool River,1
1091,AUSTRALIA,Northern Territory,"Mornington Island, Gulf of Carpentaria",1
1092,AUSTRALIA,Northern Territory,Near Croker Island,1
1093,AUSTRALIA,Northern Territory,Nhulunbuy,1
1094,AUSTRALIA,Northern Territory,"Nightcliff Jetty, Darwin",1
1095,AUSTRALIA,Northern Territory,Off Nhulunbuy,1
1096,AUSTRALIA,Northern Territory,"Redcliff, Cobourg Peninsula",1
1097,AUSTRALIA,Northern Territory,"Stokes Hill Wharf, Darwin",1
1098,AUSTRALIA,Queensland,1 km off Black's Beach,1
1099,AUSTRALIA,Queensland,"20 k off The Spit, off the Gold Coast",1
1100,AUSTRALIA,Queensland,200 km east of Coolangatta,1
1101,AUSTRALIA,Queensland,200 miles offshore,1
1102,AUSTRALIA,Queensland,50 km east of Townsville,1
1103,AUSTRALIA,Queensland,Alexandra Headland near Mooloolaba,1
1104,AUSTRALIA,Queensland,"Alma Bay, Magnetic Island, Townsville",1
1105,AUSTRALIA,Queensland,"Amity Point, North Stradbroke Island",1
1106,AUSTRALIA,Queensland,Archie's Beach,1
1107,AUSTRALIA,Queensland,"At Flat Top, near Mackay",1
1108,AUSTRALIA,Queensland,"Auckland Creek, Gladstone",1
1109,AUSTRALIA,Queensland,Bargara,1
1110,AUSTRALIA,Queensland,Barrier Reef,1
1111,AUSTRALIA,Queensland,Barrier Reef off Mackay,1
1112,AUSTRALIA,Queensland,"Barrow Point, 100 miles north of Cooktown, Queensland",1
1113,AUSTRALIA,Queensland,Between,1
1114,AUSTRALIA,Queensland,"Between Bay Rock & Magnetic Island, Cleveland Bay",1
1115,AUSTRALIA,Queensland,Between Smith’s Rock & Moreton Island,1
1116,AUSTRALIA,Queensland,Between Wynnum & St. Helena Island,1
1117,AUSTRALIA,Queensland,"Black’s Beach, 9 miles north of Mackay",1
1118,AUSTRALIA,Queensland,"Boot Reef, Torres Strait",1
1119,AUSTRALIA,Queensland,Bowen,1
1120,AUSTRALIA,Queensland,Bramble Reef,1
1121,AUSTRALIA,Queensland,Bribie Island,1
1122,AUSTRALIA,Queensland,"Bribie Passage, Caloundra",1
1123,AUSTRALIA,Queensland,Brible Island,1
1124,AUSTRALIA,Queensland,Britomart Reef,1
1125,AUSTRALIA,Queensland,"Broomfield Island, 11 miles from Heron Island on the Great Barrier Reef",1
1126,AUSTRALIA,Queensland,Broomfield Reef,1
1127,AUSTRALIA,Queensland,"Brown's Inlet, Broadwater",1
1128,AUSTRALIA,Queensland,"Buddina Beach, south of Noosa",1
1129,AUSTRALIA,Queensland,Bullcock Beach,1
1130,AUSTRALIA,Queensland,"Burleigh Heads, Brisbane",1
1131,AUSTRALIA,Queensland,Burleigh Lake on the Gold Coast,1
1132,AUSTRALIA,Queensland,Burnett River,1
1133,AUSTRALIA,Queensland,Bushy Ilet,1
1134,AUSTRALIA,Queensland,"Cabbage Tree Creek, Sandgate",1
1135,AUSTRALIA,Queensland,Cairns,1
1136,AUSTRALIA,Queensland,Cairns Aquarium,1
1137,AUSTRALIA,Queensland,Calliope River,1
1138,AUSTRALIA,Queensland,Caloundra,1
1139,AUSTRALIA,Queensland,Caloundra Heads,1
1140,AUSTRALIA,Queensland,Cape Moreton,1
1141,AUSTRALIA,Queensland,"Carrara, Nerang River",1
1142,AUSTRALIA,Queensland,"Catseye Beach, Hamilton Island, Whitsundays",1
1143,AUSTRALIA,Queensland,Clairview,1
1144,AUSTRALIA,Queensland,Cleveland,1
1145,AUSTRALIA,Queensland,"Colledge's Crossing, Brisbane River",1
1146,AUSTRALIA,Queensland,"College’s Crossing, 54 miles above mouth of the Brisbane River",1
1147,AUSTRALIA,Queensland,Cooktown,1
1148,AUSTRALIA,Queensland,Coolum Beach,1
1149,AUSTRALIA,Queensland,Cooper's Point,1
1150,AUSTRALIA,Queensland,"Dent Island, Whitsundays",1
1151,AUSTRALIA,Queensland,Depth of 40 m on the wreck of the St. Paul off Brisbane,1
1152,AUSTRALIA,Queensland,Derwent Island,1
1153,AUSTRALIA,Queensland,Dicky Beach,1
1154,AUSTRALIA,Queensland,"Dingo Reef, 80 nm off Townsville",1
1155,AUSTRALIA,Queensland,Double Island Beach,1
1156,AUSTRALIA,Queensland,Duranbah,1
1157,AUSTRALIA,Queensland,"Duranbah, Greenmount Beach",1
1158,AUSTRALIA,Queensland,"Elephant Rock, Currumbin near Southport",1
1159,AUSTRALIA,Queensland,"Elliot Head, near Bundaberg.",1
1160,AUSTRALIA,Queensland,Eva Rock,1
1161,AUSTRALIA,Queensland,Fantome Island,1
1162,AUSTRALIA,Queensland,"Fido's Reef, 300 m east of Cook Island. Cook Island is 2 miles from Tweed Heads, Gold Coast",1
1163,AUSTRALIA,Queensland,"Figtree Ledge, Hervey Bay",1
1164,AUSTRALIA,Queensland,"Fingal Beach, near Tweed Heads",1
1165,AUSTRALIA,Queensland,Fitzroy River at  Rockhampton,1
1166,AUSTRALIA,Queensland,Fitzroy River near Rockhampton,1
1167,AUSTRALIA,Queensland,Flinders Cay,1
1168,AUSTRALIA,Queensland,Gin Arm Creek,1
1169,AUSTRALIA,Queensland,Gladstone Reef,1
1170,AUSTRALIA,Queensland,Golden Beach,1
1171,AUSTRALIA,Queensland,"Golden Beach, Caloundra",1
1172,AUSTRALIA,Queensland,Graceville,1
1173,AUSTRALIA,Queensland,Great Barrier Reef  (near Upolu Bay),1
1174,AUSTRALIA,Queensland,"Great Barrier Reef, off Cairns",1
1175,AUSTRALIA,Queensland,Great Keppel Island,1
1176,AUSTRALIA,Queensland,"Greenmount Beach, Coolangatta",1
1177,AUSTRALIA,Queensland,"Happy Valley Beach, Caloundra",1
1178,AUSTRALIA,Queensland,Harvey Bay,1
1179,AUSTRALIA,Queensland,"Hinchinbrook Channel, Queensland",1
1180,AUSTRALIA,Queensland,Holmes Reef,1
1181,AUSTRALIA,Queensland,"Hook Island, Whitsundays",1
1182,AUSTRALIA,Queensland,Ipswich,1
1183,AUSTRALIA,Queensland,"Junpinpin, off Stradbroke Island",1
1184,AUSTRALIA,Queensland,Karra Garra,1
1185,AUSTRALIA,Queensland,"Katana Downs Reach, Brisbane River",1
1186,AUSTRALIA,Queensland,"Kings Beach, Caloundra",1
1187,AUSTRALIA,Queensland,"King’s Beach, Caloundra",1
1188,AUSTRALIA,Queensland,Kirra,1
1189,AUSTRALIA,Queensland,"Kissing Point Camp, Townsville",1
1190,AUSTRALIA,Queensland,Lady Musgrave Island,1
1191,AUSTRALIA,Queensland,"Lambert's Beach, Mackay",1
1192,AUSTRALIA,Queensland,"Lambert’s Beach, Mackay",1
1193,AUSTRALIA,Queensland,Lamont Reef,1
1194,AUSTRALIA,Queensland,Line Reef,1
1195,AUSTRALIA,Queensland,"Line Reef, northeast of Hamilton Island, Whitsundays",1
1196,AUSTRALIA,Queensland,Logan River,1
1197,AUSTRALIA,Queensland,Lookout Point,1
1198,AUSTRALIA,Queensland,Lucinda,1
1199,AUSTRALIA,Queensland,Mackay,1
1200,AUSTRALIA,Queensland,Magra Islet,1
1201,AUSTRALIA,Queensland,"Main Beach, Gold Coast",1
1202,AUSTRALIA,Queensland,"Main Beach, Southport",1
1203,AUSTRALIA,Queensland,"Malagil, Barrier Reef",1
1204,AUSTRALIA,Queensland,Maroochydore,1
1205,AUSTRALIA,Queensland,Maroochydore Beach,1
1206,AUSTRALIA,Queensland,Mary River,1
1207,AUSTRALIA,Queensland,Mermaid Beach,1
1208,AUSTRALIA,Queensland,Miall Island,1
1209,AUSTRALIA,Queensland,Miami Lake,1
1210,AUSTRALIA,Queensland,"Middleton Reef, 300 nm from Brisbane",1
1211,AUSTRALIA,Queensland,Moffat Beach,1
1212,AUSTRALIA,Queensland,"Moffat Beach, Caloundra",1
1213,AUSTRALIA,Queensland,Mooloolaba Beach,1
1214,AUSTRALIA,Queensland,"Moore Park, north of Bundaberg",1
1215,AUSTRALIA,Queensland,"Moreton Bay, NE of Brisbane",1
1216,AUSTRALIA,Queensland,Mornington Island,1
1217,AUSTRALIA,Queensland,"Mornington Island, Gulf of Carpentaria",1
1218,AUSTRALIA,Queensland,Mudjimba Island,1
1219,AUSTRALIA,Queensland,Near Barrow Point,1
1220,AUSTRALIA,Queensland,Near Brisbane,1
1221,AUSTRALIA,Queensland,Near Cairns,1
1222,AUSTRALIA,Queensland,"Near Forbes Island, Barrier Reef",1
1223,AUSTRALIA,Queensland,Near Restoration Rock off Portland Roads,1
1224,AUSTRALIA,Queensland,Near Southport,1
1225,AUSTRALIA,Queensland,Near Thursday Island,1
1226,AUSTRALIA,Queensland,Nerang River,1
1227,AUSTRALIA,Queensland,Nerang River near Chevron Island,1
1228,AUSTRALIA,Queensland,"Nerang River, Southpot",1
1229,AUSTRALIA,Queensland,"Nerang River, Surfer's  Paradise",1
1230,AUSTRALIA,Queensland,Nobby's Beach,1
1231,AUSTRALIA,Queensland,Nobbys Beach,1
1232,AUSTRALIA,Queensland,Noosa,1
1233,AUSTRALIA,Queensland,Noosa Heads,1
1234,AUSTRALIA,Queensland,"North Burleigh, near Brisbane",1
1235,AUSTRALIA,Queensland,"North Point Beach, Moreton Island",1
1236,AUSTRALIA,Queensland,North Stradbroke Island,1
1237,AUSTRALIA,Queensland,Oak Beach,1
1238,AUSTRALIA,Queensland,"Ocean baths, Kissing Point Beach",1
1239,AUSTRALIA,Queensland,"Off Airlie Beach, Whitsundays",1
1240,AUSTRALIA,Queensland,Off Bloomfield River,1
1241,AUSTRALIA,Queensland,Off Bribie Heads,1
1242,AUSTRALIA,Queensland,Off Brisbane,1
1243,AUSTRALIA,Queensland,Off Cairns,1
1244,AUSTRALIA,Queensland,Off Eva Island 20 miles from Cardwell,1
1245,AUSTRALIA,Queensland,Off Hinchinbrook Island,1
1246,AUSTRALIA,Queensland,"Off Wynnum in Moreton Bay, near Brisbane",1
1247,AUSTRALIA,Queensland,"On board the Japanese longline trawler Fukuya No.38, 100 nm northeast of Brisbane",1
1248,AUSTRALIA,Queensland,Opal Reef,1
1249,AUSTRALIA,Queensland,Orpheus Island,1
1250,AUSTRALIA,Queensland,"Palm Beach North, 5 miles north of Burleigh Heads, Brisbane",1
1251,AUSTRALIA,Queensland,Palm Cove,1
1252,AUSTRALIA,Queensland,Palm Cove Beach,1
1253,AUSTRALIA,Queensland,Palm Island,1
1254,AUSTRALIA,Queensland,Peel Island,1
1255,AUSTRALIA,Queensland,Pelican Banks near Gladstone,1
1256,AUSTRALIA,Queensland,"Pelican Waters, Caloundra",1
1257,AUSTRALIA,Queensland,Peregian,1
1258,AUSTRALIA,Queensland,"Peterson's Beach, Sarina",1
1259,AUSTRALIA,Queensland,"Petrie Bight, Brisbane River",1
1260,AUSTRALIA,Queensland,Pialba Beach near Maryborough,1
1261,AUSTRALIA,Queensland,"Pialba, Hervey Bay",1
1262,AUSTRALIA,Queensland,Pimpana River,1
1263,AUSTRALIA,Queensland,"Pincushion, north of Maroochydore Beach",1
1264,AUSTRALIA,Queensland,Pioneer River near Mackay,1
1265,AUSTRALIA,Queensland,"Point Lookout, Stradbroke Island",1
1266,AUSTRALIA,Queensland,"Point Vernon, Hervey Bay",1
1267,AUSTRALIA,Queensland,Port Douglas,1
1268,AUSTRALIA,Queensland,Redcliffe,1
1269,AUSTRALIA,Queensland,Rib Reef off Townsville,1
1270,AUSTRALIA,Queensland,Rothesay Bay,1
1271,AUSTRALIA,Queensland,"Rubbish Dump Creek, Mackay",1
1272,AUSTRALIA,Queensland,Rudder Reef,1
1273,AUSTRALIA,Queensland,"Russel Island, Frankland Group",1
1274,AUSTRALIA,Queensland,"Sandgate Jetty, Brisbane",1
1275,AUSTRALIA,Queensland,Scotts Point Beach,1
1276,AUSTRALIA,Queensland,"Scott’s Point, Redcliffe Peninsula",1
1277,AUSTRALIA,Queensland,SeaWorld Theme Park,1
1278,AUSTRALIA,Queensland,"Seaforth River, near MacKay",1
1279,AUSTRALIA,Queensland,South Stradbroke Island,1
1280,AUSTRALIA,Queensland,Southport,1
1281,AUSTRALIA,Queensland,Southport Aquarium,1
1282,AUSTRALIA,Queensland,Southport Bar,1
1283,AUSTRALIA,Queensland,St. Crispin Reef,1
1284,AUSTRALIA,Queensland,"St. Helena Island, Moreton Bay",1
1285,AUSTRALIA,Queensland,"Stevens Reef, 70 miles from Mackay",1
1286,AUSTRALIA,Queensland,Stradbroke Island,1
1287,AUSTRALIA,Queensland,"Strand Beach, Kissing Point, Townsville",1
1288,AUSTRALIA,Queensland,"Surfer's Paradise, Northcliffe",1
1289,AUSTRALIA,Queensland,"Surfers Paradise, near Southport",1
1290,AUSTRALIA,Queensland,Swain Reef,1
1291,AUSTRALIA,Queensland,"Sykes Reef, Great Barrier Reef",1
1292,AUSTRALIA,Queensland,Tallebudgera,1
1293,AUSTRALIA,Queensland,Tewantin,1
1294,AUSTRALIA,Queensland,The Narrows,1
1295,AUSTRALIA,Queensland,"Three Mile Creek, Townsville",1
1296,AUSTRALIA,Queensland,Tingalpa Creek,1
1297,AUSTRALIA,Queensland,Torres Strait,1
1298,AUSTRALIA,Queensland,"Trinity Beach, 17 km northwast of Cairns",1
1299,AUSTRALIA,Queensland,"Tully, North Queensland",1
1300,AUSTRALIA,Queensland,Waterford West,1
1301,AUSTRALIA,Queensland,Weipa,1
1302,AUSTRALIA,Queensland,Wellington Point,1
1303,AUSTRALIA,Queensland,"Wellington Point, Brisbane",1
1304,AUSTRALIA,Queensland,White Cliffs,1
1305,AUSTRALIA,Queensland,"Whitehaven Beach, Whitsundays Island",1
1306,AUSTRALIA,Queensland,Whitsunday Passage,1
1307,AUSTRALIA,Queensland,"Woorim Beach, Bribie Island,",1
1308,AUSTRALIA,Queensland,Wurtulla,1
1309,AUSTRALIA,Queensland,Wynnum-Manley,1
1310,AUSTRALIA,Queensland,Yandaran Beach,1
1311,AUSTRALIA,Queensland,Yarrabah,1
1312,AUSTRALIA,Queensland,Yeppoon,1
1313,AUSTRALIA,South Australia,(Point Sinclair) Penong,1
1314,AUSTRALIA,South Australia,18 miles south of Port Augusta,1
1315,AUSTRALIA,South Australia,"3 km off Port Victoria, Yorke Peninsula",1
1316,AUSTRALIA,South Australia,3 miles out to sea off Glenelg,1
1317,AUSTRALIA,South Australia,55 miles south of Adelaide,1
1318,AUSTRALIA,South Australia,Aldinga Beach,1
1319,AUSTRALIA,South Australia,Belfast (now Port Fairy),1
1320,AUSTRALIA,South Australia,Black Point,1
1321,AUSTRALIA,South Australia,"Black Point, Eyre Peninsula",1
1322,AUSTRALIA,South Australia,"Brighton Beach, Adelaide",1
1323,AUSTRALIA,South Australia,Cactus Beach,1
1324,AUSTRALIA,South Australia,Cactus Beach near Penong,1
1325,AUSTRALIA,South Australia,"Cactus Beach, near Ceduna",1
1326,AUSTRALIA,South Australia,Cape Douglas,1
1327,AUSTRALIA,South Australia,Cape Elizabeth,1
1328,AUSTRALIA,South Australia,Carrickalinga Head,1
1329,AUSTRALIA,South Australia,Coffin Bay,1
1330,AUSTRALIA,South Australia,"Corio Bay, Port Phillip",1
1331,AUSTRALIA,South Australia,Cowell,1
1332,AUSTRALIA,South Australia,Dangerous Reef,1
1333,AUSTRALIA,South Australia,"Dangerous Reef, South Neptune Island",1
1334,AUSTRALIA,South Australia,"Dolphin Bay, Innes National Park",1
1335,AUSTRALIA,South Australia,D’Estrees Bay near Kangaroo Island,1
1336,AUSTRALIA,South Australia,Elliston,1
1337,AUSTRALIA,South Australia,"Elliston, Eyre Peninsula",1
1338,AUSTRALIA,South Australia,Encounter Bay,1
1339,AUSTRALIA,South Australia,Fishery Bay,1
1340,AUSTRALIA,South Australia,"Fishery Bay, Eyre Peninsula",1
1341,AUSTRALIA,South Australia,Gleneg,1
1342,AUSTRALIA,South Australia,Glenelg Breakwater,1
1343,AUSTRALIA,South Australia,"Goldsmith Beach, Yorke Peninsula",1
1344,AUSTRALIA,South Australia,Goolwa Beach,1
1345,AUSTRALIA,South Australia,"Goolwa Beach, Fleurieu Peninsula",1
1346,AUSTRALIA,South Australia,Grange,1
1347,AUSTRALIA,South Australia,"Hardwicke Bay, Yorke Peninsula",1
1348,AUSTRALIA,South Australia,Hog Bay,1
1349,AUSTRALIA,South Australia,"Horn Point, Lady's Bay",1
1350,AUSTRALIA,South Australia,Inconnu,1
1351,AUSTRALIA,South Australia,Kangaroo Island,1
1352,AUSTRALIA,South Australia,Largs Bay,1
1353,AUSTRALIA,South Australia,Laura Bay,1
1354,AUSTRALIA,South Australia,"Lipson Cove, Tumby Bay",1
1355,AUSTRALIA,South Australia,Marino,1
1356,AUSTRALIA,South Australia,Marion Bay,1
1357,AUSTRALIA,South Australia,"Merino Rocks, Adelaide",1
1358,AUSTRALIA,South Australia,"Middle Beach, 40 km north of Adelaide",1
1359,AUSTRALIA,South Australia,Millicent,1
1360,AUSTRALIA,South Australia,Moama Beach,1
1361,AUSTRALIA,South Australia,Near Port Vincent,1
1362,AUSTRALIA,South Australia,Normanville,1
1363,AUSTRALIA,South Australia,North Haven,1
1364,AUSTRALIA,South Australia,Off Franklin Island between Streaky Bay & Ceduna,1
1365,AUSTRALIA,South Australia,Off Perforated Island near Coffin Bay,1
1366,AUSTRALIA,South Australia,Off Port Broughton,1
1367,AUSTRALIA,South Australia,Outer Harbor,1
1368,AUSTRALIA,South Australia,"Parsons Beach,  Fleurieu Peninsula",1
1369,AUSTRALIA,South Australia,"Pennington Bay, Kangaroo Island",1
1370,AUSTRALIA,South Australia,"Point Lowly, north of Whyalla",1
1371,AUSTRALIA,South Australia,"Point Sinclair, Cactus Beach near Penong",1
1372,AUSTRALIA,South Australia,Port Augusta,1
1373,AUSTRALIA,South Australia,Port Germein,1
1374,AUSTRALIA,South Australia,"Port Hughes, 100 miles from Adelaide in Spencer Gulf",1
1375,AUSTRALIA,South Australia,Port MacDonnell,1
1376,AUSTRALIA,South Australia,Port Newby,1
1377,AUSTRALIA,South Australia,Port Phillip,1
1378,AUSTRALIA,South Australia,Port Phillip Bay,1
1379,AUSTRALIA,South Australia,"Port Pirie, Spencer Gulf, 230 km north of Adelaide",1
1380,AUSTRALIA,South Australia,"Port River, Adelaide",1
1381,AUSTRALIA,South Australia,"Schnapper Rock, Kirton Point",1
1382,AUSTRALIA,South Australia,Seacliff,1
1383,AUSTRALIA,South Australia,Second Valley,1
1384,AUSTRALIA,South Australia,Semaphore,1
1385,AUSTRALIA,South Australia,"Smoky Bay, near Ceduna, on the Eyre Peninsula",1
1386,AUSTRALIA,South Australia,"Snapper Point, Aldinga Beach, Adelaide",1
1387,AUSTRALIA,South Australia,South Neptune Island,1
1388,AUSTRALIA,South Australia,Southport,1
1389,AUSTRALIA,South Australia,Surfers Paradise Beach near Victor Harbour,1
1390,AUSTRALIA,South Australia,Thistle Island,1
1391,AUSTRALIA,South Australia,Waitpinga,1
1392,AUSTRALIA,South Australia,"Waitpinga Beach, near Victor Harbor, Encounter Bay",1
1393,AUSTRALIA,South Australia,"West Beach, Adelaide",1
1394,AUSTRALIA,South Australia,"West Beach, Brighton",1
1395,AUSTRALIA,South Australia,"West Beach, near Adelaide",1
1396,AUSTRALIA,South Australia,"Wiseman’s Beach, Peake Bay, Port Lincoln",1
1397,AUSTRALIA,South Australia,Wrights Bay,1
1398,AUSTRALIA,Tasmania,Badger Head,1
1399,AUSTRALIA,Tasmania,Barren Joey Island,1
1400,AUSTRALIA,Tasmania,Beechford,1
1401,AUSTRALIA,Tasmania,Between Port Arthur Penal Colony & Forestier Peninsula,1
1402,AUSTRALIA,Tasmania,Binalong Bay,1
1403,AUSTRALIA,Tasmania,Bridport,1
1404,AUSTRALIA,Tasmania,"Cape Pillar, Storm Bay",1
1405,AUSTRALIA,Tasmania,"Chimney Point, George’s Bay",1
1406,AUSTRALIA,Tasmania,Clifton Beach,1
1407,AUSTRALIA,Tasmania,"Clifton Beach, southwest of Hobart",1
1408,AUSTRALIA,Tasmania,Derwent River,1
1409,AUSTRALIA,Tasmania,Derwent River (empties into the sea at Hobart),1
1410,AUSTRALIA,Tasmania,Eaglehawk Neck,1
1411,AUSTRALIA,Tasmania,Elliot's Cove,1
1412,AUSTRALIA,Tasmania,Flinders Island,1
1413,AUSTRALIA,Tasmania,"Fluted Cape, Bruny Island",1
1414,AUSTRALIA,Tasmania,George Town Cove,1
1415,AUSTRALIA,Tasmania,Hobart,1
1416,AUSTRALIA,Tasmania,"Lachan Island, Mercury Passage",1
1417,AUSTRALIA,Tasmania,Maatsuyker Island,1
1418,AUSTRALIA,Tasmania,Nettley Bay,1
1419,AUSTRALIA,Tasmania,Off Big Friar Island,1
1420,AUSTRALIA,Tasmania,Off Stanley,1
1421,AUSTRALIA,Tasmania,Off Tasman Island,1
1422,AUSTRALIA,Tasmania,"Piccaninny Point, 10 miles from Bicheno",1
1423,AUSTRALIA,Tasmania,Ralph Bay,1
1424,AUSTRALIA,Tasmania,Safety Cove,1
1425,AUSTRALIA,Tasmania,Shelly Point,1
1426,AUSTRALIA,Tasmania,Smelting Works Bay near Hobart,1
1427,AUSTRALIA,Tasmania,"Sweet Water Point, Pitt Water",1
1428,AUSTRALIA,Tasmania,Taroona,1
1429,AUSTRALIA,Tasmania,Tasman Island,1
1430,AUSTRALIA,Tasmania,Tenth Island,1
1431,AUSTRALIA,Tasmania,Tenth Island (King Island),1
1432,AUSTRALIA,Tasmania,"Whale Bay, King Island, Bass Strait",1
1433,AUSTRALIA,Tasmania,Wynyard,1
1434,AUSTRALIA,Tasmania,near Schouten Island,1
1435,AUSTRALIA,Territory of Cocos (Keeling) Islands,Direction Island,1
1436,AUSTRALIA,Torres Strait,200 miles from MacKay,1
1437,AUSTRALIA,Torres Strait,40 miles off Thursday Island,1
1438,AUSTRALIA,Torres Strait,Adolphus Channel,1
1439,AUSTRALIA,Torres Strait,Arlington Reef,1
1440,AUSTRALIA,Torres Strait,"Barrow Point, 100 miles north of Cooktown, Queensland",1
1441,AUSTRALIA,Torres Strait,Bathurst Island,1
1442,AUSTRALIA,Torres Strait,"Coconut Island , 100 miles east of Thursday Island",1
1443,AUSTRALIA,Torres Strait,"Darnley Island, Torres Strait",1
1444,AUSTRALIA,Torres Strait,Deliverance Island,1
1445,AUSTRALIA,Torres Strait,"Fishman's Island (near Port Moresby, PNG)",1
1446,AUSTRALIA,Torres Strait,"Horn Island, near Thursday Island",1
1447,AUSTRALIA,Torres Strait,Mabiuag,1
1448,AUSTRALIA,Torres Strait,"Mabuiag Island, between New Guinea & Australia",1
1449,AUSTRALIA,Torres Strait,Naghir Island,1
1450,AUSTRALIA,Torres Strait,Near Badu Island,1
1451,AUSTRALIA,Torres Strait,"Near Barrow Point, Queensland",1
1452,AUSTRALIA,Torres Strait,Near Boydong Cay,1
1453,AUSTRALIA,Torres Strait,Near Dauan Island,1
1454,AUSTRALIA,Torres Strait,"Near Shelburne Bay, Queenland",1
1455,AUSTRALIA,Torres Strait,Near Warrior Reefs,1
1456,AUSTRALIA,Torres Strait,"Near Warrior Reefs, Queensland",1
1457,AUSTRALIA,Torres Strait,Nepean Island,1
1458,AUSTRALIA,Torres Strait,Off Bathurst Island,1
1459,AUSTRALIA,Torres Strait,Off Nepean Island,1
1460,AUSTRALIA,Torres Strait,On edge of reef near Warrior Island,1
1461,AUSTRALIA,Torres Strait,Ota Reef,1
1462,AUSTRALIA,Torres Strait,"Saibai Island, 80 miles north of Cape York",1
1463,AUSTRALIA,Torres Strait,South Aroo Island,1
1464,AUSTRALIA,Torres Strait,Three Mile Reef off Lizard Island 50 miles north of Cooktown,1
1465,AUSTRALIA,Torres Strait,"Thursday Island Harbour, Queensland",1
1466,AUSTRALIA,Torres Strait,Warrior Reefs,1
1467,AUSTRALIA,Torres Strait,Western Province,1
1468,AUSTRALIA,Victoria,13th Beach,1
1469,AUSTRALIA,Victoria,150 yards from the pier at Lorne,1
1470,AUSTRALIA,Victoria,"6 km off Collendina, south of Melbourne",1
1471,AUSTRALIA,Victoria,Albert Park in Port Phillip Bay,1
1472,AUSTRALIA,Victoria,"Altona, Melbourne",1
1473,AUSTRALIA,Victoria,Anglesea,1
1474,AUSTRALIA,Victoria,Bells Beach,1
1475,AUSTRALIA,Victoria,Blairgowrie,1
1476,AUSTRALIA,Victoria,Boarding School Bay,1
1477,AUSTRALIA,Victoria,"Canadian Bay near Mount Eliza, 30 miles from Melbourne",1
1478,AUSTRALIA,Victoria,Cape Nelson,1
1479,AUSTRALIA,Victoria,Carrum,1
1480,AUSTRALIA,Victoria,Cathedral Rock,1
1481,AUSTRALIA,Victoria,"Cheviot Beach, Portsea, Port Phillip Bay",1
1482,AUSTRALIA,Victoria,Collendina Beach east of Ocean Grove,1
1483,AUSTRALIA,Victoria,Cowes,1
1484,AUSTRALIA,Victoria,"East of Station Pier, Port Melbourne",1
1485,AUSTRALIA,Victoria,Elwood Beach,1
1486,AUSTRALIA,Victoria,Emerald Hill,1
1487,AUSTRALIA,Victoria,"Fairhaven Beach, Lorne",1
1488,AUSTRALIA,Victoria,Flinders,1
1489,AUSTRALIA,Victoria,Flinders Island,1
1490,AUSTRALIA,Victoria,Frankston,1
1491,AUSTRALIA,Victoria,Goolwa,1
1492,AUSTRALIA,Victoria,"Governor's Reef, Port Phillip Bay",1
1493,AUSTRALIA,Victoria,Hobson Bay,1
1494,AUSTRALIA,Victoria,Hobson's Bay,1
1495,AUSTRALIA,Victoria,Inconnu,1
1496,AUSTRALIA,Victoria,Jan Juc Beach,1
1497,AUSTRALIA,Victoria,Kilcunda,1
1498,AUSTRALIA,Victoria,"Koonya Beach, Melbourne",1
1499,AUSTRALIA,Victoria,Lady Beach at Warrnambool,1
1500,AUSTRALIA,Victoria,Lady Julia Percy Island,1
1501,AUSTRALIA,Victoria,Levys Beach,1
1502,AUSTRALIA,Victoria,Lorne,1
1503,AUSTRALIA,Victoria,Melbourne,1
1504,AUSTRALIA,Victoria,"Middle Brighton, Port Phillip",1
1505,AUSTRALIA,Victoria,Mount Martha Beach,1
1506,AUSTRALIA,Victoria,"Nun's Beach, Portland",1
1507,AUSTRALIA,Victoria,Ocean Grove  Beach,1
1508,AUSTRALIA,Victoria,Ocean Grove Beach,1
1509,AUSTRALIA,Victoria,Off Melbourne,1
1510,AUSTRALIA,Victoria,Off Tower Hill,1
1511,AUSTRALIA,Victoria,Paradise Beach,1
1512,AUSTRALIA,Victoria,Phillip Island,1
1513,AUSTRALIA,Victoria,"Point Cook, Port Phillip Bay",1
1514,AUSTRALIA,Victoria,Point Henry,1
1515,AUSTRALIA,Victoria,Port Campbell,1
1516,AUSTRALIA,Victoria,Port MacDonnel,1
1517,AUSTRALIA,Victoria,Port Phillip,1
1518,AUSTRALIA,Victoria,"Port Phillip Bay, Port Melbourne",1
1519,AUSTRALIA,Victoria,Portarlington,1
1520,AUSTRALIA,Victoria,Portland,1
1521,AUSTRALIA,Victoria,"Portsea Beach, near Melbourne",1
1522,AUSTRALIA,Victoria,"Portsea Beach, near entrance to Port Phillip Bay",1
1523,AUSTRALIA,Victoria,Rosebud,1
1524,AUSTRALIA,Victoria,Sandringham,1
1525,AUSTRALIA,Victoria,Seaholme,1
1526,AUSTRALIA,Victoria,"Seal Rocks, Phillip Island",1
1527,AUSTRALIA,Victoria,Ship's Graveyard off Point Lonsdale,1
1528,AUSTRALIA,Victoria,"Shipwreck Cove, Melbourne Aquarium",1
1529,AUSTRALIA,Victoria,Sorrento Back Beach,1
1530,AUSTRALIA,Victoria,South Werribee Beach,1
1531,AUSTRALIA,Victoria,"Southside Beach, near Geelong",1
1532,AUSTRALIA,Victoria,"Suicide Point, Point Leo",1
1533,AUSTRALIA,Victoria,"Surfers Point, Phillip Island",1
1534,AUSTRALIA,Victoria,Thirteenth Beach,1
1535,AUSTRALIA,Victoria,Tyrendarra Beach near Portland,1
1536,AUSTRALIA,Victoria,Western Port Bay,1
1537,AUSTRALIA,Victoria,Westernport Bay,1
1538,AUSTRALIA,Victoria,"Wilson's Promontory, Waratah Bay",1
1539,AUSTRALIA,Victoria,"Winki Pop, Bells Beach",1
1540,AUSTRALIA,Victoria,Winkipop,1
1541,AUSTRALIA,Victoria,Winkipop Beach,1
1542,AUSTRALIA,Westerm Australia,Dugong Bay,1
1543,AUSTRALIA,Westerm Australia,Esperance,1
1544,AUSTRALIA,Westerm Australia,Goode Beach,1
1545,AUSTRALIA,Westerm Australia,Sam's Creek area,1
1546,AUSTRALIA,Western  Australia,Port Hedland,1
1547,AUSTRALIA,Western Australia,"15 km north of Lancelin, north of Perth",1
1548,AUSTRALIA,Western Australia,18 km west of Bunbury,1
1549,AUSTRALIA,Western Australia,3 km west of Rottnest Island,1
1550,AUSTRALIA,Western Australia,5 nm off Cervantes,1
1551,AUSTRALIA,Western Australia,"7 km off Trigg surf beach, Perth",1
1552,AUSTRALIA,Western Australia,A pearl  farm in Roebuck Bay,1
1553,AUSTRALIA,Western Australia,African Reef off Geraldton,1
1554,AUSTRALIA,Western Australia,Albany (incident took place 200 metres from swimmers),1
1555,AUSTRALIA,Western Australia,"Avalon Beach, near Mandurah, 50 miles south of Perth",1
1556,AUSTRALIA,Western Australia,"Avalon Point, Manurah",1
1557,AUSTRALIA,Western Australia,"Backbeach, Halls Head",1
1558,AUSTRALIA,Western Australia,Bald Island,1
1559,AUSTRALIA,Western Australia,Barrow Passage,1
1560,AUSTRALIA,Western Australia,"Bathurst Reef, Rottnest Island",1
1561,AUSTRALIA,Western Australia,"Beds, Wylie Bay, Esperance",1
1562,AUSTRALIA,Western Australia,"Bernier Island, Shark Bay",1
1563,AUSTRALIA,Western Australia,Between Carnac and Garden Islands,1
1564,AUSTRALIA,Western Australia,Between De Grey River and Port Walcott,1
1565,AUSTRALIA,Western Australia,Binningup,1
1566,AUSTRALIA,Western Australia,Blackwall Reach,1
1567,AUSTRALIA,Western Australia,Boyup Brook,1
1568,AUSTRALIA,Western Australia,"Bundegi Sanctuary Zone, Ningaloo",1
1569,AUSTRALIA,Western Australia,Bunker Bay,1
1570,AUSTRALIA,Western Australia,Bunker Bay Beach,1
1571,AUSTRALIA,Western Australia,"Burns Beach, Perth",1
1572,AUSTRALIA,Western Australia,Busselton,1
1573,AUSTRALIA,Western Australia,Cape Levêque,1
1574,AUSTRALIA,Western Australia,Carnac Island,1
1575,AUSTRALIA,Western Australia,Carnarvon,1
1576,AUSTRALIA,Western Australia,"Castle Rock, north of Dunsborough",1
1577,AUSTRALIA,Western Australia,"Cobblestones, Margaret River Area",1
1578,AUSTRALIA,Western Australia,Collie River,1
1579,AUSTRALIA,Western Australia,"Condon, 88 km NE of Port Hedland",1
1580,AUSTRALIA,Western Australia,Cone Bay,1
1581,AUSTRALIA,Western Australia,"Conspicuous Beach, near Walpole",1
1582,AUSTRALIA,Western Australia,Cowaramup Bay,1
1583,AUSTRALIA,Western Australia,Cull Island / Esperance,1
1584,AUSTRALIA,Western Australia,"Dampier's Creek, Broome",1
1585,AUSTRALIA,Western Australia,Delta Island,1
1586,AUSTRALIA,Western Australia,Denmark,1
1587,AUSTRALIA,Western Australia,"Direction Island, Cocos Islands",1
1588,AUSTRALIA,Western Australia,Emu Channel,1
1589,AUSTRALIA,Western Australia,Emu Point,1
1590,AUSTRALIA,Western Australia,"Falcon Bay Beach, Mandurah",1
1591,AUSTRALIA,Western Australia,"Falcon Beach, Mandurah",1
1592,AUSTRALIA,Western Australia,Five Fingers Reef,1
1593,AUSTRALIA,Western Australia,Fourth Beach / Twilgth Beach,1
1594,AUSTRALIA,Western Australia,Freemantle,1
1595,AUSTRALIA,Western Australia,Frenchman Bay,1
1596,AUSTRALIA,Western Australia,Freo,1
1597,AUSTRALIA,Western Australia,Gearys Beach,1
1598,AUSTRALIA,Western Australia,Geographe Bay,1
1599,AUSTRALIA,Western Australia,Glenelg,1
1600,AUSTRALIA,Western Australia,Gnarabup Beach,1
1601,AUSTRALIA,Western Australia,Gnaraloo,1
1602,AUSTRALIA,Western Australia,"Guillotines surf break, Shire of Augusta Margaret River",1
1603,AUSTRALIA,Western Australia,Gum Tree Bay,1
1604,AUSTRALIA,Western Australia,"Hamelin Harbour, at Faure Island",1
1605,AUSTRALIA,Western Australia,"Honeycombs, 250 km south of Perth",1
1606,AUSTRALIA,Western Australia,"Honeymoon Island, near Hopetown",1
1607,AUSTRALIA,Western Australia,Horizontal Falls,1
1608,AUSTRALIA,Western Australia,"In Swan River at Freshwater Bay, Claremont, 5 miles from river mouth",1
1609,AUSTRALIA,Western Australia,In a tidal creek    5 km from Wickham,1
1610,AUSTRALIA,Western Australia,Injidup,1
1611,AUSTRALIA,Western Australia,Jurien Bay,1
1612,AUSTRALIA,Western Australia,Kalbarri,1
1613,AUSTRALIA,Western Australia,Karratha,1
1614,AUSTRALIA,Western Australia,Kelp Beds Beach (Kelpies),1
1615,AUSTRALIA,Western Australia,"Kelpids Beach, Wylie Bay, Esperance",1
1616,AUSTRALIA,Western Australia,Kelpies near Wylie Bay,1
1617,AUSTRALIA,Western Australia,"Kurrajong Campground, Exnouth",1
1618,AUSTRALIA,Western Australia,Lancelin,1
1619,AUSTRALIA,Western Australia,Lancelin Island,1
1620,AUSTRALIA,Western Australia,Left break at the ‘Hot Spot’ at Sheringa Beach,1
1621,AUSTRALIA,Western Australia,"Lefthanders Beach, Margaret River",1
1622,AUSTRALIA,Western Australia,"Lefthanders, Margaret River Area",1
1623,AUSTRALIA,Western Australia,"Leighton Beach, North Fremantle",1
1624,AUSTRALIA,Western Australia,"Leighton Beach, north of Freemantle",1
1625,AUSTRALIA,Western Australia,"Leighton Beach, south of North Cottesloe",1
1626,AUSTRALIA,Western Australia,"Little Beach Reef, Bremer Bay",1
1627,AUSTRALIA,Western Australia,"Little Island, near Hillarys",1
1628,AUSTRALIA,Western Australia,Lucy's Beach,1
1629,AUSTRALIA,Western Australia,Mauds Point,1
1630,AUSTRALIA,Western Australia,"Melaleuca Beach, Cowaramup Bay, Gracetown,",1
1631,AUSTRALIA,Western Australia,Metro coast,1
1632,AUSTRALIA,Western Australia,Mindarie,1
1633,AUSTRALIA,Western Australia,"Mutton Bird Island, Albany",1
1634,AUSTRALIA,Western Australia,Native Dog Beach,1
1635,AUSTRALIA,Western Australia,Near Albany,1
1636,AUSTRALIA,Western Australia,Near Broome in Roebuck Bay,1
1637,AUSTRALIA,Western Australia,Near Coral Bay,1
1638,AUSTRALIA,Western Australia,Near Legendre Island,1
1639,AUSTRALIA,Western Australia,North Cottesloe,1
1640,AUSTRALIA,Western Australia,North Lancelin,1
1641,AUSTRALIA,Western Australia,"North of main swimming area in Waterman's Bay Beach, Perth",1
1642,AUSTRALIA,Western Australia,Ocean Reef,1
1643,AUSTRALIA,Western Australia,"Off City Beach, Perth",1
1644,AUSTRALIA,Western Australia,Off Dawesville Cut,1
1645,AUSTRALIA,Western Australia,Off De Grey river,1
1646,AUSTRALIA,Western Australia,Off Garden Island,1
1647,AUSTRALIA,Western Australia,Off Legendre Island,1
1648,AUSTRALIA,Western Australia,"Off Poison Creek, Cape Arid",1
1649,AUSTRALIA,Western Australia,Off Wedge Island,1
1650,AUSTRALIA,Western Australia,Onslow,1
1651,AUSTRALIA,Western Australia,Oyster Stacks near Exmouth12h15,1
1652,AUSTRALIA,Western Australia,"Parker's Point, Rottnest Island",1
1653,AUSTRALIA,Western Australia,"Point Casuarina, Bunbury",1
1654,AUSTRALIA,Western Australia,"Port Beach, North Freemantle",1
1655,AUSTRALIA,Western Australia,Port Hedland,1
1656,AUSTRALIA,Western Australia,"Princess Royal Harbor, near King George’s Sound",1
1657,AUSTRALIA,Western Australia,Pyramids Beach,1
1658,AUSTRALIA,Western Australia,"Pyramids Beach, Mandurah",1
1659,AUSTRALIA,Western Australia,"Pyramids Beach, Port Bouvard",1
1660,AUSTRALIA,Western Australia,"Quinn’s Rocks, south of Yanchep",1
1661,AUSTRALIA,Western Australia,Quondong Beach,1
1662,AUSTRALIA,Western Australia,Red Bluff near Quobba Station,1
1663,AUSTRALIA,Western Australia,Red Bluffs,1
1664,AUSTRALIA,Western Australia,Redgate Beach,1
1665,AUSTRALIA,Western Australia,Roe Reef off Rottnest Island,1
1666,AUSTRALIA,Western Australia,"Royal Perth Yacht Club, Swan River",1
1667,AUSTRALIA,Western Australia,Scarborough,1
1668,AUSTRALIA,Western Australia,"Scarborough Beach, Perth",1
1669,AUSTRALIA,Western Australia,Sharks Bay,1
1670,AUSTRALIA,Western Australia,South Bruny Island,1
1671,AUSTRALIA,Western Australia,"South Passage, south of Coral Bay",1
1672,AUSTRALIA,Western Australia,South Perth,1
1673,AUSTRALIA,Western Australia,"Southgates, near Geraldton",1
1674,AUSTRALIA,Western Australia,Stratham Beach,1
1675,AUSTRALIA,Western Australia,"Surfers Point, Prevelly",1
1676,AUSTRALIA,Western Australia,"Swan River, 13 miles upstream",1
1677,AUSTRALIA,Western Australia,"Tantabitti Beach, Nigaloo",1
1678,AUSTRALIA,Western Australia,"The Natural Jetty, Rottnest Island",1
1679,AUSTRALIA,Western Australia,Three Stripes near Cheynes Beach,1
1680,AUSTRALIA,Western Australia,"Toms Surf break, Hamersley Pool, North Beach, Perth",1
1681,AUSTRALIA,Western Australia,"Trigg Beach, Perth",1
1682,AUSTRALIA,Western Australia,Turquoise Bay,1
1683,AUSTRALIA,Western Australia,Two Rocks near Three Mile Reef,1
1684,AUSTRALIA,Western Australia,Varanus Island,1
1685,AUSTRALIA,Western Australia,"Warra Beach, Coral Bay",1
1686,AUSTRALIA,Western Australia,Waterman's Bay,1
1687,AUSTRALIA,Western Australia,Wedge Island,1
1688,AUSTRALIA,Western Australia,Whalers Beach,1
1689,AUSTRALIA,Western Australia,Wharton Beach,1
1690,AUSTRALIA,Western Australia,Woodman Point,1
1691,AUSTRALIA,Western Australia,Woodman’s Point,1
1692,AUSTRALIA,Western Australia,"Wreck Point, Abrolhos Islands",1
1693,AUSTRALIA,Western Australia,Yallingup Lagoon,1
1694,AUSTRALIA,Western Australia,"Yallingup, Busselton",1
1695,AZORES,Inconnu,350 miles from Faial Island,1
1696,AZORES,Inconnu,Onboard the fishing vessel Nuevo Cedes,1
1697,AZORES,Inconnu,Sao Miguel,1
1698,BAHAMAS,40 miles off Grand Bahama Island,Inconnu,1
1699,BAHAMAS,Abaco Islands,10 miles west of Walker’s Cay,1
1700,BAHAMAS,Abaco Islands,Allan-Pensacola Cay,1
1701,BAHAMAS,Abaco Islands,Bakers Bay,1
1702,BAHAMAS,Abaco Islands,Carter's Cay,1
1703,BAHAMAS,Abaco Islands,"Coco Bay, Green Turtle Cay",1
1704,BAHAMAS,Abaco Islands,Double Breasted Cays,1
1705,BAHAMAS,Abaco Islands,Elbow Cay,1
1706,BAHAMAS,Abaco Islands,Great Guana Cay,1
1707,BAHAMAS,Abaco Islands,NoName Cay,1
1708,BAHAMAS,Abaco Islands,North of Grand Cay,1
1709,BAHAMAS,Abaco Islands,North of Walkers Cay,1
1710,BAHAMAS,Abaco Islands,"Off Sandy Point, Great Abaco Island",1
1711,BAHAMAS,Abaco Islands,Powell Cay,1
1712,BAHAMAS,Abaco Islands,Scotland Cay,1
1713,BAHAMAS,Abaco Islands,Spanish Cay,1
1714,BAHAMAS,Abaco Islands,"Tahiti Beach, Elbow Cay",1
1715,BAHAMAS,Abaco Islands,Treasure Cay,1
1716,BAHAMAS,Andros Islands,Blue Hole,1
1717,BAHAMAS,Andros Islands,Mangrove Cay,1
1718,BAHAMAS,Andros Islands,Middle Bight,1
1719,BAHAMAS,Andros Islands,North Rat Cay Reef,1
1720,BAHAMAS,Berry Islands,Ambergris Cay,1
1721,BAHAMAS,Berry Islands,Whale Cay,1
1722,BAHAMAS,Bimini,Inconnu,1
1723,BAHAMAS,Bimini Islands,Lerner Marine Lab,1
1724,BAHAMAS,Bimini Islands,Lerner Marine Laboratory,1
1725,BAHAMAS,Bimini Islands,Off Gun Cay,1
1726,BAHAMAS,Bimini Islands,Tongue of the Ocean,1
1727,BAHAMAS,Cat Cay,Inconnu,1
1728,BAHAMAS,Cat Cay,off yacht Serenade,1
1729,BAHAMAS,Cay Sal Bank,Anchored off the largest island in the group,1
1730,BAHAMAS,Eleuthera,Savannah Sound,1
1731,BAHAMAS,Eleuthera,Spanish Wells,1
1732,BAHAMAS,Exuma Islands,Compass Cay,1
1733,BAHAMAS,Exuma Islands,"Off Jaws Beach, New Providence Island",1
1734,BAHAMAS,Exuma Islands,Sampson Cay,1
1735,BAHAMAS,Exumas,Compass Cay,1
1736,BAHAMAS,Exumas,Inconnu,1
1737,BAHAMAS,Exumas,"Pig Beach, Pig Island",1
1738,BAHAMAS,Florida Straits,Off Cay Sal  Banks,1
1739,BAHAMAS,Freeport,Shark Junction,1
1740,BAHAMAS,Grand Bahama Island,East End Point,1
1741,BAHAMAS,Grand Bahama Island,"Gingerbread Reef, east of Little Isaac Island",1
1742,BAHAMAS,Grand Bahama Island,"High Rock, 25 to 30 miles east of Freeport",1
1743,BAHAMAS,Grand Bahama Island,"Memory Rock, 18 miles from NW end of the Island",1
1744,BAHAMAS,Grand Bahama Island,Off Lucaya,1
1745,BAHAMAS,Grand Bahama Island,Off West End,1
1746,BAHAMAS,Grand Bahama Island,"Port Lucaya, Freeport",1
1747,BAHAMAS,Grand Bahama Island,Sandy Cay,1
1748,BAHAMAS,Grand Bahama Island,Sweetings Cay,1
1749,BAHAMAS,Great Exuma Island,Children's Bay Cay near Rollerville,1
1750,BAHAMAS,Great Exuma Island,Highborn Cay,1
1751,BAHAMAS,Inconnu,50 miles off Bahamas,1
1752,BAHAMAS,Inconnu,Carter Cay,1
1753,BAHAMAS,Inconnu,Freetown Beach,1
1754,BAHAMAS,Inconnu,Green Cay,1
1755,BAHAMAS,Inconnu,Off Andros Island,1
1756,BAHAMAS,Inconnu,Off Cape Eleuthera,1
1757,BAHAMAS,Inconnu,Rum Cay,1
1758,BAHAMAS,Inconnu,Tiger Beach,1
1759,BAHAMAS,Inconnu,Wells Cay,1
1760,BAHAMAS,Lucayan Archipelago,Rose Island,1
1761,BAHAMAS,Lucayan Lucayan Archipelago,Athol Island,1
1762,BAHAMAS,New Providence,Athol Island,1
1763,BAHAMAS,New Providence,Nirvana Beach,1
1764,BAHAMAS,New Providence District,"Nassau, New Providence Island",1
1765,BAHAMAS,New Providence District,Rose Island,1
1766,BAHAMAS,New Providence Island,Cable Beach,1
1767,BAHAMAS,Northern Bahamas,Dive site known as The End of the Map,1
1768,BAHAMAS,Out Islands,Andros Island,1
1769,BAHAMAS,Out Islands,Inconnu,1
1770,BAHAMAS,The Exuma Cays,Compass Cay,1
1771,BAHAMAS,The Exuma Cays,Great Exuma,1
1772,BAHAMAS,The Exuma Cays,Staniel Cay,1
1773,BAHAMAS,Walkers Cay,"Matinella Reef, 15 to 20 miles west of Walkers Cay",1
1774,BANGLADESH,Ganges-Brahmaputra delta,Inconnu,1
1775,BARBADOS,Lucy,Pie Corner,1
1776,BARBADOS,Southwest coast,Carlisle Bay,1
1777,BARBADOS,St Michael Parish,Bridgetown,1
1778,BARBADOS,St Michael Parish,Off Pelican Island,1
1779,BAY OF BENGAL,Inconnu,Inconnu,1
1780,BELIZE,Ambergris Cay,Off San Pedro,1
1781,BELIZE,Ambergris Caye,Near Ramon's Village,1
1782,BELIZE,Ambergris Key,Inconnu,1
1783,BELIZE,Inconnu,Inconnu,1
1784,BERMUDA,"33N, 68W",Royal Canadian Navy CS2F-1 aircraft ditched in the sea 180 nautical miles WNW of Bermuda at 01h30,1
1785,BERMUDA,Hamilton,2 miles south of Castle Island Harbour entrance to Hamilton,1
1786,BERMUDA,Hamilton,Astwood's Cove,1
1787,BERMUDA,Hamilton,Hamilton,1
1788,BERMUDA,Hamilton,Hamilton Parish,1
1789,BERMUDA,Hamilton,Inconnu,1
1790,BERMUDA,Hamilton,Nine miles off Frasconi Flats,1
1791,BERMUDA,Inconnu,18 miles southwest of Bermuda,1
1792,BERMUDA,Inconnu,6 miles from shore,1
1793,BERMUDA,Paget,Elbow Beach /  Coral Beach,1
1794,BERMUDA,South shore,Elbow Beach,1
1795,BETWEEN PORTUGAL & INDIA,Inconnu,Inconnu,1
1796,BRAZIL,Alagoas,Maceió,1
1797,BRAZIL,Alagoas,"Praia de Sauaçuhy, Maceió",1
1798,BRAZIL,Bahia,Guarajuba,1
1799,BRAZIL,Bahia,Ilhéus,1
1800,BRAZIL,Bahia,Nova Vicosa,1
1801,BRAZIL,Balneário Camboriú,Estaleirinho beach,1
1802,BRAZIL,"Boi Island, Victoria",Espirito Santo,1
1803,BRAZIL,Fernando de Noronha,Cacimba do Padre,1
1804,BRAZIL,Fernando de Noronha,Conceicao Beach,1
1805,BRAZIL,Fernando de Noronha,Praia de Porto,1
1806,BRAZIL,Inconnu,500 km off the coast of Pernambuco,1
1807,BRAZIL,Inconnu,Bahia,1
1808,BRAZIL,Inconnu,Near the Abrolhos Archipelago,1
1809,BRAZIL,Inconnu,Praia do Olho d'Aqua,1
1810,BRAZIL,Maranhão,Olho d'Água,1
1811,BRAZIL,Maranhão,"Praia de São Marcus, Sáo Luiz",1
1812,BRAZIL,Maranhão,"Praia do Olho D'Água, São Luis",1
1813,BRAZIL,Paraiba,Paraiba,1
1814,BRAZIL,Pernambuco,Body recovered at Goiana,1
1815,BRAZIL,Pernambuco,Cacimba do Padre Beach,1
1816,BRAZIL,Pernambuco,Coral Cove Beach,1
1817,BRAZIL,Pernambuco,"Coral Cove, Cabo de Santo Agostinho",1
1818,BRAZIL,Pernambuco,Fernando de Noronha Marine Park,1
1819,BRAZIL,Pernambuco,Fernano de Noronha,1
1820,BRAZIL,Pernambuco,Inconnu,1
1821,BRAZIL,Pernambuco,Itamaracá,1
1822,BRAZIL,Pernambuco,"Pau Amarelo Beach, Paulista District (17 km from Recife)",1
1823,BRAZIL,Pernambuco,"Piedade Beach, Jaboatão dos Guararapes City",1
1824,BRAZIL,Pernambuco,"Piedade Beach, Jaboatão dos Guararapes City, Recife",1
1825,BRAZIL,Pernambuco,Pina,1
1826,BRAZIL,Pernambuco,Praia de Milagres,1
1827,BRAZIL,Pernambuco,"Praia de Pau Amarelo, Recife",1
1828,BRAZIL,Pernambuco,"Praia del Chifre, Olinda",1
1829,BRAZIL,Pernambuco,"Punta Del Chifre, Olinda",1
1830,BRAZIL,Porto Seguro,90 miles off Albrohos Island,1
1831,BRAZIL,Rio Grande Do Sul,"Atlantis Beach, near Tramandai",1
1832,BRAZIL,Rio Grande de Norte,Atol das Rochas,1
1833,BRAZIL,Rio Grande de Norte,"Praia de Camapum, Macau",1
1834,BRAZIL,Rio de Janeiro,Copacabana,1
1835,BRAZIL,Rio de Janeiro,"Copacabana, Rio de Janeiro",1
1836,BRAZIL,Rio de Janeiro,"Manguinhos, Ilha Feia, Búzios",1
1837,BRAZIL,Santa Catarina State,Escalerio Beach Balneário Camboriú,1
1838,BRAZIL,São Paulo.,Boqueirão Beach,1
1839,BRAZIL,São Paulo.,Ubatuba Beach,1
1840,BRITISH ISLES,South Devon,Beesands,1
1841,BRITISH NEW GUINEA,Woodlark Islands,Off Panamota,1
1842,BRITISH OVERSEAS TERRITORY,Turks and Caicos,Inconnu,1
1843,BRITISH VIRGIN ISLANDS,Green Bay,Inconnu,1
1844,BRITISH WEST INDIES,Grand Turk Island,Long Cay,1
1845,CANADA,Bay of Fundy,16 km west of Digby Gut,1
1846,CANADA,British Colombia,"Tofino, Vancouver",1
1847,CANADA,Halifax,"Slaunwhite's Ledge, Hubbard Cove",1
1848,CANADA,New Brunswick,Bay of Fundy,1
1849,CANADA,Newfoundland,Georges Bank,1
1850,CANADA,Newfoundland,St. Pierre Bank,1
1851,CANADA,Nova Scotia,Cape Breton Island,1
1852,CANADA,Nova Scotia,Cape Canso,1
1853,CANADA,Nova Scotia,"Fourchu, Cape Breton Island",1
1854,CANADA,Nova Scotia,Halifax,1
1855,CANADA,Nova Scotia,Off Sable Island,1
1856,CANADA,Vancouver,Second Narrows in Burrard Inlet,1
1857,CAPE VERDE,Barlavento Islands,São Vicente,1
1858,CAPE VERDE,Boa Vista Island,Inconnu,1
1859,CAPE VERDE,Santiago Island,Tarrafal,1
1860,CARIBBEAN SEA,Inconnu,125 nm north of Aruba,1
1861,CARIBBEAN SEA,Inconnu,"Between Key West, Florida & Guantanamo Bay, Cuba",1
1862,CARIBBEAN SEA,Inconnu,Between St. Bart's and Saba,1
1863,CARIBBEAN SEA,Inconnu,Between St. Maarten & Anguilla,1
1864,CARIBBEAN SEA,Inconnu,Between USA & Cuba,1
1865,CARIBBEAN SEA,Inconnu,Inconnu,1
1866,CARIBBEAN SEA,Inconnu,Off Dominican Republic,1
1867,CARIBBEAN SEA,PANAMA,"Off Cristobal, 200 miles northeast of the entrance to the Panama Canal",1
1868,CAYMAN ISLANDS,Grand Cayman,Stingray City Bar,1
1869,CAYMAN ISLANDS,Inconnu,Inconnu,1
1870,CHILE,Antofagasta Province,Antofagasta,1
1871,CHILE,Coquimbo,"Bahia Totoralillo, 80  km north of Coquimbo",1
1872,CHILE,Elqui Province,Coquimbo,1
1873,CHILE,Inconnu,300 miles East of Easter Island,1
1874,CHILE,Inconnu,300 miles east of Easter Island,1
1875,CHILE,Inconnu,"El Panul, 12km south of Coquimbo",1
1876,CHILE,Los Vilos,"Punta Negra, Pichidangui",1
1877,CHILE,Valpariso Province,Valpariso,1
1878,CHINA,Guizhou Province,Shopping mall aquarium in Guiyang City,1
1879,CHINA,Hong Kong,Inconnu,1
1880,CHINA,Hong Kong,"Sharp Peak, Sai Kung Peninsula, New Territories",1
1881,CHINA,Inconnu,Between Tientsin & Hong Kong,1
1882,CHINA,Inconnu,Macao Harbor,1
1883,CHINA,Liaoning Province,"Laohutan Ocean Park Aquarium, Dalian City",1
1884,CHINA,North China,"Outer harbor, Hong Kong",1
1885,CHINA,Shanghai,"Ocean World, Changfeng Park",1
1886,COAST OF AFRICA,Island of St. Thomas,Inconnu,1
1887,COLOMBIA,San Andres and Providencia Archipelago,Provencia,1
1888,COLOMBIA,San Andrés Island,Nirvana,1
1889,COLUMBIA,Caribbean Sea,Cartegena,1
1890,COLUMBIA,Inconnu,Inconnu,1
1891,COLUMBIA,Inconnu,Off Cartagena,1
1892,COLUMBIA,Isla De San Andres,La Piscinita,1
1893,COLUMBIA,Isla Providencia,Inconnu,1
1894,COLUMBIA,Isles del Rosario,Southwest of Cartegena,1
1895,COLUMBIA,Magdalena Department,"Makuaka Caño, Taganga",1
1896,COLUMBIA,Roncador Bank,"Roncador Bank, 135 nm north of San Andres",1
1897,COLUMBIA,San Andrés archipelago,Albuquerque Cay,1
1898,COLUMBIA,Sucre,"Libertad, San Onofre",1
1899,COMOROS,Anjouan,Moya,1
1900,COOK ISLANDS,Mangaia Island,Inconnu,1
1901,COSTA RICA,Inconnu,Inconnu,1
1902,COSTA RICA,Inconnu,Port Limon,1
1903,COSTA RICA,Inconnu,San Juan River,1
1904,COSTA RICA,Limón Province,Off Porto Limon,1
1905,COSTA RICA,Limón Province,Parismina,1
1906,COSTA RICA,Nicoya Peninsula,Inconnu,1
1907,COSTA RICA,North Pacific coast,Playa Tamarindo,1
1908,COSTA RICA,Puntarenas Province,Puntarenas,1
1909,COSTA RICA,Turtle Bogue,Where Colorado River enters the sea,1
1910,CROATIA,Adriatic Sea,Medola,1
1911,CROATIA,Adriatic Sea,"Susak (Rijeka, Istria)",1
1912,CROATIA,Adriatic Sea,"Susak / Fiume (Rijeka, Istria)",1
1913,CROATIA,Inconnu,Buccari Bay,1
1914,CROATIA,Inconnu,Pula,1
1915,CROATIA,Istria,Ika,1
1916,CROATIA,Istria,Pula,1
1917,CROATIA,Istria County,Ika,1
1918,CROATIA,Istria County,Porec,1
1919,CROATIA,Istria County,Pula,1
1920,CROATIA,Lukovo,Inconnu,1
1921,CROATIA,Primorje-Gorski Kotar County,Bakar,1
1922,CROATIA,Primorje-Gorski Kotar County,Kraljevica,1
1923,CROATIA,Primorje-Gorski Kotar County,Mošćenička Draga,1
1924,CROATIA,Primorje-Gorski Kotar County,"Off Volusca, Opatija",1
1925,CROATIA,Primorje-Gorski Kotar County,Opatija,1
1926,CROATIA,Primorje-Gorski Kotar County,"Opatija, northwestern coast of Rijeka Bay",1
1927,CROATIA,Primorje-Gorski Kotar County,Preluka Harbour,1
1928,CROATIA,Primorje-Gorski Kotar County,"Volosko, Opatija",1
1929,CROATIA,"Split-Dalmatia Count,","Smokvina Bay, Vis Island",1
1930,CROATIA,"Split-Dalmatia Count,","Sucurja, Hvar Island,",1
1931,CROATIA,"Split-Dalmatia Count,","Sućuraj, Hvar Island",1
1932,CROATIA,Split-Dalmatia County,Bisk,1
1933,CROATIA,Split-Dalmatia County,"Lokva Rogoznica, Omis",1
1934,CROATIA,Zadar County,Biograd na moru,1
1935,CROATIA,Zadar County,Novigrad,1
1936,CUBA,Camaguey Province,Nuevitas Harbor,1
1937,CUBA,Camaguey Province,Santa Lucia,1
1938,CUBA,Caribbean Sea,20 miles from Havana,1
1939,CUBA,Caribbean Sea,Inconnu,1
1940,CUBA,Cienfuegos Province,Cienfuegos,1
1941,CUBA,Guantanamo Province,10 miles off Cape Maisi,1
1942,CUBA,Guantanamo Province,30 nm southeast of Guantanamo Bay,1
1943,CUBA,Guantanamo Province,Guantanamo,1
1944,CUBA,Guantanamo Province,Guantanamo Bay,1
1945,CUBA,Havana Province,Havana,1
1946,CUBA,Havana Province,"LaPlaya Beach / Vedado, Havana",1
1947,CUBA,Havana Province,"Miramar subdivision, Havana",1
1948,CUBA,Havana Province,"Miramar, Havana",1
1949,CUBA,Havana Province,"Off Jaimanitas Yacht Club, Havana",1
1950,CUBA,Havana Province,"Vedado Baths, Miramar, Havana",1
1951,CUBA,Holquin Province,Guardalavaca Beach,1
1952,CUBA,Holquin Province,Off Blau Costa Verde resort,1
1953,CUBA,Inconnu,60 miles off Trinidad de Cuba,1
1954,CUBA,Inconnu,Havana Harbor,1
1955,CUBA,Inconnu,off Neuvitas,1
1956,CUBA,Santiago de Cuba Province,Off Santiago de Cuba,1
1957,CUBA,Santiago de Cuba Province,Santiago de Cuba,1
1958,CUBA,Santiago de Cuba Province,Uvero,1
1959,CUBA,Villa Clara Province,Caibarien Harbor,1
1960,CUBA,Villa Clara Province,Remedios,1
1961,CUBA,Yucatan Channel,Inconnu,1
1962,CURACAO,Ascension Bay,Inconnu,1
1963,CYPRUS,Southern Cyprus,Larnaca,1
1964,DIEGO GARCIA,Inconnu,Inconnu,1
1965,DOMINICAN REPUBLIC,12 miles off the north coast,Boeing 757 enroute from Porta Plata,1
1966,DOMINICAN REPUBLIC,Altagracia Province,"Bavaro Beach, Punta Cana",1
1967,DOMINICAN REPUBLIC,Between DR and Puerto Rico,Mona Passage,1
1968,DOMINICAN REPUBLIC,Inconnu,Boca Chica,1
1969,DOMINICAN REPUBLIC,Inconnu,Inconnu,1
1970,DOMINICAN REPUBLIC,Samaná Province,Playa Jackson,1
1971,DOMINICAN REPUBLIC,Santo Domingo,Rio Haina Port,1
1972,ECUADOR,Galapagos,Inconnu,1
1973,ECUADOR,Galapagos Islands,Crewing on  the tuna clipper Mary Barbara,1
1974,ECUADOR,Galapagos Islands,Inconnu,1
1975,ECUADOR,Galapagos Islands,Isla Isabella,1
1976,ECUADOR,Galapagos Islands,Mosquera Islet,1
1977,ECUADOR,Galapagos Islands,"Punta Vicente Roca, Isabella Island",1
1978,ECUADOR,Galapagos Islands,San Cristobal Island,1
1979,ECUADOR,Galapagos Islands,Santa Cruz,1
1980,ECUADOR,Galapagos Islands,Santa Fe Island,1
1981,ECUADOR,Santa Cruz Island,"Playa Brava, Turtle Bay",1
1982,ECUADOR,Santa Elena,Barandúa Beach,1
1983,EGYPT,Gulf of Suez,Off Ras Gharib,1
1984,EGYPT,Inconnu,Brothers Island,1
1985,EGYPT,Inconnu,Brothers' Island,1
1986,EGYPT,Inconnu,"Coral Bay, Sharm-el-Sheikh",1
1987,EGYPT,Inconnu,Daedalus Reef,1
1988,EGYPT,Inconnu,Inconnu,1
1989,EGYPT,Inconnu,Marsa Alam,1
1990,EGYPT,Inconnu,Mersa Matruh,1
1991,EGYPT,Inconnu,South of Hurghada,1
1992,EGYPT,Mediterranean Sea,"Tzortzou Reef, Marsa Matruh",1
1993,EGYPT,Red Sea,A few miles south of Port Suez,1
1994,EGYPT,Red Sea,Daedalus Reef,1
1995,EGYPT,Red Sea,Elphinstone Reef,1
1996,EGYPT,Red Sea,Southern end of the Sinai Peninsula,1
1997,EGYPT,Red Sea Protectorate,"Dream Beach, Hurguda",1
1998,EGYPT,Red Sea Protectorate,Marsa Alam,1
1999,EGYPT,Red Sea Protectorate,Marsa Ghalib,1
2000,EGYPT,Sinai Peninsula,Off Sharm El-Sheikh,1
2001,EGYPT,Sinai Peninsula,Sharm el-Sheikh,1
2002,EGYPT,Sinai Peninsula,"Sha’ab Mahmud, Ras Mohamed Park",1
2003,EGYPT,Sinai Peninsula,The lagoon at Dahab,1
2004,EGYPT,South Sinai,Marsa Alam,1
2005,EGYPT,South Sinai,"Shark Reef, Ras Muhammed",1
2006,EGYPT,South Sinai Peninsula,"Middle Garden, Sharm el-Shiekh",1
2007,EGYPT,South Sinai Peninsula,Sharm el-Sheikh,1
2008,EGYPT,South Sinai Peninsula,Sharm-el-Sheikh,1
2009,EGYPT,Suez,Ain Sokhna,1
2010,EGYPT,Suez Canal,Port Said,1
2011,EGYPT / ISRAEL,"South Sinai, Gulf of Aqaba","1 km off the mouth of Marsa Bereika, north of Ras Mohammed",1
2012,EL SALVADOR,La Libertad,50 miles off Port La Libertad,1
2013,EL SALVADOR,La Libertad,El Cocal Beach,1
2014,EL SALVADOR,La Libertad,La Libertad,1
2015,EL SALVADOR,La Libertad,near El Cocal Beach,1
2016,ENGLAND,"Between Hastings & Fairlight, Sussex",Inconnu,1
2017,ENGLAND,Cornwall,Off Land's End,1
2018,ENGLAND,Cornwall,Penzance,1
2019,ENGLAND,Cumberland,Whitehaven,1
2020,ENGLAND,Devon,Mill Bay,1
2021,ENGLAND,Devon,Teignmouth,1
2022,ENGLAND,East Yorkshire,Hornsea,1
2023,ENGLAND,English Channel,Inconnu,1
2024,ENGLAND,In the English Channel,Off the south Devon coast,1
2025,ENGLAND,Inconnu,Isle of Wight,1
2026,ENGLAND,Inconnu,On the Thames River,1
2027,ENGLAND,Isle of Wight,Colwell Bay,1
2028,ENGLAND,Isle of Wight,Off Shanklin,1
2029,ENGLAND,Kent,Folkestone,1
2030,ENGLAND,Norfolk,Hunstanton,1
2031,ENGLAND,North Devon,Lundy Island,1
2032,ENGLAND,Sussex,Brighton,1
2033,ENGLAND,West Sussex,Littlehampton,1
2034,ENGLAND,Worcestershire,The Fountain Pub in Tenbury Wells,1
2035,EQUATORIAL GUINEA / CAMEROON,Fernando Po Island,Inconnu,1
2036,FALKLAND ISLANDS,Inconnu,Inconnu,1
2037,FEDERATED STATES OF MICRONESIA,Eastern Caroline Islands,"Koop Reef, Truk (Chuuk)",1
2038,FIJI,"19S, 178?E","Wotua Beach, 70 miles from Suva",1
2039,FIJI,Cikobia Island (north of Vanua Levu),Inconnu,1
2040,FIJI,Inconnu,70 miles from Suva,1
2041,FIJI,Inconnu,Beqa,1
2042,FIJI,Inconnu,Between Kadavu & Beqa,1
2043,FIJI,Inconnu,Matacucu Reef,1
2044,FIJI,Inconnu,Near Lautoka,1
2045,FIJI,Inconnu,Nukudamu,1
2046,FIJI,Inconnu,Savuli Reef,1
2047,FIJI,Inconnu,a river,1
2048,FIJI,Inconnu,reef 40km east Vanua Levu,1
2049,FIJI,Lau Group,Totoya,1
2050,FIJI,Lau Group,"Tovu, Totoya Island",1
2051,FIJI,Lau Province,"Dravuwalu, Totoya Island",1
2052,FIJI,Laucala Island,Inconnu,1
2053,FIJI,Lomaiviti  Island Group,"Taibaisa Passage, Gau Island",1
2054,FIJI,Lomaiviti Province,"Levuka, Ovalau Island",1
2055,FIJI,Lomaiviti Provine,"Levuka Point, Ovalau Island",1
2056,FIJI,"Lomaloma, Lau",Tuvuca Isalnd,1
2057,FIJI,Muala,Inconnu,1
2058,FIJI,Northwest of Viti Levu,"Covull Reef, near Lautoka",1
2059,FIJI,Off Vanua Levu,Nara Reef,1
2060,FIJI,Tavenui,Inconnu,1
2061,FIJI,Taveuni,Garden Island Resort,1
2062,FIJI,Taveuni,Off a small island 5 km from Garden Island Resort,1
2063,FIJI,Taveuni,Welagi coastal reef off Drekeniwai,1
2064,FIJI,Taveuni Island,Ura Estate,1
2065,FIJI,Vanua Levu,Cakau Levu,1
2066,FIJI,Vanua Levu,Dawara,1
2067,FIJI,Vanua Levu,Inconnu,1
2068,FIJI,Vanua Levu,"Nailou Village, Tunuloa Natewa Bay",1
2069,FIJI,Vanua Levu,Off the Bua coast,1
2070,FIJI,Vanua Levu,"Tawake, Cakaudrove",1
2071,FIJI,Vita Levu,Korolevu (South coast between Nadi & Suva),1
2072,FIJI,Vita Levu,Naviti,1
2073,FIJI,Viti Levu,Near Suva,1
2074,FIJI,Viti Levu,Singatoka River,1
2075,FIJI,Viti Levu,Suva Harbor,1
2076,FIJI,Viti Levu Island,"Na Koro Vatu, Rewa River",1
2077,FIJI,Viti Levu Island,Navua,1
2078,FIJI,Viti Levu Island,Rewa River,1
2079,FIJI,Viti Levu Island,Suva Harbor,1
2080,FIJI,Viti Levu Island,"Suva Harbor, Suva",1
2081,FIJI,Viti Levu Island,Tamavua River,1
2082,FIJI,Viti Levu group,Beqa,1
2083,FIJI,Vitu Levu,"Malake Island, Ra Province",1
2084,FIJI,Wakaya Island,Inconnu,1
2085,FIJI,Yasawa Islands,Nabukeru,1
2086,FIJI,Yasawa Islands,Turtle Island,1
2087,FIJI,Yasawa Islands,Waya Island,1
2088,FRANCE,Alpes Maritime,Antibes,1
2089,FRANCE,Antibes,Inconnu,1
2090,FRANCE,Bay of Biscay,Inconnu,1
2091,FRANCE,Brittany,Brest,1
2092,FRANCE,Côte d'Azur,Antibes,1
2093,FRANCE,Côte d'Azur,Between Nice & Villefranche,1
2094,FRANCE,Côte d'Azur,St. Tropez,1
2095,FRANCE,Gulf of Lyons,Gruissan,1
2096,FRANCE,Inconnu,Inconnu,1
2097,FRANCE,Inconnu,Nice,1
2098,FRANCE,Nice & Marseilles,Inconnu,1
2099,FRANCE,Provence,"la Badine, Hyères",1
2100,FRANCE,Wallis and Futuna,Wallis Island,1
2101,FRENCH POLYNESIA,Bora Bora,Anau,1
2102,FRENCH POLYNESIA,Bora Bora,Inconnu,1
2103,FRENCH POLYNESIA,Bora Bora,To'opua,1
2104,FRENCH POLYNESIA,Central Tuamotu,"Tupapati, Hikueru Atoll",1
2105,FRENCH POLYNESIA,Inconnu,"Makemo atoll,",1
2106,FRENCH POLYNESIA,Inconnu,One week out of Pápete,1
2107,FRENCH POLYNESIA,Marquesas,"Atuona Bay, Hiva Oa Island",1
2108,FRENCH POLYNESIA,Marquesas,Ua Huka,1
2109,FRENCH POLYNESIA,Marquesas,Ua Pou,1
2110,FRENCH POLYNESIA,Moorea,Afareitu Lagoonarium.,1
2111,FRENCH POLYNESIA,Moorea,Opunohu Bay,1
2112,FRENCH POLYNESIA,Moorea,Tiahura Lagoon,1
2113,FRENCH POLYNESIA,Rangiroa,Avatoru Pass,1
2114,FRENCH POLYNESIA,Society Islands,Huahine,1
2115,FRENCH POLYNESIA,Society Islands,Moorea,1
2116,FRENCH POLYNESIA,Society Islands,"Tapu, a dive site on the outer reefs of Bora Bora",1
2117,FRENCH POLYNESIA,Society Islands,"Teahupoo, Tahiti",1
2118,FRENCH POLYNESIA,Society Islands,Tetiaroa,1
2119,FRENCH POLYNESIA,Tahiti,"Matavai Bay, Arue, Papetee",1
2120,FRENCH POLYNESIA,Tahiti,"Pointe des pêcheurs, Punaahuia",1
2121,FRENCH POLYNESIA,Tahiti,Rangiroa,1
2122,FRENCH POLYNESIA,Tahiti,Tautira,1
2123,FRENCH POLYNESIA,Tahiti,Vallée Blanche,1
2124,FRENCH POLYNESIA,Tuamotos,Takapoto Atoll,1
2125,FRENCH POLYNESIA,Tuamotu Islands,Tikehau,1
2126,FRENCH POLYNESIA,Tuamotus,Ahé Atoll,1
2127,FRENCH POLYNESIA,Tuamotus,Kaukura Atoll,1
2128,FRENCH POLYNESIA,Tuamotus,"North Pass, Fakarava",1
2129,FRENCH POLYNESIA,Tuamotus,"Outer edge of Hikueru, one of the Central Tuamotu atolls",1
2130,FRENCH POLYNESIA,Tuamotus,Rangiroa,1
2131,GABON,Estuaire Province,Owendo,1
2132,GEORGIA,Inconnu,"Savannah River, Chatham County",1
2133,GHANA,Cape Coast,Inconnu,1
2134,GRAND CAYMAN,East Wall,Jack McKenney's Canyon,1
2135,GREECE,Andikira Fokithes,Inconnu,1
2136,GREECE,Attica,Keratsini,1
2137,GREECE,Carpathian Sea,Dodecanese Islands,1
2138,GREECE,Corfu,Off the harbor wall at Mandrakina,1
2139,GREECE,Corfu Island,Kérkira,1
2140,GREECE,Cyclades,Near Mykonos Island,1
2141,GREECE,Cyclades archipelago,Between the islands of Tenos and Andros,1
2142,GREECE,Inconnu,33 nautical miles off Othonoi Island,1
2143,GREECE,Inconnu,Kalamata,1
2144,GREECE,Inconnu,"Piraeus, Athens",1
2145,GREECE,Inconnu,Salonika?,1
2146,GREECE,Island of Kos,Inconnu,1
2147,GREECE,Northern Peloponnese,Patras,1
2148,GREECE,Pagasitikos Gulf,Inconnu,1
2149,GREECE,Thessaly,near Trikerion Island,1
2150,GREENLAND,Inconnu,Inconnu,1
2151,GRENADA,St. Georges,Black Point Bay,1
2152,GUAM,Merizo,Achang Reef,1
2153,GUAM,North Region,Ritidian Point,1
2154,GUATEMALA,Inconnu,Inconnu,1
2155,GUINEA,Conakry Region,Ile de Loss,1
2156,GULF OF ADEN,Between Somalia & Yemen,Inconnu,1
2157,GUYANA,Demerara County,Off the Demerara River,1
2158,GUYANA,Essequibo,Essequibo River Mouth,1
2159,GUYANA,Inconnu,Demerara,1
2160,HAITI,Cape Haitien,Marine Dock,1
2161,HAITI,Off Cape Haitien,Inconnu,1
2162,HAITI,Tiburon Peninsula,Aux Cayes (now Les Cayes),1
2163,HONDURAS,Bay Islands,Utila,1
2164,HONDURAS,Black River,Inconnu,1
2165,HONDURAS,Cortés,Off Puerto Cortez (Caribbean coast),1
2166,HONDURAS,Inconnu,Mouth of the Ullua River,1
2167,HONG KONG,Clearwater Bay,First Beach,1
2168,HONG KONG,Ho Ha Wan Marine Park,Inconnu,1
2169,HONG KONG,Inconnu,"Basalt Island, 9km from Silverstrand",1
2170,HONG KONG,Inconnu,Junk Bay,1
2171,HONG KONG,Inconnu,Mirs Bay,1
2172,HONG KONG,Inconnu,Tweed Beach,1
2173,HONG KONG,Kowloon Peninsula,Sai Kung,1
2174,HONG KONG,New Territories,Sai Kung Beach,1
2175,HONG KONG,New Territories,Sheung Sz Wan,1
2176,HONG KONG,New Territories,Sheung Sze Wan Beach,1
2177,HONG KONG,New Territories,Silverstrand,1
2178,HONG KONG,"On the Kowloon penisula, south of Sai Kung",Silverstrand,1
2179,HONG KONG,Port Shelter,"Silverstrand Beach, near Hung Hau",1
2180,HONG KONG,South China Sea 200 miles from Hong Kong,Inconnu,1
2181,ICELAND,Bardestrand,Talkknefiord,1
2182,ICELAND,Fishing Grounds,Inconnu,1
2183,INDIA,"22ºN, 88ºE","Calcutta, Hoogly River at  one of the ghats",1
2184,INDIA,"22ºN, 88ºE","Hatkolah, Ghat,",1
2185,INDIA,"22ºN, 88ºE",Hoogly River at Multah,1
2186,INDIA,"22ºN, 88ºE",Near Sobah Bazar,1
2187,INDIA,Andaman Islands,Port Blair,1
2188,INDIA,Bay of Bengal,Madras Harbor,1
2189,INDIA,Gujarat,Cutch Coast,1
2190,INDIA,Hoogly River,Ghat,1
2191,INDIA,Hoogly River,Near Calcutta,1
2192,INDIA,Inconnu,"At Panihattu, Barrackpore, Dackhineshwar, Barahonagore, Kashipur & Chitpur down to Baug Bazar ghats",1
2193,INDIA,Inconnu,Chennai,1
2194,INDIA,Inconnu,Hooghly River,1
2195,INDIA,Inconnu,Off Trivandrum (west coast),1
2196,INDIA,Inconnu,"Triplicane Beach, Chennai",1
2197,INDIA,Kerala,River Cochin,1
2198,INDIA,Maharashtra,Bombay (now Mumbai),1
2199,INDIA,Orissa,Machhagan,1
2200,INDIA,Orissa,Mouth of Devi River at Machgaon,1
2201,INDIA,Tamil Nadu,"Mahabalipuram beach, 37 km south of Chennai",1
2202,INDIA,Tamil Nadu,St. Thomé,1
2203,INDIA,Tamil Nadu,Tuticorin,1
2204,INDIA,Tamil Nadu,"Vanagiri, Madras (Chennai), Bay of Bengal",1
2205,INDIA,West Bengal,(Calcutta?),1
2206,INDIA,West Bengal,Ganges Delta,1
2207,INDIA,West Bengal,Ganges River,1
2208,INDIA,West Bengal,Hooghley River near Budge-Budge,1
2209,INDIA,West Bengal,Hooghly River mouth,1
2210,INDIA,West Bengal,Hoogly River,1
2211,INDIA,West Bengal,"Hoogly River, Calcutta",1
2212,INDIA,West Bengal,"Panihati, 4 miles south of Barrackpore on the Hoogly River",1
2213,INDIAN OCEAN,Between Noumea & Sydney,Inconnu,1
2214,INDIAN OCEAN,Between Perth & Colombo,Inconnu,1
2215,INDIAN OCEAN,Inconnu,Between Straits of Malacca and Sri Lanka,1
2216,INDIAN OCEAN,Inconnu,Bound from Cape Town for St. Helena,1
2217,INDIAN OCEAN,West of Ceylon (Sri  Lanka),300 nm from shore,1
2218,INDIAN OCEAN?,Inconnu,Inconnu,1
2219,INDONESIA,30 nm from Singapore,Rhio Strait,1
2220,INDONESIA,Bali,Tabanan,1
2221,INDONESIA,East Flores,Waewerang,1
2222,INDONESIA,East Java,Probolinggo,1
2223,INDONESIA,East Java,Surabaya,1
2224,INDONESIA,Inconnu,40 miles from Tahane Island,1
2225,INDONESIA,Inconnu,Bali,1
2226,INDONESIA,Inconnu,"Shark caught in Indonesia, offloaded to trawler that docked at Samut Prakan, 20 miles south of Bangkok, Thailand",1
2227,INDONESIA,Jakarta Harbour,On rock near Yacht Club,1
2228,INDONESIA,Java,Jakarta Harbor,1
2229,INDONESIA,Maluku Province,Aru Islands,1
2230,INDONESIA,Moluccas,South Aroo Island,1
2231,INDONESIA,North Sumatra,Near Belawan,1
2232,INDONESIA,Nusa Tenggara,Off Rakit Island,1
2233,INDONESIA,Sumatra,Off Acheen Head,1
2234,IRAN,Bandar Ma’shur sea inlet,Inconnu,1
2235,IRAN,Inconnu,"Ramin, near Ahvaz",1
2236,IRAN,Karun River,A village a short distance from Hesamabad,1
2237,IRAN,Karun River,Hesamabad,1
2238,IRAN,Karun River,"near Band Misan in Shustar, 420 km from the sea",1
2239,IRAN,Khuzestan Province,"Ahvaz, on the Karun River, 275 km from the sea",1
2240,IRAN,Khuzestan Province,"Dorquain, on the Karun River",1
2241,IRAN,Shat-Al-Arab River,Abadan,1
2242,IRAN,Shatt-el-Arab River,Inconnu,1
2243,IRAN / IRAQ,Shatt-al-Arab River,Vicinity of Abadan,1
2244,IRAQ,Basrah,Shatt-al Arab River,1
2245,IRAQ,Basrah,Shatt-al-Arab River near Abu al Khasib,1
2246,IRAQ,Basrah City,"Ashar Canal, where people wash clothes & kitchen pans",1
2247,IRAQ,Inconnu,River Tigris,1
2248,IRAQ,Inconnu,Shatt-al Arab River,1
2249,IRELAND,County Cork,Inconnu,1
2250,IRELAND,Off Ireland,82 miles from Fastnet,1
2251,ISRAEL,Gaza,Jura Village,1
2252,ISRAEL,Herzliyah,Sidny Ali,1
2253,ISRAEL,Inconnu,Haifa,1
2254,ISRAEL,Inconnu,Nabi Rubin,1
2255,ISRAEL,Red Sea,"North Beach, Eilat",1
2256,ISRAEL,Sharon,2 km north of Apollonia,1
2257,ISRAEL,Southern District,Ashdod,1
2258,ISRAEL,Tel Aviv,Inconnu,1
2259,ITALY,40 miles south of Naples,Tyrrhenian Sea,1
2260,ITALY,Adriatic Sea,Inconnu,1
2261,ITALY,Adriatic Sea,Riccione,1
2262,ITALY,Adriatic Sea,San Benedetto,1
2263,ITALY,Adriatic Sea,Trieste,1
2264,ITALY,Ancona Province,Ancona,1
2265,ITALY,Brindisi Province,Brindisi,1
2266,ITALY,Calabria,Bagnara Calabra,1
2267,ITALY,Calabria,Cosenza,1
2268,ITALY,Calabria,Nicotera,1
2269,ITALY,"Chieti, Province",Torino di Sangro,1
2270,ITALY,Genoa  Province,Riva Trigoso,1
2271,ITALY,Genoa Province,Cervara,1
2272,ITALY,Golfo de Venezia,Acqua alta research platform,1
2273,ITALY,Golfo di Genova in the Ligurian Sea,Varazze,1
2274,ITALY,Imperia Province,Bordighera,1
2275,ITALY,Inconnu,Lampedusa Island,1
2276,ITALY,Inconnu,Naples,1
2277,ITALY,Inconnu,Rimini,1
2278,ITALY,Inconnu,Savona,1
2279,ITALY,Inconnu,Trieste,1
2280,ITALY,Liguaria,Finale Ligure,1
2281,ITALY,Liguria,Borgeo Verezzi,1
2282,ITALY,Liguria,"Galliera dock, Genoa",1
2283,ITALY,Liguria,"Marinella Sarzana, La Spezia",1
2284,ITALY,Liguria,Savona,1
2285,ITALY,Ligurian Sea,"Genova, S. Nazaro, Punta Vagno",1
2286,ITALY,Ligurian Sea,"Portofino, 20 miles offshore, Tigullio Bay, Santa Margherita Ligure (Liguria)",1
2287,ITALY,Manfredonia,Ippocampo,1
2288,ITALY,Marches region,12 miles off Senigallia (Adriatic Sea),1
2289,ITALY,Naples Province,"Torre del Greco, Naples",1
2290,ITALY,Northwest Italy,Riomaggiore (Ligura),1
2291,ITALY,Reggio Calabria Province,Bovalino,1
2292,ITALY,Salerno,Amalfi,1
2293,ITALY,Salerno Province,Salerno,1
2294,ITALY,Sardinia,Golfo di Oristano,1
2295,ITALY,Sardinia,Inconnu,1
2296,ITALY,Sardinia,Muravera,1
2297,ITALY,Sardinia,"Ponte della Maddelena,",1
2298,ITALY,Savona,Albenga,1
2299,ITALY,Sicily,Catania,1
2300,ITALY,Sicily,"Off Capo San Croce, near Augusta (Catania)",1
2301,ITALY,Sicily,Off Mondello Lighthouse,1
2302,ITALY,Sicily,Punta Secca,1
2303,ITALY,Sicily,Strait of Messina,1
2304,ITALY,Strait of Messina,Off Calabria,1
2305,ITALY,Syracuse,Capo Santa Croce,1
2306,ITALY,Taranto,Torre Colimena,1
2307,ITALY,Taranto province,"Pulsano, near Taranto",1
2308,ITALY,Teramo,Giulianova,1
2309,ITALY,Trieste,Inconnu,1
2310,ITALY,Tuscany,"Cala del Corvo, Isola del Giglio",1
2311,ITALY,Tuscany,Elba Island,1
2312,ITALY,Tuscany,"Marinella, between Punta Blanca & Marine del Carrara",1
2313,ITALY,Tuscany,Viareggio,1
2314,ITALY,Tyrrenian Sea,1.5 miles south of  San Felice Circeo,1
2315,ITALY,Tyrrhenian Sea,"Biodola, Isola d'Elba",1
2316,ITALY,Tyrrhenian Sea,Capo d'Anzio,1
2317,ITALY,Tyrrhenian Sea,"Circeo, Secca del Faro",1
2318,ITALY,Tyrrhenian Sea,"Circeo, Secca del Quadro",1
2319,ITALY,Tyrrhenian Sea,"Golfo di Baratti, near Piombino (Tuscany)",1
2320,ITALY,Tyrrhenian Sea,"Lacona, Isola d'Elba",1
2321,ITALY,Tyrrhenian Sea,San Vincenzo,1
2322,ITALY,Tyrrhenian Sea,"Sprizze, Isola d'Elba",1
2323,ITALY,Venice Province,Chioggia,1
2324,ITALY,Venice Province,Off Chioggia,1
2325,ITALY / CROATIA,Inconnu,Kralievica,1
2326,JAMAICA,Clarendon,Off Rocky Point,1
2327,JAMAICA,Inconnu,Kingston,1
2328,JAMAICA,Inconnu,Kingston Harbor,1
2329,JAMAICA,Kingston Parish,"Coal wharf, Port Royal",1
2330,JAMAICA,Kingston Parish,"East Beach, Kingston",1
2331,JAMAICA,Kingston Parish,Pedro Cays,1
2332,JAMAICA,St. Catherine,Pillikin Red Light area,1
2333,JAMAICA,St. Mary's Parish,"Priestman's River area, East Portland",1
2334,JAMAICA,St. Marys Parish,James Bond Beach,1
2335,JAMAICA,Trelawney Province,Bogue (near Falmouth),1
2336,JAMAICA,Westmoreland Parish,Cabaritta River mouth,1
2337,JAMAICA,Westmoreland Parish,"Little Bay, Little London",1
2338,JAPAN,Aichi Prefecture,Atsumi Peninsula,1
2339,JAPAN,Atsumi peninsula,Aichi,1
2340,JAPAN,Bonin Islands,Inconnu,1
2341,JAPAN,Ehime Prefecture,"1.5 km north of Igata-cho, 60 km south of Matsyama",1
2342,JAPAN,Ehime Prefecture,Iyo,1
2343,JAPAN,Ehime Prefecture,"Nagahama-cho, 40 km southwest of Matsuyama",1
2344,JAPAN,Hokkaido Prefecture,"Okushiri Island, Hiyama Subprefecture",1
2345,JAPAN,Ibaraki Prefecture,Mito,1
2346,JAPAN,Izo Islands,"Mikura-jima Island, 150 miles south of Tokyo",1
2347,JAPAN,Kagawa Prefecture,Sakaide,1
2348,JAPAN,Kagoshima Prefecture,Tatsugo-cho,1
2349,JAPAN,Kochi Prefecture,Irino Beach,1
2350,JAPAN,Kumamoto Prefecture,Ariake Bay,1
2351,JAPAN,Nagasaki Prefecture,Oomura Bay,1
2352,JAPAN,Okayama Prefecture,Saidaiji,1
2353,JAPAN,Okayama Prefecture,Ushimado,1
2354,JAPAN,Okayama Prefecture,Usimado-no-Seto,1
2355,JAPAN,Okinawa,Nago,1
2356,JAPAN,Okinawa Prefecture,Off Miyako Island,1
2357,JAPAN,Ryukyu,Inconnu,1
2358,JAPAN,Sago Prefecture,Ariakeno Bay,1
2359,JAPAN,Sea of Japan,Inconnu,1
2360,JAPAN,Sea of Japan,Kanazawa?,1
2361,JAPAN,Shizuoka Prefecture,Iwata City,1
2362,JAPAN,Southern Japan,460 miles off Iwakuni,1
2363,JAPAN,Tokyo Bay,Inconnu,1
2364,JAPAN,Tokyo Prefecture,Ogasawara Islands,1
2365,JAPAN,Wakayama Prefecture,"Isonoura Beach, Wakayama City",1
2366,JAPAN,Wakayama Prefecture,Susami,1
2367,JAVA,Northern Java,Off Cheribon,1
2368,JORDAN,Aqaba,Inconnu,1
2369,KENYA,Coast Province,"Mama Ngina Beach, Mombasa",1
2370,KENYA,Coast Province,Mombasa,1
2371,KENYA,Coast Province,Port Kilindeni / Mombasa Harbor,1
2372,KENYA,Coast Province,Watamu,1
2373,KENYA,Lamu Archipelago,South of Lamu Island,1
2374,KENYA,Mombasa,Likoni Channel,1
2375,KIRIBATI,740 miles SE of Tarawa Atoll,Inconnu,1
2376,KIRIBATI,Gilbert Islands,Beru,1
2377,KIRIBATI,Line Islands,Flint Island,1
2378,KIRIBATI,Phoenix Islands,Nikumaroro Island,1
2379,KUWAIT,Inconnu,Inconnu,1
2380,LEBANON,Inconnu,Off Tripoli,1
2381,LEBANON,Mount Lebanon,Batroun,1
2382,LIBERIA,Inconnu,Inconnu,1
2383,LIBERIA,Montserrado,Monrovia,1
2384,LIBERIA,Montserrado,"West Breakwater, Monrovia / Freeport",1
2385,LIBYA,Inconnu,Gars Garabulli,1
2386,LIBYA,Mediterranean Sea,Off Tripoli,1
2387,LIBYA,Mediterranean Sea,Tripoli,1
2388,MADAGASCAR,18S / 50E,Inconnu,1
2389,MADAGASCAR,Antsiranana Province,"Ambatolaoka, Nosy Be Island",1
2390,MADAGASCAR,Inconnu,"Onboard tuna boat, M.V. Toscui Maru",1
2391,MADAGASCAR,Inconnu,Shipwrecked Ferry M/V Samsonnette,1
2392,MALAYSIA,Johor,Pulau Aur,1
2393,MALAYSIA,Kedah,Palau Payar,1
2394,MALAYSIA,Off the western coast of peninsular Malaysia,Pulau Pangkor (Pangkor Island),1
2395,MALAYSIA,Sepang,Bagan Lalang Beach,1
2396,MALAYSIA,Strait of Malacca,Pulau Payar Island,1
2397,MALDIVE ISLANDS,400 miles southeast of Sri Lanka,Inconnu,1
2398,MALDIVES,Alifu Alifu Atoll,Madoogali,1
2399,MALDIVES,Inconnu,"Maafilaafushi Island, Lhaviyani Atoll",1
2400,MALDIVES,Raa Atoll,Faadoo Island,1
2401,MALDIVES,Vaavu Atoll,Inconnu,1
2402,MALTA,Congreve Channel,between Filfla Island and Wied iz-Zurrieq,1
2403,MALTA,Harare Province,Marsaskala,1
2404,MALTA,Inconnu,"Off Fort St. Elmo, Valetta",1
2405,MALTA,Munxar Reef,Marsascala,1
2406,MALTA,St. Thomas Bay,Marsascala,1
2407,MARSHALL ISLANDS,Eniwetok Atoll,Lagoon along Sand Island,1
2408,MARSHALL ISLANDS,Illeginni Atoll,Inconnu,1
2409,MARSHALL ISLANDS,Kwajalein,Inconnu,1
2410,MARSHALL ISLANDS,Kwajalein Atoll,Roi-namur Island,1
2411,MARSHALL ISLANDS,Ralik Chain,Kwajalein Atoll,1
2412,MARSHALL ISLANDS,Ratak,Ailuk Island,1
2413,MARTINIQUE,Inconnu,Fort de France,1
2414,MARTINIQUE,Inconnu,Foundering of the privateer Holker,1
2415,MARTINIQUE,Inconnu,Inconnu,1
2416,MAURITIUS,300 miles east of Mauritius,Inconnu,1
2417,MAURITIUS,Cargados Carajos Shoals (St. Brandon),Inconnu,1
2418,MAURITIUS,Grand Baie,Pointe aux Canonniers,1
2419,MAURITIUS,Inconnu,Belle-Mare,1
2420,MAURITIUS,Inconnu,Inconnu,1
2421,MAURITIUS,Inconnu,Mahebourg,1
2422,MAURITIUS,Inconnu,Two miles from shore in Tamarind Bay,1
2423,MAURITIUS,Pamplemousses,Le Goulet,1
2424,MAURITIUS,Port Louis Province,Port Louis,1
2425,MAURITIUS,Rodrigues,Inconnu,1
2426,MAYOTTE,Mozambique Channel,Inconnu,1
2427,MEDITERRANEAN SEA,Inconnu,Inconnu,1
2428,MEXICO,Baja,Magdalena Bay,1
2429,MEXICO,Baja California,Descano Point,1
2430,MEXICO,Baja California,Playas de Tijuana,1
2431,MEXICO,Baja California,San Luis beach,1
2432,MEXICO,Baja California Sur,"Los Arbolitos, Cabo Pulmo",1
2433,MEXICO,Bay of Campeche,Inconnu,1
2434,MEXICO,Cabo San Lucas,Inconnu,1
2435,MEXICO,Colima,La Ticla,1
2436,MEXICO,Colima,Manzanillo,1
2437,MEXICO,Colima,"Manzanillo, Revillagigedo Islands",1
2438,MEXICO,Colima,Revillagigedo Islands,1
2439,MEXICO,Guerrero,Acapulco Bay,1
2440,MEXICO,Guerrero,"Boca de la Leña, La Unión",1
2441,MEXICO,Guerrero,"Caleta Beach, Acapulco",1
2442,MEXICO,Guerrero,"Copacabana Beach, Acapulco",1
2443,MEXICO,Guerrero,Ixtapa,1
2444,MEXICO,Guerrero,La Playa Hornos (near Acapulco),1
2445,MEXICO,Guerrero,Off Barra Vieja,1
2446,MEXICO,Guerrero,Troncones,1
2447,MEXICO,Guerrero,Zacatula,1
2448,MEXICO,Guerro,Acapulco,1
2449,MEXICO,Guerro,Pantla Beach,1
2450,MEXICO,Guerro,Playa Linda,1
2451,MEXICO,Guerro,Troncones Beach,1
2452,MEXICO,Guerrrero,Northwest of Acapulco,1
2453,MEXICO,Gulf of California,Tobari Bay,1
2454,MEXICO,Guyamas,San Pedro Nolasco Island,1
2455,MEXICO,Inconnu,LaBarra,1
2456,MEXICO,Inconnu,Santa Maria Bar,1
2457,MEXICO,Mexico / Caribbean Sea,Isla Mujeres,1
2458,MEXICO,Oaxaca,Salina Cruz,1
2459,MEXICO,Oaxaca,Tehuantepec Harbor,1
2460,MEXICO,Quinta Roo,Cabo Catoche,1
2461,MEXICO,Quintana Roo,Cancun,1
2462,MEXICO,Quintana Roo,Cancún,1
2463,MEXICO,Quintana Roo,Chinchorro Banks,1
2464,MEXICO,Quintana Roo,"Delfines Beach, Cancun",1
2465,MEXICO,Quintana Roo,"Gaviotas Beach, Cancun",1
2466,MEXICO,Quintana Roo,Mahahual,1
2467,MEXICO,Quintana Roo,"Santa Rosa Shallows, Cozumel",1
2468,MEXICO,Quintana Roo,"Seagull Beach, Cancun",1
2469,MEXICO,Quintana Roo,Xcalak,1
2470,MEXICO,Sinaloa,Mazatlán,1
2471,MEXICO,Sinaloa,Mazlatan,1
2472,MEXICO,Sinaloa,Nuevo Altata,1
2473,MEXICO,Sonora,Southeast of Puerto Peñasco,1
2474,MEXICO,Sonora,Yavaros,1
2475,MEXICO,Tabasco,"Sánchez Magallanes, Cárdenas",1
2476,MEXICO,Tamaulipas,"Miramar Beach, Tampico",1
2477,MEXICO,Tamaulipas,"Playa Baghdad, Matamoros",1
2478,MEXICO,Vera Cruz,Outside Vera Cruz Harbor,1
2479,MEXICO,Vera Cruz,Vera Cruz,1
2480,MEXICO,Vera Cruz,Vera Cruz Harbor,1
2481,MEXICO,Veracruz,Cabo Rojo,1
2482,MEXICO,Veracruz,Coatzacoalcos,1
2483,MEXICO,Veracruz,Panuco River Mouth,1
2484,MEXICO,Veracruz,Playa Villa del Mar,1
2485,MEXICO,Veracruz,"Tlacotalpan, Vera Cruz",1
2486,MEXICO,Veracruz,Vera Cruz,1
2487,MEXICO,Veracruz,Vera Cruz Harbor,1
2488,MEXICO,Veracruz,Veracruz,1
2489,MEXICO,Yucatan,Cozumel,1
2490,MICRONESIA,Caroline Islands,"Pision Reef, Truk",1
2491,MICRONESIA,Eastern Caroline Islands,Truk Lagoon,1
2492,MICRONESIA,Namonuito Atoll,Pisarach (Pisaras),1
2493,MID ATLANTIC OCEAN,165  miles from Bermuda,Inconnu,1
2494,MID ATLANTIC OCEAN,Between England & South Africa,Inconnu,1
2495,MID ATLANTIC OCEAN,Inconnu,Bound from New York to London in ballast,1
2496,MID ATLANTIC OCEAN,Inconnu,Off Bermuda,1
2497,MID ATLANTIC OCEAN,Inconnu,Venezuelan aircraft lost,1
2498,MID-PACIFC OCEAN,(Southwestern Pacific),Inconnu,1
2499,MONACO,Bay of Monaco,Inconnu,1
2500,MONTENEGRO,Adriatic Sea,Between St. Stjepan and Budva,1
2501,MONTENEGRO,Adriatic Sea,Budva,1
2502,MONTENEGRO,Adriatic Sea,"Mogren Beach, Budva",1
2503,MOZAMBIQUE,Bay of Maputo,Xefina Island,1
2504,MOZAMBIQUE,Bay of Maputu,Catembe,1
2505,MOZAMBIQUE,Between Beira & Maputo,Inconnu,1
2506,MOZAMBIQUE,Delagoa Bay,Bella Vista,1
2507,MOZAMBIQUE,Gaza,"Bilene Bay, 180 km north of Maputo",1
2508,MOZAMBIQUE,Gaza,"Chongeone, Xai Xai",1
2509,MOZAMBIQUE,Gaza,"Sepulveda Beach, Xai Xai",1
2510,MOZAMBIQUE,Inconnu,"Limpopo River, 547 km from the sea",1
2511,MOZAMBIQUE,Inhambane Province,Chidenguele,1
2512,MOZAMBIQUE,Inhambane Province,Maxixe,1
2513,MOZAMBIQUE,Inhambane Province,"Maxixe, Inhambane Bay",1
2514,MOZAMBIQUE,Inhambane Province,"Nahaduga, Inhambane Bay",1
2515,MOZAMBIQUE,Inhambane Province,Off Vilanculo,1
2516,MOZAMBIQUE,Inhambe Province,"Inhambe Bay Estuary, 10 to 12 miles inland from the sea",1
2517,MOZAMBIQUE,Inhambe Province,"Inhasoka, Inhambe Bay",1
2518,MOZAMBIQUE,Limpopo River,190 km to 240 km from the sea,1
2519,MOZAMBIQUE,Limpopo River,3.2 km inland,1
2520,MOZAMBIQUE,Maputo Province,Inhaca Island,1
2521,MOZAMBIQUE,Maputo Province,Lourenco Marques,1
2522,MOZAMBIQUE,Maputo Province,Ponto do Ouro,1
2523,MOZAMBIQUE,Maputo Province,"Xefina Island, Bay of Maputo",1
2524,MOZAMBIQUE,Sofala Province,Beira,1
2525,MOZAMBIQUE,Zambesi River,Portuguese territory,1
2526,NAMIBIA,Eronogo Region,Walvis Bay,1
2527,NAMIBIA,Inconnu,Inconnu,1
2528,NETHERLANDS ANTILLES,Curacao,Inconnu,1
2529,NEVIS,Inconnu,Castle Beach,1
2530,NEW BRITAIN,East New Britain Province,Kokopo,1
2531,NEW BRITAIN,East New Britain Province,Rabaul,1
2532,NEW BRITAIN,"South Coast, East New Britain",Pomio,1
2533,NEW BRITAIN,West coast,"Outside the reef off Moputu Village, near Talasea",1
2534,NEW CALEDONIA,Baie de Sainte-Marie,Inconnu,1
2535,NEW CALEDONIA,Bélep Islands,Cook Reef,1
2536,NEW CALEDONIA,Grand Terre,"Five Mile Beach, I'le Ouen",1
2537,NEW CALEDONIA,Grand Terre,Poe Beach,1
2538,NEW CALEDONIA,Inconnu,Calana,1
2539,NEW CALEDONIA,Inconnu,"Côte-Blanche, Nouméa",1
2540,NEW CALEDONIA,Inconnu,I'îot Maître,1
2541,NEW CALEDONIA,Inconnu,Kouare,1
2542,NEW CALEDONIA,Inconnu,"Magenta Beach, Noumea",1
2543,NEW CALEDONIA,Inconnu,Sarcelle,1
2544,NEW CALEDONIA,Inconnu,Île de Sable,1
2545,NEW CALEDONIA,Loyalty Islands,"Bay of Bweedro, Ouvéa",1
2546,NEW CALEDONIA,Loyalty Islands,"Bay of Luengoni, Lifou Island",1
2547,NEW CALEDONIA,Loyalty Islands,Lifou,1
2548,NEW CALEDONIA,Loyalty Islands,Maré,1
2549,NEW CALEDONIA,Loyalty Islands,Ouvea,1
2550,NEW CALEDONIA,Loyalty Islands,"We, Lifou",1
2551,NEW CALEDONIA,North Province,Balade,1
2552,NEW CALEDONIA,North Province,Hienghène,1
2553,NEW CALEDONIA,North Province,Ile Yandé (between Poum and Bélep),1
2554,NEW CALEDONIA,North Province,Kaala-Gomen,1
2555,NEW CALEDONIA,North Province,Kendec,1
2556,NEW CALEDONIA,North Province,"Lindéralique, Hienghène",1
2557,NEW CALEDONIA,North Province,Mangalia Reef above Touho,1
2558,NEW CALEDONIA,North Province,Poindimié,1
2559,NEW CALEDONIA,North Province,Poum,1
2560,NEW CALEDONIA,North Province,"Voh, near meatworks",1
2561,NEW CALEDONIA,Noumea,Port South Marina,1
2562,NEW CALEDONIA,Nouville,CHS Beach,1
2563,NEW CALEDONIA,Poum,Twagne,1
2564,NEW CALEDONIA,South Province,Amedee Island,1
2565,NEW CALEDONIA,South Province,Bourail,1
2566,NEW CALEDONIA,South Province,Cap Goulvain,1
2567,NEW CALEDONIA,South Province,"Chateau Royal Beach, Noumea",1
2568,NEW CALEDONIA,South Province,"Château-Royal Beach , Noumea",1
2569,NEW CALEDONIA,South Province,Dumbéa,1
2570,NEW CALEDONIA,South Province,Ile Moro,1
2571,NEW CALEDONIA,South Province,L'llot Maetre,1
2572,NEW CALEDONIA,South Province,Mont Dore,1
2573,NEW CALEDONIA,South Province,"Plateau de Ricaudy, Nouméa",1
2574,NEW CALEDONIA,South Province,"Ricaudy Reef, Noumea",1
2575,NEW CALEDONIA,South Province,"Sarcelle, Isle of Pines",1
2576,NEW CALEDONIA,South Province,St. Vincent Bay,1
2577,NEW CALEDONIA,South Province,Yate,1
2578,NEW CALEDONIA,South Province,l'Anse-Vata,1
2579,NEW CALEDONIA,South Province,Île de Casey,1
2580,NEW GUINEA,"Abau Sub District, Central Province",Kerpuna,1
2581,NEW GUINEA,Bwagaoia,"Bagalina, North coast Misima Island",1
2582,NEW GUINEA,Calvados Archipelago,"Sabara Island, Calvados Chain 11.4S, 153E",1
2583,NEW GUINEA,Central Province,Off Gaire Village,1
2584,NEW GUINEA,Inconnu,Inconnu,1
2585,NEW GUINEA,Madang Province,Manam Island,1
2586,NEW GUINEA,Milne Bay Province,"Uga, Banaira, Milne Bay",1
2587,NEW GUINEA,Morobe Province,Finschafen,1
2588,NEW GUINEA,Pacific Ocean,Inconnu,1
2589,NEW GUINEA,Western District,Toro Passage,1
2590,NEW ZEALAND,Antarctic Ocean,"Meteorologic Station on Campbell Island, 370 nautical miles south of New Zealand",1
2591,NEW ZEALAND,Chatham Islands,Inconnu,1
2592,NEW ZEALAND,Chatham Islands,Pitt Island or Chatham Island,1
2593,NEW ZEALAND,Chatham Islands,Waihere Bay,1
2594,NEW ZEALAND,"Chatham Islands, east of New  Zealand",Inconnu,1
2595,NEW ZEALAND,Cook Islands,"Arorangi, Rarotonga",1
2596,NEW ZEALAND,Cook Islands,Beveridge Reef,1
2597,NEW ZEALAND,Cook Islands,Pukapuka Northern Group,1
2598,NEW ZEALAND,Cook Islands,Rarotonga,1
2599,NEW ZEALAND,Cook Strait,Tory Channel,1
2600,NEW ZEALAND,Cook islans,Penhryn Island,1
2601,NEW ZEALAND,Foveaux Strait,Stewart Island,1
2602,NEW ZEALAND,Inconnu,Stewart Island,1
2603,NEW ZEALAND,Mercury Islands,Great Mercury Island,1
2604,NEW ZEALAND,North Island,Alderman Islands,1
2605,NEW ZEALAND,North Island,Auckland,1
2606,NEW ZEALAND,North Island,Baylys Beach,1
2607,NEW ZEALAND,North Island,Between the Kakanui River and Campbell's Bay,1
2608,NEW ZEALAND,North Island,Cormandel,1
2609,NEW ZEALAND,North Island,East Cape,1
2610,NEW ZEALAND,North Island,Haumoana,1
2611,NEW ZEALAND,North Island,Hawkes Bay,1
2612,NEW ZEALAND,North Island,"Hokio Beach, near Levin",1
2613,NEW ZEALAND,North Island,Kaipara,1
2614,NEW ZEALAND,North Island,"Lampton Harbour, Wellington",1
2615,NEW ZEALAND,North Island,Leigh,1
2616,NEW ZEALAND,North Island,Mahurangi River Mouth,1
2617,NEW ZEALAND,North Island,"Mangawhai, near Wellsford",1
2618,NEW ZEALAND,North Island,Maraetai,1
2619,NEW ZEALAND,North Island,"Marine Parade, Napier, Hawke Bay",1
2620,NEW ZEALAND,North Island,Matakana River Mouth,1
2621,NEW ZEALAND,North Island,Matauri Bay,1
2622,NEW ZEALAND,North Island,"Miranda Head, Hauriki Gulf",1
2623,NEW ZEALAND,North Island,Moko Hinau,1
2624,NEW ZEALAND,North Island,Mototapu Island,1
2625,NEW ZEALAND,North Island,Motunui,1
2626,NEW ZEALAND,North Island,Muriwai,1
2627,NEW ZEALAND,North Island,Napier,1
2628,NEW ZEALAND,North Island,North Auckland,1
2629,NEW ZEALAND,North Island,"Oakura Beach, Taranaki",1
2630,NEW ZEALAND,North Island,"Off Tapuna Beach, Auckand",1
2631,NEW ZEALAND,North Island,Off Tutukaka,1
2632,NEW ZEALAND,North Island,Omaha Beach,1
2633,NEW ZEALAND,North Island,"Opunake, Taranake",1
2634,NEW ZEALAND,North Island,Otaki,1
2635,NEW ZEALAND,North Island,"Palliser Bay, Whatarangi (east of Wellington)",1
2636,NEW ZEALAND,North Island,"Papamoa, near Tauranga, Bay of Plenty",1
2637,NEW ZEALAND,North Island,Pauanui Beach,1
2638,NEW ZEALAND,North Island,"Petone Beach, Wellington",1
2639,NEW ZEALAND,North Island,"Pilot Bay, Mt Maunganui",1
2640,NEW ZEALAND,North Island,Poverty Bay,1
2641,NEW ZEALAND,North Island,"Princes Wharf, Auckland Harbor",1
2642,NEW ZEALAND,North Island,"Raglan, Manu Bay",1
2643,NEW ZEALAND,North Island,Rockhampton,1
2644,NEW ZEALAND,North Island,Sandy Bay/Whananaki,1
2645,NEW ZEALAND,North Island,"Slipper Island, Coromandel Peninsula",1
2646,NEW ZEALAND,North Island,"Soldier's Point, Brick Bay, Auckland",1
2647,NEW ZEALAND,North Island,South of New Plymouth,1
2648,NEW ZEALAND,North Island,"St. George's Bay, Auckland Harbor",1
2649,NEW ZEALAND,North Island,"Stanley Bay, Auckland Harbor",1
2650,NEW ZEALAND,North Island,"Stanmore Bay, Auckland",1
2651,NEW ZEALAND,North Island,Takapuna,1
2652,NEW ZEALAND,North Island,Taupiri Bay,1
2653,NEW ZEALAND,North Island,Tauranga,1
2654,NEW ZEALAND,North Island,Te Arai Point,1
2655,NEW ZEALAND,North Island,"Te Kaha, East coast",1
2656,NEW ZEALAND,North Island,Ti Point,1
2657,NEW ZEALAND,North Island,"Waiapu River mouth , East Cape",1
2658,NEW ZEALAND,North Island,"Waihī  Beach, Bay of Plenty",1
2659,NEW ZEALAND,North Island,"Waikanae Beach, Gisborne",1
2660,NEW ZEALAND,North Island,Waitara,1
2661,NEW ZEALAND,North Island,Wanganui,1
2662,NEW ZEALAND,North Island,Wellington Harbor,1
2663,NEW ZEALAND,North Island,"West of Pukerua Bay, Wellington",1
2664,NEW ZEALAND,North Island,Whangarei,1
2665,NEW ZEALAND,North Island,"Whiritoa, Eastern Cormandel",1
2666,NEW ZEALAND,North Island,White Island,1
2667,NEW ZEALAND,North Island,"Wynyard Wharf, Auckland Harbor",1
2668,NEW ZEALAND,Northlands,90 Mile Beach,1
2669,NEW ZEALAND,"Off the Coromandel Peninsula, North Island",Alderman Islands,1
2670,NEW ZEALAND,South Island,Campbell’s Point,1
2671,NEW ZEALAND,South Island,"Charteris Bay, Lyttleton Harbour",1
2672,NEW ZEALAND,South Island,Christchurch,1
2673,NEW ZEALAND,South Island,Clark Island,1
2674,NEW ZEALAND,South Island,Cobden,1
2675,NEW ZEALAND,South Island,Codfish Island (Whenua Hau) west of Stewart Island,1
2676,NEW ZEALAND,South Island,Cosy Nook,1
2677,NEW ZEALAND,South Island,"Fairdown Beach, 5 miles north of Westport",1
2678,NEW ZEALAND,South Island,"Friendly Bay, Oamaru",1
2679,NEW ZEALAND,South Island,Garden Bay near Cosy Nook,1
2680,NEW ZEALAND,South Island,Hoiktika,1
2681,NEW ZEALAND,South Island,Kaikoura,1
2682,NEW ZEALAND,South Island,Karitane Beach,1
2683,NEW ZEALAND,South Island,Lyttleton?,1
2684,NEW ZEALAND,South Island,Marfells Beach,1
2685,NEW ZEALAND,South Island,"Menzies Bay, Banks Peninsula,",1
2686,NEW ZEALAND,South Island,Near the mouth of the Clarence River,1
2687,NEW ZEALAND,South Island,New Brighton,1
2688,NEW ZEALAND,South Island,"Ngatuka Bay, near Picton",1
2689,NEW ZEALAND,South Island,Oreti Beach (reported as the 4th person bitten in NZ in 2000),1
2690,NEW ZEALAND,South Island,Otago Harbor,1
2691,NEW ZEALAND,South Island,"Pigeon Bay, Canterbury",1
2692,NEW ZEALAND,South Island,Pororari River,1
2693,NEW ZEALAND,South Island,Porpoise Bay,1
2694,NEW ZEALAND,South Island,"Porpoise Bay, Catlins",1
2695,NEW ZEALAND,South Island,Port Moeraki,1
2696,NEW ZEALAND,South Island,Preservation Inlet,1
2697,NEW ZEALAND,South Island,Snapper Point,1
2698,NEW ZEALAND,South Island,St. Kilda Beach,1
2699,NEW ZEALAND,South Island,"Sunday Cove, Fiordland",1
2700,NEW ZEALAND,South Island,"Tahuna Beach, Nelson",1
2701,NEW ZEALAND,South Island,Tahunanui Beach,1
2702,NEW ZEALAND,"South Island, near Karitane north of Dunedin",South Beach,1
2703,NEW ZEALAND,South Island?,Downs River,1
2704,NEW ZEALAND,Southland,East side of Bench Island in the Foveaux Strait,1
2705,NEW ZEALAND,Southland,Long Beach,1
2706,NICARAGUA,Lake Nicaragua (fresh water),"Granada, Granada Department",1
2707,NICARAGUA,Lake Nicaragua (fresh water),Inconnu,1
2708,NICARAGUA,Lower San Juan River,Inconnu,1
2709,NICARAGUA,Pacific coast,San Jan del Sur,1
2710,NICARAGUA,Rio San Juan,Greytown,1
2711,NICARAGUA,Salinas Bay,"A shark was caught, its head severed from body and hung from the anchor davit onboard the U.S.S. Borie",1
2712,NIGERIA,Bayelsa State,Mouth of the Nun River,1
2713,NIGERIA,Delta,Oboro,1
2714,NIGERIA,Lagos,Lagos,1
2715,NIGERIA,Rivers State,Bonny River,1
2716,NORTH ATLANTIC OCEAN,Georges Bank,Inconnu,1
2717,NORTH ATLANTIC OCEAN,In the Gulf Stream,Between Bimini & Miami,1
2718,NORTH ATLANTIC OCEAN,Inconnu,Onboard swordfish trawler,1
2719,NORTH ATLANTIC OCEAN,Open sea,Inconnu,1
2720,NORTH ATLANTIC OCEAN,South Carolina,400 miles off the le,1
2721,NORTH PACIFIC OCEAN,Between Kwajalein Atoll & Johnston Island,500 nautical miles southwest of Johnston Island,1
2722,NORTH PACIFIC OCEAN,Inconnu,Aircraft went down on 6/12/1944. He survived on raft for 11 days and was 150 miles off Guam when rescued,1
2723,NORTH PACIFIC OCEAN,Inconnu,Inconnu,1
2724,NORTH PACIFIC OCEAN,Wake Island (EnenKio),"Leeward side of island, directly in back of Mid-Pac barrel storage area",1
2725,NORTH SEA,"Unknown, treated at Wick, SCOTLAND","On board  East German fishing trawler, I Mai",1
2726,NORTHERN ARABIAN SEA,Inconnu,Inconnu,1
2727,NORTHERN MARIANA ISLANDS,Saipan,Inconnu,1
2728,NORWAY,Inconnu,Herøy,1
2729,NORWAY,Oslo Fjord,Sjøstrand,1
2730,OCEAN,"Somewhere between Philadelphia and Hiogo, Japan",Inconnu,1
2731,OKINAWA,Miyako,Hirara,1
2732,OKINAWA,Miyako,Hirara City,1
2733,OKINAWA,Miyako Island,Boragawa Beach,1
2734,OKINAWA,Miyako Island,Sunayama Beach,1
2735,PACIFIC OCEAN,"1,000 miles east of Hawaii",Inconnu,1
2736,PACIFIC OCEAN,180 miles southeast of Okinawa,Inconnu,1
2737,PACIFIC OCEAN,"250 miles southwest of O'ahu, Hawaii",Japanese fishing boat Taihei Maru No.10,1
2738,PACIFIC OCEAN,330 to 350 miles east of Wake Island,Inconnu,1
2739,PACIFIC OCEAN,Between Australia & USA,Inconnu,1
2740,PACIFIC OCEAN,Between Hawaii and U.S.A.,Inconnu,1
2741,PACIFIC OCEAN,Inconnu,In Los Angeles – Honolulu yacht race,1
2742,PACIFIC OCEAN,Inconnu,Off Central American coast at 8N.79W,1
2743,PACIFIC OCEAN,Near the Fiji Islands,22º08'S  : 178º06'W,1
2744,PACIFIC OCEAN,Northwest of Papua New Guinea,Inconnu,1
2745,PACIFIC OCEAN,Off coast of Ecuador,Between Esmeraldas & Salinas,1
2746,PALAU,Aulong Island,Aulong Channel,1
2747,PALAU,Western Caroline Islands,Inconnu,1
2748,PALAU,Western Caroline Islands (North Pacific Ocean),Outside barrier reef,1
2749,PALESTINIAN TERRITORIES,Inconnu,Gaza,1
2750,PANAMA,150 miles offshore,Inconnu,1
2751,PANAMA,"2 to 3 miles off Taboguilla Island, Pacific Ocean",Pacific Anchorage off the Panama Canal,1
2752,PANAMA,Bocas,Playa La Cabaña,1
2753,PANAMA,Bocas del Toro,Inconnu,1
2754,PANAMA,Canal Zone,300 yards west of mouth of the Chagres River,1
2755,PANAMA,Canal Zone,Inconnu,1
2756,PANAMA,Caribbean Coast,Inconnu,1
2757,PANAMA,Caribbean Sea,Golfo de los Mosquitos,1
2758,PANAMA,Caribbean Sea,Inconnu,1
2759,PANAMA,Colon,Inconnu,1
2760,PANAMA,Colon Province,Limon Bay,1
2761,PANAMA,Colon Province,"Mouth of Rio Dudio, 50 miles west of the city of Colon",1
2762,PANAMA,Colón Province,Aspinwall (Colón),1
2763,PANAMA,Colón Province,Cristobal,1
2764,PANAMA,Gulf of Panama,60 miles offshore,1
2765,PANAMA,Gulf of Panama,"North shore of Rey Island, Las Perlas archipelago",1
2766,PANAMA,Gulf of Panama,Taboga Island Bay,1
2767,PANAMA,Inconnu,"Jarque, just south of Piňas Bay",1
2768,PANAMA,Inconnu,Panama Canal,1
2769,PANAMA,Inconnu,off Culebra,1
2770,PANAMA,Las Perlas archipelago,Taboga & Isla del Rey,1
2771,PANAMA,Panama Bay (Pacific Ocean),Otoque Island,1
2772,PANAMA,Panama City,Bella Vista Beach,1
2773,PANAMA,Pearl Islands,Inconnu,1
2774,PANAMA,Pinas Bay,Inconnu,1
2775,PANAMA,San Blas,Off Achutuppu Island near Ailigandi,1
2776,PANAMA,San Blas Islands,"Achutupu, a small island ner Ailigandi",1
2777,PANAMA,San Blas Islands,Off Diable Island,1
2778,PANAMA,San Blas coast,"4 miles from Tuwala, near Mulatuppu",1
2779,PANAMA,San Carlos,Playa Teta,1
2780,PAPUA NEW GUINEA,"10ºS, 142ºE",Jukuataia Village,1
2781,PAPUA NEW GUINEA,"Abau Sub District, Central Province",Aroma Passage,1
2782,PAPUA NEW GUINEA,"Abau Sub District, Central Province",Lalaura Village,1
2783,PAPUA NEW GUINEA,"Abau Subdistrict,Central Province",Mailu area,1
2784,PAPUA NEW GUINEA,"Admiralty Islands, Manus Province",Hus Island,1
2785,PAPUA NEW GUINEA,"Admiralty Islands, Manus Province","Lou Island, south of Manus Island",1
2786,PAPUA NEW GUINEA,"Admiralty Islands, Manus Province","Low Island, Manus",1
2787,PAPUA NEW GUINEA,"Admiralty Islands, Manus Province","M'Buke, south of Manus Island",1
2788,PAPUA NEW GUINEA,"Admiralty Islands, Manus Province","Momote, Manus Island",1
2789,PAPUA NEW GUINEA,"Admiralty Islands, Manus Province","Rossun, Manus",1
2790,PAPUA NEW GUINEA,Bougainville (North Solomons),Buka Island,1
2791,PAPUA NEW GUINEA,Bougainville (North Solomons),"Kahuli, Buka Island",1
2792,PAPUA NEW GUINEA,Bougainville (North Solomons),Kieta,1
2793,PAPUA NEW GUINEA,Bougainville (North Solomons),"Off Sing Village, Buka Island",1
2794,PAPUA NEW GUINEA,Bougainville (North Solomons),"Orava (Aravo) Islet , near Kieta.",1
2795,PAPUA NEW GUINEA,Bougainville (North Solomons),"Sohano Island, Buka Passage",1
2796,PAPUA NEW GUINEA,Bougainville (North Solomons),"Tung Island, off the west coast of Buka Island",1
2797,PAPUA NEW GUINEA,Central Province,30 miles from Port Moresby,1
2798,PAPUA NEW GUINEA,Central Province,Abau Subdistrict,1
2799,PAPUA NEW GUINEA,Central Province,"Fisherman's Island, near Port Moresby",1
2800,PAPUA NEW GUINEA,Central Province,Fisherman’s Island near Port Moresby,1
2801,PAPUA NEW GUINEA,Central Province,"Hadrian’s (Haidana?) Island, near Port Moresby",1
2802,PAPUA NEW GUINEA,Central Province,"Hula, near Port Moresby",1
2803,PAPUA NEW GUINEA,Central Province,"Kalautu Village, Baibara at the mouth of Oibada River",1
2804,PAPUA NEW GUINEA,Central Province,Kapakapa,1
2805,PAPUA NEW GUINEA,Central Province,"Kila Beach, Port Moresby",1
2806,PAPUA NEW GUINEA,Central Province,Near Fisherman's Island,1
2807,PAPUA NEW GUINEA,Central Province,"Paga Point or Fishermans Island, Port Moresby",1
2808,PAPUA NEW GUINEA,Central Province,"Paga Point, Port Moresby",1
2809,PAPUA NEW GUINEA,Central Province,Ragelapara reef,1
2810,PAPUA NEW GUINEA,Central Province,Roku Point,1
2811,PAPUA NEW GUINEA,Central Province,"Tupuselei Village, about 40 miles east of Port Moresby",1
2812,PAPUA NEW GUINEA,Central Province,Yule Island,1
2813,PAPUA NEW GUINEA,East New Britain,Pigeon Island,1
2814,PAPUA NEW GUINEA,East Sepik,Moem Village near Wewak,1
2815,PAPUA NEW GUINEA,East Sepik,Wewak,1
2816,PAPUA NEW GUINEA,Gulf Province,"Kukipi, 150 miles west of Port Moresby in the Lakekamu River area",1
2817,PAPUA NEW GUINEA,Gulf Province,Orokolo Bay,1
2818,PAPUA NEW GUINEA,Inconnu,Abau,1
2819,PAPUA NEW GUINEA,Inconnu,"Gaire Village, between Rigo & Port Moresby",1
2820,PAPUA NEW GUINEA,Inconnu,Near Port Moresby,1
2821,PAPUA NEW GUINEA,Inconnu,Port Moresby,1
2822,PAPUA NEW GUINEA,Kikori River mouth,"Ururumba, mouth of Kikori River 7.45S, 144.40E",1
2823,PAPUA NEW GUINEA,Louisiade Archipelago,"Gawa Reefs, Sudest Island",1
2824,PAPUA NEW GUINEA,Madang,"Bimat, Bogia",1
2825,PAPUA NEW GUINEA,Madang,Inconnu,1
2826,PAPUA NEW GUINEA,Madang,Matukar village,1
2827,PAPUA NEW GUINEA,Madang (WO),"Off Taludig Village, at mouth of the Murnass River",1
2828,PAPUA NEW GUINEA,Madang Province,Inconnu,1
2829,PAPUA NEW GUINEA,Madang Province,Inshore side of reef near Madang,1
2830,PAPUA NEW GUINEA,Madang Province,"Mouth of Suareng River, a mile from Taludig",1
2831,PAPUA NEW GUINEA,Madang Province,Near Madang Town,1
2832,PAPUA NEW GUINEA,Madang Province,Sek Harbor,1
2833,PAPUA NEW GUINEA,Madang Province,Taludig,1
2834,PAPUA NEW GUINEA,Milne Bay Province,Inconnu,1
2835,PAPUA NEW GUINEA,Milne Bay Province,"Kimuta, Renard Island",1
2836,PAPUA NEW GUINEA,Milne Bay Province,"Off Rossel Island, Louisiade Archipelago",1
2837,PAPUA NEW GUINEA,Milne Bay Province,Samarai Island,1
2838,PAPUA NEW GUINEA,Milne Bay Province,Samarai Island (south end),1
2839,PAPUA NEW GUINEA,Milne Bay Province,"Taupota, Samarai",1
2840,PAPUA NEW GUINEA,Milne Bay Province,Tewatewa Island,1
2841,PAPUA NEW GUINEA,Morobe Province,Bulolol,1
2842,PAPUA NEW GUINEA,Morobe Province,Finschafen,1
2843,PAPUA NEW GUINEA,Morobe Province,Huon Gulf,1
2844,PAPUA NEW GUINEA,Morobe Province,Inconnu,1
2845,PAPUA NEW GUINEA,Morobe Province,"Korem, Finschhafen",1
2846,PAPUA NEW GUINEA,Morobe Province,"Nasigilatu (Near Malasanga, Finschhafen, in the Huon Gulf)",1
2847,PAPUA NEW GUINEA,Near Bougainville (North Solomons),Huhunoti Island,1
2848,PAPUA NEW GUINEA,New Britain,"Barawon Beach, near Rabaul",1
2849,PAPUA NEW GUINEA,New Britain,"East Nakanai, Talasea",1
2850,PAPUA NEW GUINEA,New Britain,Matupi,1
2851,PAPUA NEW GUINEA,New Britain,Near Rabaul,1
2852,PAPUA NEW GUINEA,New Britain,"Rapindik Beach, Rabaul",1
2853,PAPUA NEW GUINEA,"New Britain, Bismarck Archipelago",Duke of York Island,1
2854,PAPUA NEW GUINEA,New Ireland,Between Nago and Makau,1
2855,PAPUA NEW GUINEA,New Ireland,Kavieng,1
2856,PAPUA NEW GUINEA,New Ireland,Lavongai,1
2857,PAPUA NEW GUINEA,New Ireland Province,A reef off New Hanover (Northern end),1
2858,PAPUA NEW GUINEA,New Ireland Province,"Enang , Kavieng",1
2859,PAPUA NEW GUINEA,New Ireland Province,Enuk Island,1
2860,PAPUA NEW GUINEA,New Ireland Province,"Kulengei, southeast of Kalili, Kavieng",1
2861,PAPUA NEW GUINEA,New Ireland Province,"Lamassa Island, 16 miles from Lambom Island",1
2862,PAPUA NEW GUINEA,New Ireland Province,"Lamassa Island, 16 miles from Lambon Island",1
2863,PAPUA NEW GUINEA,New Ireland Province,Lambom Island,1
2864,PAPUA NEW GUINEA,New Ireland Province,"Mission Beach, Lambon Island, near Duke of York Islands",1
2865,PAPUA NEW GUINEA,New Ireland Province,Namatanai,1
2866,PAPUA NEW GUINEA,New Ireland Province,"Samo Plantation, east coast",1
2867,PAPUA NEW GUINEA,New Ireland Province,Southern end,1
2868,PAPUA NEW GUINEA,"New Ireland Province, Bismarck Archipelago","Enuk Island, Kavieng",1
2869,PAPUA NEW GUINEA,"New Ireland Province, Bismarck Archipelago","Maritzoan, east coast of Namatanai",1
2870,PAPUA NEW GUINEA,"New Ireland Province, Bismarck Archipelago","Pekinberui Village, Tabar Island",1
2871,PAPUA NEW GUINEA,"New Ireland Province, Bismarck Archipelago","Punam Passage, Rataman census div, Namatanai",1
2872,PAPUA NEW GUINEA,"New Ireland, Bismarck Archipelago","Kabiman, West coast",1
2873,PAPUA NEW GUINEA,Northern (Oro) Province,"Dobu Passage,  D'Entrecasteaux Islands (between Normanby & Fergusson Islands)",1
2874,PAPUA NEW GUINEA,Northern District,Kufulu Point,1
2875,PAPUA NEW GUINEA,Rigo subdistrict,Kaparoka,1
2876,PAPUA NEW GUINEA,Sandaun Province,Vanimo  on Musu side of Wutong anchorage,1
2877,PAPUA NEW GUINEA,West New Britain Province,"Bulu, Talasea",1
2878,PAPUA NEW GUINEA,West New Britain Province,"East Nakanai, Talasea",1
2879,PAPUA NEW GUINEA,West New Britain Province,"Kalapiai, Kombe",1
2880,PAPUA NEW GUINEA,West New Britain Province,"Kombe, Talasea",1
2881,PAPUA NEW GUINEA,West New Britain Province,"Poi, Kombe Talasea",1
2882,PAPUA NEW GUINEA,West New Britain Province,"Volupai, Talasea",1
2883,PAPUA NEW GUINEA,West New Britain Province,"West Nakanai,  Talasea",1
2884,PAPUA NEW GUINEA,Western Papuan Gulf,Kerema,1
2885,PARAGUAY,Inconnu,Inconnu,1
2886,PERSIAN GULF,25 km off the coast of Iran & 483km from mouth of Persian Gulf,Khark Island,1
2887,PERSIAN GULF,Head of the Gulf,Inconnu,1
2888,PERSIAN GULF,Inconnu,Inconnu,1
2889,PERSIAN GULF,United Arab Emirates,Dubai,1
2890,PERU,Inconnu,Tumbez,1
2891,PHILIPPINES,200 nm southeast of Manila,Inconnu,1
2892,PHILIPPINES,300 miles east of Luzon,USS Hull DD-350 was one of 3 destroyers that capsized in Typhoon Cobra,1
2893,PHILIPPINES,Baatan,Limay,1
2894,PHILIPPINES,Batanes Provine,Luzon Strait,1
2895,PHILIPPINES,Batangas province,Mabini,1
2896,PHILIPPINES,Bernardino Strait near Gulf of Leyte,Inconnu,1
2897,PHILIPPINES,Camiguin Island,2 kilometres off Sagay,1
2898,PHILIPPINES,"Cavite Province, Luzon",Inconnu,1
2899,PHILIPPINES,Central Philippines,Inconnu,1
2900,PHILIPPINES,Corregidor Island,Inconnu,1
2901,PHILIPPINES,In transit between Tinian and Leyte,200 miles Leyte,1
2902,PHILIPPINES,Inconnu,250 miles southwest of Manila,1
2903,PHILIPPINES,Inconnu,"Grounded off Scarborough Shoals, 150 miles northwest of Manila in the South China Sea",1
2904,PHILIPPINES,Inconnu,Off Cape Engano,1
2905,PHILIPPINES,Inconnu,Off Cebu,1
2906,PHILIPPINES,Leyte,Inconnu,1
2907,PHILIPPINES,Leyte Island,Luang Dulag,1
2908,PHILIPPINES,Luzon,Inconnu,1
2909,PHILIPPINES,Luzon,"off Paoay, Ilocos Norte Province",1
2910,PHILIPPINES,Luzon Island,100 miles southeast of Manila,1
2911,PHILIPPINES,Luzon Island,Bataan,1
2912,PHILIPPINES,Luzon Island,Bohol,1
2913,PHILIPPINES,Luzon Island,Bondoc Peninsula,1
2914,PHILIPPINES,Luzon Island,Canacao Bay,1
2915,PHILIPPINES,Luzon Island,"Fort Frank, Manila Bay",1
2916,PHILIPPINES,Luzon Island,"Inner Harbor, Olongapo",1
2917,PHILIPPINES,Luzon Island,Off Manila,1
2918,PHILIPPINES,Luzon Island,"Olongapo Harbor, Subic Bay",1
2919,PHILIPPINES,Luzon Island,"Polinao Point, Manila",1
2920,PHILIPPINES,Luzon Island,"Villamar, Caoayan",1
2921,PHILIPPINES,Manila Bay,Fort Drum,1
2922,PHILIPPINES,Masbate,Balud,1
2923,PHILIPPINES,Mindanao,"Mouth of Langoyan River, Davao City",1
2924,PHILIPPINES,Mindoro,Off Manila,1
2925,PHILIPPINES,Mindoro Occidental,Off Lubang Island,1
2926,PHILIPPINES,Misamis Oriental,Cagayan de Oro,1
2927,PHILIPPINES,Moro Gulf,Inconnu,1
2928,PHILIPPINES,Negros,Escalante,1
2929,PHILIPPINES,North Palawan,Cabuli Island,1
2930,PHILIPPINES,Off Samar Island in the Gulf of Leyte,Inconnu,1
2931,PHILIPPINES,Palawan,Off Cagayancillo,1
2932,PHILIPPINES,Palawan,Off Likas Island,1
2933,PHILIPPINES,Queaon,Between Unisan & Angadanan Islands,1
2934,PHILIPPINES,Quezon,Tayabas,1
2935,PHILIPPINES,Rombion Province,Off Sibuyan Island,1
2936,PHILIPPINES,Romblon Province,"Maestre de Campo Island, 120 miles south of Manila",1
2937,PHILIPPINES,Surigao del Norte,"Off Bilisan Point, Hinatuarn Island",1
2938,PHILIPPINES,Viscayan Sea,Inconnu,1
2939,PHILIPPINES,Western Luzon Island,Manila Bay,1
2940,PHILIPPINES,Western Viscayas,"Island of Panay, Iliolo",1
2941,PHILIPPINES,Zamboanga del Sur Province,Inconnu,1
2942,PHILIPPINES,Zamboanga del Sur Province,"Near mouth of River Cumalarang, 5 miles from Port Isabela, Basilan Island",1
2943,PHILIPPINES,Zamboanga del Sur Province,Port Isabela de Basilan,1
2944,PORTUGAL,Inconnu,Sines,1
2945,PORTUGAL,Madeira,Off Funchal,1
2946,PORTUGAL,Madeira Islands,"Sao Jorge, Madeira Island",1
2947,PORTUGAL,Norte,9 nm off Vila do Conde,1
2948,PUERTO RICO,Inconnu,Off Cabo Rojo,1
2949,RED SEA,East of the Gulf of Aqaba,Inconnu,1
2950,RED SEA / INDIAN OCEAN,Enroute from Suez to Aden (Yemen),Inconnu,1
2951,REUNION,5aint-Denis,Barachois,1
2952,REUNION,Beaufonds,Inconnu,1
2953,REUNION,Bois-Blanc,Sainte-Rose,1
2954,REUNION,Conservatória District,"P' tit Paris, Saint-Pierre",1
2955,REUNION,Grand'Anse,Inconnu,1
2956,REUNION,Grand'Anse,Petite-Ile,1
2957,REUNION,Inconnu,Cap La Houssaye,1
2958,REUNION,Inconnu,Inconnu,1
2959,REUNION,Inconnu,Le Port,1
2960,REUNION,Inconnu,Roches Noire,1
2961,REUNION,Inconnu,Saint Pierre,1
2962,REUNION,Inconnu,St. Leu,1
2963,REUNION,Inconnu,la Pointe-au-Sel,1
2964,REUNION,L' Etang Salé-les-Bains,Roche-aux-Oiseaux,1
2965,REUNION,L'Etang-Sale,Inconnu,1
2966,REUNION,L'Etang-Salé,"Ravine des Sables, Saint Leu",1
2967,REUNION,La Saline-les-Bains,Revine-3-Bassins,1
2968,REUNION,Le Port,Folette,1
2969,REUNION,Saint Gilles,Trois-Roches,1
2970,REUNION,Saint Leu,Inconnu,1
2971,REUNION,Saint-Andre,Inconnu,1
2972,REUNION,Saint-Benoit,Bittern,1
2973,REUNION,Saint-Benoit,Port de la Marine,1
2974,REUNION,Saint-Benoît,Inconnu,1
2975,REUNION,Saint-Benoît,Spot de la gare,1
2976,REUNION,Saint-Denis,Barachois,1
2977,REUNION,Saint-Denis,Barachoise bridge,1
2978,REUNION,Saint-Denis,Inconnu,1
2979,REUNION,Saint-Gilles,Boucan-Canot,1
2980,REUNION,Saint-Gilles,Brisant Beach,1
2981,REUNION,Saint-Gilles,Brisants.,1
2982,REUNION,Saint-Gilles,Roches Noires,1
2983,REUNION,Saint-Gilles-les-Bains,Boucan-Canot,1
2984,REUNION,Saint-Gilles-les-Bains,Cap Homard,1
2985,REUNION,Saint-Gilles-les-Bains,"Les Aigrettes, near Boucan-Canot",1
2986,REUNION,Saint-Leu,Inconnu,1
2987,REUNION,Saint-Leu,Pointe au Sal,1
2988,REUNION,Saint-Leu,Pointe au Sel,1
2989,REUNION,Saint-Louis,Embouchure de l'étang du Gol,1
2990,REUNION,Saint-Paul,Embouchure de l'étang de Saint Paul,1
2991,REUNION,Saint-Paul,Inconnu,1
2992,REUNION,Saint-Paul,Le cimetière marin,1
2993,REUNION,Saint-Philippe,Basse Vallée,1
2994,REUNION,Saint-Philippe,Vicendo,1
2995,REUNION,Saint-Pierre,Pointe du Diable,1
2996,REUNION,Sainte-Marie,Baie de la Mare,1
2997,REUNION,Sainte-Suzanne,Temple Tamoule,1
2998,REUNION,Trois-Bassins,Inconnu,1
2999,REUNION ISLAND,Inconnu,Inconnu,1
3000,REUNION ISLAND,Inconnu,Saint Leu,1
3001,REUNION ISLAND,Inconnu,Sainte-Rose at the mouth of Riviere de l'Est,1
3002,REUNION ISLAND,Inconnu,Swimming off the British steamer Troutpool,1
3003,REUNION ISLAND,Saint-Gilles,L’Hermitage Lagoon,1
3004,ROATAN,Inconnu,Inconnu,1
3005,RUSSIA,Kuril Islands in the Pacific,"Kunashir Island, 70 km from northern Japan",1
3006,RUSSIA,"Peter the Great Bay, Khasan, Primorsky Krai (Far East)",Zheltukhin Island,1
3007,RUSSIA,Primorsky Krai,Slavyanka,1
3008,RUSSIA,"Telyakovsky Bay, Khasan,  Primorsky Krai (Far East)",Vityaz,1
3009,SAMOA,Apolima Strait,Opposite Apelima &  Manona,1
3010,SAMOA,South Pacific Ocean,North of Northeast Samoa,1
3011,SAMOA,Upolo,Inconnu,1
3012,SAMOA,Upolu Island,Apia Harbor,1
3013,SAMOA,Upolu Island,Apia Harbour,1
3014,SAN DOMINGO,60 miles north of San Domingo in the West Indies,Muchoir Banks,1
3015,SAUDI ARABIA,Eastern Province,East of the Ras Tanura-Jubail area,1
3016,SAUDI ARABIA,Tabuk Province,Off Duba,1
3017,SCOTLAND,Argyll,"Carradale Bay, Kintyre Peninsula",1
3018,SCOTLAND,Argyllshire,Arran,1
3019,SCOTLAND,Arran,Fallen Rocks,1
3020,SCOTLAND,Easter Ross,Balintore Bay,1
3021,SCOTLAND,Edinburgh,Granton,1
3022,SCOTLAND,Fife,Deep Sea World Aquarium,1
3023,SCOTLAND,Inner Hebrides,Off the Isle of Islay,1
3024,SCOTLAND,Moray,Spey Bay,1
3025,SENEGAL,Cap Vert Peninsula,"Bel Air, Dakar",1
3026,SENEGAL,Cap Vert Peninsula,Between Joal & Sangomar near Dakar,1
3027,SENEGAL,Cap Vert Peninsula,Hann,1
3028,SENEGAL,Cap Vert Peninsula,Inconnu,1
3029,SENEGAL,Cap Vert Peninsula,Thiaroye Guedi,1
3030,SENEGAL,Cap Vert Peninsula,Yoff Island,1
3031,SENEGAL,Cap-Vert Peninsula,off Dakar,1
3032,SENEGAL,Casamance,Ziguinchor,1
3033,SENEGAL,Inconnu,Inconnu,1
3034,SENEGAL,Inconnu,"Tiaroye, near Dakar, Cap Vert Peninsula",1
3035,SENEGAL,"Near Dakar, Cap Vert Peninsula",Isle de Gorée,1
3036,SEYCHELLES,Bird Island,Inconnu,1
3037,SEYCHELLES,Inconnu,Ile Platte,1
3038,SEYCHELLES,Inconnu,Inconnu,1
3039,SEYCHELLES,Inner Islands,Off North Island,1
3040,SEYCHELLES,Praslin,Amitié Beach,1
3041,SEYCHELLES,Praslin Island,Inconnu,1
3042,SEYCHELLES,St. Anne,Inconnu,1
3043,SIERRA LEONE,Western Area,Inconnu,1
3044,SIERRA LEONE,Western Area,"Lumely Beach, Freetown",1
3045,SIERRA LEONE,Western Area,"River Sierra Leone, 35 miles  upriver from Freetown",1
3046,SINGAPORE,Inconnu,Inconnu,1
3047,SINGAPORE,Inconnu,Sea View Beach,1
3048,SINGAPORE,Inconnu,Singapore,1
3049,SINGAPORE,Inconnu,Singapore Harbor,1
3050,SINGAPORE,Singapore Harbor,Inconnu,1
3051,SLOVENIA,Adriatic Sea,Koper,1
3052,SOLOMON ISLANDS,Between Honiara & Isabel Island,Inconnu,1
3053,SOLOMON ISLANDS,Bougainville (North Solomons),Inconnu,1
3054,SOLOMON ISLANDS,Bougainville (North Solomons),Kieta,1
3055,SOLOMON ISLANDS,Central Province,Savo,1
3056,SOLOMON ISLANDS,Central Province,Savo Island,1
3057,SOLOMON ISLANDS,Guadalcanal Province,Guadalcanal,1
3058,SOLOMON ISLANDS,Guadalcanal Province,"North Coast, Guadalcanal Island",1
3059,SOLOMON ISLANDS,Guadalcanal Province,"Trench’s Beach, Guadalcanal Island",1
3060,SOLOMON ISLANDS,Inconnu,Battle of Guadalcanal,1
3061,SOLOMON ISLANDS,Inconnu,Guadalcanal,1
3062,SOLOMON ISLANDS,Inconnu,Off Guadalcanal,1
3063,SOLOMON ISLANDS,Inconnu,Off Savo Island,1
3064,SOLOMON ISLANDS,Inconnu,Owarigi Island,1
3065,SOLOMON ISLANDS,Makira-Ulawa Province,"Kirakira, Makira Island (formerly San Cristobal)",1
3066,SOLOMON ISLANDS,Makira-Ulawa Province,Makira Island (Formerly San Cristobal),1
3067,SOLOMON ISLANDS,Makira-Uluwa Province,Makira Island,1
3068,SOLOMON ISLANDS,Makora-Ulawa Province,Cape Esperance (near Savo Islands),1
3069,SOLOMON ISLANDS,Marovo Lagoon,Kicha Island,1
3070,SOLOMON ISLANDS,New Georgia,Munda,1
3071,SOLOMON ISLANDS,Santa Isabel Province,Inconnu,1
3072,SOLOMON ISLANDS,Western Province,Inconnu,1
3073,SOLOMON ISLANDS,Ysabel Island,Susukana Plantation,1
3074,SOLOMON ISLANDS / VANUATU,Inconnu,"North of Guadalcanal, Solomon Islands while enroute to Vanuatu",1
3075,SOMALIA,Banaadir Region,"Arroyo Beach, Mogadishu",1
3076,SOMALIA,Inconnu,300 miles off the coast,1
3077,SOMALIA,Inconnu,Inconnu,1
3078,SOUTH AFRICA,Easten Cape Province,Mngcibe Beach,1
3079,SOUTH AFRICA,Easten Cape Province,"Supertubes, Jeffreys Bay",1
3080,SOUTH AFRICA,Eastern Cape  Province,Port Alfred,1
3081,SOUTH AFRICA,Eastern Cape Province,2-3 km north of Sunday's River mouth,1
3082,SOUTH AFRICA,Eastern Cape Province,30 nm off Port Elizabeth,1
3083,SOUTH AFRICA,Eastern Cape Province,"Albatros Point, near Jeffrey's Bay",1
3084,SOUTH AFRICA,Eastern Cape Province,Aston Bay,1
3085,SOUTH AFRICA,Eastern Cape Province,Bashee River,1
3086,SOUTH AFRICA,Eastern Cape Province,Beachview Holiday Resort,1
3087,SOUTH AFRICA,Eastern Cape Province,"Bird Island, Algoa Bay",1
3088,SOUTH AFRICA,Eastern Cape Province,Bonza Beach,1
3089,SOUTH AFRICA,Eastern Cape Province,"Breezy Point, Ntlonyana",1
3090,SOUTH AFRICA,Eastern Cape Province,Chinta East,1
3091,SOUTH AFRICA,Eastern Cape Province,Chintsa,1
3092,SOUTH AFRICA,Eastern Cape Province,Chintsa East Beach,1
3093,SOUTH AFRICA,Eastern Cape Province,Cintsa East,1
3094,SOUTH AFRICA,Eastern Cape Province,"Cintsa East, East London",1
3095,SOUTH AFRICA,Eastern Cape Province,"Cintza Beach, East London",1
3096,SOUTH AFRICA,Eastern Cape Province,Coffee Bay,1
3097,SOUTH AFRICA,Eastern Cape Province,"Duck Pond, Sardina Bay near Port Elizabeth",1
3098,SOUTH AFRICA,Eastern Cape Province,Eerste River,1
3099,SOUTH AFRICA,Eastern Cape Province,Fuller’s Bay,1
3100,SOUTH AFRICA,Eastern Cape Province,"Gonubie, 13 km northeast of East London",1
3101,SOUTH AFRICA,Eastern Cape Province,Great Fish River,1
3102,SOUTH AFRICA,Eastern Cape Province,"Gulu Deep, East London",1
3103,SOUTH AFRICA,Eastern Cape Province,Hamburg,1
3104,SOUTH AFRICA,Eastern Cape Province,Hole-in-the Wall,1
3105,SOUTH AFRICA,Eastern Cape Province,Humewood,1
3106,SOUTH AFRICA,Eastern Cape Province,Kei River mouth,1
3107,SOUTH AFRICA,Eastern Cape Province,Kenton-on-Sea,1
3108,SOUTH AFRICA,Eastern Cape Province,Kidd's Beach,1
3109,SOUTH AFRICA,Eastern Cape Province,Kowie River,1
3110,SOUTH AFRICA,Eastern Cape Province,Mpande,1
3111,SOUTH AFRICA,Eastern Cape Province,Mpekeweni,1
3112,SOUTH AFRICA,Eastern Cape Province,Mzimvubu River,1
3113,SOUTH AFRICA,Eastern Cape Province,Mzimvubu River mouth,1
3114,SOUTH AFRICA,Eastern Cape Province,"Mzimvubu River, 9.6 km from the sea",1
3115,SOUTH AFRICA,Eastern Cape Province,Nahoon Beach,1
3116,SOUTH AFRICA,Eastern Cape Province,"Nahoon Reef, East London",1
3117,SOUTH AFRICA,Eastern Cape Province,Nelson’s Rock,1
3118,SOUTH AFRICA,Eastern Cape Province,"Noordhoek, Port Elizabeth",1
3119,SOUTH AFRICA,Eastern Cape Province,"North End Beach, Port Elizabeth",1
3120,SOUTH AFRICA,Eastern Cape Province,Ntlonyana Bay,1
3121,SOUTH AFRICA,Eastern Cape Province,Ntlonyane Bay,1
3122,SOUTH AFRICA,Eastern Cape Province,Off Port Alfred,1
3123,SOUTH AFRICA,Eastern Cape Province,Off Port Elizabeth breakwater,1
3124,SOUTH AFRICA,Eastern Cape Province,"Off bank of Ntshala River, Morgan Bay",1
3125,SOUTH AFRICA,Eastern Cape Province,"Paradise Beach, Jeffrey’s Bay",1
3126,SOUTH AFRICA,Eastern Cape Province,Port Elizabeth Oceanarium,1
3127,SOUTH AFRICA,Eastern Cape Province,Port St. Johns,1
3128,SOUTH AFRICA,Eastern Cape Province,Qolera River,1
3129,SOUTH AFRICA,Eastern Cape Province,Riet River,1
3130,SOUTH AFRICA,Eastern Cape Province,"Salt Vlei, Port Alfred",1
3131,SOUTH AFRICA,Eastern Cape Province,Sardinia Bay,1
3132,SOUTH AFRICA,Eastern Cape Province,Sardinia Bay near Port Elizabeth,1
3133,SOUTH AFRICA,Eastern Cape Province,"Seal Point, Cape St. Francis",1
3134,SOUTH AFRICA,Eastern Cape Province,"Second Beach, Port St Johns",1
3135,SOUTH AFRICA,Eastern Cape Province,"St. George’s Strand, Port Elizabeth",1
3136,SOUTH AFRICA,Eastern Cape Province,"Sundays River Mouth, Port Elizabeth",1
3137,SOUTH AFRICA,Eastern Cape Province,Swartkops River mouth,1
3138,SOUTH AFRICA,Eastern Cape Province,"The Fence, King's Beach, Port Elizabeth",1
3139,SOUTH AFRICA,Eastern Cape Province,"West Beach, Port Alfred",1
3140,SOUTH AFRICA,Eastern Cape Province,Zwartkops River,1
3141,SOUTH AFRICA,Eastern Province,"Nahoon, East London",1
3142,SOUTH AFRICA,KNZ,Protea Banks,1
3143,SOUTH AFRICA,KwaZulu-Natal,50 km off St. Lucia,1
3144,SOUTH AFRICA,KwaZulu-Natal,A ford known as Brodies Coffin in St. Lucia Bay,1
3145,SOUTH AFRICA,KwaZulu-Natal,Alkantstrand,1
3146,SOUTH AFRICA,KwaZulu-Natal,Amatikulu,1
3147,SOUTH AFRICA,KwaZulu-Natal,Anstey’s,1
3148,SOUTH AFRICA,KwaZulu-Natal,Between Sodwana & Cape Vidal,1
3149,SOUTH AFRICA,KwaZulu-Natal,"Bilanhlolo River Mouth, Ramsgate",1
3150,SOUTH AFRICA,KwaZulu-Natal,"Bluff, Durban",1
3151,SOUTH AFRICA,KwaZulu-Natal,Brighton Beach,1
3152,SOUTH AFRICA,KwaZulu-Natal,"Brighton Beach, Durban",1
3153,SOUTH AFRICA,KwaZulu-Natal,"Catfish Rock, between Salt Rock & Shaka’s Rock",1
3154,SOUTH AFRICA,KwaZulu-Natal,"Chain Rocks, Amanzimtoti",1
3155,SOUTH AFRICA,KwaZulu-Natal,Clansthal,1
3156,SOUTH AFRICA,KwaZulu-Natal,"Danger Pool, Winkelspruit",1
3157,SOUTH AFRICA,KwaZulu-Natal,"Danger Pool, Winkelspruit, South Coast",1
3158,SOUTH AFRICA,KwaZulu-Natal,Durban Bay,1
3159,SOUTH AFRICA,KwaZulu-Natal,Eastmoor Crescent Beach,1
3160,SOUTH AFRICA,KwaZulu-Natal,"Fishing camp, St. Lucia Estuary",1
3161,SOUTH AFRICA,KwaZulu-Natal,Garvies Beach,1
3162,SOUTH AFRICA,KwaZulu-Natal,Glenashley,1
3163,SOUTH AFRICA,KwaZulu-Natal,"Granny’s Pool, Winkelspruit",1
3164,SOUTH AFRICA,KwaZulu-Natal,"Inyoni Rocks, Amazimtoti",1
3165,SOUTH AFRICA,KwaZulu-Natal,King Reef off Park Rynie,1
3166,SOUTH AFRICA,KwaZulu-Natal,Kokstad District,1
3167,SOUTH AFRICA,KwaZulu-Natal,Kosi Bay,1
3168,SOUTH AFRICA,KwaZulu-Natal,La Lucia,1
3169,SOUTH AFRICA,KwaZulu-Natal,Levan Point,1
3170,SOUTH AFRICA,KwaZulu-Natal,MaKakatana River,1
3171,SOUTH AFRICA,KwaZulu-Natal,Mbibi,1
3172,SOUTH AFRICA,KwaZulu-Natal,Mdloti,1
3173,SOUTH AFRICA,KwaZulu-Natal,Mission Rocks,1
3174,SOUTH AFRICA,KwaZulu-Natal,Mnini,1
3175,SOUTH AFRICA,KwaZulu-Natal,Mpande,1
3176,SOUTH AFRICA,KwaZulu-Natal,"Native Beach, Durban",1
3177,SOUTH AFRICA,KwaZulu-Natal,"Next to West Street groyne, Durban",1
3178,SOUTH AFRICA,KwaZulu-Natal,"Off Beachbums, Tongaat",1
3179,SOUTH AFRICA,KwaZulu-Natal,Park Rynie,1
3180,SOUTH AFRICA,KwaZulu-Natal,"Peace Cottage, Umdhloti",1
3181,SOUTH AFRICA,KwaZulu-Natal,Port St. John's,1
3182,SOUTH AFRICA,KwaZulu-Natal,Protea Banks,1
3183,SOUTH AFRICA,KwaZulu-Natal,Protea Reef,1
3184,SOUTH AFRICA,KwaZulu-Natal,Ramsgate,1
3185,SOUTH AFRICA,KwaZulu-Natal,Scotburgh,1
3186,SOUTH AFRICA,KwaZulu-Natal,"Selection Reef, Umdhloti",1
3187,SOUTH AFRICA,KwaZulu-Natal,"Shark tank at Oceanographic Research Insitute, Durban",1
3188,SOUTH AFRICA,KwaZulu-Natal,Shark tank at Oceanographic Research Institute,1
3189,SOUTH AFRICA,KwaZulu-Natal,"Shark tank, Oceanographic Research Institute, Durban",1
3190,SOUTH AFRICA,KwaZulu-Natal,Sheffield Beach,1
3191,SOUTH AFRICA,KwaZulu-Natal,South of Durban,1
3192,SOUTH AFRICA,KwaZulu-Natal,"Splash Rock, Port Edward",1
3193,SOUTH AFRICA,KwaZulu-Natal,St. Michaels,1
3194,SOUTH AFRICA,KwaZulu-Natal,"Suncoast Pirates Beach, Durban",1
3195,SOUTH AFRICA,KwaZulu-Natal,T.O. Strand,1
3196,SOUTH AFRICA,KwaZulu-Natal,Tinley Manor,1
3197,SOUTH AFRICA,KwaZulu-Natal,Tugela River,1
3198,SOUTH AFRICA,KwaZulu-Natal,Tugela River Mouth,1
3199,SOUTH AFRICA,KwaZulu-Natal,"Two Mile Reef, Sodwana Bay",1
3200,SOUTH AFRICA,KwaZulu-Natal,Umbogintwini,1
3201,SOUTH AFRICA,KwaZulu-Natal,Umgeni River Mouth,1
3202,SOUTH AFRICA,KwaZulu-Natal,Umhlali,1
3203,SOUTH AFRICA,KwaZulu-Natal,Umhlanga,1
3204,SOUTH AFRICA,KwaZulu-Natal,Umlaas Canal,1
3205,SOUTH AFRICA,KwaZulu-Natal,Umvoti,1
3206,SOUTH AFRICA,KwaZulu-Natal,Umzimkulu,1
3207,SOUTH AFRICA,KwaZulu-Natal,"Vetch’s Pier, Durban",1
3208,SOUTH AFRICA,KwaZulu-Natal,Warner Beach,1
3209,SOUTH AFRICA,KwaZulu-Natal,"Warner Beach, South Coast",1
3210,SOUTH AFRICA,KwaZulu-Natal,Westbrook Beach,1
3211,SOUTH AFRICA,KwaZulu-Natal,Widenham,1
3212,SOUTH AFRICA,KwaZulu-Natal,"uShaka Aquarium, Durban",1
3213,SOUTH AFRICA,KwaZulu-Natal between Port Edward and Port St Johns,Off Mkhambati,1
3214,SOUTH AFRICA,South Atlantic Ocean,Possession Island,1
3215,SOUTH AFRICA,Transvaal,"National Zoological Gardens Aquarium, Pretoria",1
3216,SOUTH AFRICA,Western Cape Province,13 km off Knysna,1
3217,SOUTH AFRICA,Western Cape Province,20 m from shore at Strand,1
3218,SOUTH AFRICA,Western Cape Province,40 km off Cape Point,1
3219,SOUTH AFRICA,Western Cape Province,"5 km from Gordon’s Bay, False Bay",1
3220,SOUTH AFRICA,Western Cape Province,6 km off Groot Brak River,1
3221,SOUTH AFRICA,Western Cape Province,Agulhas Banks,1
3222,SOUTH AFRICA,Western Cape Province,"Beespens, False Bay",1
3223,SOUTH AFRICA,Western Cape Province,Between Dyer Island and Pearly Beach,1
3224,SOUTH AFRICA,Western Cape Province,Blaauwberg,1
3225,SOUTH AFRICA,Western Cape Province,"Bluegums Rock, Partridge Point",1
3226,SOUTH AFRICA,Western Cape Province,"Boggomsbaai, Mossel Bay",1
3227,SOUTH AFRICA,Western Cape Province,"Buffalo Bay, near Knysna",1
3228,SOUTH AFRICA,Western Cape Province,Buffels Bay,1
3229,SOUTH AFRICA,Western Cape Province,Buffels Bay (near Knysna),1
3230,SOUTH AFRICA,Western Cape Province,Buffels Bay near Knysna,1
3231,SOUTH AFRICA,Western Cape Province,"Buffels Bay, False Bay",1
3232,SOUTH AFRICA,Western Cape Province,Cape Town,1
3233,SOUTH AFRICA,Western Cape Province,Caves near Kogel Bay,1
3234,SOUTH AFRICA,Western Cape Province,"Central Beach, Plettenberg Bay",1
3235,SOUTH AFRICA,Western Cape Province,Clovely Beach,1
3236,SOUTH AFRICA,Western Cape Province,Danger Reef,1
3237,SOUTH AFRICA,Western Cape Province,De Mond,1
3238,SOUTH AFRICA,Western Cape Province,Die Platt,1
3239,SOUTH AFRICA,Western Cape Province,Fish Hoek,1
3240,SOUTH AFRICA,Western Cape Province,Frikkies Bay,1
3241,SOUTH AFRICA,Western Cape Province,Glentana,1
3242,SOUTH AFRICA,Western Cape Province,Great Brak River,1
3243,SOUTH AFRICA,Western Cape Province,Groot River,1
3244,SOUTH AFRICA,Western Cape Province,"Hangklip, False Bay",1
3245,SOUTH AFRICA,Western Cape Province,Hawston,1
3246,SOUTH AFRICA,Western Cape Province,Hawston Beach,1
3247,SOUTH AFRICA,Western Cape Province,Holbaai,1
3248,SOUTH AFRICA,Western Cape Province,"Hospital Rock, Dyers Island",1
3249,SOUTH AFRICA,Western Cape Province,Inconnu,1
3250,SOUTH AFRICA,Western Cape Province,"Jacobs Bay Reef, Saldanha Bay",1
3251,SOUTH AFRICA,Western Cape Province,"Jogensfontein, Stilbaai",1
3252,SOUTH AFRICA,Western Cape Province,Kalk Bay,1
3253,SOUTH AFRICA,Western Cape Province,Keurbooms,1
3254,SOUTH AFRICA,Western Cape Province,"Keurbooms Lagoon, Plettenberg Bay",1
3255,SOUTH AFRICA,Western Cape Province,"Keurbooms, Plettenberg Bay",1
3256,SOUTH AFRICA,Western Cape Province,Klein River Lagoon,1
3257,SOUTH AFRICA,Western Cape Province,Kogebaai,1
3258,SOUTH AFRICA,Western Cape Province,Langebaan,1
3259,SOUTH AFRICA,Western Cape Province,"Lappiesbaai Beach, Stilbaai",1
3260,SOUTH AFRICA,Western Cape Province,Little Brak River,1
3261,SOUTH AFRICA,Western Cape Province,"Lookout Beach, Plettenberg Bay",1
3262,SOUTH AFRICA,Western Cape Province,"Lookout Beach, near the Keurbooms river mouth in Plettenberg Bay",1
3263,SOUTH AFRICA,Western Cape Province,"Macassar, False Bay",1
3264,SOUTH AFRICA,Western Cape Province,Melkbaai,1
3265,SOUTH AFRICA,Western Cape Province,"Melkbaai, Strand",1
3266,SOUTH AFRICA,Western Cape Province,"Millers Point, False Bay",1
3267,SOUTH AFRICA,Western Cape Province,Miller’s Point,1
3268,SOUTH AFRICA,Western Cape Province,"Milnerton Lagoon, Cape Town",1
3269,SOUTH AFRICA,Western Cape Province,"Muizenberg, False Bay",1
3270,SOUTH AFRICA,Western Cape Province,"Near the lagoon at Table View, Cape Peninsula",1
3271,SOUTH AFRICA,Western Cape Province,Near the wreck of the Kakapo off Noordhoek Beach,1
3272,SOUTH AFRICA,Western Cape Province,Off Cape Point,1
3273,SOUTH AFRICA,Western Cape Province,Off Macassar Beach,1
3274,SOUTH AFRICA,Western Cape Province,Olifantbos Point,1
3275,SOUTH AFRICA,Western Cape Province,Oudekraal,1
3276,SOUTH AFRICA,Western Cape Province,Platbank,1
3277,SOUTH AFRICA,Western Cape Province,Pringle Bay,1
3278,SOUTH AFRICA,Western Cape Province,"Pringle Bay, 44 miles southeast of Cape Town",1
3279,SOUTH AFRICA,Western Cape Province,Reef on seaward side of Geyser Island,1
3280,SOUTH AFRICA,Western Cape Province,Robberg Beach,1
3281,SOUTH AFRICA,Western Cape Province,Robberg Point,1
3282,SOUTH AFRICA,Western Cape Province,Robbesteen,1
3283,SOUTH AFRICA,Western Cape Province,Ryspunt,1
3284,SOUTH AFRICA,Western Cape Province,SAOU Strand,1
3285,SOUTH AFRICA,Western Cape Province,"Sanctuary Beach, Plettenberg Bay",1
3286,SOUTH AFRICA,Western Cape Province,"Sandstrand, Jongensfontein",1
3287,SOUTH AFRICA,Western Cape Province,Saxon Reef,1
3288,SOUTH AFRICA,Western Cape Province,Scarborough,1
3289,SOUTH AFRICA,Western Cape Province,Sculphoek,1
3290,SOUTH AFRICA,Western Cape Province,Sea Point,1
3291,SOUTH AFRICA,Western Cape Province,Seal Island,1
3292,SOUTH AFRICA,Western Cape Province,"Shark Alley, off Gansbaai",1
3293,SOUTH AFRICA,Western Cape Province,Simon's Bay,1
3294,SOUTH AFRICA,Western Cape Province,Simons Town,1
3295,SOUTH AFRICA,Western Cape Province,Simonstown,1
3296,SOUTH AFRICA,Western Cape Province,Simon’s Bay,1
3297,SOUTH AFRICA,Western Cape Province,"Simon’s Town, False Bay",1
3298,SOUTH AFRICA,Western Cape Province,"Smitswinkel, False Bay",1
3299,SOUTH AFRICA,Western Cape Province,Soetwater,1
3300,SOUTH AFRICA,Western Cape Province,St. Helena Bay,1
3301,SOUTH AFRICA,Western Cape Province,Stil Bay,1
3302,SOUTH AFRICA,Western Cape Province,Stilbaai,1
3303,SOUTH AFRICA,Western Cape Province,Still Bay,1
3304,SOUTH AFRICA,Western Cape Province,Strandfontein Beach,1
3305,SOUTH AFRICA,Western Cape Province,"Sunny Cove, Fish Hoek",1
3306,SOUTH AFRICA,Western Cape Province,"Sunrise Beach, Muizenberg",1
3307,SOUTH AFRICA,Western Cape Province,"Surfers' Corner, Muizenberg, False Bay",1
3308,SOUTH AFRICA,Western Cape Province,Swartklip,1
3309,SOUTH AFRICA,Western Cape Province,"Swartklip, False Bay",1
3310,SOUTH AFRICA,Western Cape Province,Table Bay,1
3311,SOUTH AFRICA,Western Cape Province,"The Steps, Wilderness",1
3312,SOUTH AFRICA,Western Cape Province,The Strand,1
3313,SOUTH AFRICA,Western Cape Province,Three Anchor Bay,1
3314,SOUTH AFRICA,Western Cape Province,Uilenkraalsmond (near Gansbaai),1
3315,SOUTH AFRICA,Western Cape Province,Velddrif,1
3316,SOUTH AFRICA,Western Cape Province,Whittle Rock False Bay,1
3317,SOUTH AFRICA,Western Cape Province,Windmill Beach,1
3318,SOUTH AFRICA,Western Cape Province,"Woodstock Beach, Cape Town",1
3319,SOUTH AFRICA,Western Province,Fish Hoek,1
3320,SOUTH ATLANTIC OCEAN,In Convoy OB 274,Off Sierra Leone,1
3321,SOUTH ATLANTIC OCEAN,Inconnu,750 miles off the African coast,1
3322,SOUTH ATLANTIC OCEAN,"North of Pernambuco, Brazil",Inconnu,1
3323,SOUTH ATLANTIC OCEAN,Off coast of West Africa,Off the passenger liner Stirling Castle,1
3324,SOUTH ATLANTIC OCEAN,Off the coast of South America,Inconnu,1
3325,SOUTH ATLANTIC OCEAN,South of the Equator,Steamship bound from Cape Town to Philadelphia,1
3326,SOUTH CHINA SEA,Inconnu,Inconnu,1
3327,SOUTH KOREA,Chungnam,Wae-yeon Island,1
3328,SOUTH KOREA,Inconnu,Jangkodo Island,1
3329,SOUTH KOREA,Jeju Province,Jeju Island,1
3330,SOUTH KOREA,South Ch'ungch'ong Province,Dando/Kaeui Island,1
3331,SOUTH KOREA,South Chungcheong Province,"36º17'N,  126º31'E",1
3332,SOUTHWEST PACIFIC OCEAN,Inconnu,Inconnu,1
3333,SOUTHWEST PACIFIC OCEAN,Inconnu,Southwestern Pacific Base,1
3334,SPAIN,Alicante,Benidorm,1
3335,SPAIN,Alicante,"Poniente Beach, Benidorm",1
3336,SPAIN,Alicante,San Juan Beach,1
3337,SPAIN,Alicante Province,Arenales del Sol,1
3338,SPAIN,Andalucia,"Puente Mayorga, San Roque, Cádiz",1
3339,SPAIN,Balearics,Isla Cabrera,1
3340,SPAIN,Canary Islands,"El Escabonal, Tenerife",1
3341,SPAIN,Canary Islands,"Famara Beach, Lanzarote",1
3342,SPAIN,Canary Islands,Gran Canaria,1
3343,SPAIN,Canary Islands,"Icod de los Vinos, Tenerife",1
3344,SPAIN,Canary Islands,"Las Teresitas, Tenerife",1
3345,SPAIN,Canary Islands,"San Juan de la Rambla, Tenerife",1
3346,SPAIN,Canary Islands,"Tazacorte, La Palma",1
3347,SPAIN,Canary Islands,"Teresita, Santa Cruz, Tenerife",1
3348,SPAIN,Castellón,Grao de Moncofa,1
3349,SPAIN,Catalonia,Aigua Blava,1
3350,SPAIN,Catalonia,Lloret-de-Mar,1
3351,SPAIN,Catalonia,Salou,1
3352,SPAIN,Catalonia,"Sant Marti d’Empuries Beach, L’Escala",1
3353,SPAIN,Catalunya,Sant Salvador,1
3354,SPAIN,Costa Blanca,"Playa de las Arenas, Valencia",1
3355,SPAIN,Cádiz,Tarifa,1
3356,SPAIN,Eastern Catalona,Badalona,1
3357,SPAIN,Galica,Sisargas Islands,1
3358,SPAIN,Galicia,Cape Finisterre,1
3359,SPAIN,Gran Canaria,Las Palmas,1
3360,SPAIN,Granada,Off Motril,1
3361,SPAIN,Grand Canary Island,"Arinaga Beach, Aguimes, Gran Canaria",1
3362,SPAIN,Grand Canary Island,"Sardina del Norte, Gáldar",1
3363,SPAIN,Ibiza Island,Playa d’en Bossa,1
3364,SPAIN,Inconnu,A Spanish port,1
3365,SPAIN,Inconnu,Cadiz,1
3366,SPAIN,Inconnu,Guadalquivir River,1
3367,SPAIN,Inconnu,Inconnu,1
3368,SPAIN,Majorca,"Estanys Beach, Colonia de Sant",1
3369,SPAIN,Malaga,Fuengirola,1
3370,SPAIN,Malaga,San Andres Beach,1
3371,SPAIN,Málaga,Ceuta,1
3372,SPAIN,Sants-Montjic,"Casa Antunez Beach, Barcelona",1
3373,SPAIN,Valencia,Castellon de la Plana,1
3374,SPAIN,Valencia,Nasareth Beach,1
3375,SPAIN,Valencia,Rabdells Beach,1
3376,SPAIN,Valencia,Valencia,1
3377,SRI LANKA,Eastern  Province,"Manayaweli Cove, Trincomalee",1
3378,SRI LANKA,Eastern  Province,Pigeon Island,1
3379,SRI LANKA,Eastern Province,Heda Oya Estuary,1
3380,SRI LANKA,Eastern Province,Pasikudha,1
3381,SRI LANKA,Eastern Province,Trincomalee,1
3382,SRI LANKA,Inconnu,Colombo Harbor,1
3383,SRI LANKA,Inconnu,Gulf of Mannar,1
3384,SRI LANKA,Southern Province,Dodnduwa,1
3385,SRI LANKA,Western Province,Colombo,1
3386,ST KITTS / NEVIS,The Narrows,Booby Island,1
3387,ST MARTIN,Inconnu,Orient Beach,1
3388,ST. MAARTIN,Simpson Bay,Sunterra Beach,1
3389,ST. MARTIN,Inconnu,20 miles from shore,1
3390,SUDAN,Red Sea,Inconnu,1
3391,SUDAN,Red Sea State,"Suakin Harbor, Suakin Island",1
3392,SUDAN?,Red Sea,Southern part,1
3393,SWEDEN,Skagerrak arm of the North Sea,Bohuslän,1
3394,SYRIA,Inconnu,Inconnu,1
3395,TAIWAN,Inconnu,50 miles off Kaohsiung,1
3396,TAIWAN,Inconnu,Ye Leow,1
3397,TAIWAN,Northern Taiwan,"Tamsui Beach, Taipai",1
3398,TAIWAN,Off Green Island,Onboard the fishing vessel Chin Sheng Fa 13,1
3399,TAIWAN,Taipei Hsien,Off Cape of Pi-tou,1
3400,TAIWAN,Taitung,Inconnu,1
3401,TAIWAN,Taitung,Taimali,1
3402,TANZANIA,Dar-es-Salaam,Dar-es-Salaam harbor,1
3403,TANZANIA,Inconnu,"Coco Beach in Oyster Bay, 7 km north of Dar-es-Salaam",1
3404,TANZANIA,Inconnu,"Coco Beach, Dar-es-Salaam (Reported as the 5th fatality in 3 months at Coco Beach)",1
3405,TANZANIA,Inconnu,Near entrance to Dar-es-Salaam Harbour,1
3406,TANZANIA,Mafia Island,Inconnu,1
3407,TASMAN SEA,35º39 : 165º8',Alongside the whaler Marianne,1
3408,THAILAND,Chanthaburi Province,Kung Krabaenbay Royal Département Study Center,1
3409,THAILAND,Inconnu,Inconnu,1
3410,THAILAND,Inconnu,On deck of fishing trawler 100 nautical miles offshore,1
3411,THAILAND,"Muang district of Satun province,",Chebilang pier,1
3412,THAILAND,Phang Nga Province,Nang Thong Beach,1
3413,THAILAND,Phang nga Province,Phang nga Island,1
3414,THAILAND,Phuket,Kamala Beach,1
3415,THAILAND,Phuket,Karon Beach,1
3416,THAILAND,Rayong Province,Laem Mae Pim Beach,1
3417,THAILAND,Southern Thailand,Inconnu,1
3418,THE BALKANS,Slovenia,Between Punta Grossa & Koper,1
3419,TOBAGO,Inconnu,Rocky Bay,1
3420,TOBAGO,Inconnu,Scarborough Bay,1
3421,TONGA,Ha'api,Ha'ano Island,1
3422,TONGA,Ha'api,Inconnu,1
3423,TONGA,Inconnu,Inconnu,1
3424,TONGA,Minerva Reef,Treated at Nuku-alofa,1
3425,TONGA,Niua,Niuafo'ou Island,1
3426,TONGA,Tongatapu,Inconnu,1
3427,TONGA,Vava'u,Eueiki Island,1
3428,TONGA,Vava'u,Hunga Island,1
3429,TONGA,Vava'u,Inconnu,1
3430,TONGA,Vava'u,Swimming with humpback whales,1
3431,TONGA,Vava'u,Tu’anuku,1
3432,TONGA,Vava’u,Between Ofu & Fafini Islands,1
3433,TONGA,Vava’u,Near Tapana Island,1
3434,TONGA,Vava’u,Neiafu,1
3435,TRINIDAD & TOBAGO,Trinidad,Inconnu,1
3436,TRINIDAD & TOBAGO,Trinidad,"Manzanilla Bay, St. Andrew County",1
3437,TRINIDAD & TOBAGO,Trinidad,"Off Radix Village, Mayoro County",1
3438,TUNISIA,Biserta,Bechateur,1
3439,TUNISIA,Inconnu,"Skanes, near Monaster",1
3440,TUNISIA,Sfax,Inconnu,1
3441,TURKEY,Adana Province,Yumurtalik,1
3442,TURKEY,Ahirkapi coast,Constantinople,1
3443,TURKEY,Anatolia,"İnciralti Beach, İzmir",1
3444,TURKEY,Antalya Province,Ucagiz,1
3445,TURKEY,Inconnu,"Bakurköy, Istanbul",1
3446,TURKEY,Inconnu,Inconnu,1
3447,TURKEY,Inconnu,Istanbul,1
3448,TURKEY,Inconnu,San Stefano,1
3449,TURKEY,Inconnu,Yeşilköy,1
3450,TURKEY,Istanbul,"Haydarpasa jetty, Istanbul",1
3451,TURKEY,Mersin Province,Off Mezitli,1
3452,TURKEY,Mugla Province,Kucukada Island,1
3453,TURKS & CAICOS,Inconnu,Inconnu,1
3454,TURKS & CAICOS,Middle Caicos,Mudjin Harbor,1
3455,TURKS & CAICOS,Providenciales,Inconnu,1
3456,TURKS AND CAICOS,Providenciales Island,Grace Bay Beach,1
3457,TUVALU,Inconnu,Between Nanumea & Nanumaga Atolls,1
3458,UNITED ARAB EMIRATES,Fujairah Emirate,35 miles off Fujairah,1
3459,UNITED ARAB EMIRATES,"Sharjah,",Khor Fakkan,1
3460,UNITED ARAB EMIRATES (UAE),Dubai,"Umm Suqeim Beach, Dubai",1
3461,UNITED ARAB EMIRATES (UAE),Umm al Qaywayan Province,Khor Fakkan,1
3462,UNITED KINGDOM,Cornwall,St. Ives,1
3463,UNITED KINGDOM,Devon,Mewstone Rock,1
3464,UNITED KINGDOM,Gibraltar,Inconnu,1
3465,UNITED KINGDOM,Isle of Man,Off Fleetwood,1
3466,UNITED KINGDOM,Isle of Wight,Atherfield,1
3467,UNITED KINGDOM,South Devon,Bantham Beach,1
3468,UNITED KINGDOM,Sussex,"Rock-a-Nore, Hastings",1
3469,URUGUAY,Maldonado coast,Inconnu,1
3470,URUGUAY,Rocha,Ensenada de la Coronilla,1
3471,USA,Alabama,5 miles off the coast,1
3472,USA,Alabama,8 miles off Mobile,1
3473,USA,Alabama,"Gulf Shores Beach, Baldwin County",1
3474,USA,Alabama,"Gulf of Mexico, 65 miles offshore from Mobile",1
3475,USA,Alabama,"Katrina Cut, Dauphin Island, Mobile County",1
3476,USA,Alabama,"Off Fort Gaines, Dauphin Island, Mobile County",1
3477,USA,Alabama,"Orange Beach, Baldwin County",1
3478,USA,Alaska,Prince William Sound,1
3479,USA,BAHAMAS,Inconnu,1
3480,USA,Bahamas,Spanish Cay,1
3481,USA,CUBA,Near Havana,1
3482,USA,California,"1/4 to 1/2 m north of the jetty at Bunkers, Eureka, Humboldt County",1
3483,USA,California,"10 miles off Redondo Beach, Los Angeles County",1
3484,USA,California,"10 miles off Santa Barbara, Santa Barbara County",1
3485,USA,California,"12' tank at Steinhart Aquarium, San Francisco",1
3486,USA,California,2 miles off Santa Catalina Island,1
3487,USA,California,"204s, San Clemente, Orange County",1
3488,USA,California,24 km off Santa Catalina Island in the Channel Islands,1
3489,USA,California,30 miles south of San Clemente Island,1
3490,USA,California,5 miles south of Redondo Beach,1
3491,USA,California,"8 miles off Newport Beach, Orange County",1
3492,USA,California,"8.5 miles south of Ano Nuevo State Reserve, Davenport County",1
3493,USA,California,"Abalone Point, Westport Union Landing, Mendocino County",1
3494,USA,California,"Albion Cove, Albion, Mendocino County",1
3495,USA,California,"Alligator Head, La Jolla, San Diego County",1
3496,USA,California,"Ano Nuevo Island, San Mateo, County",1
3497,USA,California,"Ano Nuevo, San Mateo County",1
3498,USA,California,"Aptos, Santa Cruz County",1
3499,USA,California,"Atascadero Beach, Morro Bay, San Luis Obispo County",1
3500,USA,California,"Avalon, Los Angeles County",1
3501,USA,California,"Avila Beach, San Luis Obispo County",1
3502,USA,California,"Baker Beach, San Francisco County",1
3503,USA,California,"Beacons Beach, San Diego County",1
3504,USA,California,"Bean Hollow State Beach, San Mateo County",1
3505,USA,California,"Bear Harbor, Mendocino County",1
3506,USA,California,"Between False Klamath & mouth of Klamath River, Del Norte County",1
3507,USA,California,"Between Pescadero Point & Bean Hollow Beach, San Mateo County",1
3508,USA,California,Between Santa Cruz Island and Santa Barbara,1
3509,USA,California,"Bird Rock, Tomales Point",1
3510,USA,California,"Bird Rock, Tomales Point, near Marin County / Sonoma County border",1
3511,USA,California,"Bird Rock, near Tomales Point, Marin County",1
3512,USA,California,"Bluefish Cove, Pt. Lobos State Park, Monterey County",1
3513,USA,California,"Bolsa Chica State Park, Orange County",1
3514,USA,California,"Broad Beach, Malibu, Los Angeles County",1
3515,USA,California,"Bunkers Eureka, Humboldt County",1
3516,USA,California,"Butterfly Beach, Montecito, Santa Barbara County",1
3517,USA,California,"Cambria, San Luis Obispo County",1
3518,USA,California,"Capitola Beach, Santa Cruz County",1
3519,USA,California,"Capitola, Santa Cruz County",1
3520,USA,California,"Carmel, Monterey County",1
3521,USA,California,"Castle Rock, San Miguel Island, Santa Barbara County",1
3522,USA,California,Catalina Channel,1
3523,USA,California,"Catalina Channel, Los Angeles County",1
3524,USA,California,Catalina Island,1
3525,USA,California,"Catalina Island, Orange County",1
3526,USA,California,Centerville Beach,1
3527,USA,California,"Clam Beach, near Eureka, Humboldt County",1
3528,USA,California,"Corona Del Mar, Newport, Orange County",1
3529,USA,California,"Coronado Strand, San Diego County",1
3530,USA,California,"Coronado, San Diego County",1
3531,USA,California,Cortes Bank,1
3532,USA,California,"Dana Point, Orange County",1
3533,USA,California,"Dana Point, San Clemente, Orange County",1
3534,USA,California,"Davenport Light, San Mateo County",1
3535,USA,California,"Davenport, Santa Cruz County",1
3536,USA,California,"Deer Creek Beach, Ventura County",1
3537,USA,California,"Del Mar Beach, San Diego County",1
3538,USA,California,"Dog Beach, Huntington Beach",1
3539,USA,California,"Dog Patch, San Onofre",1
3540,USA,California,"Drakes Estero, Point Reyes, Marin County",1
3541,USA,California,"El Pescador Beach, Los Angeles County",1
3542,USA,California,"Elephant Rock near Tomales Point, Marin County",1
3543,USA,California,"Faria Beach, Ventura County",1
3544,USA,California,"Gaviota State Beach, Santa Barbara County",1
3545,USA,California,"Goat Rock, Bodega Bay, Sonoma County?",1
3546,USA,California,"Gray Whale Beach Cove State Beach, San Mateo County",1
3547,USA,California,"Horseshoe Reef, Scott Creek, Davenport, Santa Cruz County",1
3548,USA,California,"Horseshoe Rock, Santa Barbara County",1
3549,USA,California,"Humboldt Bay, Eureka, Humboldt County",1
3550,USA,California,Humboldt County,1
3551,USA,California,"In kelp beds off La Jolla, San Diego County",1
3552,USA,California,Inconnu,1
3553,USA,California,"Kibesillah, Mendocino County",1
3554,USA,California,"Klamath River mouth, Del Norte County",1
3555,USA,California,"LaJolla Shores, San Diego County",1
3556,USA,California,"LaJolla, San Diego County",1
3557,USA,California,"Laguna Beach, Orange County",1
3558,USA,California,"Latigo Point / Paradise Cove, west of Malibu, Los Angeles County",1
3559,USA,California,"Latigo Point / Paradise Cove,west of Malibu, Los Angeles County",1
3560,USA,California,"Leadbetter Beach, Santa Barbara County",1
3561,USA,California,"Leffingwell Landing, Cambria,  San Luis Obispo County",1
3562,USA,California,"Lifeguard Tower 16, Huntington Beach, Orange County",1
3563,USA,California,"Limantour Beach, Point Reyes National Seashore",1
3564,USA,California,"Loch Lomond, Marin County",1
3565,USA,California,"Los Angeles, Los Angeles County",1
3566,USA,California,"Lovers Point, Pacific Grove, Monterey County",1
3567,USA,California,"Manhattan Beach, Los Angeles County",1
3568,USA,California,"Manresa State Beach, Santa Cruz County",1
3569,USA,California,"McClure Beach, near Tomales Point, Marin County",1
3570,USA,California,"Monastery Beach, Carmel River State Park, Monterey Peninsula, Monterey California",1
3571,USA,California,"Montaña de Oro State Park, San Luis Obispo County",1
3572,USA,California,"Montera Beach, San Mateo County",1
3573,USA,California,Monterey Bay,1
3574,USA,California,"Monterey, Monterey County",1
3575,USA,California,"Morro Bay, San Luis Obispo County",1
3576,USA,California,"Morro Rock, Morro Bay, San Obispo County",1
3577,USA,California,"Morro Strand State Beach, San Luis Obispo County",1
3578,USA,California,"Near Encino, Los Angeles County",1
3579,USA,California,"Near Paradise Cove, Malibu, Los Angeles County",1
3580,USA,California,"Near oil rig Hondo, 5 nm from Gaviota, Santa Barbara County",1
3581,USA,California,"North Farallon Island, Farallon Islands",1
3582,USA,California,"North of Morro Rock, San Luis Obispo County",1
3583,USA,California,"North of Pidgeon Point, San Mateo County",1
3584,USA,California,"North of Point Sur, Monterey County",1
3585,USA,California,"Ocean Beach, San Francisco, San Francisco County",1
3586,USA,California,"Oceano Dunes State Beach, San Luis Obispo County",1
3587,USA,California,"Oceanside, San Diego County",1
3588,USA,California,Off Catalina Island,1
3589,USA,California,"Off La Jolla Cove, San Diego County",1
3590,USA,California,"Off Leffingwell Landing, San Luis Obispo County",1
3591,USA,California,"Off Palos Verdes Estates, Los Angeles",1
3592,USA,California,"Off Palos Verdes peninsula, Los Angeles County",1
3593,USA,California,"Off Point Mugu, Ventura County",1
3594,USA,California,"Off San Clemente Island, Los Angeles County",1
3595,USA,California,Off San Diego,1
3596,USA,California,"Off San Diego, San Diego County",1
3597,USA,California,"Off San Pedro, Los Angeles County",1
3598,USA,California,"Off Santa Monica, Los Angeles County",1
3599,USA,California,"Off Shelter Cover (between Fort Bragg & Eureka), Humboldt County",1
3600,USA,California,"Off Ventura, Anacapa & Santa Cruz Islands",1
3601,USA,California,"Otter Point, Pacific Grove",1
3602,USA,California,"Pacific Beach, San Diego County",1
3603,USA,California,"Pacific Grove, Monterey Bay, Monterey County",1
3604,USA,California,"Pacific State , San Mateo County",1
3605,USA,California,"Pacifica, San Mateo County",1
3606,USA,California,"Pajaro Dunes, Santa Cruz County",1
3607,USA,California,"Pebble Beach, Cypress Point, Monterey County",1
3608,USA,California,"Perch Rock, Point Conception, Santa Barbara County",1
3609,USA,California,Pigeon Point,1
3610,USA,California,"Pillar Point, Half-Moon Bay, San Mateo County",1
3611,USA,California,"Pismo Beach, San Luis  Obispo County",1
3612,USA,California,"Point Buchon, San Luis Obispo County",1
3613,USA,California,"Point Purisima, Santa Barbara County",1
3614,USA,California,"Point Sur, Monterey County",1
3615,USA,California,"Portuguese Beach at mouth of Salmon Creek, Sonoma County",1
3616,USA,California,"Redondo, Los Angeles County",1
3617,USA,California,"Refugio State Beach, Santa Barbara County",1
3618,USA,California,"Russian Gulch, Jenner, Sonoma County",1
3619,USA,California,"Salmon Beach, Sonoma County",1
3620,USA,California,"Samoa Beach, Humboldt County",1
3621,USA,California,San Diego County,1
3622,USA,California,San Francisco,1
3623,USA,California,"San Gregorio Beach, San Mateo County",1
3624,USA,California,San Mateo County,1
3625,USA,California,"San Miguel Islandl, Santa Barbara County",1
3626,USA,California,"San Nicholas Island, Santa Barbara County",1
3627,USA,California,"Sand Dollar Beach, Santa Cruz County",1
3628,USA,California,"Sandspit Beach, Montaña de Oro State Park",1
3629,USA,California,Santa Barbara,1
3630,USA,California,"Santa Rosa Island, Ventura County",1
3631,USA,California,"Scripps, LaJolla, San Diego County",1
3632,USA,California,"Sea Ranch, Sonoma County",1
3633,USA,California,"Seal Beach, Orange County",1
3634,USA,California,"Seal Rock, Goleta Beach, Santa Barbara",1
3635,USA,California,"Shell Beach, San Luis Obispo County",1
3636,USA,California,"Shelter Cover, north of Fort Bragg, Shelter Cove, Mendocino County",1
3637,USA,California,"Ship Rock near Catalina, Los Angeles County",1
3638,USA,California,"South Moss Beach, Spanish Bay, Monterey Peninsula",1
3639,USA,California,Southeast Farallon Island,1
3640,USA,California,"Stearns Wharf, Santa Barbara",1
3641,USA,California,"Stillwater Cove, Monterey County",1
3642,USA,California,"Stillwater Cove, Sonoma County",1
3643,USA,California,"Summerland, Santa Barbara County",1
3644,USA,California,"Sunset Beach, Orange County",1
3645,USA,California,"Sunset Cliffs, San Diego",1
3646,USA,California,"Sunset Cliffs, San Diego, San Diego County",1
3647,USA,California,"Surf Beach, Vandenberg AFB, Santa Barbara County",1
3648,USA,California,"Surfside, Orange County",1
3649,USA,California,"Terramar Beach, Carlsbad, San Diego County",1
3650,USA,California,"Topanga Beach, Los Angeles County",1
3651,USA,California,"Topanga Canyon Beach, Santa Monica Bay",1
3652,USA,California,"Tourmaline Surf Park, San Diego County",1
3653,USA,California,"Trinidad Bay, Humboldt County",1
3654,USA,California,"Trinidad Beach, Huboldt County",1
3655,USA,California,"Trinidad Head, Humboldt County",1
3656,USA,California,"Trinidad State Beach, Humboldt County",1
3657,USA,California,"Tunitas Beach, San Mateo County",1
3658,USA,California,"Usal Creek, Bear Harbor, Mendocino County",1
3659,USA,California,"Van Ness Municipal Pier, San Francisco",1
3660,USA,California,"Venice Pier, Venice, Los Angeles County",1
3661,USA,California,Ventura,1
3662,USA,California,"Waddell Reef, Santa Cruz County",1
3663,USA,California,"Walls Beach, Vandenberg AFB, Santa Barbara County",1
3664,USA,California,"West Cove, Catalina Island",1
3665,USA,California,"Will Rogers State Beach, Los Angeles County",1
3666,USA,California,"Zuma Beach, Santa Monica, Los Angeles County",1
3667,USA,Carolina coast,Inconnu,1
3668,USA,Cayman Islands,Grand Cayman,1
3669,USA,Connecticut,"3 days out of Old Saybrook, Connecticut, 37.04'N, 67.57'W, Southern fringe of Gulf Stream",1
3670,USA,Connecticut,"Branford, New Haven County",1
3671,USA,Connecticut,Mystic River,1
3672,USA,Connecticut,"Off Eames Monument, Bridgeport, Fairfield County",1
3673,USA,Delaware,"Cape Henlopen State Park, Sussex County",1
3674,USA,Delaware,Delaware Lightship,1
3675,USA,Delaware,Dewey Beach,1
3676,USA,Delaware,Fenwick Island,1
3677,USA,Delaware,"Indian River Inlet, Rehoboth Beach",1
3678,USA,Delaware,"Lewes, Sussex County",1
3679,USA,Delaware,"Mispillion Light, Delaware Bay",1
3680,USA,Florida,1 mile off Miami Beach,1
3681,USA,Florida,"1.4 miles south of Ponce de Leon Jetty, New Smyrna Beach, Volusia County",1
3682,USA,Florida,10 miles off Cape Canaveral,1
3683,USA,Florida,100 miles off Ft. Myers Beach,1
3684,USA,Florida,100 miles offshore,1
3685,USA,Florida,"11 miles off Dog Island in the Gulf of Mexico, Franklin County",1
3686,USA,Florida,"12 miles northeast of Mayport,  Duval County",1
3687,USA,Florida,"15 miles north of Sebastian Inlet, Brevard County",1
3688,USA,Florida,150 miles from Crystal River,1
3689,USA,Florida,150 miles southeast of Cape Kennedy,1
3690,USA,Florida,"16 miles north of Fort Pierce Inlet, Indian River County",1
3691,USA,Florida,"2 miles east of Dania Beach, Broward County",1
3692,USA,Florida,"2 miles off Jupiter, Palm Beach County",1
3693,USA,Florida,"2 miles off Pompano Beach, Broward County",1
3694,USA,Florida,20 miles from Mayport,1
3695,USA,Florida,275 miles northeast of Miami,1
3696,USA,Florida,"27th Avenue, New Smyrna Beach, Volusia County",1
3697,USA,Florida,"3 miles east of Jacksonville Beach, Duval County",1
3698,USA,Florida,3 miles north of the inlet at Palm Beach,1
3699,USA,Florida,"3 miles off Jupiter, Palm Beach County",1
3700,USA,Florida,"3 miles south of Sebastian Inlet State Park, Indian River County",1
3701,USA,Florida,"3 to 4 miles west of Indian Pass, Gulf County",1
3702,USA,Florida,"40 miles off Islamorada, near Cay Sal",1
3703,USA,Florida,"46 miles off Mayport, Duval County",1
3704,USA,Florida,5 miles south of Palm Beach,1
3705,USA,Florida,"500 yards from Fowey Rock Light, 9 miles east of Key Biscayne, Miami",1
3706,USA,Florida,6 miles north of Palm Beach,1
3707,USA,Florida,"6 miles south of Boca Chica Key, Monroe County",1
3708,USA,Florida,70 miles off Pensacola,1
3709,USA,Florida,70 miles off Tarpon Springs,1
3710,USA,Florida,"8 miles off St. Marks, Wakulla County",1
3711,USA,Florida,"8 miles south of Elliot Key, Miami-Dade County",1
3712,USA,Florida,"9 miles north of Turtle Beach, Siesta Key, Sarasota County",1
3713,USA,Florida,A quarter mile north of Fort Pierce Inlet,1
3714,USA,Florida,"Alligator Reef off Islamorada, Monroe County",1
3715,USA,Florida,"Alligator Reef, off Islamorada, Monroe County",1
3716,USA,Florida,American Shoals off Key West,1
3717,USA,Florida,Anastasia Island,1
3718,USA,Florida,Apalachicola Bay,1
3719,USA,Florida,"Artifical reef 3 miles off Manatee Beach, Manatee County",1
3720,USA,Florida,"Atlantic Avenue, Palm Beach County",1
3721,USA,Florida,"Atlantic Beach, Mayport,  Duval County",1
3722,USA,Florida,"Atlantic Dunes Park, Delray Beach, Palm Beach County",1
3723,USA,Florida,"Atlantiic Beach, Duval County",1
3724,USA,Florida,"Avalon State Park Beach, North Hutchinson Island, St Lucie County",1
3725,USA,Florida,"Baker's Haulover, Miami Beach",1
3726,USA,Florida,Bathtub Beach,1
3727,USA,Florida,"Bathtub Beach, Martin County",1
3728,USA,Florida,"Bathtub Reef  Beach, Stuart, Martin County",1
3729,USA,Florida,"Bathtub Reef Beach, Martin County",1
3730,USA,Florida,"Bayboro, Pinellas County",1
3731,USA,Florida,"Bayport, Hernando County",1
3732,USA,Florida,"Bayshore Garden, Sarasota Bay, Sarasota County",1
3733,USA,Florida,"Beachway Avenue Approach, New Smyrna Beach, Volusia County",1
3734,USA,Florida,"Behune Beach, Volusia County",1
3735,USA,Florida,"Bethel Shoals, Indian River County",1
3736,USA,Florida,Bethune Beach,1
3737,USA,Florida,"Between Lake Worth & Biscayne Bay, near Hillsboro",1
3738,USA,Florida,"Between Palm  & Salerno Inlets, Martin County",1
3739,USA,Florida,"Big Bayou, St. Petersburg, Pinellas County",1
3740,USA,Florida,"Big Pine Key, Monroe County",1
3741,USA,Florida,"Big Talbot Island, Duval County",1
3742,USA,Florida,"Bill Baggs Cape Florida State Recreation Area, Miami-Dade County",1
3743,USA,Florida,"Biltmore Beach, near Panama City",1
3744,USA,Florida,Biscayne Bay,1
3745,USA,Florida,"Biscayne National Park, Miami",1
3746,USA,Florida,"Block Houe Beach, Brevard County",1
3747,USA,Florida,"Blockhouse Beach, Brevard County",1
3748,USA,Florida,"Blue Fish Channel, Key West, Monroe County",1
3749,USA,Florida,"Bob Graham Beach, Martin County",1
3750,USA,Florida,"Boca Ciega Bay, Tampa, Pinellas County",1
3751,USA,Florida,"Bonita Springs, Lee County",1
3752,USA,Florida,"Brevard County, a mile north of Sebastian Inlet",1
3753,USA,Florida,"Butler Beach, St Augustine,       St. Johns County",1
3754,USA,Florida,"Caloosahatchee River, Lee County",1
3755,USA,Florida,Canaveral National Seashore,1
3756,USA,Florida,"Canova Beach, Brevard County",1
3757,USA,Florida,Cape Canaveral,1
3758,USA,Florida,"Cape Sable, Monroe County",1
3759,USA,Florida,"Carlin Park, Jupiter Inlet",1
3760,USA,Florida,"Carlin Park, Jupiter, Palm Beach County",1
3761,USA,Florida,Carter Cay,1
3762,USA,Florida,"Carysfort Lighthouse, Key Largo, Monroe County",1
3763,USA,Florida,"Casino Beach, Pensacola, Escambia County",1
3764,USA,Florida,"Central Gulf Coast, St. John County",1
3765,USA,Florida,"Cherie Down Park, Brevard County",1
3766,USA,Florida,"Cocoa  Beach, Brevard County",1
3767,USA,Florida,"Content Keys, Monroe County",1
3768,USA,Florida,"Coquina Beach, Anna Maria Island, Manatee County",1
3769,USA,Florida,"Coral Cove Park, Jupiter Inlet, Palm Beach County",1
3770,USA,Florida,"Coral Cove Park, Jupiter Island, Martin County",1
3771,USA,Florida,"Coral Cove Park, Palm Beach County",1
3772,USA,Florida,"Corners Beach, Jupiter, Palm Beach County",1
3773,USA,Florida,"Crawford Road beach approach at New Smyrna Beach, Volusia County",1
3774,USA,Florida,"Crescent Beach, Sarasota County",1
3775,USA,Florida,"Crescent Beach, St Johns County",1
3776,USA,Florida,"Crescent Beach, St. Augustine, St. Johns County",1
3777,USA,Florida,"Dania, Broward County",1
3778,USA,Florida,"Davis Reef, Islamorada, Monroe County",1
3779,USA,Florida,"Daytona  Beach, Volusia County",1
3780,USA,Florida,"Daytona Beach Shores,  Volusia County",1
3781,USA,Florida,"Deerfield Beach (near Boca Raton), Broward County",1
3782,USA,Florida,"Deerfield Beach, Broward County",1
3783,USA,Florida,"Destin, Walton County",1
3784,USA,Florida,"Disney / Vero Beach, Indian River County",1
3785,USA,Florida,"Egmont Key, Hillsborough County",1
3786,USA,Florida,"Englewood Beach, Charlotte County",1
3787,USA,Florida,"Everglades National Park, Monroe County",1
3788,USA,Florida,"Fernandina Beach, Amelia Island, Nassau County",1
3789,USA,Florida,"Fernandina, Nassau County",1
3790,USA,Florida,"Flagship Drive, Summerland Key, Monroe County",1
3791,USA,Florida,"Flamingo Marina, Homestead, Miami-Dade County",1
3792,USA,Florida,"Fletcher Beach, Hutchinson Island, Martin County",1
3793,USA,Florida,Florida Bay,1
3794,USA,Florida,"Florida Keys 25ºN,82ºW",1
3795,USA,Florida,Fort Myers,1
3796,USA,Florida,"Fort Myers Beach, Lee County",1
3797,USA,Florida,"Fort Pickens, Escambia County",1
3798,USA,Florida,"Fort Pierce Inlet State Park, St Lucie County",1
3799,USA,Florida,"Fort Pierce Inlet State Park, St. Lucie County",1
3800,USA,Florida,"Fort Pierce Inlet, St. Lucie County",1
3801,USA,Florida,"Fort Pierce State Park, St. Lucie County",1
3802,USA,Florida,"Fort Walton Beach, Okaloosa County",1
3803,USA,Florida,Fort Worth,1
3804,USA,Florida,"Fowey Rock Light, Miami",1
3805,USA,Florida,"Fowey Rock, Key Biscayne",1
3806,USA,Florida,"Ft. Lauderdale, Broward County",1
3807,USA,Florida,"Ft. Pierce, St Lucie County",1
3808,USA,Florida,"Gadsden Point, Tampa Bay",1
3809,USA,Florida,"Garden Key, Charlotte County",1
3810,USA,Florida,"Grayton Beach State Park,   Walton County",1
3811,USA,Florida,Gulf Island National Seashore Park,1
3812,USA,Florida,Gulf Islands National Seashore,1
3813,USA,Florida,Gulf of Mexico,1
3814,USA,Florida,"Gulf of Mexico, 22 miles from Pensacola",1
3815,USA,Florida,"Gulfstream Park beach, Palm Beach County",1
3816,USA,Florida,Half mile north of Juno Beach Pier,1
3817,USA,Florida,"Hallandale Beach, Broward County",1
3818,USA,Florida,Hanalei Bay,1
3819,USA,Florida,Haulover Inlet,1
3820,USA,Florida,"Haulover Inlet, Dade County",1
3821,USA,Florida,"Haulover Inlet, Miami-Dade County",1
3822,USA,Florida,"Higkand Beach, Palm Beach County",1
3823,USA,Florida,Hillsborough Bay,1
3824,USA,Florida,"Hobe Sound Beach, Palm Beach County",1
3825,USA,Florida,"Hollywood, Broward County",1
3826,USA,Florida,"Homestead, Miami-Dade County",1
3827,USA,Florida,"Howard E. Futch Memorial Park at Paradise Beach, Brevard County",1
3828,USA,Florida,"Hugenot Beach , Jacksonville, Duval County",1
3829,USA,Florida,"Huguenot Memorial Park, Duval County",1
3830,USA,Florida,Huguenot Park,1
3831,USA,Florida,"Huguenot Park, Jacksonville, Duval County",1
3832,USA,Florida,Hutchinson Island,1
3833,USA,Florida,"Hutchinson Island Beach, Martin County",1
3834,USA,Florida,"Hutchinson Island, Martin County",1
3835,USA,Florida,In Gulf of Mexico 17 miles off Weeki Wachee,1
3836,USA,Florida,In a canal 10 miles north of St Augustine,1
3837,USA,Florida,"In front of Key Biscayne Beach Club, Key Biscayne",1
3838,USA,Florida,"In the bay near the naval yard at Pensacola, Escambia County",1
3839,USA,Florida,"Indian Harbor Beach, Brevard County",1
3840,USA,Florida,Indian River County,1
3841,USA,Florida,Indian River Inlet / Fort Pierce Inlet,1
3842,USA,Florida,Indian River area,1
3843,USA,Florida,"Indian Rocks Beach, Clearwater, Pinellas County",1
3844,USA,Florida,"Intracoastal Waterway,      St. Petersburg",1
3845,USA,Florida,"Intracoastal Waterway, Boca Raton, Palm Beach County",1
3846,USA,Florida,"Islamorada Founder's Park, Plantation Key, Monroe County",1
3847,USA,Florida,"Islamorada, Monroe County",1
3848,USA,Florida,Jacksonville,1
3849,USA,Florida,"Jacksonvlle, Duval County",1
3850,USA,Florida,Jensen Beach,1
3851,USA,Florida,"John Pennekamp Coral Reef State Park, Monroe County",1
3852,USA,Florida,"John Pennekamp Marine Park, Monroe County",1
3853,USA,Florida,"John's Pass, Pinellas County",1
3854,USA,Florida,"Juan Ponce de León Landing, Melbourne Beach, Brevard County",1
3855,USA,Florida,"Juno Beach / North Palm Beach, Palm Beach County",1
3856,USA,Florida,"Jupiter Beach, Palm Beach County",1
3857,USA,Florida,"Jupiter Island Beach, Martin County",1
3858,USA,Florida,"Jupiter Island, Brevard County",1
3859,USA,Florida,"Jupiter Island, Martin County",1
3860,USA,Florida,"Keaton Beach,",1
3861,USA,Florida,"Key Biscayne, Dade County",1
3862,USA,Florida,"Key Biscayne, Miami, Dade County",1
3863,USA,Florida,"Key Biscayne, Miami-Dade County",1
3864,USA,Florida,"Key Colony Beach, Monroe County",1
3865,USA,Florida,Key Largo,1
3866,USA,Florida,Key Largo Sound,1
3867,USA,Florida,Key West Aquarium,1
3868,USA,Florida,"Laguna Beach, Bay County",1
3869,USA,Florida,"Lake Worth Inlet/West Palm Beach, Palm Beach County",1
3870,USA,Florida,"Lantana Beach, Palm Beach County",1
3871,USA,Florida,"Lauderdale-By-The-Sea, Broward County",1
3872,USA,Florida,"Lighhouse Point Park, Ponce Inlet, Volusia County",1
3873,USA,Florida,"Lignum Vitae Channel, Florida Keys, Monroe County",1
3874,USA,Florida,"Little Talbot Island, Jacksonville, Duval County",1
3875,USA,Florida,"Long Key, Monroe County",1
3876,USA,Florida,"Longboat Key, Sarasota, Sarasota County",1
3877,USA,Florida,"Looe Key, Monroe County",1
3878,USA,Florida,"Lori Wilson Park, Cocoa Beach, Brevard County",1
3879,USA,Florida,"Lovers Key State Park, Bonita Springs, Lee County",1
3880,USA,Florida,Macarthur State Park,1
3881,USA,Florida,"Manalapan, Palm Beach County",1
3882,USA,Florida,"Manasota Beach, Sarasota County",1
3883,USA,Florida,Manatee County,1
3884,USA,Florida,"Marathon , Monroe County",1
3885,USA,Florida,"Marco Island, Collier County",1
3886,USA,Florida,Marques Island,1
3887,USA,Florida,"Matanzas Bay Inlet, St. Johns County",1
3888,USA,Florida,"Matanzas Inlet, St Johns County",1
3889,USA,Florida,Mayport Naval Station  Duval County,1
3890,USA,Florida,"Mayport Naval Station Beach, Duval County",1
3891,USA,Florida,"Mayport Naval Station, Jacksonville, Duval Country",1
3892,USA,Florida,"McArthur Beach, Singer Island, Palm Beach Shores",1
3893,USA,Florida,"Melbourne, Brevard County",1
3894,USA,Florida,Miami Beach,1
3895,USA,Florida,"Miami Beach, Dade County",1
3896,USA,Florida,"Miami Seaquarium, Virginia Key, Miami, Miami-Dade County",1
3897,USA,Florida,"Miami, Dade County",1
3898,USA,Florida,"Miami, Miami-Dade County",1
3899,USA,Florida,"Miami, Miami-Date County",1
3900,USA,Florida,"Micklers Landing, St. Johns County",1
3901,USA,Florida,"Middle Sambo Reef off Boca Chica, Monroe County",1
3902,USA,Florida,"Monster Hole, Sebastian Inlet, Indian River County",1
3903,USA,Florida,"Mullet Key, Pinellas County",1
3904,USA,Florida,"Municipal Bathing area, Riviera Beach, Palm Beach County",1
3905,USA,Florida,"Municipal Beach, Boyton Beach, Palm Beach County",1
3906,USA,Florida,"Municipal Beach, Riviera Beach, Palm Beach County",1
3907,USA,Florida,"Municipal Pier, St. Petersburg, Tampa bay",1
3908,USA,Florida,Naples,1
3909,USA,Florida,"Near Boynton Beach, Palm Beach County",1
3910,USA,Florida,"Near Cocoa Beach, Brevard  County",1
3911,USA,Florida,"Near Fernandina Bar, Nassau County",1
3912,USA,Florida,Near Key Largo,1
3913,USA,Florida,"Near New Smyrna Jetty, Volusia County",1
3914,USA,Florida,"Near Panama City, Bay County",1
3915,USA,Florida,"Near Patrick AFB, Brevard County",1
3916,USA,Florida,Near Patrick Air Force Base Brevard County,1
3917,USA,Florida,Near Port Canaveral Coast Guard Base,1
3918,USA,Florida,"Near US Air Force Base at Elgin, Okaloosa County",1
3919,USA,Florida,Near a small wreck in a channel at Indian Key,1
3920,USA,Florida,"Near the Bahia Honda Bridge, Monroe County",1
3921,USA,Florida,"Neptune Avenue, Ormond Beach, Volusia County",1
3922,USA,Florida,"Neptune, Duval County",1
3923,USA,Florida,"Nest Key, Monroe County",1
3924,USA,Florida,"New Smyrna Beach / Cape Canaveral  National Seashore, Brevard County",1
3925,USA,Florida,"New Smyrna Beach / Ponce Inlet, Volusia County",1
3926,USA,Florida,"Normandy Beach, Hutchinson Island,  St. Lucie County",1
3927,USA,Florida,"North Beach Inlet, St. Lucie County",1
3928,USA,Florida,"North Beach Jetty, St Lucie County",1
3929,USA,Florida,"North Beach, Hutchinson Island, St. Lucie County",1
3930,USA,Florida,"North Beach, Patrick AFB, Brevard County",1
3931,USA,Florida,"North Beach, St. Augustine",1
3932,USA,Florida,North Dade- Interama area of Biscayne Bay,1
3933,USA,Florida,"North Hutchinson Island, St. Lucie Couny",1
3934,USA,Florida,"North Jetty Park, Fort Pierce, St Lucie County",1
3935,USA,Florida,"North end of County Beach, Palm Beach County",1
3936,USA,Florida,"North of Jupiter Inlet, Palm Beach County",1
3937,USA,Florida,"Ocean Beach, Jaycee Park, Vero Beach, Indian River County",1
3938,USA,Florida,"Ocean Ridge, Boca Raton, Palm Beach County",1
3939,USA,Florida,"Off 12th Street, Miami Beach",1
3940,USA,Florida,"Off Boca Grande, Lee County",1
3941,USA,Florida,"Off Boca Raton Hotel & Club, Boca Raton, Palm Beach County",1
3942,USA,Florida,Off Boca Raton. Palm Beach County,1
3943,USA,Florida,"Off Crystal River, Citrus County",1
3944,USA,Florida,Off Florida coast,1
3945,USA,Florida,"Off Fort Pierce, St Lucie County",1
3946,USA,Florida,"Off Fort Pierce, St. Lucie County",1
3947,USA,Florida,"Off Gasparilla Island, Charlotte County",1
3948,USA,Florida,"Off Hutchinson Island, St Lucie County",1
3949,USA,Florida,Off Jupiter,1
3950,USA,Florida,"Off Jupiter Inlet, Palm Beach County",1
3951,USA,Florida,Off Key Biscayne,1
3952,USA,Florida,"Off Key Largo, Monroe County",1
3953,USA,Florida,Off Key West,1
3954,USA,Florida,"Off Lake Worth, Palm Beach County",1
3955,USA,Florida,Off Panama City,1
3956,USA,Florida,"Off Port Everglades, Broward County",1
3957,USA,Florida,"Off Singer Island, Palm Beach County",1
3958,USA,Florida,"Off Snipe Point, Florida Keys, Monroe County",1
3959,USA,Florida,Off Tampa Bay,1
3960,USA,Florida,Off Tarpon Springs,1
3961,USA,Florida,"Off Zelda Boulevard, Daytona Beach, Volusia Countyy",1
3962,USA,Florida,Okaloosa County,1
3963,USA,Florida,Okaloosa Island,1
3964,USA,Florida,"On the south side of Ponce Inlet, Volusia County",1
3965,USA,Florida,"Opposite Patrick Air Force Base, Brevard County",1
3966,USA,Florida,"Opposite main gate at Patrick Air Force Base, Cape Canaveral, Brevard County",1
3967,USA,Florida,Ormond Beach,1
3968,USA,Florida,"Ormond By The Sea, Volusia County",1
3969,USA,Florida,"Ormond-by-the-Sea, Volusia County",1
3970,USA,Florida,"Outer Mole, Fort Zachrry Tatlor Historic Park, Key West, Monroe County",1
3971,USA,Florida,"Palm Beach Shores, Palm Beach County",1
3972,USA,Florida,"Palm Beach Shores, Riviera Beach, Singer Island, Palm Beach County",1
3973,USA,Florida,Palm Beach?,1
3974,USA,Florida,"Panacea, Wakulla County",1
3975,USA,Florida,"Paradise Beach Park, Brevard County",1
3976,USA,Florida,"Paradise Beach, Melbourne, Brevard County",1
3977,USA,Florida,"Pecks Lake, Martin County",1
3978,USA,Florida,"Pensacola  Beach, Escambia County",1
3979,USA,Florida,"Pensacola Harbor, Escambia County",1
3980,USA,Florida,"Perdido Key near the Florida Panhandle, Escambia County",1
3981,USA,Florida,"Perdido Key, Escambia County",1
3982,USA,Florida,"Pet Den, Satellite Beach, Brevard County",1
3983,USA,Florida,"Petting Tank, Florida Aquarium, Tampa, Hillsborough County",1
3984,USA,Florida,Pinellas County,1
3985,USA,Florida,"Pinellas Point, Tampa Bay",1
3986,USA,Florida,"Playalinda, Brevard County",1
3987,USA,Florida,"Pompano Beach, Palm Beach County",1
3988,USA,Florida,"Ponce De Leon Inlet, Volusia County",1
3989,USA,Florida,"Ponce Inlet,  New Smyrna Beach, Volusia County",1
3990,USA,Florida,"Ponce, Volusia County",1
3991,USA,Florida,"Port of the Islands, Collier County",1
3992,USA,Florida,"Public Beach (Carlin Park), Jupiter, Palm Beach County",1
3993,USA,Florida,"Public Beach, Siesta Key, Sarasota County",1
3994,USA,Florida,"Quarter mile south of Ponce de Leon Inlet, Volusia County",1
3995,USA,Florida,"Redington Beach, Pinellas County",1
3996,USA,Florida,"Resident's Beach, Marco Island",1
3997,USA,Florida,Riviera Beach,1
3998,USA,Florida,"Riviera Beach, near Palm Beach Inlet, Palm Beach County",1
3999,USA,Florida,"Rock Harbor, Key Largo, Monroe County",1
4000,USA,Florida,"Sand Key Beach, Clearwater, Pinellas County",1
4001,USA,Florida,"Sands Cut, Elliot Key",1
4002,USA,Florida,"Santa Lucea Beach, South Hutchinson Island, St. Lucie County",1
4003,USA,Florida,"Santa Rosa Beach, Walton County",1
4004,USA,Florida,"Santa Rosa Island, Escambia County",1
4005,USA,Florida,Santa Rosa Sound Escambia County,1
4006,USA,Florida,Sarasota Bay,1
4007,USA,Florida,"Sarasota, Sarasota County",1
4008,USA,Florida,"Satellite  Beach, Brevard County",1
4009,USA,Florida,"Satellite Beach, Brevard County",1
4010,USA,Florida,"Sawyer Key , Monroe County",1
4011,USA,Florida,"Sea Spray, Palm Beach",1
4012,USA,Florida,"Seaport, Brevard County",1
4013,USA,Florida,Sebastian Inlet,1
4014,USA,Florida,"Sebastian Inlet, Indian River County",1
4015,USA,Florida,"Sebastian Inlet, Indian River or Brevard County",1
4016,USA,Florida,"Sebastian, Indian River County",1
4017,USA,Florida,"Seminole Avenue, Ormond Beach, Volusia County",1
4018,USA,Florida,"Sewell’s Point, near Palm Beach",1
4019,USA,Florida,"Shark Shallows, Ponce Inlet, Volusia County",1
4020,USA,Florida,"Shepard Park, Cocoa Beach, Brevard County",1
4021,USA,Florida,"Siesta Key, Sarasota County",1
4022,USA,Florida,"Singer Island, Palm Beach County",1
4023,USA,Florida,"Singer Island, Riviera Beach",1
4024,USA,Florida,"Smyrna Dunes  Park, New Smyrna Beach, Volusia County",1
4025,USA,Florida,"Smyrna Dunes Park, New Smyrna Beach, Volusia County",1
4026,USA,Florida,"Snapper Point Jetty, Miami, Dade County",1
4027,USA,Florida,"Snipes Point, Monroe County",1
4028,USA,Florida,"Soldier Key, Miami-Dade County",1
4029,USA,Florida,"Sombero Key Light, Monroe County",1
4030,USA,Florida,"South Beach Park, Indian River County",1
4031,USA,Florida,"South Beach, Fort Pierce, St Lucie County",1
4032,USA,Florida,"South Beach, Miami-Dade County",1
4033,USA,Florida,"South Beach, Sebastian, Indian River County",1
4034,USA,Florida,"South Jacksonville Beach, Duval County",1
4035,USA,Florida,"South Miami Beach, Dade County",1
4036,USA,Florida,"South of Cocoa Beach, Brevard County",1
4037,USA,Florida,"South of Neptune Beach, Duval County",1
4038,USA,Florida,"South side of Ponce de Leon Inlet, Volusia County",1
4039,USA,Florida,"Spanish House Beach, Brevard County",1
4040,USA,Florida,"Spanish River Park Beach, Palm Beach County",1
4041,USA,Florida,"Spessard Holland Park, Melbourne Beach, Brevard County",1
4042,USA,Florida,St Augustine Beach. St. Johns County,1
4043,USA,Florida,"St Augustine, St. Johns County",1
4044,USA,Florida,St Lucie County,1
4045,USA,Florida,"St. Andrews State Park, Bay County",1
4046,USA,Florida,St. Augustine,1
4047,USA,Florida,St. Augustine  St. Johns County,1
4048,USA,Florida,"St. Augustine Beach, Anastasia Island, St. Johns County",1
4049,USA,Florida,"St. Augustine Beach, St. John's County",1
4050,USA,Florida,"St. Augustine Beach, St. Johns County",1
4051,USA,Florida,"St. Augustine, St. Johns County",1
4052,USA,Florida,"St. George Island (near Apachicola), Franklin County",1
4053,USA,Florida,St. John's River,1
4054,USA,Florida,"St. John's River, Jacksonville, Duval County",1
4055,USA,Florida,"St. Petersburg Beach, Pinellas County",1
4056,USA,Florida,"St. Petersburg, Pinnellas County",1
4057,USA,Florida,"Stuart Park Beach, Martin County",1
4058,USA,Florida,"Stuart, Martin County",1
4059,USA,Florida,"Sunglow Pier, Daytona Beach Shores, Volusia County",1
4060,USA,Florida,"Table Beach, Brevard County",1
4061,USA,Florida,Tampa Bay,1
4062,USA,Florida,"Tampa Bay, Hillsborough County",1
4063,USA,Florida,"Tampa Bay, Manatee County",1
4064,USA,Florida,"Taverniier, Monroe County",1
4065,USA,Florida,"Ten Thousand Islands National Wildlife Refuge, Collier County",1
4066,USA,Florida,"The Rocks, Hutchinson Island, Martin County",1
4067,USA,Florida,"Tigertail Beach, Collier County",1
4068,USA,Florida,"Treasure Shores Beach, Indian River County",1
4069,USA,Florida,"Trout River, Panama Park",1
4070,USA,Florida,"Two miles off Key Colony Beach, Monroe County",1
4071,USA,Florida,"Vaca Cut Channel & bridge under Marathon, Monroe County",1
4072,USA,Florida,"Vaughn Beach, Flagler County",1
4073,USA,Florida,"Vero Beach, St. Lucie County",1
4074,USA,Florida,Victim was on said to be on tanker that collided off Florida coast on 10-20-1943,1
4075,USA,Florida,"Virginia Key, Monroe County",1
4076,USA,Florida,"Wabasso Beach, Indian River County",1
4077,USA,Florida,"Walden Rocks, St. Lucie County",1
4078,USA,Florida,"Walton Beach Psrk, St. Lucie County",1
4079,USA,Florida,"Walton Rocks, St Lucie County",1
4080,USA,Florida,"Waveland Beach, Hutchinson Island, St Lucie County",1
4081,USA,Florida,"Waveland Beach, Hutchinson Island, St. Lucie County",1
4082,USA,Florida,"West Palm Beach, Palm Beach County",1
4083,USA,Florida,"Whale Harbor, Islamorada, Monroe County",1
4084,USA,Florida,"Wiggins Pass, Collier County",1
4085,USA,Florida,"Wilbur-by-the-Sea, Volusia County",1
4086,USA,Florida,"Windsor Beach, Indian River County",1
4087,USA,Florida,"Winterhaven Park,           Ponce Inlet, Volusia County",1
4088,USA,Florida,"World Typhoon Lagoon, Disney Water Park, Orange County",1
4089,USA,Florida,"a creek near Jacksonville, Duval County",1
4090,USA,Florida,"a pier at the end of Caxambas Drive, Marco Island",1
4091,USA,Florida,½ mile offshore & 9 miles north of Fort Pierce,1
4092,USA,"Franklin County, Florida",St George Island,1
4093,USA,Georgia,200 miles east of Savannah,1
4094,USA,Georgia,"Back River, Savannah Beach, Chatham County",1
4095,USA,Georgia,Cumberland Island,1
4096,USA,Georgia,Inconnu,1
4097,USA,Georgia,"North picnic area, Jekyll Island, Glynn County",1
4098,USA,Georgia,"Savannah Beach, Savannah, Chatham County",1
4099,USA,Georgia,"St. Simon Island, Glynn County",1
4100,USA,Georgia,"St. Simons Island or Jeykll Island, Glynn County",1
4101,USA,Georgia,"Thunderbolt, Chatham County",1
4102,USA,Georgia,"Wilmington River, Chatham County",1
4103,USA,Georgia,"Île de Saint Simon, Glynn County",1
4104,USA,Guam,Gun Beach,1
4105,USA,Guam,Talofofo Bay,1
4106,USA,Hawaii,"1 mile off Mala Wharf, Lahaina, Maui",1
4107,USA,Hawaii,2 miles off Keahole Airport,1
4108,USA,Hawaii,"3 miles from shore off McGregor Point, Maui",1
4109,USA,Hawaii,50 miles NE of Honolulu,1
4110,USA,Hawaii,"90 miles east of Hilo, Hawai'i",1
4111,USA,Hawaii,"Airplane Beach, Lahina, West Maui",1
4112,USA,Hawaii,"Ala Moana Beach Park, Oah'u",1
4113,USA,Hawaii,Alenuihaha Channel,1
4114,USA,Hawaii,Anaeho'imalu Bay,1
4115,USA,Hawaii,Anaehoomalu Bay,1
4116,USA,Hawaii,"Anaehoomalu Bay
Waikoloa, Hawaii County",1
4117,USA,Hawaii,"Anaehoomalu Bay, Hawaii",1
4118,USA,Hawaii,"Anahola, Kaua'i",1
4119,USA,Hawaii,"Anini Beach, Kaua'i",1
4120,USA,Hawaii,"Awili, South Kona, Hawai'i",1
4121,USA,Hawaii,"Banyans, Kailua-Kona",1
4122,USA,Hawaii,"Barbers Point, O'ahu",1
4123,USA,Hawaii,"Bellows Beach near Wailea Point, O’ahu",1
4124,USA,Hawaii,"Between  Makena & Molokini, Maui",1
4125,USA,Hawaii,"Between Ala Moana Channel & Kewalo Basin, O'ahu",1
4126,USA,Hawaii,"Between Keawakapu & Makena, Maui",1
4127,USA,Hawaii,Between Magic Sands Beach and Kahaluu Beach on the Kona coast,1
4128,USA,Hawaii,"Big Island off Kona Village Resort, North Kona",1
4129,USA,Hawaii,"Brenecke Beach, Po'ipu, Kaua'i",1
4130,USA,Hawaii,"Brennecke Beach, Po'ipu, Kaua'i",1
4131,USA,Hawaii,"Browns, Oahu",1
4132,USA,Hawaii,"Cannons, at Ha'ena on the north shore of Kaua'i Island",1
4133,USA,Hawaii,"Charlie Young Beach, Kihei, Maui",1
4134,USA,Hawaii,"Chun's Reef, Laniakea, O'ahu",1
4135,USA,Hawaii,"Cove Beach / Kalama Beach, Kihei, Maui",1
4136,USA,Hawaii,"Cove Park, Kihei, Maui",1
4137,USA,Hawaii,"Davidson's Surf Break, Kekaha, Kaua'i",1
4138,USA,Hawaii,"Davidsons Beach, Kauai",1
4139,USA,Hawaii,"Davidsons Beach, Kekaha, Kauai",1
4140,USA,Hawaii,East Moloka'i,1
4141,USA,Hawaii,"Ehukai Beach Park, Sunset Beach, O'ahu",1
4142,USA,Hawaii,"Ewa Beach, O'ahu",1
4143,USA,Hawaii,"Ewa, O'ahu",1
4144,USA,Hawaii,French Frigate Shoals,1
4145,USA,Hawaii,"Goats Island (Moku’auia Island), Malaekahana State Recreation Area, Laie, O'ahu",1
4146,USA,Hawaii,"Ha'ena Beach Park, Kaua'i",1
4147,USA,Hawaii,"Ha'ena, Kaua'i",1
4148,USA,Hawaii,"Habush, Oahu",1
4149,USA,Hawaii,"Hale'iwa, O'ahu",1
4150,USA,Hawaii,"Haleiwa, Oahu",1
4151,USA,Hawaii,"Halewia, Oahu",1
4152,USA,Hawaii,"Hamakua Homakua, Hawai'i",1
4153,USA,Hawaii,"Hanalei Bay, Kauai,",1
4154,USA,Hawaii,"Hanalei Point, Kaua'i",1
4155,USA,Hawaii,Hapuna Beach,1
4156,USA,Hawaii,"Hapuna Beach, Hawai'i",1
4157,USA,Hawaii,Hawaii,1
4158,USA,Hawaii,"Hideaways Beach, Princeville, Kaua'i",1
4159,USA,Hawaii,"Hilo Bay Yacht Club, Hilo, Hawai'i",1
4160,USA,Hawaii,"Hilo, off Kaua'i",1
4161,USA,Hawaii,"Honokohau, Maui",1
4162,USA,Hawaii,"Honokowai Point, Maui",1
4163,USA,Hawaii,"Honoli'i Pali, Hilo Bay ('Alae Point), Hawai'i",1
4164,USA,Hawaii,Honoli'i in Hilo (west side of Big Island),1
4165,USA,Hawaii,Honolulu,1
4166,USA,Hawaii,Honolulu Harbor,1
4167,USA,Hawaii,"Honomu, Hawai'i",1
4168,USA,Hawaii,"Honomuni, Moloka'i",1
4169,USA,Hawaii,"Hooipa Beach Park, Maui",1
4170,USA,Hawaii,"Horners, Wailua, Kaua'i",1
4171,USA,Hawaii,"Hultin's Beach, Oahu",1
4172,USA,Hawaii,"Inter-Island Dry Dock at Kakaako Street, Honolulu, O'ahu",1
4173,USA,Hawaii,"Iroquiois Point, Oahu",1
4174,USA,Hawaii,"Ka'a Point, Maui",1
4175,USA,Hawaii,Ka'anapali,1
4176,USA,Hawaii,"Ka'anapali, Honokowai, Maui",1
4177,USA,Hawaii,"Ka'anapali, Maui",1
4178,USA,Hawaii,"Kahakuloa, Maui",1
4179,USA,Hawaii,"Kahe Point, O'ahu",1
4180,USA,Hawaii,Kailua Bay,1
4181,USA,Hawaii,"Kailua Bay, O'ahu",1
4182,USA,Hawaii,"Kailua-Kona, Hawai'i",1
4183,USA,Hawaii,"Kalama Beach, Kihei, Maui",1
4184,USA,Hawaii,"Kalama Park, Maui",1
4185,USA,Hawaii,"Kalapaki Beach, Kauai",1
4186,USA,Hawaii,"Kalepolepo, Kihei, Maui",1
4187,USA,Hawaii,"Kalihi, O'ahu",1
4188,USA,Hawaii,"Kalihiwai Beach, Kauai",1
4189,USA,Hawaii,"Kaliiwi, Kauai",1
4190,USA,Hawaii,"Kama'ole Beach Park I, Kihei, Maui",1
4191,USA,Hawaii,"Kama'ole Beach, Park No. 1, Kihei, Maui",1
4192,USA,Hawaii,"Kamaole Beach Park I, Maui",1
4193,USA,Hawaii,"Kama‘ole Beach Park, Maui",1
4194,USA,Hawaii,"Kamilo Point, Hawai'i",1
4195,USA,Hawaii,"Kanaha Beach Park, Maui",1
4196,USA,Hawaii,Kanahena Cove,1
4197,USA,Hawaii,"Kane'ohe Bay, Mokapu, O'ahu",1
4198,USA,Hawaii,"Kane'ohe Bay, O'ahu",1
4199,USA,Hawaii,"Kapalua, Maui",1
4200,USA,Hawaii,"Kapehu Beach, Laupahoehoe, Hawai'i",1
4201,USA,Hawaii,Kaula Rock near Niihau,1
4202,USA,Hawaii,Kawa'a,1
4203,USA,Hawaii,Kawahae,1
4204,USA,Hawaii,Ka’anapali Shores,1
4205,USA,Hawaii,"Ka’eleki’I Point, Maui",1
4206,USA,Hawaii,"Kea'au Beach Park, O'ahu",1
4207,USA,Hawaii,"Keaukaha, Hilo, Hawai'i",1
4208,USA,Hawaii,"Keawakapu Point, Kehei, Maui",1
4209,USA,Hawaii,"Keawanui, Kamalo, Moloka'i",1
4210,USA,Hawaii,"Keawekapu Beach, Kihei, Maui",1
4211,USA,Hawaii,"Kehena Beach, Hawaii",1
4212,USA,Hawaii,"Kekaha Beach, Kaua'i",1
4213,USA,Hawaii,"Kekaha Beach, Kauai",1
4214,USA,Hawaii,"Kewalo Basin Channel, O'ahu",1
4215,USA,Hawaii,"Kewalos, Oahu",1
4216,USA,Hawaii,"Kihei, South Maui",1
4217,USA,Hawaii,Kiholo Bay,1
4218,USA,Hawaii,"Kinikini, Mana, Kaua'i",1
4219,USA,Hawaii,"Koko Head, south side of O'ahu Island",1
4220,USA,Hawaii,Kona,1
4221,USA,Hawaii,Kona Coast State Park,1
4222,USA,Hawaii,"Kualoa, Oahu",1
4223,USA,Hawaii,Kukio Bay,1
4224,USA,Hawaii,Kukio Beach,1
4225,USA,Hawaii,La'aloa Beach Park,1
4226,USA,Hawaii,"La'au Point, Moloka'i",1
4227,USA,Hawaii,"La'ie Point, O'ahu",1
4228,USA,Hawaii,Lahaina,1
4229,USA,Hawaii,"Lahilahi Point, Oahu",1
4230,USA,Hawaii,"Lanaikea, O'ahu",1
4231,USA,Hawaii,"Lanikai Beach, Kailua, Oahu",1
4232,USA,Hawaii,Laysan,1
4233,USA,Hawaii,"Leftovers near Chun's Reef, Oahu",1
4234,USA,Hawaii,"Leftovers, Oahu",1
4235,USA,Hawaii,"Little Glass Shacks, Princeville, Kaua'i",1
4236,USA,Hawaii,"Lower Paia Beach Park, Maui",1
4237,USA,Hawaii,"Ma'ili Beach, O'ahu",1
4238,USA,Hawaii,"Maha'ulepu, Koloa, Kaua'i",1
4239,USA,Hawaii,"Maha‘ulepu Beach, Kauai",1
4240,USA,Hawaii,"Maile Point, O'ahu",1
4241,USA,Hawaii,"Majors Bay, Kaua'i",1
4242,USA,Hawaii,Makaha,1
4243,USA,Hawaii,"Makaha Beach, Oahu",1
4244,USA,Hawaii,Makaha Surf Beach,1
4245,USA,Hawaii,"Makaha, O'ahu",1
4246,USA,Hawaii,"Makaha, Oahu",1
4247,USA,Hawaii,"Makahuena Point, Kauai",1
4248,USA,Hawaii,"Makapu'u Point, O'ahu",1
4249,USA,Hawaii,"Makenat, Maui",1
4250,USA,Hawaii,"Makua Beach, Oahu",1
4251,USA,Hawaii,"Malaka, Oahu",1
4252,USA,Hawaii,"Maliko Point, Maui",1
4253,USA,Hawaii,"Maliu, Hawai'i",1
4254,USA,Hawaii,"Mana, Kaua'i",1
4255,USA,Hawaii,"Marine Corps Base, Oahu",1
4256,USA,Hawaii,"McKenzie Beach Park in Pahoa, Hawai'i",1
4257,USA,Hawaii,"Midway Island, Northwestern Hawaiian Islands",1
4258,USA,Hawaii,"Midway, Northwestern Hawaiian Islands",1
4259,USA,Hawaii,"Mokapu, Kane'ohe Marine Air Corps Station, O'ahu",1
4260,USA,Hawaii,Molokai Channel/,1
4261,USA,Hawaii,"Mouth of Wallua River, Kaua'i",1
4262,USA,Hawaii,"Nakalele Point, Maui",1
4263,USA,Hawaii,"Nanakuli, Oah’u",1
4264,USA,Hawaii,"Nankuli, O'ahu",1
4265,USA,Hawaii,"Napoopoo Park in Kealakekua Bay, The Big Island",1
4266,USA,Hawaii,"Near Twin Islands off Lanikai, O'ahu (east coast)",1
4267,USA,Hawaii,"Nimitz Beach, Barbers Point, O'ahu",1
4268,USA,Hawaii,"Nimitz State Beach, Oahu",1
4269,USA,Hawaii,"Ninole Bay, Hawaii County",1
4270,USA,Hawaii,"Noreiga's, Maui",1
4271,USA,Hawaii,"North Kihei, Maui",1
4272,USA,Hawaii,"North Koahala, Big Island",1
4273,USA,Hawaii,"North Kohala, Hawaii County",1
4274,USA,Hawaii,"North Shore, O'ahu",1
4275,USA,Hawaii,"Off Diamond Head, Honolulu, O'ahu",1
4276,USA,Hawaii,Off Kawaihae,1
4277,USA,Hawaii,Off Kohala,1
4278,USA,Hawaii,"Off Lahaina, Maui",1
4279,USA,Hawaii,"Off Pu'u Ola'l, Makena, Maui",1
4280,USA,Hawaii,"Off Waianae, O'ahu",1
4281,USA,Hawaii,"Off the Hanalei River, Kaua'i",1
4282,USA,Hawaii,Old Kona Airport State Park,1
4283,USA,Hawaii,Olowalu,1
4284,USA,Hawaii,"Olowalu side of Lahina, Maui",1
4285,USA,Hawaii,"One'ula Beach Park, 'Ewa Beach, O'ahu",1
4286,USA,Hawaii,"Opposite Grand Wailea Resort, Wailea, Maui",1
4287,USA,Hawaii,"Pa'uwela, Maui",1
4288,USA,Hawaii,Palama,1
4289,USA,Hawaii,Papaikou plantation,1
4290,USA,Hawaii,"Paradise Bay (next to Wailua Bay), Maui",1
4291,USA,Hawaii,"Pearl Harbor Channel, O'ahu",1
4292,USA,Hawaii,"Pepe'ekeo, Honomu, Hawai'i",1
4293,USA,Hawaii,"Pila'a Beach, Kaua'i",1
4294,USA,Hawaii,Pohoiki,1
4295,USA,Hawaii,"Pounders Beach, Oahu",1
4296,USA,Hawaii,Puako,1
4297,USA,Hawaii,"Puamana, Lahaina, Maui",1
4298,USA,Hawaii,Puna,1
4299,USA,Hawaii,Punaluu,1
4300,USA,Hawaii,"Quarter mile offshore in Kaanapali, West Maui",1
4301,USA,Hawaii,"Rocky Point, north shore of O'ahu",1
4302,USA,Hawaii,"Running Waters Beach, Ninini Point, Kaua'i",1
4303,USA,Hawaii,"Sandy Beach, Oahu",1
4304,USA,Hawaii,"Shipwreck’s Beach, Keoneloa Bay, Kauai",1
4305,USA,Hawaii,"Silva's Channel, Mokuleia, O'ahu",1
4306,USA,Hawaii,"Silver (Silva) Channels, Waialua, O'ahu",1
4307,USA,Hawaii,"South Kohala, Hawai'i",1
4308,USA,Hawaii,Southwest of O'ahu,1
4309,USA,Hawaii,"Spreckelsville, Maui",1
4310,USA,Hawaii,"Sunset Beach, O'ahu",1
4311,USA,Hawaii,"Sunset Beach, Oahu",1
4312,USA,Hawaii,"Tavares Bay, Maui",1
4313,USA,Hawaii,"Tunnels surf break off Makua Beach, Kaua'i",1
4314,USA,Hawaii,"Twin Arches, Hana Ranch, Maui",1
4315,USA,Hawaii,"Ulua Beach, Maui",1
4316,USA,Hawaii,"Uo, Lahaina, Maui",1
4317,USA,Hawaii,"Upolu Point, North Kohala, Big Island",1
4318,USA,Hawaii,Velzyland,1
4319,USA,Hawaii,"Velzyland, north shore of O'ahu",1
4320,USA,Hawaii,"Wai'anae, O'ahu",1
4321,USA,Hawaii,"Waialua Bay, O'ahu",1
4322,USA,Hawaii,"Waialua Beach, Moloka'i",1
4323,USA,Hawaii,"Waiau, Pearl Harbor, O'ahu",1
4324,USA,Hawaii,"Waiehu, Maui",1
4325,USA,Hawaii,"Waihe'e, Maui",1
4326,USA,Hawaii,"Waihe'e, Wailuku, Maui",1
4327,USA,Hawaii,Waikiki,1
4328,USA,Hawaii,"Waikiki Beach, Oahu",1
4329,USA,Hawaii,"Waikiki,",1
4330,USA,Hawaii,"Waikiki, O'ahu",1
4331,USA,Hawaii,Waikoloa area,1
4332,USA,Hawaii,"Wailea, Maui",1
4333,USA,Hawaii,"Wailua, Kaua'i",1
4334,USA,Hawaii,"Wailupe, O'ahu",1
4335,USA,Hawaii,"Waimanu, Honoka'a, Hawai'i",1
4336,USA,Hawaii,"Waimea Bay, O'ahu",1
4337,USA,Hawaii,"Waiokapua Bay, Kaui",1
4338,USA,Hawaii,"Waiokapua Bay/Majors Bay, Brennecke Beach, Poipu, Kaua'i Island",1
4339,USA,Hawaii,Waipo,1
4340,USA,Illinois,Chicago (Lake Michigan),1
4341,USA,Inconnu,1200 miles east of New Jersey,1
4342,USA,Inconnu,Damiscotte,1
4343,USA,Johnston Atoll,Inconnu,1
4344,USA,Kentucky,"Newport Aquarium, Newport",1
4345,USA,Louisiana,120 miles southeast of New Orleans,1
4346,USA,Louisiana,25 mikes from Empire,1
4347,USA,Louisiana,25 miles off Empire,1
4348,USA,Louisiana,40 miles off Cocodrie,1
4349,USA,Louisiana,"Curlew Island, Breton Sound",1
4350,USA,Louisiana,"Grand Isle, Jefferson Parish",1
4351,USA,Louisiana,"Lake Ponchartain off Southshore Harbor, New Orleans",1
4352,USA,Louisiana,Midnight Lump (38 miles offshore),1
4353,USA,Louisiana,Pontchartrain Beach,1
4354,USA,Louisiana,Scofield - Sandy Point,1
4355,USA,Louisiana,off Grand Isle,1
4356,USA,Louisiana,"off Grand Lake, Cameron Parish",1
4357,USA,Maine,"Bailey Island, Cumberland County",1
4358,USA,Maine,"Burnt Cove near Eastport, Washington County",1
4359,USA,Maryland,"100 miles off Ocean City, Maryland, in 7000' of water",1
4360,USA,Maryland,Assateague National Seashore,1
4361,USA,Maryland,Baltimore Aquarium,1
4362,USA,Maryland,Chester River,1
4363,USA,Maryland,North Beach,1
4364,USA,Maryland,"Ocean City, Worcester County",1
4365,USA,Maryland,Patapsco River,1
4366,USA,Maryland,"Rhode River, Chesapeake Bay",1
4367,USA,Maryland,"Tangier Sound, Somerset County",1
4368,USA,Maryland,a tidal river,1
4369,USA,Massachusetts,30 miles south of Lynn,1
4370,USA,Massachusetts,40 miles south of Nantucket,1
4371,USA,Massachusetts,"Ballston Beach, Truro, Cape Cod",1
4372,USA,Massachusetts,Cape Cod,1
4373,USA,Massachusetts,Chatham Island,1
4374,USA,Massachusetts,"Chelsea Beach, Suffolk County",1
4375,USA,Massachusetts,"Granite Pier, Rockport",1
4376,USA,Massachusetts,"Hollywood Beach, just above Mattapoisett Harbor, Buzzards Bay",1
4377,USA,Massachusetts,Inconnu,1
4378,USA,Massachusetts,"Longnook Beach, Truro, Barnstable County",1
4379,USA,Massachusetts,"Manomet Point, Plymouth, Plymouth County",1
4380,USA,Massachusetts,"Marconi Beach, Wellfleet, Barnstable County",1
4381,USA,Massachusetts,"Menauhant Beach, Falmouth,
Barnstable County",1
4382,USA,Massachusetts,Nahant,1
4383,USA,Massachusetts,"Newcomb Hollow Beach, Wellfleet, Barnstable County",1
4384,USA,Massachusetts,"Off Gloucester, Essec County",1
4385,USA,Massachusetts,"Swampscott, Essex County",1
4386,USA,Massachusetts,"Truro (Cape Cod), Barnstable County",1
4387,USA,Maui,Ukumehama,1
4388,USA,Maui,Wailea,1
4389,USA,Midway Atoll,Inconnu,1
4390,USA,Mississippi,"Bay St. Louis, Hancock County",1
4391,USA,Mississippi,"Cat Island, Harrison County",1
4392,USA,Mississippi,Inconnu,1
4393,USA,Mississippi,Mississippi City,1
4394,USA,Mississippi,"Pass Christian, Hamilton County",1
4395,USA,Mississippi,River mouth,1
4396,USA,Missouri,St. Louis,1
4397,USA,New Jersey,"1 mile ESE of Navesink, Monmouth County",1
4398,USA,New Jersey,"10 miles offshore from Sea Isle City, Cape May County",1
4399,USA,New Jersey,20 miles off Seabright,1
4400,USA,New Jersey,50 miles offshore,1
4401,USA,New Jersey,"Adventure Aquarium, Camden",1
4402,USA,New Jersey,"Barnegat Light, Ocean County",1
4403,USA,New Jersey,"Bay Head, Ocean County",1
4404,USA,New Jersey,"Bayonne, Hudson County",1
4405,USA,New Jersey,"Beach Haven, Ocean County",1
4406,USA,New Jersey,"Brielle, Monmouth County (Offshore)",1
4407,USA,New Jersey,"Egg Harbor, Atlantic County",1
4408,USA,New Jersey,"In Matawan Creek, off NJ Clay Company brickyards at Cliffwood, Monmouth County, 9.5 miles from the sea, Monmouth County",1
4409,USA,New Jersey,"Lavalette, Ocean County",1
4410,USA,New Jersey,"Long Branch, Monmouth County (offshore)",1
4411,USA,New Jersey,Lower Delaware Bay,1
4412,USA,New Jersey,"Manasquan, Ocean County",1
4413,USA,New Jersey,"Off Longport, Atlantic County",1
4414,USA,New Jersey,"Off Normandie-by-the-Sea, Monmouth County",1
4415,USA,New Jersey,"Off Ocean City, Cape May County",1
4416,USA,New Jersey,Off shore,1
4417,USA,New Jersey,"Offshore, between Mantoloking & Point Pleasant, Ocean County",1
4418,USA,New Jersey,Raritan Bay,1
4419,USA,New Jersey,"Reeds Bay, Brigantine, Atlantic County",1
4420,USA,New Jersey,"Sandy Hook (ocean side), Monmouth County",1
4421,USA,New Jersey,"Sandy Hook, Monmouth County",1
4422,USA,New Jersey,"Seabright, Monmouth County",1
4423,USA,New Jersey,"Seaside Park, Ocean County",1
4424,USA,New Jersey,"Seaside, Ocean County",1
4425,USA,New Jersey,"Ship Bottom, Ocean County",1
4426,USA,New Jersey,"Shrewsbury River,  Monmouth County",1
4427,USA,New Jersey,"Steel Pier, Atlantic City, Atlantic County",1
4428,USA,New Jersey,"Stone Harbor, Cape May County",1
4429,USA,New Jersey,"Surf City, Long Beach Island, Ocean County",1
4430,USA,New Jersey,Tutle Back Zoo,1
4431,USA,New Jersey,Ventnor,1
4432,USA,New Mexico,"Albuquerue Aquarium, Albuquerue",1
4433,USA,New York,15 miles south of Jones Inlet,1
4434,USA,New York,"Atlantique Beach, Fire Island, Suffolk County",1
4435,USA,New York,"Beach 103rd Street, Rockaway",1
4436,USA,New York,"Beach 3, Robert Moses State Park, Suffolk County",1
4437,USA,New York,Between Manhattan and The Bronx,1
4438,USA,New York,"Cherry Grove, Suffolk County",1
4439,USA,New York,Coney Island,1
4440,USA,New York,East River,1
4441,USA,New York,"Fire Island Pines, Suffolk County",1
4442,USA,New York,"Greenport Sound, Long Island",1
4443,USA,New York,Jamaica Bay,1
4444,USA,New York,"Kismet Beach, Long Island",1
4445,USA,New York,"Kismet Beach, Suffolk County",1
4446,USA,New York,Mahattan,1
4447,USA,New York,Montauk,1
4448,USA,New York,New York,1
4449,USA,New York,"Oak Beach, Fire Inlet",1
4450,USA,New York,"Ocean Beach, Long Island",1
4451,USA,New York,Off Long Island,1
4452,USA,New York,"Prince's Bay, Staten Island",1
4453,USA,New York,"Quogue Village Beach, Suffolk County",1
4454,USA,New York,Rockaway Beach,1
4455,USA,New York,"Sag Harbor, Suffolk County",1
4456,USA,New York,"Sailors Haven, Fire Island, Suffolk County",1
4457,USA,New York,"Seaview Beach, Suffolk County",1
4458,USA,New York,"Smith Point, Long Island",1
4459,USA,New York,Staten Island,1
4460,USA,New York,The Narrows,1
4461,USA,New York,Whitewood Point on Lloyd Neck in Oyster Bay,1
4462,USA,New York,"Woodcliff Channel, Freeport, Long Island",1
4463,USA,New York,"Woolsey's Point, East River",1
4464,USA,Noirth Carolina,"Topsail Beach, Pender County",1
4465,USA,North & South Carolina,Inconnu,1
4466,USA,North Carolina,"Atlantic Beach, Carteret  County",1
4467,USA,North Carolina,"Atlantic Beach, Carteret County",1
4468,USA,North Carolina,"Atlantic, near New Bern, Craven County",1
4469,USA,North Carolina,Beaufort Inlet,1
4470,USA,North Carolina,"Between Wrightsville Beach & Carolina Beach, New Hanover County",1
4471,USA,North Carolina,"Bouges Bank, Emerald Isle, Carteret County",1
4472,USA,North Carolina,"Brown’s Inlet on New River, Onslow Beach",1
4473,USA,North Carolina,"Buxton Beach, Dare County",1
4474,USA,North Carolina,Cape Hatteras,1
4475,USA,North Carolina,Cape Lookout Bight,1
4476,USA,North Carolina,"Cape Lookout, Carteret County",1
4477,USA,North Carolina,Carolina Beach,1
4478,USA,North Carolina,"Carolina Beach off Texas Avenue, New Hanover County",1
4479,USA,North Carolina,"Cedar Island, Carteret County",1
4480,USA,North Carolina,"Corolla, Currituck County",1
4481,USA,North Carolina,"Davis Shore, east of Beaufor, Carteret Countyt",1
4482,USA,North Carolina,"Elizabeth City, Pasquotank County",1
4483,USA,North Carolina,"Figure Eight Island,  New Hanover County",1
4484,USA,North Carolina,"Figure Eight Island, Wilmington, New Hanover County",1
4485,USA,North Carolina,"Fort Fisher, New Hanover County",1
4486,USA,North Carolina,"Fort Macon State Beach, Carteret County",1
4487,USA,North Carolina,Frying Pan Shoals,1
4488,USA,North Carolina,"Hammocks Beach State Park, Bear Island, Onslow County",1
4489,USA,North Carolina,"Hamstead, Pender County",1
4490,USA,North Carolina,Inconnu,1
4491,USA,North Carolina,"Kure Beach, New Hanover County",1
4492,USA,North Carolina,"Masonboro Inlet, New Hanover County",1
4493,USA,North Carolina,"Near the mouth of the Cape Fear River, Brunswick County",1
4494,USA,North Carolina,"Neuse River, Craven County",1
4495,USA,North Carolina,"New Bern, Craven County",1
4496,USA,North Carolina,New Hanover County,1
4497,USA,North Carolina,North Carolina Aquarium at Fort Fisher,1
4498,USA,North Carolina,"North Topsail Beach, Onslow  County",1
4499,USA,North Carolina,"Oceanic Pier, Wrightsville Beach, New Hanover County",1
4500,USA,North Carolina,Ocracoke,1
4501,USA,North Carolina,"Ocracoke Inlet, Carteret County",1
4502,USA,North Carolina,"Ocracoke Island, Hyde County",1
4503,USA,North Carolina,"Ocracoke, Lifeguard Beach, National Park Service, Hyde County",1
4504,USA,North Carolina,Off Cape Hatteraa,1
4505,USA,North Carolina,"Off Cape Hatteras, Dare County",1
4506,USA,North Carolina,"Off Surf City, Pender County",1
4507,USA,North Carolina,On one of the sounds near Wilmington,1
4508,USA,North Carolina,Onslow Beach,1
4509,USA,North Carolina,Outer Banks,1
4510,USA,North Carolina,Pamlico Sound,1
4511,USA,North Carolina,"Pamlico Sound off Frisco, Dare County",1
4512,USA,North Carolina,"Pine Island, Corolla, Currituck County",1
4513,USA,North Carolina,"Salter Path, Atlantic Beach, Carteret County",1
4514,USA,North Carolina,"Smithville (now Southport), Brunswick County",1
4515,USA,North Carolina,"Southport, Brunswick County",1
4516,USA,North Carolina,Surf City,1
4517,USA,North Carolina,"Surf City, Pender County",1
4518,USA,North Carolina,"Topsail Beach, Pender County",1
4519,USA,North Carolina,Wreck of the U-352,1
4520,USA,North Carolina,Wrightsville Beach,1
4521,USA,Oregon,"Bastendorf Beach, Coos County",1
4522,USA,Oregon,Cape Kiwanda,1
4523,USA,Oregon,"Cape Kiwanda, Tillamook County",1
4524,USA,Oregon,"Cape Kiwanda,Tillamook County",1
4525,USA,Oregon,Florence,1
4526,USA,Oregon,"Florence, Lane County",1
4527,USA,Oregon,Gleneden Beach,1
4528,USA,Oregon,"Gleneden Beach, Lincoln County",1
4529,USA,Oregon,Gold  Beach,1
4530,USA,Oregon,"Gold Beach, Curry County",1
4531,USA,Oregon,"Haystack Rock, Cannon Beach, Clatsop County",1
4532,USA,Oregon,Inconnu,1
4533,USA,Oregon,"Indian Beach, Ecola State Park, Clatsop County",1
4534,USA,Oregon,"Indian Beach, Ecola State Park, just north of Cannon Beach, Clatsop County",1
4535,USA,Oregon,"Lincoln City, Lincoln County",1
4536,USA,Oregon,Myers Creek,1
4537,USA,Oregon,"Neskowin, Tillamook County",1
4538,USA,Oregon,"Newport, Lincoln County",1
4539,USA,Oregon,Off Umpqua River,1
4540,USA,Oregon,Oswald State Park,1
4541,USA,Oregon,Seaside,1
4542,USA,Oregon,Seaside Cove,1
4543,USA,Oregon,"Seaside Cove, Clatsop County",1
4544,USA,Oregon,"Short Sand Beach, Oswald West State Park",1
4545,USA,Oregon,"Siletz River mouth, Lincoln County",1
4546,USA,Oregon,"Tillamook Head, Clatsop County",1
4547,USA,Oregon,"Turnaround, Cape Kiwanda, Tillamook County",1
4548,USA,Oregon,"Winchester Bay, Douglas County",1
4549,USA,Pennsylvania,"Fairmount Park Aquarium, Philadelphia",1
4550,USA,Puerto Rico,60 miles offshore north of San Juan,1
4551,USA,Puerto Rico,Aquadilla,1
4552,USA,Puerto Rico,Archeological site,1
4553,USA,Puerto Rico,Hatillo Beach,1
4554,USA,Puerto Rico,"Mona Island, 40 miles west of the mainland",1
4555,USA,Puerto Rico,North coast,1
4556,USA,Puerto Rico,Quebradillas,1
4557,USA,Puerto Rico,Santurce,1
4558,USA,Puerto Rico,Vieques,1
4559,USA,Rhode Island,Bristol Harbor,1
4560,USA,Rhode Island,Coddington Cove,1
4561,USA,Rhode Island,Inconnu,1
4562,USA,Rhode Island,"Moonstone Beach, South Kingstown, Washington County",1
4563,USA,Rhode Island,Noyes Beach,1
4564,USA,Rhode Island,Occupasstuxet  (Patuxent) Cove,1
4565,USA,Rhode Island,Point Judith,1
4566,USA,Rhode Island,Providence,1
4567,USA,Samoa,Pago Pago Harbor,1
4568,USA,South Carolina,16 miles off Hilton Head,1
4569,USA,South Carolina,"34th Avenue North, Myrtle Beach, Horry County",1
4570,USA,South Carolina,60 miles southeast of Beaufort,1
4571,USA,South Carolina,"6th Avenue North, Myrtle Beach, Horry County",1
4572,USA,South Carolina,"Albergotti Creek, near Air Station boat docks, Beaufort",1
4573,USA,South Carolina,"Atlantic Beach, Horry County",1
4574,USA,South Carolina,"Awendaw, Charleston County",1
4575,USA,South Carolina,"Bull’s Bay, near Charleston",1
4576,USA,South Carolina,Calibogue Sound,1
4577,USA,South Carolina,Cherry Grove,1
4578,USA,South Carolina,"Daws Island, Broad River (near Beaufort)",1
4579,USA,South Carolina,"DeBordieu Colony, Georgetown County",1
4580,USA,South Carolina,"Debordieu Beach, Georgetown County",1
4581,USA,South Carolina,"Edisto Beach, Colleton County",1
4582,USA,South Carolina,"Elliott Cut, Charleston County",1
4583,USA,South Carolina,Fort Moultrie,1
4584,USA,South Carolina,Fripp Island,1
4585,USA,South Carolina,Garden City,1
4586,USA,South Carolina,Georgetown County,1
4587,USA,South Carolina,"Grand Strand, Myrtle Beach, Horry County",1
4588,USA,South Carolina,"Hilton Head, Beaufort County",1
4589,USA,South Carolina,"Isle of Palms County Park, Isle of Palms, Charleston County",1
4590,USA,South Carolina,"James Island Sound, Charleston",1
4591,USA,South Carolina,"Kingston Plantation, Myrtle Beach, Horry County",1
4592,USA,South Carolina,"Lakewood Campground, Grand Strand, Horry County",1
4593,USA,South Carolina,"Litchfield Beach, Georgetown County",1
4594,USA,South Carolina,"Little River Beach, Horry County",1
4595,USA,South Carolina,"Magwoods Wharf, Charleston Harbor, Charleston County",1
4596,USA,South Carolina,"Mount Pleasant, Charleston County",1
4597,USA,South Carolina,"Murrells Inlet, Georgetown County",1
4598,USA,South Carolina,"Near 70th Avenue, Myrtle Beach, Horry County",1
4599,USA,South Carolina,"North Forest Beach, near Hilton Head, Beaufort County",1
4600,USA,South Carolina,North end of Morris Island at mouth of Charleston Harbor,1
4601,USA,South Carolina,"North of Apache Pier, Myrtle Beach, Horry County",1
4602,USA,South Carolina,"Ocean Lakes Campground, south of Myrtle Beach, Horry County",1
4603,USA,South Carolina,"Off 21st Avenue, Isle of Palms, Charleston County",1
4604,USA,South Carolina,"Off 29th Avenue, Myrtle Beach, Horry County",1
4605,USA,South Carolina,"Off Hilton Head, Beaufort County",1
4606,USA,South Carolina,Off Sullivans Island,1
4607,USA,South Carolina,Off the Battery,1
4608,USA,South Carolina,"Oketee River, Jasper County",1
4609,USA,South Carolina,"Palmetto Dunes, Hilton Head, Beaufort County",1
4610,USA,South Carolina,Parris Island,1
4611,USA,South Carolina,"Pawley’s Island, Georgetown County",1
4612,USA,South Carolina,"Pawley’s Island, north of Charleston",1
4613,USA,South Carolina,Ramshorn Creek,1
4614,USA,South Carolina,"Sea Pines Beach Club, Hilton Head, Beaufort County",1
4615,USA,South Carolina,"Sea Pines Beach, Hilton Head Island, Beaufort County",1
4616,USA,South Carolina,"Sea Pines Resort, Hilton Head Island, Beaufort County",1
4617,USA,South Carolina,"Shipyard Beach Club, Hilton Head Island, Beaufort County",1
4618,USA,South Carolina,"Singleton Beach, Hilton Head Island, Beaufort County",1
4619,USA,South Carolina,Small creek near Coles Island,1
4620,USA,South Carolina,"South Beach, Hunting Island State Park, Beaufort County",1
4621,USA,South Carolina,"South Forest Beach, Hilton Head Island, Beaufort County",1
4622,USA,South Carolina,Sullivan's Island at entrance to Charleston Harbor,1
4623,USA,South Carolina,"Surfside Beach, Horry  County",1
4624,USA,South Carolina,"Waites Island, Horry County",1
4625,USA,South Carolina,Windy Hill Beach,1
4626,USA,South Carolina,"Windy Hill, near Myrtle Beach, Horry County",1
4627,USA,South Carolina,Winyah Bay,1
4628,USA,South Carolina,Wrightsville Beach,1
4629,USA,South Carolina,“Southern Wharf”,1
4630,USA,Texas,1.5 miles off Surfside,1
4631,USA,Texas,30 miles east of Corpus Christi,1
4632,USA,Texas,Bolivar Peninsula,1
4633,USA,Texas,"Bryan Beach, Brazoria County",1
4634,USA,Texas,Channel between South Padre Island & Padre Island National Seashore,1
4635,USA,Texas,Corpus Christi,1
4636,USA,Texas,Crystal Beach (east of Galveston),1
4637,USA,Texas,"Crystal Beach, Galveston  County",1
4638,USA,Texas,"East Beach, Galveston",1
4639,USA,Texas,"Eight Mile Beach, Galveston",1
4640,USA,Texas,"Follett's Island, Brazoria County",1
4641,USA,Texas,"Galveston Island, Galveston County",1
4642,USA,Texas,Galveston Ship Channel,1
4643,USA,Texas,"Grass Island, Aransas County",1
4644,USA,Texas,"Gulf of Mexico between Brownsville & Carmen, Mexico",1
4645,USA,Texas,High Island,1
4646,USA,Texas,"Isla Blanca Park, South Padre Island",1
4647,USA,Texas,"Isla Blanca Park, South Padre Island, Cameron County",1
4648,USA,Texas,"J.P. Luby Surf Park, Corpus Christi",1
4649,USA,Texas,Matagorda Beach,1
4650,USA,Texas,"Mustang Island State Park, Nueces County",1
4651,USA,Texas,"Near Port Aransas, Nueces County",1
4652,USA,Texas,Near Port Arthur,1
4653,USA,Texas,"Near Port Lavaca, Calhoun County",1
4654,USA,Texas,"Off Andy Bowie Park, Padre Island, near Port Isabel",1
4655,USA,Texas,Off Brownsville,1
4656,USA,Texas,Off Surfside,1
4657,USA,Texas,Packery Channel,1
4658,USA,Texas,Padre Island,1
4659,USA,Texas,Padre Island National Seashore,1
4660,USA,Texas,"Pirate's Beach, Galveston Island",1
4661,USA,Texas,"Pirates Beach, Galveston",1
4662,USA,Texas,"Point Comfort, Calhoun County",1
4663,USA,Texas,Port Aransas,1
4664,USA,Texas,"Port Bolivar, Galveston County",1
4665,USA,Texas,"Port Lavaca, Calhoun County",1
4666,USA,Texas,Rockport,1
4667,USA,Texas,"Rockport, Aransas County",1
4668,USA,Texas,"South Jetty, Galveston",1
4669,USA,Texas,"Sunday Beach, Matagorda Island, Calhoun  County",1
4670,USA,Texas,Surfside Beach,1
4671,USA,Texas,"Surfside Beach, Brazoria County",1
4672,USA,Texas,"Texas City, Galveston",1
4673,USA,Texas,Velasco,1
4674,USA,Texas,West Bay near Galveston,1
4675,USA,Texas,"West Bay, 19 miles from Galveston",1
4676,USA,Texas,"West Beach, Galveston",1
4677,USA,US Virgin Islands,Buck Island,1
4678,USA,US Virgin Islands,"St. Croix, Cane Bay",1
4679,USA,US Virgin Islands,"St. John, Genti Bay",1
4680,USA,US Virgin Islands,"St. Thomas, Magens Bay",1
4681,USA,US Virgin Islands,Water Island,1
4682,USA,Virgin Islands,"Candle Reef, St. Croix",1
4683,USA,Virginia,150 miles off Cape Henry,1
4684,USA,Virginia,"200 miles off Hampton Roads, Virginia, USA",1
4685,USA,Virginia,"At sea, several hundred miles south east of Cape Henry, Virginia",1
4686,USA,Virginia,"Coral Gardens Reef, 6 miles SSE of Chicoteague Inlet",1
4687,USA,Virginia,"Croatan Beach, Virginia Beach,",1
4688,USA,Virginia,False Cape,1
4689,USA,Virginia,Hampton Roads,1
4690,USA,Virginia,Hog Island,1
4691,USA,Virginia,"Sandbridge Beach, Princess Anne County",1
4692,USA,Virginia,Sandridge Beach,1
4693,USA,Virginia,"Sandridge Beach, Virginia Beach, Princess Anne County",1
4694,USA,Virginia,"Virginia Aquarium & Marine Science Center, Virginia Beach",1
4695,USA,Virginia,Virginia Beach,1
4696,USA,Virginia,"Wreck of the Navy Barge, 22 miles SE of Rudee",1
4697,USA,Wake Island,Wilkes Islet Lagoon (Pacific Ocean north of the Marshall Islands),1
4698,USA,Washington,"Pacific Beach, Grays Harbor County",1
4699,USA,Washington,"South Beach, Westport, Grays Harbor County",1
4700,VANUATU,Malampa Province,Atchin Island off Malakula,1
4701,VANUATU,Malampa Province,"Atchin Island, off Malakula",1
4702,VANUATU,Malampa Province,Island of Paam'a,1
4703,VANUATU,Malampa Province,Malakula (Malakula Island),1
4704,VANUATU,Malampa Province,"Off the beach opposite Atchin Island, Malakula",1
4705,VANUATU,Malampa Province,"Port Sandwich Bay, Lamap, Malakula",1
4706,VANUATU,Malampa Province,"Port Sandwich, Malakula",1
4707,VANUATU,Malampa Province,"Ranon, Ambryn",1
4708,VANUATU,Malampa Province,Vao Island,1
4709,VANUATU,Sanma Province,"Bay of Yago, Espiritu Santo Island",1
4710,VANUATU,Shefa Province,Lelepa Island,1
4711,VANUATU,Tafea Province,Aniwa Island,1
4712,VENEZUELA,Anzoategui,"Playa Colorada Beach, Mochima National Park, only 200 m west of Santa Cruz Beach",1
4713,VENEZUELA,Anzoategui,"Santa Cruz Beach, Mochima National Park, 250 km from Caracas",1
4714,VENEZUELA,Carabobo,"El Falito, near Puerto Cabello",1
4715,VENEZUELA,Inconnu,Punta Caracas,1
4716,VENEZUELA,Magarita or Cubagua Islands,Inconnu,1
4717,VENEZUELA,Nueva Esparta,"El Yaqu, Isla de Margarita",1
4718,VENEZUELA,Nueva Esparta,Margarita Island,1
4719,VIETNAM,Inconnu,Cohong,1
4720,VIETNAM,Khánh Hòa Province,Nha Trang,1
4721,WESTERN SAMOA,Upolu Island,Nu’ulua,1
4722,YEMEN,Aden,Harbor,1
4723,YEMEN,Aden,Outer Harbor,1
4724,YEMEN,Aden,Sapper Bay,1
4725,YEMEN,Aden,Telegraph Bay,1
4726,YEMEN,Muhafazat Hadramawt,Ras-Alkalb,1
4727,YEMEN,Socotra Islands,Socotra,1
